Input,Output
真巧,车没事了
车没事了,是你呀 没事了没事 谢谢你
是你呀 没事了没事 谢谢你,没事没事 你也去春风
没事没事 你也去春风,对
对,你孩子也在这上学
你孩子也在这上学,对呀
对呀,真巧 我儿子也在这
真巧 我儿子也在这,你孩子几年级
你孩子几年级,高三了
高三了,哪个班
哪个班,三班啊
三班啊,我儿子也三班
我儿子也三班,我儿子叫方一凡
我儿子叫方一凡,你孩子叫什么
你孩子叫什么,我儿子叫季杨杨
我儿子叫季杨杨,季杨杨，好像我听凡凡说过
季杨杨，好像我听凡凡说过,对
对,是不是每次开家长会来的都是他爸爸
是不是每次开家长会来的都是他爸爸,那是他舅舅
那是他舅舅,我说呢这么年轻
妈,你不要叫我妈
你不要叫我妈,我不是你妈
妈，我错了,你没错
你没错,我错了
我错了,我为什么要生你
我为什么要生你,我吃饱了撑的我就不该生你
我吃饱了撑的我就不该生你,方一凡我真的不明白你脑子里面天天在想什么
方一凡我真的不明白你脑子里面天天在想什么,你是不是真的不知道现在高几了
你是不是真的不知道现在高几了,你不知道我告诉你
你不知道我告诉你,你现在高三了
你现在高三了,不再是高一高二了
不再是高一高二了,你说
你说,你说你 天天天天
你说你 天天天天,学习不灵，打架门清，一个暑假我给你报个补习班
学习不灵，打架门清，一个暑假我给你报个补习班,原指望你好好学习能上去
原指望你好好学习能上去,结果断崖式的下滑
结果断崖式的下滑,你对得起我吗
你对得起我吗,妈妈高三那年妈妈怎么跟你讲的吗
其他都特别棒,你为什么一点不随妈妈
你为什么一点不随妈妈,凡凡
我随我爸爸,你也没随你爸
你也没随你爸,你爸也是学霸
你爸也是学霸,当年成绩也很好
当年成绩也很好,这两年才堕落的
这两年才堕落的,才玩物丧志的
才玩物丧志的,还给你搞什么乌龟
然后咱不是说好还得去趟超市吗,方一凡你什么都能记住
方一凡你什么都能记住,又是超市又是烤鸭
又是超市又是烤鸭,你就是不记住你的学习上的事
你就是不记住你的学习上的事,是不是
别生气了,凡凡，磊磊来了
凡凡，磊磊来了,你真的要懂事一些
你真的要懂事一些,磊磊妈妈走了
磊磊妈妈走了,他爸爸对他不怎么样也不上心
他爸爸对他不怎么样也不上心,摊上那么个后妈
摊上那么个后妈,磊磊来了你要跟他好好相处
磊磊来了你要跟他好好相处,要好好向他学习
要好好向他学习,磊磊等于跟你是有1/4血缘关系的
磊磊等于跟你是有1/4血缘关系的,真等于亲兄弟
真等于亲兄弟,你听到没有
他有北京户口吗,你操这个心干什么
你操这个心干什么,该你操心的你不操心
该你操心的你不操心,不该你操心的你瞎操心
不该你操心的你瞎操心,他怎么没有北京户口
他怎么没有北京户口,你大姨他当年嫁到福建的时候
你大姨他当年嫁到福建的时候,户口没调过去
户口没调过去,他随你大姨一直留在北京的户口就在咱们家
你早跟我说不就完了吗,你问我了吗
你问我了吗,李老师
李老师,坐吧
坐吧,李老师高三学生蹲班的事情
李老师高三学生蹲班的事情,我想再跟你沟通一下
我想再跟你沟通一下,我们校领导班组昨天专门开会
我们校领导班组昨天专门开会,就这个问题也进行了上会讨论
就这个问题也进行了上会讨论,最后一致认为不能开蹲班这个口子
最后一致认为不能开蹲班这个口子,这届学生都正常升入高三
这届学生都正常升入高三,校长我之前在动员会上已经强调过了
校长我之前在动员会上已经强调过了,我提议让部分学生蹲班是基于这一届学生的实际情况而来的
我提议让部分学生蹲班是基于这一届学生的实际情况而来的,这一届学生里边尾部的学生成绩离本科线差距确实是很大
这一届学生里边尾部的学生成绩离本科线差距确实是很大,所以我是担心
所以我是担心,我知道你担心什么李老师
我知道你担心什么李老师,你担心升学率
你担心升学率,本科率对不对
本科率对不对,你也带了这么多年的高三教学成绩可以说是有目共睹
你也带了这么多年的高三教学成绩可以说是有目共睹,作为校长
作为校长,我应该特别感谢你的付出和努力
我应该特别感谢你的付出和努力,但是我也希望你能明白一点
但是我也希望你能明白一点,高考成绩确实重要
高考成绩确实重要,但高考本身它只是一个过程
但高考本身它只是一个过程,我们教书育人
我们教书育人,核心就是培养我们的学生
核心就是培养我们的学生,让他们成才
让他们成才,而不是一味的追求升学率的数字
而不是一味的追求升学率的数字,校长您说的这些我都明白
校长您说的这些我都明白,而且我觉得这两者之间并不冲突
而且我觉得这两者之间并不冲突,对于升学率这个问题
对于升学率这个问题,我觉得你对我有误会
我觉得你对我有误会,我不是一味的追求升学率
我不是一味的追求升学率,这个事我只是希望能够对待每一个同学都能因材施教
这个事我只是希望能够对待每一个同学都能因材施教,制定一个最适合他们的教学方式
制定一个最适合他们的教学方式,你与其让这些没有准备好的孩子去经历一次高考的失败
你与其让这些没有准备好的孩子去经历一次高考的失败,你莫不如给他们多一些时间让他们做准备
你莫不如给他们多一些时间让他们做准备,但是李老师你有没有考虑过蹲班留级这样的事情
但是李老师你有没有考虑过蹲班留级这样的事情,对一个学生来说
对一个学生来说,可能会造成怎样的心理阴影
可能会造成怎样的心理阴影,咱们换位思考
咱们换位思考,如果是你你真的愿意接受学校这样的安排吗
如果是你你真的愿意接受学校这样的安排吗,李老师作为年轻教师
李老师作为年轻教师,你有拼劲
你有拼劲,有闯劲
有闯劲,有拼搏的劲头
有拼搏的劲头,我们都很认可
我们都很认可,但是如今高中生的培养
但是如今高中生的培养,心理层面的教育跟学科层面的教育一样重要
心理层面的教育跟学科层面的教育一样重要,这一点作为年级组长的你更应该清楚
这一点作为年级组长的你更应该清楚,更应该掌握好
更应该掌握好,我们做老师的还是要相信所有的教育都会有收获的那一天
我们做老师的还是要相信所有的教育都会有收获的那一天,行 校长
行 校长,我明白了
我明白了,我一会就去通知各个家长
我一会就去通知各个家长,然后重新沟通一下这个事情
然后重新沟通一下这个事情,我也会告诉各个班的班主任做好后续的跟进工作
我也会告诉各个班的班主任做好后续的跟进工作,好
好,李老师我是充分相信你和全体高三老师的能力
李老师我是充分相信你和全体高三老师的能力,我相信这一届高三学生到毕业那天同样会非常出色
我相信这一届高三学生到毕业那天同样会非常出色,正等着你
正等着你,那什么，处理完了，没事了吧
那什么，处理完了，没事了吧,都是你惯的
都是你惯的,没事你给他什么车
没事你给他什么车,没说给他就让他开一下
没说给他就让他开一下,我这不答应杨杨，他拿到驾照
我这不答应杨杨，他拿到驾照,让他开一开车
让他开一开车,你这样会把他惯坏的知道吗
你这样会把他惯坏的知道吗,要什么给什么
要什么给什么,姥姥姥爷也是的
姥姥姥爷也是的,什么都由着
什么都由着,是害了他知道吗
是害了他知道吗,是，这点我完全同意
是，这点我完全同意,但是姥姥姥爷宠着
但是姥姥姥爷宠着,那是因为你们常年不在怕委屈了孩子
那是因为你们常年不在怕委屈了孩子,没事啊
没事啊,这问题马上解决了
这问题马上解决了,你们住在一块
你们住在一块,慢慢严格要求
慢慢严格要求,现在严格要求就怕来不及了
现在严格要求就怕来不及了,他根本都不听我的
他根本都不听我的,就别说他爸爸了
就别说他爸爸了,三句话不过就翻车了
三句话不过就翻车了,刘铮
刘铮,他是不是老跟你说
他是不是老跟你说,不想跟我们在一块住
不想跟我们在一块住,孩子的话不能往心里头去
孩子的话不能往心里头去,杨杨是个聪明孩子
杨杨是个聪明孩子,要怪只能说你们之前陪伴的少
要怪只能说你们之前陪伴的少,人发发牢骚也是正常的
人发发牢骚也是正常的,是不是
是不是,没事
没事,等他住在一块慢慢就好了
等他住在一块慢慢就好了,你真能定吗
你真能定吗,合适
合适,你要能定的话
你要能定的话,我就找人帮你打扫了
我就找人帮你打扫了,另外我姐夫不是喜欢中式家具吗
另外我姐夫不是喜欢中式家具吗,我得搞一套给搁里头
我得搞一套给搁里头,别
别,你姐夫他就怕招摇
你姐夫他就怕招摇,你千万别给他弄那么贵的中式家具
你千万别给他弄那么贵的中式家具,不用
不用,放心
放心,我保证找一套实惠便宜保证不招摇的好吧
我保证找一套实惠便宜保证不招摇的好吧,这事你甭管了
这事你甭管了,我来办
我来办,迷妹挺多
迷妹挺多,你怎么在这呢
你怎么在这呢,你的车没事吧
都过去,方一凡这人你也知道
方一凡这人你也知道,并不坏
并不坏,爱乍乎
爱乍乎,成天招猫斗狗的
成天招猫斗狗的,你就别跟他计较了
别跟我提他,回来了
回来了,回来了
回来了,是不是都饿了
是不是都饿了,马上开饭
马上开饭,今儿没学生啊
今儿没学生啊,今儿我太忙
今儿我太忙,又弄这种药膳
又弄这种药膳,不喜欢喝这种药味汤
不喜欢喝这种药味汤,不是给你的放心
不是给你的放心,是给妈自己喝的
是给妈自己喝的,你怎么了
你怎么了,不舒服吗
不舒服吗,最近睡的不好
最近睡的不好,睡得不好 老是失眠
睡得不好 老是失眠,可能是压力太大了
可能是压力太大了,又怨压力大
又怨压力大,你说什么
你说什么,没什么
没什么,我学习去了
我学习去了,先别学了
先别学了,把饭吃了再说
把饭吃了再说,你压力大
你压力大,我压力才大
我压力才大,alexander懂不懂
daddy,你怎么来了
我给孩子拿着点东西,咱们说好了一个月见一次的
咱们说好了一个月见一次的,别坏了规矩好不好
别坏了规矩好不好,天天来打扰，你先回去把
你把门打开,他那做卷子
他那做卷子,我这也有学生都挺忙的
我这也有学生都挺忙的,别打扰了
别打扰了,先回去
先回去,怎么上来的
人家物业经理亲自把我送上来的,有本事让他送进门
有本事让他送进门,你一趟趟跑
你一趟趟跑,你到底要干嘛
我给孩子把货送过来,高三哪有时间玩这个
高三哪有时间玩这个,拿走
我这当爸爸的不得支持吗,那么多年都没见你支持
那么多年都没见你支持,到了高三了支持什么
到了高三了支持什么,不行
我就放下就走了,不知道他现在很忙
你就让我进去好不好,不行
英子,爸 你咋来了 
你看看,对对对
对对对,这就是我想的型号
这就是我想的型号,谢谢
谢谢,要不您还是拿回去
要不您还是拿回去,我最近忙着学习
我最近忙着学习,我妈肯定不让我玩
最近怎么那么忙,这不是快分班考了吗
这不是快分班考了吗,我妈整天盯着我做题
你跟爸说说你大学想考哪个学校,大学 这不还有一年吗
大学 这不还有一年吗,爸
爸,你怎么突然这么关心我学习了
准备过来帮帮他,您不来帮他忙了
您不来帮他忙了,手感不错吧
手感不错吧,这个可是我妈为了我的高三 给我装的隔音墙
这个可是我妈为了我的高三 给我装的隔音墙,据说这隔音量
据说这隔音量,能够达到45分贝
就手感不错,我骗你干嘛
我骗你干嘛,这就跟明星录唱片的地方
这就跟明星录唱片的地方,就录音棚一个效果
就录音棚一个效果,你里边说什么外面都听不到
不是，你不是说听不见吗,那也没让你有吼的大哥
那也没让你有吼的大哥,把门关上
把门关上,你誓师大会要跟谁见
你誓师大会要跟谁见,你要跟谁见啊
我作为爸爸我还不能见孩子吗,这扯什么，我什么时候不让你见孩子了
这扯什么，我什么时候不让你见孩子了,你跟我扯是吧
你跟我扯是吧,好好我给你算
好好我给你算,咱以前是不是说好一个月见一次的
咱以前是不是说好一个月见一次的,你这个月是不是犯病了
你这个月是不是犯病了,送铅笔盒一回
送铅笔盒一回,送书包一次
送书包一次,送充电宝一回
送充电宝一回,送蓝牙耳机一回
送蓝牙耳机一回,今天又来送什么
今天又来送什么,放眼镜你自己说说看你这个月见她多少次了
五六回,六回
六回,你还什么时候见过他
大概,我不跟你扯了
我不跟你扯了,你就说
你就说,你誓师大会跟谁见
你誓师大会跟谁见,你跟谁打招呼了
你跟谁打招呼了,跟方圆打招呼是吧
跟方圆打招呼是吧,他们是孩子家长是吧
我是约方圆通知他一下,你应该跟谁打招呼
我作为家长我还不能去吗,你现在成家长了
你现在成家长了,这么些年你管过英子学习吗
这么些年你管过英子学习吗,你管过吗
你管过吗,还家长了
还家长了,在这个学校里我才是英子的家长
在这个学校里我才是英子的家长,知道吗
你尴尬是不是,你胡说八道什么
我在操场边站着好吗,你还一个人站操场边上
你还一个人站操场边上,还不够显眼是吧
还不够显眼是吧,还嫌不够丢人现眼是吧
同时又是一个不甚完美的家庭,乔卫东
乔卫东,你是不是这偷鸡摸狗的事干多了
你是不是这偷鸡摸狗的事干多了,干嘛总是这么鬼鬼祟祟
干嘛总是这么鬼鬼祟祟,偷偷摸摸的习性
我为什么偷偷摸摸你不知道吗,我知道
我是尊重你,你现在的生活我们从来都不打扰
你现在的生活我们从来都不打扰,那是你的生活对吧
那是你的生活对吧,也请你不要再来打扰我们母女俩了
也请你不要再来打扰我们母女俩了,行吗
又不敢跟你讲,你怎么知道的
到时候借我玩两天,你是不了解我妈
你是不了解我妈,他就是个狠人
他就是个狠人,贼专制
刚才超市差点一巴掌呼死,你别急
你别急,这不是你们都还在吗
这不是你们都还在吗,等你们一走
等你们一走,我那宝贝望远镜就要被没收了
我那宝贝望远镜就要被没收了,我要是管他要的话
我要是管他要的话,他就说高考一完物归原主
我说你妈这样,我现在挺心疼我爸的
我现在挺心疼我爸的,你说他这三天两头的给我送的东西
你说他这三天两头的给我送的东西,每次哪一回不是被我妈给怼过去了
每次哪一回不是被我妈给怼过去了,夹着尾巴就逃走了
原来天下的妈妈都一个样,同为天下沦落人
同为天下沦落人,方圆你别弄了你过来
方圆你别弄了你过来,这俩人绝对复合了
这俩人绝对复合了,多长时间了
多长时间了,要不就打起来了
要不就打起来了,你想你今儿怎么了
你想你今儿怎么了,情绪不高
情绪不高,丧眉耷眼的，饭也不吃，急赤白脸地到别人家里，出什么事了，说
丧眉耷眼的，饭也不吃，急赤白脸地到别人家里，出什么事了，说,我这憋了一天了
我这憋了一天了,怎么了
怎么了,方一凡一直跟着我
方一凡一直跟着我,我也甩不掉
我也甩不掉,没法跟你说
没法跟你说,真把你打坏了
真把你打坏了,打坏了那些都不叫事儿
打坏了那些都不叫事儿,别人女孩谈恋爱被人父母给抓着了
别人女孩谈恋爱被人父母给抓着了,好好好，不开玩笑了，你说
好好好，不开玩笑了，你说,我跟你说正经的
我跟你说正经的,你说怎么了
你说怎么了,他们高三年级组的组长
他们高三年级组的组长,新上来的李老师
新上来的李老师,也是他的班主任
也是他的班主任,今天跟我说
今天跟我说,说怎么了
说怎么了,让我们考虑让方一凡高二蹲班
让我们考虑让方一凡高二蹲班,蹲班
蹲班,我洗完了
我洗完了,你洗去吧
你洗去吧,儿子呢
儿子呢,洗澡去了
洗澡去了,方圆
方圆,这蹲班的事到底怎么说呢
这蹲班的事到底怎么说呢,蹲班的确实还是挺丢脸的事
蹲班的确实还是挺丢脸的事,我路上其实都已经琢磨明白了
我路上其实都已经琢磨明白了,这蹲班搁以前都是什么
这蹲班搁以前都是什么,学习不好的二傻子二愣子对吧
学习不好的二傻子二愣子对吧,一说班里来了个留级的学生肯定是个坏孩子
一说班里来了个留级的学生肯定是个坏孩子,但这次肯定不一样
但这次肯定不一样,现在蹲班生可能学校有他的考虑
现在蹲班生可能学校有他的考虑,这可能跟升学率是挂着钩的
这可能跟升学率是挂着钩的,这都要蹲班了
这都要蹲班了,还升什么学哪来的升学率
还升什么学哪来的升学率,你看如果是参加高考的话
你看如果是参加高考的话,你就是一个稳定的分母
你就是一个稳定的分母,对不对
对不对,这总数是不变的
这总数是不变的,考上了你就是一分升学率就上去了
考上了你就是一分升学率就上去了,如果你没考上
如果你没考上,你就成为一个坏分子
你就成为一个坏分子,你还不如就蹲班
你还不如就蹲班,这还没正式开学
这还没正式开学,学校怎么知道这方一凡就当不了这个分子呢
学校怎么知道这方一凡就当不了这个分子呢,大数据，它根据你高一高二历次考试这些东西
大数据，它根据你高一高二历次考试这些东西,它判断一下你到底是一个什么级别的
它判断一下你到底是一个什么级别的,如果你是一个好分子肯定让你考
如果你是一个好分子肯定让你考,但如果你是个坏分子的话
但如果你是个坏分子的话,分母都不让你当直接让你蹲班
分母都不让你当直接让你蹲班,这奇怪了
这奇怪了,怎么方一凡这一眨眼之间就成了一个坏分子了呢
怎么方一凡这一眨眼之间就成了一个坏分子了呢,他现在没有成为坏分子
他现在没有成为坏分子,他是介于好分子跟坏分子之间
他是介于好分子跟坏分子之间,这就是学校担心的地方
这就是学校担心的地方,所以跟咱商量是不是要蹲一年的班
所以跟咱商量是不是要蹲一年的班,蹲一年班给你一年时间
蹲一年班给你一年时间,争取你成为好分子
争取你成为好分子,直接去参加高考
直接去参加高考,就这道理
就这道理,我不想让方一凡当坏分子
我不想让方一凡当坏分子,你先不要悲观
你先不要悲观,学校现在还是对方一凡是有信心的
学校现在还是对方一凡是有信心的,要不然不会跟他商量这事
要不然不会跟他商量这事,还有一个确实是他可能学习成绩不行
还有一个确实是他可能学习成绩不行,但是这孩子聪明
但是这孩子聪明,他积累反应快
他积累反应快,学习哪天他反应一快的成绩就上去了
学习哪天他反应一快的成绩就上去了,我知道了是方一凡跟你一样的
我知道了是方一凡跟你一样的,都是盲目乐观型的
都是盲目乐观型的,你要说这个乐观真没什么好乐观的
你要说这个乐观真没什么好乐观的,唯一乐观的就是这磊儿来了说不定能带带方一凡，是吧
唯一乐观的就是这磊儿来了说不定能带带方一凡，是吧,那也不一定也可能方一凡
那也不一定也可能方一凡,把磊儿给拉沟里去了
把磊儿给拉沟里去了,你刚批评我不要觉得太悲观
你刚批评我不要觉得太悲观,你乐观，现在怎么突然你悲观
你乐观，现在怎么突然你悲观,我乐观起来呢
我乐观起来呢,反正这事总体来讲不乐观
你帮我拿一下,我今天不是刚买了吗
我今天不是刚买了吗,你自己去拿一下
我怎么拿,我给你拿
我给你拿,行行行，我给他拿去
行行行，我给他拿去,你说就这样的
你说就这样的,我能乐观的了
我能乐观的了,我说呢
我说呢,大家晚上非得让我下来接你一趟
大家晚上非得让我下来接你一趟,原来是有人送你回来
原来是有人送你回来,大晚上都不回家住宾馆
大晚上都不回家住宾馆,还说为了孩子上个学近，谁信
还说为了孩子上个学近，谁信,这官当的
这官当的,杨杨呢，睡了吗
杨杨呢，睡了吗,好久没见他了
好久没见他了,对
对,你微信上说他又闯祸了
你微信上说他又闯祸了,怎么回事
怎么回事,没事
没事,就小孩子打打闹闹的
就小孩子打打闹闹的,老师都已经解决了
老师都已经解决了,你还是要提醒他
你还是要提醒他,以后少惹事
以后少惹事,没超标吧
没超标吧,超不超标的是咱自己花钱什么好担心的
超不超标的是咱自己花钱什么好担心的,英语还不错
英语还不错,这物理怎么考这么差
这物理怎么考这么差,究竟什么原因呢
究竟什么原因呢,纪局长你能不能不在家里打官腔
纪局长你能不能不在家里打官腔,我在跟你讲问题
我在跟你讲问题,怎么成打官腔了
怎么成打官腔了,你好好看看
你好好看看,这是高二的期末考试卷子
这是高二的期末考试卷子,两个月以前的了
两个月以前的了,给我看看
给我看看,现在才想起来关心
现在才想起来关心,真没看清楚
真没看清楚,两个多月过去了
两个多月过去了,他的成绩有没有在提高
他的成绩有没有在提高,现在还没考试
现在还没考试,还看不出什么
还看不出什么,有的时候我真的挺想关心杨杨的
有的时候我真的挺想关心杨杨的,可一是我工作忙
可一是我工作忙,二是怎么关心他，我
二是怎么关心他，我,我真的不知道怎么入手
我真的不知道怎么入手,你真的想关心
你真的想关心,真的
真的,要不然这样然后他们班上有一个微信家长群
要不然这样然后他们班上有一个微信家长群,有什么事什么话老师都在里边说
有什么事什么话老师都在里边说,要不然我把你加进去
要不然我把你加进去,等等
等等,这个群里有多少人
这个群里有多少人,五六十人
五六十人,那么多
那么多,孩子就那么多
孩子就那么多,别加了
别加了,你在群里就行了
你在群里就行了,万一杨杨同学的家长要加我
万一杨杨同学的家长要加我,我不大方便
我不大方便,我就不加了
我就不加了,早就知道是这样
早就知道是这样,明天杨杨誓师大会你假请好了吗
明天杨杨誓师大会你假请好了吗,一早就请好了
一早就请好了,你放心
你放心,这事我能忘了
这事我能忘了,那你早点睡
那你早点睡,不是 你这衣服都换好了
不是 你这衣服都换好了,怎么还耸眉耷眼的
怎么还耸眉耷眼的,别叹气
别叹气,你那车 前轮原来的角度给你调过了
你那车 前轮原来的角度给你调过了,换油器进气跟喷油的比例给你调了
换油器进气跟喷油的比例给你调了,后轮距加宽
后轮距加宽,加宽了一厘米
加宽了一厘米,试试去
谢谢舅舅,注意安全
知道了,今天见到小时候的一个朋友
今天见到小时候的一个朋友,也不是小时候，中学的时候
也不是小时候，中学的时候,当时我们两个家住同一个院子
当时我们两个家住同一个院子,我看到了
我看到了,你们不是发小吗
你们不是发小吗,发小不是从小一块混的吗
发小不是从小一块混的吗,我们是那种小时候在一块玩的好朋友
我们是那种小时候在一块玩的好朋友,后来长大了就没联系了
后来长大了就没联系了,为什么不联系
为什么不联系,为什么不联系
为什么不联系,反正小的时候我学习成绩比较好
反正小的时候我学习成绩比较好,他学习成绩一般
他学习成绩一般,考大学的时候我考上了
考大学的时候我考上了,他没考上复读一年
他没考上复读一年,我明白了，那个谁是那个谁的老婆
我明白了，那个谁是那个谁的老婆,他是她老公，他们是一家的
他是她老公，他们是一家的,我说呢
我说呢,没听明白你什么意思
没听明白你什么意思,你笨死了 就是那个季 你这个季
你笨死了 就是那个季 你这个季,是那个季杨杨的爸爸
是那个季杨杨的爸爸,他们不是都姓季嘛
他们不是都姓季嘛,我明白了
我明白了,你是说他
你是说他,然后我认识的那个女的是他们的一家的
然后我认识的那个女的是他们的一家的,我明白明白
我明白明白,你知道吧
你知道吧,知道了，自从你跟你结婚第二年开始
知道了，自从你跟你结婚第二年开始,第二年开始我就已经习惯听不清楚你说的什么
第二年开始我就已经习惯听不清楚你说的什么,跟方一凡打架
跟方一凡打架,那个季杨杨是我的同学季胜利的儿子
那个季杨杨是我的同学季胜利的儿子,你认识那女的是跟季胜利是夫妻俩
你认识那女的是跟季胜利是夫妻俩,对
对,他们是一家的
他们是一家的,听懂了
听懂了,懂了不容易
懂了不容易,方圆不是我说你，每次到关键时候你就掉链子了
方圆不是我说你，每次到关键时候你就掉链子了,你说你好不容易遇到一个像样的朋友
你说你好不容易遇到一个像样的朋友,你主动点
你主动点,妈妈给你说点事
没事吧,妈妈不跟你吵
妈妈不跟你吵,也不跟你闹
也不跟你闹,妈妈就问你到底怎么回事
妈妈就问你到底怎么回事,一年不到的时间成绩下滑成这样
一年不到的时间成绩下滑成这样,怎么就突然不想学了
怎么就突然不想学了,对学习不感兴趣
对学习不感兴趣,还是老师讲的不好
还是老师讲的不好,还是有其他的原因
还是有其他的原因,总得有个原因
是那帮人进步的太快了,你告诉妈妈你这样的状态你怎么参加高考
你告诉妈妈你这样的状态你怎么参加高考,别说高考了
别说高考了,你知道你这成绩你连高中毕业你都毕业不了
你知道你这成绩你连高中毕业你都毕业不了,你知道吗
你知道吗,妈妈为你这个事情今天跑了一天
妈妈为你这个事情今天跑了一天,本来开学之前你们老师找我谈话
本来开学之前你们老师找我谈话,让你蹲班
让你蹲班,凡凡你知道妈妈今天为你的事情跑了一天
凡凡你知道妈妈今天为你的事情跑了一天,本来开学之前你们老师找我谈话
本来开学之前你们老师找我谈话,让你蹲班
让你蹲班,我一开始不同意
我一开始不同意,后来我同意了
后来我同意了,我连你的这些补习班我都给你找好了
我真的 补习班我不愿意上了,不要激动
不要激动,你现在不上补习班
你现在不上补习班,今天你们李老师又跟我说不蹲班了
今天你们李老师又跟我说不蹲班了,跟其他同学一样正常参加高考
跟其他同学一样正常参加高考,但是凡凡你知道不蹲班意味着什么吗
但是凡凡你知道不蹲班意味着什么吗,意味着你得把之前落下的成绩全补上
意味着你得把之前落下的成绩全补上,你不光得补上
你不光得补上,你还得比别人学的还要好
你还得比别人学的还要好,你才有可能能考上好的大学
你才有可能能考上好的大学,可是以你现在这种吊儿郎当的态度
可是以你现在这种吊儿郎当的态度,你行吗
你行吗,实在不行的话咱们还是蹲班
而且我也不想这给你和我爸丢脸,你真这么想
绝不蹲班,那你得拿出态度来
那你得拿出态度来,你也得拿出实际行动来
你也得拿出实际行动来,手机是不能再玩了
手机是不能再玩了,游戏不能再玩了
游戏不能再玩了,电影也不能再看了
电影也不能再看了,你要不想让人瞧不起你
你要不想让人瞧不起你,是不是得把所有的精力都放在学习上
咱就复读一年,你再读一年这何必 凡凡你自己算算这个账
你再读一年这何必 凡凡你自己算算这个账,你现在能努力，拼一下，就拼9个月
你现在能努力，拼一下，就拼9个月,你需要把9个月的煎熬变成18个月吗
你需要把9个月的煎熬变成18个月吗,高考是你人生最关键的一场战役
高考是你人生最关键的一场战役,这场战役打赢了你一生受益 打不赢
这场战役打赢了你一生受益 打不赢,你终生遗憾
我的人生刚开始怎么就终生遗憾了呢,凡凡妈妈跟你说实话
凡凡妈妈跟你说实话,我们是一个很普通的家庭
我们是一个很普通的家庭,爸爸妈妈没有任何背景
爸爸妈妈没有任何背景,我们也没有任何关系
我们也没有任何关系,我们就指望你通过高考鲤鱼跃龙门了
我们就指望你通过高考鲤鱼跃龙门了,龙门你要跃过去
龙门你要跃过去,你会改变你一生
你会改变你一生,爸爸妈妈能做什么
爸爸妈妈能做什么,我们做的这些是为什么
我们做的这些是为什么,我们不是为我们自己
我们不是为我们自己,我们就是为了你给你提供一个好的条件
我们就是为了你给你提供一个好的条件,让你跨过门槛
让你跨过门槛,将来你有一个好的学历
将来你有一个好的学历,你终生受益
您觉得学历重要还是真本事重要,真本事重要
真本事重要,但是你先拿你的真本事给妈妈对付的学历
但是你先拿你的真本事给妈妈对付的学历,你只要考上大学
你只要考上大学,妈妈保证你做什么妈妈绝对不干涉
妈妈保证你做什么妈妈绝对不干涉,只要不是违法乱纪的事情
只要不是违法乱纪的事情,但是之前你先考上了大学
但是之前你先考上了大学,你给妈妈吃个定心丸 算妈妈求你了好不好
我努力,让我在这锻炼身体
让我在这锻炼身体,自己在那躺着发呆
自己在那躺着发呆,起来 一块练会
起来 一块练会,烦死了
烦死了,烦什么
烦什么,蹲班的事
怎么了,不又不蹲了吗
不又不蹲了吗,一会儿蹲一会儿不蹲的
一会儿蹲一会儿不蹲的,这鱼还没喂呢 对
这鱼还没喂呢 对,对
对,鱼还没喂呢
鱼还没喂呢,李萌给我发个信息
李萌给我发个信息,一凡妈妈 看到您今天很焦急
一凡妈妈 看到您今天很焦急,我也很愧疚
我也很愧疚,放心
放心,我们一起努力让一凡追赶上来
我们一起努力让一凡追赶上来,还给我发一个学霸的共同点
还给我发一个学霸的共同点,你听听
你听听,一家庭充满爱的滋养
一家庭充满爱的滋养,这咱有 
这咱有 ,二
二,热衷的不是学习
热衷的不是学习,而是思考
而是思考,也有
也有,三爱学习更爱生活
三爱学习更爱生活,这个有一半
这个有一半,10相信比成绩重要的东西还有很多
10相信比成绩重要的东西还有很多,这个 他太相信了
这个 他太相信了,你说方一凡基本都有
你说方一凡基本都有,为什么成绩还这么差
为什么成绩还这么差,他怎么就不能成为一个学霸呢
他怎么就不能成为一个学霸呢,人家都行
人家都行,他就不行
他就不行,拿来我瞅瞅
拿来我瞅瞅,我瞅瞅
我瞅瞅,一天到晚不给我省心
一天到晚不给我省心,烦得我我一脑门子官司
烦得我我一脑门子官司,干嘛还烦你一脑门子官司
干嘛还烦你一脑门子官司,不是 她太善变了
不是 她太善变了,一会说蹲一会说不蹲
一会说蹲一会说不蹲,昨天说蹲今天说不蹲
昨天说蹲今天说不蹲,我是担心他们学校想把方一凡这样的孩子给放弃了
我是担心他们学校想把方一凡这样的孩子给放弃了,我觉得也不太可能
我觉得也不太可能,老师刚才给你发这个就说明你没放弃方一凡
老师刚才给你发这个就说明你没放弃方一凡,知道吧
知道吧,我问你
我问你,昨天为什么事担心
昨天为什么事担心,因为要方一凡蹲班
因为要方一凡蹲班,你今天为什么事担心
你今天为什么事担心,因为不让他蹲班
因为不让他蹲班,看见没有
看见没有,让他蹲班你担心
让他蹲班你担心,不让他蹲班你也担心
不让他蹲班你也担心,你看你都担心
你看你都担心,这不是担心即菩提吗
这不是担心即菩提吗,屁话 我能不担心吗
屁话 我能不担心吗,他成绩不好
他成绩不好,他成绩好烦个屁
他成绩好烦个屁,好
好,你看我怎么理解
你看我怎么理解,比如说让方一凡蹲班
比如说让方一凡蹲班,我认为给咱一机会多一年
我认为给咱一机会多一年,让咱上4年高中 方一凡的机会就比别人高了
让咱上4年高中 方一凡的机会就比别人高了,比别人机会要大
比别人机会要大,好
好,不让他蹲班 不让蹲班说明什么
不让他蹲班 不让蹲班说明什么,说明学校没放弃他
说明学校没放弃他,李萌老师还重视他
李萌老师还重视他,让他跟同学一块比翼齐飞
让他跟同学一块比翼齐飞,这不都是好事吗
这不都是好事吗,你这么想是不是觉得心情好多了
你这么想是不是觉得心情好多了,你有没有觉得气顺一点
你有没有觉得气顺一点,我觉得你好幼稚
我觉得你好幼稚,顺点没
顺点没,是吧 你看
是吧 你看,完了 起晚了
完了 起晚了,飞机要赶不上了
飞机要赶不上了,赶得上 怎么会赶不上 几点了
赶得上 怎么会赶不上 几点了,都赖你 晚上喝什么红酒
都赖你 晚上喝什么红酒,快快
快快,媳妇
媳妇,昨天晚上高兴的时候一块高兴 怎么现在就都赖我呢
昨天晚上高兴的时候一块高兴 怎么现在就都赖我呢,直播呢
我录的视频,可以啊
你也要上镜,我不上
这一头汗 ,要不喝口水
要不喝口水,给你倒杯水
今天咱们什么计划,这样爸爸还真想了一下
这样爸爸还真想了一下,咱们今天是这样
咱们今天是这样,妈妈到接你表弟回来
妈妈到接你表弟回来,咱们一共有将近8个小时
咱们一共有将近8个小时,7个半小时的时间是自由的
8个小时,那可不
那可不,然后咱们这样先吃早饭
然后咱们这样先吃早饭,我想咱们弄个
我想咱们弄个,铰子
行三全的,抱蛋煎饺
抱蛋煎饺,然后咱俩就出去溜达溜达
然后咱俩就出去溜达溜达,逛一逛
逛一逛,楼下我陪你打会儿篮球
这个好,之后咱俩就出去吃个午餐
之后咱俩就出去吃个午餐,大汉堡
大汉堡,披萨饼和薯条
披萨饼和薯条,你随便选好吧
你随便选好吧,妈妈不让吃
妈妈不让吃,咱全给吃去
咱全给吃去,回来你就得安心学习了
回来你就得安心学习了,不能再玩了
不能再玩了,我说
对对对 得学了,你看啊 方一凡
你看啊 方一凡,你要玩爸爸支持你
你要玩爸爸支持你,但爸爸要你学习
但爸爸要你学习,你也得听爸爸的
你也得听爸爸的,这点让爸爸跟妈妈完全是一致的
这点让爸爸跟妈妈完全是一致的,你看你现在不蹲班了
你看你现在不蹲班了,你得加油必须考上大学
你得加油必须考上大学,杨杨
杨杨,你怎么跑过来了
连舅舅也不知道,搬家多大的事
搬家多大的事,还兴师动众的
还兴师动众的,吃饭了
吃饭了,我刚想叫你 看你正专心做题
我刚想叫你 看你正专心做题,您今天没放中药啊
您今天没放中药啊,怎么样
怎么样,没放中药的好喝
没放中药的好喝,挺挑的
挺挑的,刚才你们李老师
刚才你们李老师,在群里发了好多誓师大会的照片
在群里发了好多誓师大会的照片,有我们家的吗
有我们家的吗,有 我给
有 我给,你找找
你找找,没我爸
没我爸,没有吧 我看
没有吧 我看,没拍上
没拍上,他那天不是一直跟咱在一块的
他那天不是一直跟咱在一块的,看着不像一家人呗 那拍照片的
看着不像一家人呗 那拍照片的,哪知道谁是谁一家
哪知道谁是谁一家,我给你端菜去啊
我给你端菜去啊,好的
好的,站那干嘛
站那干嘛,怎么了
怎么了,妈
妈, 您辛苦了
 您辛苦了,你说什么
你说什么,我说您辛苦了
我说您辛苦了,洗个碗有什么辛苦的
洗个碗有什么辛苦的,不每天都在洗嘛
不每天都在洗嘛,昨天是我不对
昨天是我不对,我不应该跟您急的
我不应该跟您急的,妈妈没生气
妈妈没生气,不应该非让你写什么分
不应该非让你写什么分,东西拆了吗
东西拆了吗,什么呀
什么呀,还没看呢
还没看呢,妈 这不是当季特别款吗
妈 这不是当季特别款吗,我上次在商场看到了很贵的
我上次在商场看到了很贵的,是
是,我在 APP上看便宜快一半了
我在 APP上看便宜快一半了,一咬牙买两件
一咬牙买两件,咱俩一人一件
咱俩一人一件,到时候一起去运动好不好
到时候一起去运动好不好, 好
 好,这是你的
这是你的,我这件太花了吧
我这件太花了吧,不花这很衬肤色的
不花这很衬肤色的,我看你这件
我看你这件,喜欢吗
喜欢吗,喜欢
喜欢,可时髦了 是吧
可时髦了 是吧,英子
英子,晚上要不要一起去看个电影
晚上要不要一起去看个电影,咱俩好久没有出去了
咱俩好久没有出去了,您不是说高三学习紧 要最大化压缩娱乐时间吗
您不是说高三学习紧 要最大化压缩娱乐时间吗,这不是离正式开学还有几天
这不是离正式开学还有几天,先得给你抓空 放松
先得给你抓空 放松,是吧
是吧,行不行
行不行,我去看看票
我去看看票,碟中谍6怎么样
碟中谍6怎么样,我想想 看碟中谍5的时候
我想想 看碟中谍5的时候,还是咱俩一起去看的首映
还是咱俩一起去看的首映,那时候你刚上高中
那时候你刚上高中,一下两年多了太快了
一下两年多了太快了,这个时间还行
这个时间还行,要不看这场 怎么了
要不看这场 怎么了,不想去看
不想去看,没有 特别想去看
没有 特别想去看,Tom cruise不是您男神嘛
Tom cruise不是您男神嘛,咱干脆晚上出去吃饭
咱干脆晚上出去吃饭,吃完饭以后看完电影回来时间正好完美
吃完饭以后看完电影回来时间正好完美,好勒
好勒,好
好,买票了
买票了,回来了 你还真有心 买了束花回来
回来了 你还真有心 买了束花回来,专门买的
专门买的,咱们一家三口好不容易团聚 庆祝庆祝
咱们一家三口好不容易团聚 庆祝庆祝,现在不是提倡什么生活仪式感
现在不是提倡什么生活仪式感,年轻的东西 我搞得不大懂
年轻的东西 我搞得不大懂,本来让他包一束团圆的
本来让他包一束团圆的,包了一包苹果
包了一包苹果,早知道这样我到菜市场买去了
早知道这样我到菜市场买去了,没事儿
没事儿,苹果不还可以拿下来吃吗
苹果不还可以拿下来吃吗,也不浪费
也不浪费,饭马上就好了
饭马上就好了,你先去换衣服
你先去换衣服,好久没吃你做的饭了
好久没吃你做的饭了,那一会多吃点
那一会多吃点,苹果 哎 杨杨呢
苹果 哎 杨杨呢,杨杨回来了么
杨杨回来了么,应该快回来了
应该快回来了,等他回来我们就开饭
等他回来我们就开饭,买了一包苹果
买了一包苹果,挺有意思的
挺有意思的,后面还有好多特别精彩
后面还有好多特别精彩,您看完了再走
您看完了再走,您不是最喜欢阿汤哥吗
您不是最喜欢阿汤哥吗,多浪费
多浪费,你要是告诉我你已经看过一遍了
你要是告诉我你已经看过一遍了,何必跑这来浪费时间
何必跑这来浪费时间,您不是说让我出来放松
您不是说让我出来放松,我是让你放松
我是让你放松,可一个电影看两遍 闲的
可一个电影看两遍 闲的,这有意义吗
这有意义吗,这怎么没意义了
这怎么没意义了,让你高兴不是意义吗
让你高兴不是意义吗,我是要你高兴
我是要你高兴,我也是为了你高兴
我也是为了你高兴,我不用
我不用,你的卷子叠的乱乱七八糟的
你的卷子叠的乱乱七八糟的,哪像个学生的样子
哪像个学生的样子,我跟你说磊儿刚来好多情况不了解
我跟你说磊儿刚来好多情况不了解,在家不怕有爸爸妈妈 在学校
在家不怕有爸爸妈妈 在学校,你就要多带他
应该他带我,我不是说你成绩
我不是说你成绩,我是说磊儿是县城来的
我是说磊儿是县城来的,对北京不了解
对北京不了解,我怕他在学校闹什么笑话
我怕他在学校闹什么笑话,你们同学到时候笑他
你们同学到时候笑他,你明白吗
我才知道怎么带,方一凡你给我听清楚了
方一凡你给我听清楚了,他不是你的敌人
他不是你的敌人,你不要跟我开这种玩笑
你不要跟我开这种玩笑,他是你的兄弟
他是你的兄弟,他跟你有1/4血缘关系
他跟你有1/4血缘关系,听见没有
听见没有,你把这话给我重复一遍
这是什么意思,你们是有1/4血缘关系的兄弟
我们是兄弟,你要照顾好他
你要照顾好他,你不需要那么清楚的了解他
你不需要那么清楚的了解他,但是你要带他清楚的了解学校听明白没有
但是你要带他清楚的了解学校听明白没有,赶紧洗澡
赶紧洗澡,不许玩手机
给 拿着吃,谢谢表哥
自己家里放松点,表哥
表哥,你今天叫我过来是什么事
我妈怎么说,我们俩是有1/4血缘关系的兄弟
老家是不是有,真的没有
没事 告诉我,不是我没有
怎么可能咱们这个年龄段谁都有个欣赏的人,表哥你
表哥你,有吗
你看这成绩厉害吧,还行
还行,表哥你们认识几年了
算是青梅竹马了吧,这么久了
这么久了,那是挺厉害的
你在这坐着等我,好
你一穿个里边背心干嘛,妈妈让我穿的
妈妈让我穿的,妈妈说得护着前胸和后背
不要在那出现好吗,表哥你们北京人这么抗冻
是你太耐热了,都起来了
都起来了,怎么起这么早
怎么起这么早,我5点就起了
我5点就起了,你昨晚睡得还好吗
你昨晚睡得还好吗,挺好的
挺好的,还习惯吗
还习惯吗,你不能这么早就起来
你不能这么早就起来,你现在首要任务是身体 得保证身体
你现在首要任务是身体 得保证身体,你这个成绩只要正常发挥
你这个成绩只要正常发挥,哪个学校都得抢着要你
哪个学校都得抢着要你,所以你不能生病
所以你不能生病,听到没有
听到没有,没事的
没事的,小姨我平常也是这个点起
小姨我平常也是这个点起,你听小姨的话
你听小姨的话,你早餐想吃点什么
你早餐想吃点什么,小姨给你去买
小姨给你去买,我其实都行
我其实都行,我买回来你挑 你抓紧点
我买回来你挑 你抓紧点,咱们一会就要走了
咱们一会就要走了,好
好,谢谢小姨
谢谢小姨,儿子
儿子,拉完了吗
他都进去好久,他那都已经进去20多分钟了
他那都已经进去20多分钟了,你快点爸爸憋不住了
天然肥料,一听你在玩游戏
一听你在玩游戏,妈 你起来了
妈 你起来了,你
你,我是不是起晚了
我是不是起晚了,没有
没有,我5点多就起了
我5点多就起了,你起那么早干什么
你起那么早干什么,这不是早上起来头脑清楚
这不是早上起来头脑清楚,我就跑了个步再做个听力
我就跑了个步再做个听力,我赶紧做饭去
我赶紧做饭去,不用
不用,我都已经给您做好了
我都已经给您做好了,您趁热吃了
您趁热吃了,我先去上学了
我先去上学了,英子
英子,妈
妈,还有什么事吗
还有什么事吗,没什么事
没什么事,那部蚁人 你还没看过吧
那部蚁人 你还没看过吧,没看
没看,下周要是有时间
下周要是有时间,妈妈请你看一下
妈妈请你看一下,行
行,都听您的
都听您的,好
好,以后别给妈妈做饭了啊
以后别给妈妈做饭了啊,妈妈怪心疼的
妈妈怪心疼的,好
好,那我走了
那我走了,看看现在成什么样子了
看看现在成什么样子了,放学不回家
放学不回家,开车开到半夜
开车开到半夜,昨天还给咱们拉脸子发脾气
昨天还给咱们拉脸子发脾气,刚才摔门是吧
刚才摔门是吧,他还想让他们给他赔礼道歉
他还想让他们给他赔礼道歉,是不是
是不是,我就不明白了
我就不明白了,他小时候跟咱们挺好的
他小时候跟咱们挺好的,现在怎么变得这么混
现在怎么变得这么混,难道我们做错了吗
难道我们做错了吗,咱们说不定从一开始就错
咱们说不定从一开始就错,我们哪错了
我们哪错了,可能当年我们就不应该走
可能当年我们就不应该走,至少我应该留下来
至少我应该留下来,老季你有没有想过这些年咱们是怎么过来的
老季你有没有想过这些年咱们是怎么过来的,咱们两个去过安徽、山东、江西
咱们两个去过安徽、山东、江西,还援过青海
还援过青海,你这官位是步步高升了
你这官位是步步高升了,可咱们跟杨杨的日子越来越少了
可咱们跟杨杨的日子越来越少了,一开始是把孩子先放到你的父母
一开始是把孩子先放到你的父母,你妈去世了
你妈去世了,又放到我爸妈那儿
又放到我爸妈那儿,孩子说的没错
孩子说的没错,咱们两个就没尽到当父母的义务
咱们两个就没尽到当父母的义务,没有权利说他
没有权利说他,我承认
我承认,但是我就是不明白他为什么不理解
但是我就是不明白他为什么不理解,我不是个官迷
我不是个官迷,年轻的时候我就是想先把业立起来
年轻的时候我就是想先把业立起来,踏踏实实的为老百姓做点事
踏踏实实的为老百姓做点事,可是到了这个岁数回过头来想一想
可是到了这个岁数回过头来想一想,业是立起来了
业是立起来了,可是自己儿子差点都不认我了
可是自己儿子差点都不认我了,有时候我就想我努力了大半辈子
有时候我就想我努力了大半辈子,到底是为什么
到底是为什么,如果可以重新选的话
如果可以重新选的话,我现在肯定选个事业单位熬到退休
我现在肯定选个事业单位熬到退休,我就在他身边
我就在他身边,我哪也不去
我哪也不去,说的简单
说的简单,要是让你重新选的话
要是让你重新选的话,你还会选这条路的
你还会选这条路的,我现在真的是想 你还是别坐那么高的位子
我现在真的是想 你还是别坐那么高的位子,别升那么高的官
别升那么高的官,还不如在一个大学里面踏踏实实的当个老师
还不如在一个大学里面踏踏实实的当个老师,咱们一家子能和和美美的在一起多好
咱们一家子能和和美美的在一起多好,你说你现在忙成这样
你说你现在忙成这样,当年你妈去世
当年你妈去世,老太太为了见你最后一面
老太太为了见你最后一面,硬是不咽最后一口气
硬是不咽最后一口气,结果你还是没赶回来
结果你还是没赶回来,最后还是你儿子替你尽的孝
最后还是你儿子替你尽的孝,我真是对不起我妈
我真是对不起我妈,好了
好了,一会还上班
一会还上班,都过去了
都过去了,这些都不行啊
这都是英子爱吃的进口,我去看看一会就回来
这里头是我买的食品,当我跟你抢车
当我跟你抢车,那不是最后 这都进
那不是最后 这都进,我闺女的肚子里 我不得给他把关
我闺女的肚子里 我不得给他把关,不行就是不行
我能害我自己的闺女吗,谁知道
你能不能给我留点面子,脸都不要了
脸都不要了,还要什么面子
还要什么面子,怎么样
怎么样,今天考试考的
今天考试考的,还行
还行,自己感觉还可以
自己感觉还可以,那行
那行,那就等成绩
那就等成绩,来妈妈给你看个东西
来妈妈给你看个东西,是什么东西
是什么东西,我给你做了一个时间计划表
我给你做了一个时间计划表,先看这个
先看这个,今天不能算了对吧
今天不能算了对吧,从明天开始算到你高考还剩下278天
从明天开始算到你高考还剩下278天,合到每科上只有46天
合到每科上只有46天,也就是一个半月
也就是一个半月,一个半月要干什么你知道吗
一个半月要干什么你知道吗,要把高一到高三所有的知识点都要巩固到滚瓜烂熟
要把高一到高三所有的知识点都要巩固到滚瓜烂熟,时间还是很紧迫的
时间还是很紧迫的,还有这个 反正是一点都不能松懈
还有这个 反正是一点都不能松懈,这是你们学校系统里的成绩动态表
这是你们学校系统里的成绩动态表,你看英语 你比较长项了
你看英语 你比较长项了,基本上一条直线
基本上一条直线,妈妈不是特别着急
妈妈不是特别着急,看这语文 就是问题了
看这语文 就是问题了,看看最高分91分
看看最高分91分,最低分82分
最低分82分,差了9分
差了9分,咱们这学期的任务就是把它拉高拉平
咱们这学期的任务就是把它拉高拉平,你等我周末有时间再来细说成不成
你等我周末有时间再来细说成不成,我这明年还要考英语跟理综
我这明年还要考英语跟理综,对那行
对那行,你先去 一会我给你看一下 英子
你先去 一会我给你看一下 英子,我刚才送卷子做了吗
我刚才送卷子做了吗,做了
做了,好那一会你拿给我
好那一会你拿给我,我还给你准备了一套
我还给你准备了一套,稍微难一点我带你做
稍微难一点我带你做,英子
英子,又怎么呢
又怎么呢,你爸给你买的零食在那
你爸给你买的零食在那,我爸也太好了
我爸也太好了,好什么 一半都是垃圾食品
好什么 一半都是垃圾食品,我都挑出去扔垃圾桶里去了
我都挑出去扔垃圾桶里去了,妈 你还不如不如和我说呢
妈 你还不如不如和我说呢,大晚上的 别吃零食了 抓紧时间  
大晚上的 别吃零食了 抓紧时间  ,回来了
回来了,不是说我去接你吗
不是说我去接你吗,都送到小区门口了
都送到小区门口了,也没两步路
也没两步路,就不用接了
就不用接了,今天头还晕吗
今天头还晕吗,今天没再晕了
今天没再晕了,这什么东西这么大一箱子
这什么东西这么大一箱子,这刘铮送给杨杨的手套和头盔
这刘铮送给杨杨的手套和头盔,你今天给刘铮打电话了
你今天给刘铮打电话了,你说你 知道家里没人
你说你 知道家里没人,还点那么多外卖
还点那么多外卖,让人家送外卖的晾在外边那么长时间多不好
让人家送外卖的晾在外边那么长时间多不好,我也是给忙忘了
我也是给忙忘了,我点完了才想起来
我点完了才想起来,杨杨今天说了要晚回来一会了
杨杨今天说了要晚回来一会了,这小子干嘛去了
这小子干嘛去了,你先别急
你先别急,他们今天分班考老师在群里都通知了
他们今天分班考老师在群里都通知了,晚上要加一个晚自习答疑
晚上要加一个晚自习答疑,明天还有一天
明天还有一天,分班
分班,分什么班
分什么班,我问了 说是要分一个基础班
我问了 说是要分一个基础班,1个冲刺班
1个冲刺班,还有7个平行班
还有7个平行班,不就是快慢班
不就是快慢班,杨杨现在这个成绩不会考到慢班去吧
杨杨现在这个成绩不会考到慢班去吧,慢班师资力量不行
慢班师资力量不行,那倒没有
那倒没有,他们这个基础班是保本科的
他们这个基础班是保本科的,配的老师也都是比较资深的
配的老师也都是比较资深的,而且
而且,就算是进去了
就算是进去了,下次成绩上来了
下次成绩上来了,还是可以回到平行
还是可以回到平行,是波动的
是波动的,是这样啊  点这么多
是这样啊  点这么多,小圆圆
小圆圆,圆圆起来了
圆圆起来了,怎么了
怎么了,来喝杯咖啡
来喝杯咖啡,行
行,我说怎么闻着这么香
我说怎么闻着这么香,几个意思这是
几个意思这是,早上起来给我来杯咖啡
早上起来给我来杯咖啡,待遇也太高了
待遇也太高了,爱心手冲 温度合适
爱心手冲 温度合适,你这服务 早上给来杯咖啡
你这服务 早上给来杯咖啡,床上喝
床上喝,别着急啊
别着急啊,难得这么一机会
难得这么一机会,我慢慢品品
我慢慢品品,品什么啊 赶紧喝
品什么啊 赶紧喝,以后每天早上都有够你喝的 快
以后每天早上都有够你喝的 快,每天早上都有
每天早上都有,赶紧的
赶紧的,媳妇 几点了
媳妇 几点了,几点了
几点了,我这样 我喝完咖啡
我这样 我喝完咖啡,我早上就给孩子买早餐
我早上就给孩子买早餐,别买什么早餐 还没出摊
别买什么早餐 还没出摊,刚刚4:30
刚刚4:30,嘛呀 几点
嘛呀 几点,4:30
4:30,4:30你叫我起来干嘛
4:30你叫我起来干嘛,这准备让我上天安门去看看升国旗去啊 
这准备让我上天安门去看看升国旗去啊 ,你不是要去厕所批奏折吗是吧
你不是要去厕所批奏折吗是吧,早朝时间到了 你赶紧喝咖啡 好去批奏折去快快
早朝时间到了 你赶紧喝咖啡 好去批奏折去快快,等等
等等,媳妇
媳妇,我又不是机器人
我又不是机器人,我这底下没开关
我这底下没开关,怎么上那一拧就能拉出屎来
怎么上那一拧就能拉出屎来,我知道你先躺好
我知道你先躺好,再让我睡一会 我再睡会
再让我睡一会 我再睡会,躺好
躺好,再躺一会儿
再躺一会儿,方圆你以后每天早上都要给我提前一个小时起来
方圆你以后每天早上都要给我提前一个小时起来,既能保证你的作息
既能保证你的作息,又不跟孩子抢厕所
又不跟孩子抢厕所,这是高三不仅仅是孩子们的高三
这是高三不仅仅是孩子们的高三,也是我们的高三
也是我们的高三,你要一切行动听指挥
你要一切行动听指挥,一切措施保高考 听到没有
一切措施保高考 听到没有,你是不是就是为了磊儿
你是不是就是为了磊儿,还有方一凡可以早上起来多点时间在厕所里面混
还有方一凡可以早上起来多点时间在厕所里面混,就把我这么早叫起来
就把我这么早叫起来,是不是这意思
是不是这意思,那行吧 我就适应适应 谁的孩子谁心疼
那行吧 我就适应适应 谁的孩子谁心疼,我不下地狱谁下地狱
我不下地狱谁下地狱,有感觉了
有感觉了,有感觉了 打个嗝又没感觉了
有感觉了 打个嗝又没感觉了,好好
好好,你别说话
你别说话,我给你揉揉 有感觉 有感觉
我给你揉揉 有感觉 有感觉,真有感觉了
真有感觉了,妈我回来了
妈我回来了,你怎么回来了
你怎么回来了,不是说好晚上跟你爸吃饭，给忘了？
不是说好晚上跟你爸吃饭，给忘了？,没有 今天
没有 今天,分班考成绩出来了
分班考成绩出来了,然后我进快班了
然后我进快班了,回来告诉你一声
回来告诉你一声,顺便上个厕所
顺便上个厕所,我其实已经知道了
我其实已经知道了,我给你们李老师打过电话
我给你们李老师打过电话,他说你这次考了
他说你这次考了,第二名还可以
第二名还可以,是 这回第一名 被林磊儿给抢走了
是 这回第一名 被林磊儿给抢走了,我也没想到他那么厉害
我也没想到他那么厉害,我知道了
我知道了,不过 高三以后每天都要考试
不过 高三以后每天都要考试,没事
没事,下回好好考就行了
下回好好考就行了,你没生气吗
你没生气吗,有什么好生气的
有什么好生气的,这次让人超过了
这次让人超过了,下回咱夺回来
下回咱夺回来,这还怕 咱下回更努力一点
这还怕 咱下回更努力一点,好
好,我上厕所去了
我上厕所去了,快去
快去,上厕所还背着个包不嫌重
上厕所还背着个包不嫌重,快去
快去,妈你怎么翻我书包
妈你怎么翻我书包,我可没想翻你书包
我可没想翻你书包,我本来是想把你卷子找出来帮你先改着
我本来是想把你卷子找出来帮你先改着,卷子不在里边
卷子不在里边,这里面什么
这里面什么,同学送的生日礼物
同学送的生日礼物,都高三了
都高三了,还玩玩具
还玩玩具,咱哪有这时间
咱哪有这时间,这不是同学送的吗
这不是同学送的吗,再说了
再说了,好不容易考完了
好不容易考完了,您不让我松快一下
您不让我松快一下,高兴一天
高兴一天,都考第二了
都考第二了,还有什么可高兴的
还有什么可高兴的,刚才我都没好意思说
刚才我都没好意思说,你这次考成这样
你这次考成这样,下次 下下次呢 高考怎么办
下次 下下次呢 高考怎么办,我跟你讲
我跟你讲,高考可不是百米冲刺
高考可不是百米冲刺,那是马拉松
那是马拉松,有的你努力的 要依我说 高考以前这些玩具
有的你努力的 要依我说 高考以前这些玩具,就妈妈帮你保存
就妈妈帮你保存,行吗
行吗,跟你爸去吃饭吧
跟你爸去吃饭吧,早去早回
早去早回,也要弄的太晚
也要弄的太晚,好
好,哟，媳妇回来了
哟，媳妇回来了,你回来你
你回来你,不告诉我一声
不告诉我一声,我也刚回来
我也刚回来,刚进屋换身衣服吃个面条
刚进屋换身衣服吃个面条,沙发没坐热乎
沙发没坐热乎,电视刚打开
电视刚打开,对
对,你饿不饿
你饿不饿,我给你煮个面条
我给你煮个面条,卧个荷包蛋
卧个荷包蛋,不想吃没心情吃
不想吃没心情吃,怎么了
怎么了,没心情吃饭了还
没心情吃饭了还,天都塌了
天都塌了,吃什么饭还吃
吃什么饭还吃,天怎么塌了
天怎么塌了,单位的事
单位的事,你看一下
你看一下,分班出来了
分班出来了,可以啊
可以啊,林磊儿冲刺班
林磊儿冲刺班,方一凡呢
方一凡呢,你别翻了
你别翻了,我问了李萌了
我问了李萌了,倒数第一
倒数第一,这怎么回事
这怎么回事,不应该
不应该,一个正数第一
一个正数第一,一个倒数第一说明什么
一个倒数第一说明什么,说明一个考的好
说明一个考的好,一个没考好
一个没考好,说明我们家的遗传基因优秀的一等一全被你们家拖累了
说明我们家的遗传基因优秀的一等一全被你们家拖累了,什么意思
什么意思,是怎么还基因来了呢
是怎么还基因来了呢,你给我解释一下
你给我解释一下,磊儿是我们家的人
磊儿是我们家的人,考一个正数第一
考一个正数第一,方一凡你的种啊 考倒数第一
方一凡你的种啊 考倒数第一,我 这
我 这,童文洁 你这个没有逻辑
童文洁 你这个没有逻辑,方一凡他也有你的基因
方一凡他也有你的基因,如果说方一凡没有谁的基因
如果说方一凡没有谁的基因,只有一种可能
只有一种可能,他有可能没有我的基因
他有可能没有我的基因,绝对没有可能没有你的基因
绝对没有可能没有你的基因,你知道是什么意思吗
你知道是什么意思吗,我听不懂
我听不懂,听不懂 那就看出基因是怎么回事了
听不懂 那就看出基因是怎么回事了,好 不说基因的事了
好 不说基因的事了,我觉得是这样
我觉得是这样,既然它是一个分班考是吧
既然它是一个分班考是吧,他已经考成这个结果
他已经考成这个结果,我们先接纳这个结果
我们先接纳这个结果,然后我们再想办法来解决它
然后我们再想办法来解决它,你觉得好不好
你觉得好不好,我觉得不好
我觉得不好,我们接纳有什么用
我们接纳有什么用,他将来考不起大学
他将来考不起大学,他没有工作
他没有工作,社会接纳他吗
社会接纳他吗,他没学历没文凭
他没学历没文凭,他哪个单位接纳他
他哪个单位接纳他,还没本事挣钱
还没本事挣钱,没本事养家
没本事养家,哪个女朋友要他
哪个女朋友要他,也许他在下一次就考好了
也许他在下一次就考好了,什么下一次不等下一次了
什么下一次不等下一次了,就这一次 他回来我就收拾他
就这一次 他回来我就收拾他,我正想跟你说
我正想跟你说,我觉得咱们这方式方法
我觉得咱们这方式方法,有这个问题
有这个问题,你看
你看,每一次他考的不好你就发脾气
每一次他考的不好你就发脾气,你发脾气 呲他 他心情受影响
你发脾气 呲他 他心情受影响,他也沮丧
他也沮丧,他也觉得自己不行
他也觉得自己不行,也没信心
也没信心,下回考的更不好
下回考的更不好,是不是
是不是,考得更不好
考得更不好,你更沮丧
你更沮丧,你更伤心
你更伤心,你更生气
你更生气,他也更难受
他也更难受,这是恶性循环
这是恶性循环,我觉得是这样
我觉得是这样,我们应该用一些新的方式方法
我们应该用一些新的方式方法,用一些别的手段
用一些别的手段,对吧
对吧,好
好,就听你的 上手段
就听你的 上手段,动漫、游戏全给他没收了
扎了两个小丸子头,我的妈
我的妈,快吃饭吧
快吃饭吧,还有 小孟阿姨跟这儿 您就别对我太好了
知道吗,方圆 过来帮忙
方圆 过来帮忙,好了
好了,我是说是换个手段
我是说是换个手段,不是上手段 成渣滓洞了 真是
不是上手段 成渣滓洞了 真是,去拿两个整理箱过来
去拿两个整理箱过来,你还是得注意点方式方法
你还是得注意点方式方法,别当着他面再摔摔打打的好吧
别当着他面再摔摔打打的好吧,我知道我会控制我自己的
我知道我会控制我自己的,真控制啊
真控制啊,知道了
知道了,表哥
怎么了,你准备好了吗
准备什么啊,你这次考的不理想
你这次考的不理想,小姨小姨夫肯定会说你吧
我没有压力,你倒是没什么压力
你倒是没什么压力,我还挺有压力
有压力,来北京之后
来北京之后,我就发现北京的卷子是比老家的简单点
我就发现北京的卷子是比老家的简单点,但我这分数考的还没在老家的时候高
你在老家多少分,我看了一下卷子
我看了一下卷子,这问题就出现在英语上面
这问题就出现在英语上面,我的单词还得好好背
别劈我 劈他,妈 我回来了
妈 我回来了,回来了
回来了,你怎么回来的
你怎么回来的,你爸送你的
你爸送你的,没有
没有,他喝了点酒
他喝了点酒,郑叔叔送我回来的
郑叔叔送我回来的,对
对,以后他要喝酒了
以后他要喝酒了,千万不要让他开车
千万不要让他开车,好
好,英子
英子,这吃火锅了
这吃火锅了,这味儿特大啊
这味儿特大啊,我一会就洗澡把衣服给洗了
我一会就洗澡把衣服给洗了,不用 洗衣服
不用 洗衣服,你把脏衣服脱了 搁在脏衣桶里
你把脏衣服脱了 搁在脏衣桶里,我一块洗 
我一块洗 ,没事
没事,我自己洗就行
我自己洗就行,我还以为您生气
我还以为您生气,为什么
为什么,我就这么凶神恶煞
我就这么凶神恶煞,不就吃火锅嘛
不就吃火锅嘛,你跟你爸又不经常一起吃饭
你跟你爸又不经常一起吃饭,一会我弄点凉茶给你去火
一会我弄点凉茶给你去火,谢谢妈
谢谢妈,你最好
你最好,你就是我的女神
你就是我的女神,瞎说 就知道拍马屁
瞎说 就知道拍马屁,不过这一个月就别吃了
不过这一个月就别吃了,好不好
好不好,到底还是上火
到底还是上火,是不是
是不是,好吧
好吧,我去洗澡了
我去洗澡了,妈妈有话还跟你说
妈妈有话还跟你说,来 到那去
来 到那去,你坐
你坐,咋了 妈
咋了 妈,是这样
是这样,你看开学第一次考试你考得还是挺好的
你看开学第一次考试你考得还是挺好的,妈妈其实挺开心的
妈妈其实挺开心的,没过几天你就要生日了
没过几天你就要生日了,妈妈本来想等你生日再把礼物给你
妈妈本来想等你生日再把礼物给你,也不差这几天了
也不差这几天了,护眼仪
护眼仪,学习累的时候可以按摩按摩休息一下
学习累的时候可以按摩按摩休息一下,喜欢吗
喜欢吗,喜欢
喜欢,哪有不喜欢
哪有不喜欢,您送我啥我都喜欢
您送我啥我都喜欢,谢谢妈妈
谢谢妈妈,你看今天妈妈把你乐高给没收了
你看今天妈妈把你乐高给没收了,其实妈妈
其实妈妈,心里也挺过意不去的
心里也挺过意不去的,妈妈也没办法
妈妈也没办法,这不高三了
这不高三了,时间太紧了
时间太紧了,我知道 这不是说你的错
我知道 这不是说你的错,生日礼物同学送的也没法挑的
生日礼物同学送的也没法挑的,所以妈妈才出下策
所以妈妈才出下策,说帮你先保存一下
说帮你先保存一下,但你放心
但你放心,你一旦考上了大学了
你一旦考上了大学了,妈妈就还给你
妈妈就还给你,到时候出新的妈妈还给你买
到时候出新的妈妈还给你买,好不好
好不好,Happy birthday.
回去背吧 我明儿还有大事要干的,那你休息吧
拿它干吗,对了表哥
我真的是烦死你了,我就说一下
我就说一下,你别发那么大火
你别发那么大火,拜拜 表哥
拜拜 表哥,你帮我把这个 这个垫子抬起来
你帮我把这个 这个垫子抬起来,你大早上 你还收拾什么屋子
你大早上 你还收拾什么屋子,你这都忙着
你这都忙着,别吵吵 给我抬起来
别吵吵 给我抬起来,我看看底下有什么东西
我看看底下有什么东西,查房啊
查房啊,走你
走你,哪来的
哪来的,乐高 你给他买的
乐高 你给他买的,我这 我这
我这 我这,你一个月才给我200块钱零花钱
你一个月才给我200块钱零花钱,我哪有闲钱给他买
我哪有闲钱给他买,8490 哇塞 这么贵
8490 哇塞 这么贵,哪来的这是
哪来的这是,你给拿出来
你给拿出来,你扶住了啊
你扶住了啊,哎哟 哇塞
哎哟 哇塞,我操
我操,有点分量
有点分量,那几本书你给拿出来
那几本书你给拿出来,你给他的
你给他的,不是 这 不
不是 这 不,这真是我的 这不是我给的
这真是我的 这不是我给的,这是我的 好几年前我还找 以为给我扔了
这是我的 好几年前我还找 以为给我扔了,合着这小子拿过来搁他这了
合着这小子拿过来搁他这了,难怪学习成绩不好
难怪学习成绩不好,天天看这个那成绩能好吗
天天看这个那成绩能好吗,哇塞 这都是我的老朋友
哇塞 这都是我的老朋友,都跟你一模一样
都跟你一模一样,有其父必有其子
有其父必有其子,这才多大 就看这些东西
这才多大 就看这些东西,我这顶着 你这看上了
我这顶着 你这看上了,我就重温一下 复习一下
我就重温一下 复习一下,拿过来给我看一下什么东西
拿过来给我看一下什么东西,这么小就看这个
这么小就看这个,这个好看
这个好看,这里面是书还是乐高
这里面是书还是乐高,不会都是杂志吧
不会都是杂志吧,是乐高
是乐高,乔卫东送给乔英子的
乔卫东送给乔英子的,英子给了方一凡
英子给了方一凡,不可能 这么贵重的东西怎么会随便送人呢
不可能 这么贵重的东西怎么会随便送人呢,宋倩 宋倩管得严，英子害怕她妈妈发现给没收了
宋倩 宋倩管得严，英子害怕她妈妈发现给没收了,藏在方一凡这了
藏在方一凡这了,不行
不行,我得给他还回去
我得给他还回去,你等会 你别弄这个 宋倩跟乔卫东本来就不合
你等会 你别弄这个 宋倩跟乔卫东本来就不合,你再弄这不煽风点火
你再弄这不煽风点火,挑拨离间
挑拨离间,我怎么煽风点火
我怎么煽风点火,这雷谁抗啊
这雷谁抗啊,回头宋倩问起来了
回头宋倩问起来了,那知道了
那知道了,你怎么说的清楚
你怎么说的清楚,不行
不行,成成成 来来来来
成成成 来来来来,你一会你先搁着
你一会你先搁着,偷偷摸摸你再给人宋倩还回去
偷偷摸摸你再给人宋倩还回去,你干嘛 你现在给端出去
你干嘛 你现在给端出去,一会你跟他又吵一架
一会你跟他又吵一架,一大早上起来家里搞阶级斗争
一大早上起来家里搞阶级斗争,你别这样 先搁这 偷偷摸摸的
你别这样 先搁这 偷偷摸摸的,咱回头再给他还回去 商量
咱回头再给他还回去 商量,我现在就得去还
我现在就得去还,我告诉你 放这以后 他不定什么时候就玩
我告诉你 放这以后 他不定什么时候就玩,你说他现在不玩
你说他现在不玩,他现在高三了
他现在高三了,他肯定得玩
他肯定得玩,现在先别拿去 吃早饭 还得上学 行不行
现在先别拿去 吃早饭 还得上学 行不行,你扶这个
你扶这个,要还你可以还
要还你可以还,但是你现在
但是你现在,肯定要还
肯定要还,我今天就要还
我今天就要还,行
行,那杂志 杂志也搁回去
那杂志 杂志也搁回去,杂志不搁
杂志不搁,我跟你说
我跟你说,我跟你说 你这
我跟你说 你这,少年维特有烦恼
少年维特有烦恼,他还有隐私
他还有隐私,这孩子这么大
这孩子这么大,你把它拿出去 孩子多没面子
你把它拿出去 孩子多没面子,我跟你讲 孩子十五六岁看这很正常
我跟你讲 孩子十五六岁看这很正常,我小时候也看行不行
我小时候也看行不行,先给他搁这
先给他搁这,先搁这
先搁这,哪本在前面来着
哪本在前面来着,行 先这样吧
行 先这样吧,现场恢复一下
现场恢复一下,你恢复去吧
你恢复去吧,太没有斗争经验了
闺女,来了
英子 开门,爸 快进来
来,谢谢老爸 但我这正吃着呢
吃这个吃这个,你刚上来的时候没碰到我妈吧
你刚上来的时候没碰到我妈吧,他刚下楼买菜
化险为夷,这要让她碰到了
这要让她碰到了,估计连我都得唠叨一顿
快吃,相册
相册,我给你准备好了
我闺女靠谱,给您 你说你这过来
给您 你说你这过来,取趟相册真是不容易
取趟相册真是不容易,是不是小梦阿姨要催你了
吃,你要在这吃啊
不在这儿吃在哪儿吃,那我妈要回来 咋办
吃吧,好吧
多吃点,好
好,行
行,你可真行
你可真行,都
都,学会跟你爸理应外合了是吧
学会跟你爸理应外合了是吧,好玩吗
好玩吗,他就回来拿个相册
他就回来拿个相册,你发那么大火干嘛
你发那么大火干嘛,他是拿一相册吗
他是拿一相册吗,他这是来捣乱
他这是来捣乱,什么乱啊
什么乱啊,我知道
我知道,我只要一见他你都不开心对不对
我只要一见他你都不开心对不对,你就跟我发火
你就跟我发火,我都不能见他
我都不能见他,我什么时候不让你去见他了
我什么时候不让你去见他了,你哪次去我不让你去了
你哪次去我不让你去了,你说我哪次
你说我哪次,你现在马上要高考了
你现在马上要高考了,你必须把精力都放在学习上
你必须把精力都放在学习上,咱们能不能离这不靠谱的人远一点
咱们能不能离这不靠谱的人远一点,你不是还是不想要我见他吗
你不是还是不想要我见他吗,不是
不是,你爸这个人他有好多的不良习性
你爸这个人他有好多的不良习性,我不想他把你教坏了
我不想他把你教坏了,我身上是不是有他一半不靠谱的基因
我身上是不是有他一半不靠谱的基因,你是不是看我也不顺眼
你是不是看我也不顺眼,我是不是还得把它剔除干净的剔骨还亲
我是不是还得把它剔除干净的剔骨还亲,这样你才满意
这样你才满意,对不对
对不对,你满意吗
你满意吗,我什么时候对你不满意过
我什么时候对你不满意过,妈妈什么时候对你不满意过
妈妈什么时候对你不满意过,我不到处都跟人说你是我的骄傲吗
我不到处都跟人说你是我的骄傲吗,我是不是这么说的
我是不是这么说的,你还生上气了
你还生上气了,生妈妈气了
生妈妈气了,还说没有
还说没有,没有
没有,就是生气了
就是生气了,我没有
我没有,那你那么大声干什么
那你那么大声干什么,我说我没有了
我说我没有了,你还要我怎么样
你还要我怎么样,我不说话了行不行
我不说话了行不行,我不说了
我不说了,还成我的错了
还成我的错了,你现在是不是就想跟你爸在一起
你现在是不是就想跟你爸在一起,不想跟你妈在一起了
不想跟你妈在一起了,你怎么还哭上了
你怎么还哭上了,别哭了
别哭了,妈我当然知道您对我最好了
妈我当然知道您对我最好了,您跟我爸比起来
您跟我爸比起来,我肯定更爱你的
我肯定更爱你的,真的吗
真的吗,真的
真的,我发誓
我发誓,别哭了
我有事跟你说,准没好事 拜拜
反正你那乐高我就拼了,你敢 什么事快说
给我点,你要自杀威胁你妈搬家
你要自杀威胁你妈搬家,这缺德的事儿我可干不了
是不是吃不死,当然吃不死你有没有点常识
我也着急,安神汤
安神汤,了解一下 你妈和我妈的独门秘方
求求你,你可真能磨叽
你可真能磨叽,你中午跟我回家拿去
你中午跟我回家拿去,但是你一定得让他按剂量 吃多了可不行
但是你一定得让他按剂量 吃多了可不行,我上课去了
我上课去了,拜拜
拜拜,乔卫东 你说咱俩这每周一歌二人世界
乔卫东 你说咱俩这每周一歌二人世界,你上个礼拜请我吃那白莲花
你上个礼拜请我吃那白莲花,素食全是豆制品
素食全是豆制品,人家水煮鱼都是面筋做的
人家水煮鱼都是面筋做的,你这礼拜给我来这三盘沙拉
你这礼拜给我来这三盘沙拉,你这全是草
你这全是草,你是喂牛
你是喂牛,你给我来块牛肉来瓶红酒行不行
你给我来块牛肉来瓶红酒行不行,弄个剔骨
这一盘草80多有机的,这么贵
这么贵,卫东 我觉得你对我是真好
卫东 我觉得你对我是真好,内心又细腻
内心又细腻,你比童文洁要温良贤淑
你比童文洁要温良贤淑,你看你那样
你看你那样,其实你要头发留长了
其实你要头发留长了,把胡子刮一刮也是个美女
把胡子刮一刮也是个美女,我没准能把你给娶了
我打算搬回书香雅苑,你破产了
你破产了,又找了小女朋友 到那金屋藏娇
什么呀,你不会想跟宋倩复合 吃回头草吧
我回去了完全是为孩子,怎么了
宋茜现在是更年期了,不可能 没这么早
我确认过,你怎么确认的
前两天我打算回去拿几张老照片,干嘛
女人的虚荣心可以理解,你的虚荣心
我得冲上去替他挡几刀,这宋倩不至于
这宋倩不至于,我觉得平常挺知书达理的温柔贤淑的
我觉得平常挺知书达理的温柔贤淑的,我觉得童文洁比她可横多了
我觉得童文洁比她可横多了,我在家感觉还是这个挺和睦
我在家感觉还是这个挺和睦,如沐春风的
这门口树都让你给吹倒了,先别说挡几刀的事，我跟你讲，现在就有一刀， 你是不是给英子买了一个乐高
先别说挡几刀的事，我跟你讲，现在就有一刀， 你是不是给英子买了一个乐高,那航母大玩具
买了,售价8499
这孩子过生日 买生日礼物 你怎么知道的,你给他买这生日礼物 交给英子之后
你给他买这生日礼物 交给英子之后,英子害怕觉得宋倩要是发现了
英子害怕觉得宋倩要是发现了,就会认为他耽误学习
就会认为他耽误学习,给他没收了
给他没收了,所以他就交给方一凡
所以他就交给方一凡,这不一雷
这不一雷,方一凡也怕他妈 就给藏床底下了
方一凡也怕他妈 就给藏床底下了,今早上 童文洁给发现了
今早上 童文洁给发现了,他决定把这雷交给宋倩
他决定把这雷交给宋倩,让宋倩引爆处理
又不是不认识我,你听说
你听说,一革命群众捡着赃物不交给警察交给犯罪嫌疑人的
谁是犯罪嫌疑人,宋倩警察你是犯罪嫌疑人不很明显吗
吃完回去上你家把东西拿回来,来不及了
来不及了,他已经搁车上了
他已经搁车上了,他今儿就还给宋倩
那童文洁人呢,公司上班啊
公司上班啊,媳妇
媳妇,我今天有一个收获
我今天有一个收获,有一个体会
有一个体会,我觉得乔卫东 宋倩两个人绝对是天造地设的一对人
我觉得乔卫东 宋倩两个人绝对是天造地设的一对人,你说他俩人咋想 就是砸车玻璃 这么邪门的想法
你说他俩人咋想 就是砸车玻璃 这么邪门的想法,俩人都一块想出来的
俩人都一块想出来的,他俩离婚真是太可惜了
他俩离婚真是太可惜了,方圆
方圆,你跟乔卫东你们俩简直就是一只是狼
你跟乔卫东你们俩简直就是一只是狼,一只是狈 你说你还替他说话
一只是狈 你说你还替他说话,好像我还没有原谅你
好像我还没有原谅你,我不需要被原谅
我不需要被原谅,我本来也没犯错
我本来也没犯错,我是无辜的
我是无辜的,从某种角度上讲我也是受害者
从某种角度上讲我也是受害者,乔卫东还说他无辜 说他当年不是出轨
乔卫东还说他无辜 说他当年不是出轨,他不出轨
他不出轨,宋倩跟他离婚
宋倩跟他离婚,宋倩疯了
宋倩疯了,他理论上讲应该不叫出轨你知道吧
他理论上讲应该不叫出轨你知道吧,他是在酒桌上喝多了
他是在酒桌上喝多了,然后被人给下了套了
然后被人给下了套了,他自己也不记得你那能叫出轨吗
他自己也不记得你那能叫出轨吗,不记得就不叫了
不记得就不叫了,他说没有就没有了
他说没有就没有了,合着你是不是还想向他学习
合着你是不是还想向他学习,我这种怎么向他学习
我这种怎么向他学习,人家那种就是大老板在酒桌上喝酒
人家那种就是大老板在酒桌上喝酒,我想挤也挤不进去
我想挤也挤不进去,我这种不求上进的
我这种不求上进的,我怎么有机会能做到出轨这种
我怎么有机会能做到出轨这种,谁说不求上进的就不会变坏
谁说不求上进的就不会变坏,很多不求上进的不都变坏了吗
很多不求上进的不都变坏了吗,不求上进怎么能变坏呢
不求上进怎么能变坏呢,变坏得上
变坏得上,进了以后才有机会变坏
进了以后才有机会变坏,我这种不求上进哪有机会对不对
我这种不求上进哪有机会对不对,我再提醒你一遍
我再提醒你一遍,在接受批评的时候麻烦你不要油嘴滑舌
在接受批评的时候麻烦你不要油嘴滑舌,这样一个美好的下午
这样一个美好的下午,孩子们也都没回来
孩子们也都没回来,自由的时间
自由的时间,干什么你
干什么你,你说我干什么呢
你说我干什么呢,我弄汤呢
我弄汤呢,你弄你的汤
你弄你的汤,我这不影响你
我这不影响你,该弄你的弄起来
该弄你的弄起来,我跟你说今天孩子们说了
我跟你说今天孩子们说了,下午学校老师要开年级会
下午学校老师要开年级会,要晚上没有晚自习
要晚上没有晚自习,这马上就回来了
这马上就回来了,你觉得你这个姿势
你觉得你这个姿势,合适吗
合适吗,好吗
好吗,英子 回来了
英子 回来了,妈
妈,你干什么
你干什么,快进来
快进来,快点来帮帮我
快点来帮帮我,我拼半天了
我拼半天了,不知道怎么回事
不知道怎么回事,怎么也拼不上
怎么也拼不上,我怎么都对不上
我怎么都对不上,愣在那干什么
愣在那干什么,快来帮帮我
快来帮帮我,妈我错了
妈我错了,爸爸都跟我说了
爸爸都跟我说了,我诚恳的向您认错
我诚恳的向您认错,我不应该收爸爸的礼
我不应该收爸爸的礼,我也不应该让方一凡帮我藏着
我也不应该让方一凡帮我藏着,你要生气你就训我都接受
你要生气你就训我都接受,但是我声明我真的没有想要现在玩这个的
但是我声明我真的没有想要现在玩这个的,我怕您不高兴
我怕您不高兴,也怕爸爸不开心
也怕爸爸不开心,来
来,英子
英子,下次要再遇见这样的事
下次要再遇见这样的事,你得直接告诉妈妈
你得直接告诉妈妈,妈妈会理解的
妈妈会理解的,我觉得这玩具其实还挺好的
我觉得这玩具其实还挺好的,寓教于乐的
寓教于乐的,我知道你快生日了
我知道你快生日了,你爸爸那个人我还不了解
你爸爸那个人我还不了解,投其所好
投其所好,知道你喜欢这个肯定会给你买
知道你喜欢这个肯定会给你买,那你不生气我
那你不生气我,我那么爱生气啊
我那么爱生气啊,你看我这样子像是爱生气的样子吗
你看我这样子像是爱生气的样子吗,你今天好开明
你今天好开明,我只是今天开明啊
我只是今天开明啊,我觉得我一直挺开明的
我觉得我一直挺开明的,要不然我的学生怎么那么喜欢我呢
要不然我的学生怎么那么喜欢我呢,是吗
是吗,快帮我看看为什么一直安不上
快帮我看看为什么一直安不上,然后我都拼到这了了
然后我都拼到这了了,你看这怎么就没有 这怎么回事
你看这怎么就没有 这怎么回事,不对
不对,你这拼反了
你这拼反了,你看这图纸是吧
你看这图纸是吧,还真是 我说怎么安不上啊
还真是 我说怎么安不上啊,那怎么办
那怎么办,拆了呀
拆了呀,拆了呗
拆了呗,掉床底下了
掉床底下了,妈妈
妈妈,怎么了
怎么了,不在床底下
不在床底下,怎么不在 我看他绷进去的
怎么不在 我看他绷进去的,我帮你拿
我帮你拿,您别闪着腰了
您别闪着腰了,我多大岁就闪腰啊
我多大岁就闪腰啊,够着了
够着了,是这颜色吗
是这颜色吗,是
是,你看
你看,我怎么觉得好像比这颜色深点儿似的
我怎么觉得好像比这颜色深点儿似的,没有
没有,正合适 你看
正合适 你看,这应该 要不咱们
这应该 要不咱们,这袋是吗
这袋是吗,来
来,记下美好时光
记下美好时光,好啦
好啦,哇塞
哇塞,真不容易
真不容易,我们下一个拼他底下
我们下一个拼他底下,那个英子
那个英子,看看 咱玩了整一小时了
看看 咱玩了整一小时了,差不多了
差不多了,剩下的我们高考以后再玩
剩下的我们高考以后再玩,好不好
好不好,其他的我先帮你收着
其他的我先帮你收着,毕竟高考的时候咱也不考这个
毕竟高考的时候咱也不考这个,我还以为
我还以为,行不行
行不行,以为 以为 没事
以为 以为 没事,行不行啊
行不行啊,行
行,真乖
真乖,今天饭简单
今天饭简单,我马上就做好
我马上就做好,你把这收起来
你把这收起来,动作快点
动作快点,不好意思
不好意思,表哥我忘敲门了
没事,表哥我在做今天数学卷子最后一道题的时候
表哥我在做今天数学卷子最后一道题的时候,发现这道题出的特别好
发现这道题出的特别好,是包含了咱们所有知识点的一道题
是包含了咱们所有知识点的一道题,我特意把我的笔记本拿过来给你誊一下
我特意把我的笔记本拿过来给你誊一下,要不然这道题你做到明天早晨都做不出来
谢谢,这是你的笔记本吗
是,表哥 数学 数学
在这儿数学在这儿唉,对
对,你这些抄了一堆废话
你这些抄了一堆废话,你看其实老师的板书是对的
你看其实老师的板书是对的,但是你不能全抄
但是你不能全抄,这一条的重点只有三条
这一条的重点只有三条,你这抄的太多了
你这抄的太多了,英子
英子,老师又留课间作业
老师又留课间作业,没有
没有,这周六天文馆有个活动
这周六天文馆有个活动,我不是讲解员吗
我不是讲解员吗,准备一下
准备一下,英子你停一下
英子你停一下,妈妈跟你说两句话
妈妈跟你说两句话,您说我听着
您说我听着,你看你高二一年都在天文馆做讲解员
你看你高二一年都在天文馆做讲解员,妈妈是不是一直都支持的
妈妈是不是一直都支持的,妈妈知道那是你的爱好和理想
妈妈知道那是你的爱好和理想,妈妈是愿意支持的
妈妈是愿意支持的,可咱们现在高三了
可咱们现在高三了,就别再去了
就别再去了,太耽误时间
太耽误时间,你们天文馆也不缺你这么一个要高考的
你们天文馆也不缺你这么一个要高考的,不是
不是,我这之前也讲解了一年
我这之前也讲解了一年,为什么不能去
为什么不能去,我也没影响学习
我也没影响学习,那是高二
那是高二,你现在高三了
你现在高三了,这高二的学习强度能跟高三比吗
这高二的学习强度能跟高三比吗,这是刚开学
这是刚开学,你可能对高三的紧张还没什么感觉
你可能对高三的紧张还没什么感觉,过段时间就知道了
过段时间就知道了,那时候真让你去
那时候真让你去,你都没这精力了
你都没这精力了,行了
行了,去请个假好不好
去请个假好不好,这次真的很重要
这次真的很重要,这是关于我国嫦娥探月工程的科普讲座
这是关于我国嫦娥探月工程的科普讲座,这是我的兴趣爱好
这是我的兴趣爱好,您不是也知道吗
您不是也知道吗,再说您现在说不去就不去
再说您现在说不去就不去,让人家天文馆上哪找人去
让人家天文馆上哪找人去,天文馆缺
天文馆缺,你一个还不转了
你一个还不转了,知道了
知道了,你是不是不好意思跟人说
你是不是不好意思跟人说,这样你把联系人电话给我
这样你把联系人电话给我,妈妈给你请假好不好
妈妈给你请假好不好,妈你能不能别这样研究天文一直是我的理想
妈你能不能别这样研究天文一直是我的理想,您不是也知道吗
您不是也知道吗,我这不是为了我理想努力吗
我这不是为了我理想努力吗,去天文馆做讲解
去天文馆做讲解,就是你的理想
就是你的理想,咱们说去国家航天局这不才是你理想吗
咱们说去国家航天局这不才是你理想吗,你过来
你过来,妈妈跟你说
妈妈跟你说,我知道你不高兴了
我知道你不高兴了,刚没收你乐高
刚没收你乐高,又不让你去天文馆
又不让你去天文馆,可你不高兴我也不高兴
可你不高兴我也不高兴,你可能会说妈妈总拿高三来绑架你的人生
你可能会说妈妈总拿高三来绑架你的人生,你要是连高考都考不好
你要是连高考都考不好,还有什么人生我说
还有什么人生我说,说对吗
说对吗,可是我真的很想去就让我去最后一次好吗
可是我真的很想去就让我去最后一次好吗,最后一次
最后一次,你记得那天我给你做时间表的时候
你记得那天我给你做时间表的时候,怎么跟你说的
怎么跟你说的,这一年的课外活动都得取消
这一年的课外活动都得取消,要说起来 我只答应过你高二
要说起来 我只答应过你高二,没有说高三你还可以继续去天文馆的
没有说高三你还可以继续去天文馆的,而且你想想你去趟天文馆一去一回
而且你想想你去趟天文馆一去一回,一上午的时间都不够
一上午的时间都不够,还没加上你提前准备的时间
还没加上你提前准备的时间,能做多少题
能做多少题,天文馆永远在 可高三的时间丢了
天文馆永远在 可高三的时间丢了,你永远补不上的
你永远补不上的,你要是连高考都考不好
你要是连高考都考不好,还有什么人生我说的对吗
还有什么人生我说的对吗,可是我真的很想去你就让我去最后一次好吗
可是我真的很想去你就让我去最后一次好吗,最后一次
最后一次,你记得那天我给你做时间表的时候
你记得那天我给你做时间表的时候,怎么跟你说的
怎么跟你说的,这一年的课外活动都得取消
这一年的课外活动都得取消,要说起来我只答应过你高二
要说起来我只答应过你高二,没有说高三你还可以继续去天文馆的
没有说高三你还可以继续去天文馆的,而且你想想你去一趟天安馆
而且你想想你去一趟天安馆,一去一回
一去一回,一上午的时间都不够
一上午的时间都不够,还没加上你提前准备的时间
还没加上你提前准备的时间,能做多少题
能做多少题,天文馆永远在
天文馆永远在,可高三的时间丢了
可高三的时间丢了,你永远补不上的
你永远补不上的,当然知道您说的意思了
当然知道您说的意思了,我也知道这高三很重要
我也知道这高三很重要,但但我也不想以后回忆起高三全都是做题
但但我也不想以后回忆起高三全都是做题,这脑子里除了题别的什么都没有
这脑子里除了题别的什么都没有,那样高三有什么意思
那样高三有什么意思,一点意义都没有
一点意义都没有,怎么没有意义
怎么没有意义,还有良好的学习习惯
还有良好的学习习惯,还要坚持努力这样的优秀品质
还要坚持努力这样的优秀品质,这不都是高三一年修炼出来的
这不都是高三一年修炼出来的,哪是意义啊 那是无聊
哪是意义啊 那是无聊,无聊
无聊,怎么成无聊了
怎么成无聊了,你这么说妈妈是不是也是无聊
你这么说妈妈是不是也是无聊,英子
英子,你是不是觉得妈妈管你太严了
你是不是觉得妈妈管你太严了,要求太高了
要求太高了,你是不是觉得妈妈完全是在跟你作对
你是不是觉得妈妈完全是在跟你作对,英子你是我女儿
英子你是我女儿,你是我最重要的人
你是我最重要的人,咱们俩的人生理想应该是一样的
咱们俩的人生理想应该是一样的,我们不是说好了吗
我们不是说好了吗,要为了去国家航天局而努力
要为了去国家航天局而努力,对不对
对不对,大清早的没这时间了
大清早的没这时间了,你赶紧收拾一下
你赶紧收拾一下,把早饭吃了
把早饭吃了,还得早课
还得早课,快点 别早课都迟到了
说什么事没有老爸解决不了的,我想跟您说的是我之前经常去天文馆
我想跟您说的是我之前经常去天文馆,他这周六要做中国嫦娥探月工程的专题科普讲座
他这周六要做中国嫦娥探月工程的专题科普讲座,我报名参选讲解员资格为这我准备了两周
我报名参选讲解员资格为这我准备了两周,我好不容易选上了
我好不容易选上了,我妈
我妈,说什么都不让我去
说什么都不让我去,我一哭二闹三上吊也都不管事
我看我怎么跟你妈说,真的
真的,我就知道老爸你有办法
我就知道老爸你有办法,谢谢老爸
谢谢老爸,好
慢点吃慢点吃小点口,老爸
老爸,你之前不是说你要搬过来吗
你之前不是说你要搬过来吗,怎么没动静
怎么没动静,你这说话不算数
你看看这一旦决定好了马上搬,您可快来吧
您可快来吧,不然我真的我现在已经招架不住了
不然我真的我现在已经招架不住了,每天暴露在我妈的炮火之下
每天暴露在我妈的炮火之下,你知道方一凡他们家方叔叔就每天给方一凡当子弹
你知道方一凡他们家方叔叔就每天给方一凡当子弹,我也想要个沙包
以后这就是咱爷俩的避难所,那小梦阿姨怎么办
那小梦阿姨怎么办,我不会给你们添麻烦了
在这说了爸爸两边住,我们就这么愉快的决定了
我们就这么愉快的决定了,Yes
Yes,但是这事咱可千万不能让老妈知道
但是这事咱可千万不能让老妈知道,不然这完美计划可以泡汤了
不见鬼子不挂弦,我是不是就可以吃到我妈所有不让我吃的那些美食了
爸爸做 想吃什么,我要吃麻辣烫、火锅
我要吃麻辣烫、火锅,然后小龙虾
然后小龙虾,然后
都有爸爸给你做,老爸我太爱你了
腰宽腿短 多好,你还说我 上回你跟乐高那事 我还没找你算账
这就是我给你的补偿,就一瓶苏打水
就一瓶苏打水,你就想把我给打发了
你就想把我给打发了,想的美我都想跟你绝交了
我都想好了,给我打开
保证你天天笑呵呵 ,一个月
我没想到我妈反侦能力那么强,我说你是不是猪队友 托你办这么点事你都办不好 你都不知道
我说你是不是猪队友 托你办这么点事你都办不好 你都不知道,我一回家
我一回家,我妈面前摆了那么一摊乐高
我妈面前摆了那么一摊乐高,吓得我差点一屁股坐地上
这么刺激,那是相当刺激
那是相当刺激,我一共就玩了50分钟
我一共就玩了50分钟,我妈就给我没收了
我妈就给我没收了,中间还拍了一张照片给我爸看
中间还拍了一张照片给我爸看,就是作秀
他才不跟你那么多废话,我倒觉得你跟你妈这样挺好的
我倒觉得你跟你妈这样挺好的,直来直去
直来直去,不像我跟我妈表面上你说俩人看着挺好的
不像我跟我妈表面上你说俩人看着挺好的,实际上就是塑料姐妹花
实际上就是塑料姐妹花,一碰即碎一点就着
一碰即碎一点就着,接着按
别啊 这么多人不好吧,我跟你说
我跟你说,我现在就想考个远远的过一过人格独立的日子
我现在就想考个远远的过一过人格独立的日子,拥抱自由
我也想拥抱自由,你还不自由
所以现在在学校自习的时间才是属于我的自由时间,方猴
方猴,你还真想搬过来
你还真想搬过来,我还以为你说着玩着
我还以为你说着玩着,行了
行了,晚自习去吧 享受你这唯一的自由时光
为我们想象的自由干杯,为虚无缥缈的自由
没人要,再说
再说,搬家
搬家,她这话有道理
她这话有道理,他说很多高中的家长都把家搬到学校附近的学区房
他说很多高中的家长都把家搬到学校附近的学区房,尤其是高三的
尤其是高三的,那么离家近
那么离家近,上学下课都很方便
上学下课都很方便,真的不耽误事
真的不耽误事,你说是不是
你说是不是,你这不能因为李老师这么说了几句
你这不能因为李老师这么说了几句,然后加上孩子这两天上学接送你有点辛苦
然后加上孩子这两天上学接送你有点辛苦,你想出搬家这个事儿 这是不是稍微有点草率
你想出搬家这个事儿 这是不是稍微有点草率,草率什么
草率什么,我考虑一整天了
我考虑一整天了,你考虑一整天是考虑整天 你也考虑到说磊儿最近身体不太好
你考虑一整天是考虑整天 你也考虑到说磊儿最近身体不太好,但是你也不能用搬家这种方法
但是你也不能用搬家这种方法,这就是太突兀了
这就是太突兀了,我不是光为了磊儿
我不是光为了磊儿,对
对,我是为了磊儿
我是为了磊儿,但我也是为了方一凡
但我也是为了方一凡,我节省的是俩孩子的时间
我节省的是俩孩子的时间,一个孩子节省一个半小时
一个孩子节省一个半小时,俩孩子节省三个小时
俩孩子节省三个小时,是不是这个道理
是不是这个道理,你等一会
你等一会,你一个孩子节约多长时间
你一个孩子节约多长时间,一个半小时
一个半小时,俩孩子节约多长时间
俩孩子节约多长时间,三小时
三小时,你这个数学是语文老师教的
你这个数学是语文老师教的,不是 你1个孩子来回是1个半小时
不是 你1个孩子来回是1个半小时,俩孩子来回也是1个半小时
俩孩子来回也是1个半小时,你3个孩子也是1个半小时
你3个孩子也是1个半小时,你要有10个孩子
你要有10个孩子,你能结出15个小时来啊
你能结出15个小时来啊,我就是这么算的
我就是这么算的,我加在一块算的
我加在一块算的,你是这个算法
你是这个算法,行
行,你这个算法
你这个算法,行
行,你也有道理
你也有道理,好
好,就算你的算法合理
就算你的算法合理,你这孩子这一天能节约三个小时
你这孩子这一天能节约三个小时,是吧
是吧,但是你有没有想过
但是你有没有想过,咱现在搬到那边
咱现在搬到那边,学校那边就算是叫学区房
学校那边就算是叫学区房,一个月房租怎么也得一万五
一个月房租怎么也得一万五,2万
2万,咱们这一家4口得租个小三居起码 对不对
咱们这一家4口得租个小三居起码 对不对,好 先不说这钱的事
好 先不说这钱的事,就算咱决定要搬过去了
就算咱决定要搬过去了,决定搬过去你说怎么搬
决定搬过去你说怎么搬,咱们家那边家具怎么弄
咱们家那边家具怎么弄,是吧
是吧,电器还有这些日用品
电器还有这些日用品,还有床
还有床,这灯你这都运过去吗
这灯你这都运过去吗,运过去你这边房子怎么办
运过去你这边房子怎么办,租不租是不是
租不租是不是,你不带家具能租出去吗
你不带家具能租出去吗,你带家具租
你带家具租,你到那边怎么弄
你到那边怎么弄,重新买套家具买电器就是一笔开销
重新买套家具买电器就是一笔开销,而且买东西肯定是凑合的
而且买东西肯定是凑合的,是不是
是不是,生活质量肯定得下降了
生活质量肯定得下降了,我不高兴了
我不高兴了,我就这么说了一嘴
我就这么说了一嘴,你看你嘟嘟嘟嘟跟机关枪似的
你看你嘟嘟嘟嘟跟机关枪似的,我这不是跟你商量
我这不是跟你商量,我没有说一定要搬
我没有说一定要搬,你要是不高兴 可以
你要是不高兴 可以,不搬就当我瞎操心
不搬就当我瞎操心,应该这么说
应该这么说,高考是吧
高考是吧,咱一切为了孩子
咱一切为了孩子,孩子能多休息
孩子能多休息,高三了以高考为重
高三了以高考为重,该搬还是要搬 有道理
该搬还是要搬 有道理,方圆儿你能不能有点立场
方圆儿你能不能有点立场,我一吓唬你 你就变
我一吓唬你 你就变,一会同意搬一会不同意
一会同意搬一会不同意,你墙头草啊
你墙头草啊,我怎么办
我怎么办,我肯定 我就是你的墙头草
我肯定 我就是你的墙头草,我要墙头你要草
我要墙头你要草,不就这个道理
不就这个道理,你说什么呢
你说什么呢,不是 那你 刚才我说不搬 你呲我
不是 那你 刚才我说不搬 你呲我,我肯定想说那就搬
我肯定想说那就搬,我就顺着你说
我就顺着你说,我顺着你说你要批评我没立场
我顺着你说你要批评我没立场,那我好
那我好,我现在正式宣布我的立场就是你的立场
我现在正式宣布我的立场就是你的立场,你决定搬就搬
你决定搬就搬,你决定不搬就不搬
你决定不搬就不搬,我一切都听你的
我一切都听你的,行了吧
行了吧,行 那我定
行 那我定,搬
磊儿 哥得谢谢你,谢我什么
你的贡献大大的,我做什么共享
犯困,犯困也成贡献了是吧
你的睡觉换来了我们以后书香雅苑的幸福生活,不是表哥
不是表哥,我不是故意犯困的
我不是故意犯困的,我也不想犯困
你知道哥 为什么那么想搬家,不就是为了学校离家近一点
不就是为了学校离家近一点,能节省一下路上的时间吗
我的小榆木脑袋 真好,我怎么又成榆木脑袋了
待会儿融资备战会上肯定用得着的,好
好,放那儿吧
有事啊,你姐夫这两天出差家里没人
你姐夫这两天出差家里没人,我还是得跟Jenny请一个星期假
我还是得跟Jenny请一个星期假,我现在就不知道该怎么跟他张这口
你又要请假,是早知道现在何必当初 应该给自己留条后路
什么后路,不是上次他跟说着告我状
不是上次他跟说着告我状,还是你告诉我的 说我家庭妇女
还是你告诉我的 说我家庭妇女,我不是当着面怼了他几句吗
他未必听得出来你在说她,是你傻还是他傻
是你傻还是他傻,他连这个都听不出来
他连这个都听不出来,他不可能坐到今天这个位置
他不可能坐到今天这个位置,小金 不是我说 你真的得好好学习学习 职场有职场的游戏规则
小金 不是我说 你真的得好好学习学习 职场有职场的游戏规则,在职场你记住了
在职场你记住了,你再怎么恨对方
你再怎么恨对方,再怎么被对方气着
再怎么被对方气着,你都得忍
你都得忍,你不能把你的底牌亮给对方
你不能把你的底牌亮给对方,你不能让对方知道你自己到底在想什么
你不能让对方知道你自己到底在想什么,你得学会保护自己
你得学会保护自己,给自己留后路
给自己留后路,别像我似的动不动就跟人撕破脸
别像我似的动不动就跟人撕破脸,撕破脸以后还得舔着脸去跟人请假
撕破脸以后还得舔着脸去跟人请假,你不是在追剧吗
你不是在追剧吗,像我这种性格
像我这种性格,像咱俩这种性格
像咱俩这种性格,宫斗戏里活不过两集
我帮你去跟他说,你跟他说了算什么
你跟他说了算什么,我自己去说
我自己去说,他放我假就放我
他放我假就放我,不放我 我找roger 行 你走吧
不放我 我找roger 行 你走吧,都在这儿 资料
都在这儿,小金 你以后再听到什么
小金 你以后再听到什么,你还是得告诉我
你还是得告诉我,第一时间告诉我
我可是你的人 奴婢告退,不好意思
不好意思,我可能还是要再请一周的假
是不刚休完假回来吗,我也是没办法
我也是没办法,我不是把我侄子接过来
我不是把我侄子接过来,这孩子有点不太适应
这孩子有点不太适应,所以我想再陪他过渡几天
所以我想再陪他过渡几天,最多一周
你说,不是
不是,计划书我看过了
计划书我看过了,我来安排我来部署
我来安排我来部署,然后全部安排给小金
然后全部安排给小金,我想让小金来执行
我想让小金来执行,然后我们三个建个群
然后我们三个建个群,我们随时沟通
你觉得你放心吗,小金没问题
小金没问题,他的能力我清楚
他的能力我清楚,他是我带过来的
他是我带过来的,也跟了我这么多年
也跟了我这么多年,其实很多事情都是他在在执行
你家里不需要他分担吗,他这两天出差 要不是家里这个情况
他这两天出差 要不是家里这个情况,我也知道公司现在这样
我也知道公司现在这样,我真的张不开这个口
行 我跟老大先说一下,谢谢
谢谢,我也会跟老大说一声
结了婚真麻烦,是
是,Hello
Hello,没有加糖没有加奶
你不是还有几天假的吗,这不是第二轮融资
这不是第二轮融资,突然提前了
突然提前了,我看群里面不停的艾特
我看群里面不停的艾特,我说算了赶紧过来一趟
我说算了赶紧过来一趟,把这些事情都处理了
把这些事情都处理了,我也踏实
我也踏实,然后也谢谢你这几天帮我扛了不少事
然后也谢谢你这几天帮我扛了不少事,感谢
还得我来,我还没见着他人
我还没见着他人,我马上跟他交接一下
我马上跟他交接一下,我就在一会有什么事你叫我
坐你先坐,怎么了
会降一级,我 降我的级
我 降我的级,谁的意思
顶替了你的位置,提拔小金
提拔小金,顶替我的位置
顶替我的位置,小金能同意吗
我再把位置还给你,小金你要不要脸
小金你要不要脸,要不要脸
姐,我不是你姐
我再来,你i还有这本事，榜上罗杰了
你i还有这本事，榜上罗杰了,说让罗杰撤就撤
说让罗杰撤就撤,什么时候的事
什么时候的事,你真是挺有能耐的
你真是挺有能耐的,我真是低估你了
你看行不行,小金
小金,你跟了我这么多年
你跟了我这么多年,我教给你这么多东西
我教给你这么多东西,你最应该学的你恰恰学不会
你最应该学的你恰恰学不会,你给我记住了
你给我记住了,以后把心思放到业务上
以后把心思放到业务上,别整这些乱七八糟没用的
别整这些乱七八糟没用的,你以为半夜发个朋友圈弄个定位
你以为半夜发个朋友圈弄个定位,让老板知道你在公司加班
让老板知道你在公司加班,老板就会觉得你是个好员工了
老板就会觉得你是个好员工了,我告诉你没用
我告诉你没用,你自己有多少本事自己心里清楚
你自己有多少本事自己心里清楚,人要有自知之明
人要有自知之明,金副总 行了
金副总 行了,没事
没事,以后有事你吩咐一声
以后有事你吩咐一声,我也是从助理出身
我也是从助理出身,我这是给你腾位子
姐我知道你现在在气头上,你能把这些东西关了吗
你能把这些东西关了吗,吵死了
吵死了,怎么了
怎么了,你瞧你这一天 一直挂着个脸
你瞧你这一天 一直挂着个脸,情绪一直不高
情绪一直不高,真成洞庭湖的麻雀了
真成洞庭湖的麻雀了,气性也太大了
气性也太大了,发生什么事 一天都不高兴
发生什么事 一天都不高兴,挨欺负了
挨欺负了,谁能欺负你呢
谁能欺负你呢,你一个人能干过一个团
你一个人能干过一个团,我要有本事 我自己早当老总了
我要有本事 我自己早当老总了,我还跟这受气
我还跟这受气,流年不利
流年不利,举步维艰
举步维艰,这受什么气了
这受什么气了,气成这样了
气成这样了,你俩不就是职场斗争
你俩不就是职场斗争,你就左耳朵听完右耳朵放了就完了
你就左耳朵听完右耳朵放了就完了,他对我动手了
他对我动手了,他打你了
他打你了,他没有打我
他没有打我,他把我降职了
他把我降职了,把小金提上来了
把小金提上来了,小金现在是副总了
小金现在是副总了,我是小金的助理了
我是小金的助理了,以后我给小金要递茶倒水
以后我给小金要递茶倒水,拿快递 打文件 给他点外卖
拿快递 打文件 给他点外卖,还得给他订机票
还得给他订机票,这些活都得我来干了
这些活都得我来干了,你说小金
你说小金,珍妮怎么睬我都认了
珍妮怎么睬我都认了,这在我意料之中的事情
这在我意料之中的事情,可是 可是小金怎么可以这样对我 她是我一路带过来的
可是 可是小金怎么可以这样对我 她是我一路带过来的,我从小别离那个项目就开始带她
我从小别离那个项目就开始带她,一直带到现在七八年了
一直带到现在七八年了,在我手底下
在我手底下,他当时入这行的时候什么都不会
他当时入这行的时候什么都不会,全部是我手把手教的
全部是我手把手教的,等于我在我自己身边养了个白眼狼
等于我在我自己身边养了个白眼狼,我平时对他就跟对自己妹妹一样的
我平时对他就跟对自己妹妹一样的,他也对我姐姐的甜言蜜语的
他也对我姐姐的甜言蜜语的,我一直拿她当我自己人
我一直拿她当我自己人,我拿他当我的心腹
我拿他当我的心腹,结果 他是珍妮的奸细
结果 他是珍妮的奸细,等于我说什么珍妮全都知道
等于我说什么珍妮全都知道,他全告诉珍妮了
他全告诉珍妮了,人心怎么可以这么坏的
人心怎么可以这么坏的,你说每年申请奖金我都给他提到最高的一个级别的
你说每年申请奖金我都给他提到最高的一个级别的,有的时候我自己都没拿那么多钱
有的时候我自己都没拿那么多钱,小金的钱我一定要保证 我对他这么好
小金的钱我一定要保证 我对他这么好,他说变心就变心
他说变心就变心,我真的想不明白
我真的想不明白,怎么可以这样的呢
怎么可以这样的呢,我跟你说我跟公司请了一个星期假
我跟你说我跟公司请了一个星期假,我这一个星期不去了
我这一个星期不去了,我都有我自己的态度
我都有我自己的态度,我不能让他们当软柿子捏
我不能让他们当软柿子捏,我等到公司转不动的时候
我等到公司转不动的时候,他们再来找我
他们再来找我,我再去
我再去,我支持你
我支持你,你说气不气人
你说气不气人,对 小童 小鬼
对 小童 小鬼,不要闹情绪 行了
不要闹情绪 行了,你别说是请假一周休息休息 你就把工作辞了
你别说是请假一周休息休息 你就把工作辞了,我也支持你
我也支持你,你老公很快就升职加薪了
你老公很快就升职加薪了,知道吧
知道吧,将来你跟家当当阔太太
将来你跟家当当阔太太,让方一凡也当富二代
让方一凡也当富二代,好了
好了,你跟家好好休息两天
你跟家好好休息两天,休息休息行不行
休息休息行不行,哪能休息的了
哪能休息的了,家里这么多事
家里这么多事,孩子这么多事
孩子这么多事,媳妇媳妇
媳妇媳妇,你这个人啊 就是不放松
你这个人啊 就是不放松,想完了公司
想完了公司,家里 想我们的家里 想公司
家里 想我们的家里 想公司,咱还得过生活
咱还得过生活,轻松一点
轻松一点,这样我有一个好主意
这样我有一个好主意,咱俩今天二人世界 出去看一电影儿行不行
咱俩今天二人世界 出去看一电影儿行不行,没心情还要找房子
没心情还要找房子,那就出去吃个宵夜
那就出去吃个宵夜,来个小火锅
来个小火锅,晚上吃那么多 吃什么火锅 减肥
晚上吃那么多 吃什么火锅 减肥,咱找个什么spa 按摩的地方
咱找个什么spa 按摩的地方,我还真有个地方
我还真有个地方,你们这发小的家属 相互也这么客气
你们这发小的家属 相互也这么客气,人家领导的爱人 矜持点也是正常
人家领导的爱人 矜持点也是正常,咱不说这个 你带我去看房子去
咱不说这个 你带我去看房子去,行
行,你要真租我肯定给你留着
你要真租我肯定给你留着,给你打折
给你打折,你不让我白住
你不让我白住,那你下回好意思见我啊
那你下回好意思见我啊,我好意思
我好意思,脸皮真厚
脸皮真厚,来点正经的 好好看
来点正经的 好好看,这房子 我是收拾出来了
这房子 我是收拾出来了,但是这之前的租户也不太爱惜
但是这之前的租户也不太爱惜,挺好的
挺好的,你收拾挺干净的
你收拾挺干净的,就有一些基本的家具
就有一些基本的家具,因为每个租户要求不一样
因为每个租户要求不一样,每次添点儿减点儿的都说不定
每次添点儿减点儿的都说不定,这就是主卧
这就是主卧,对 主卧 
对 主卧 ,不用放太多家具过来
不用放太多家具过来,就住个小一年的
就住个小一年的,你说回头这一家具放哪儿 真好
你说回头这一家具放哪儿 真好,这个位置是真好
这个位置是真好,对
对,这个房子最好的就是位置
这个房子最好的就是位置,二楼你看你上下楼也不用等电梯溜达就下去了
二楼你看你上下楼也不用等电梯溜达就下去了,从家门口出去到学校门口整整4分半
从家门口出去到学校门口整整4分半,你连这个 你当初买房子都算计过
你连这个 你当初买房子都算计过,那这房买了给什么人准备的
那这房买了给什么人准备的,那不就是给高三的
那不就是给高三的,高三就是分秒必争
高三就是分秒必争,不是你那时候哪来这么多钱
不是你那时候哪来这么多钱,你一下买5套
你一下买5套,那时候便宜
那时候便宜,又没有限购
又没有限购,交个首付就行了
交个首付就行了,而且其实是4套
而且其实是4套,不是离婚的时候让乔卫东弄走1套
不是离婚的时候让乔卫东弄走1套,你说我也是的
你说我也是的,我这方面脑子是一点都没有
我这方面脑子是一点都没有,方圆也是的
方圆也是的,脑子都不放在这上面
脑子都不放在这上面,这不白活了 以后还得跟你混
这不白活了 以后还得跟你混,这可是学区房
这可是学区房,是
是,还有一上下铺
还有一上下铺,对 这床 上一个租户留下的
对 这床 上一个租户留下的,本来我还想弄走
本来我还想弄走,你家不也俩孩子吗
你家不也俩孩子吗,要不要留下
要不要留下,我这是本来说搬过来 估计地方小
我这是本来说搬过来 估计地方小,可能真得买上下铺
可能真得买上下铺,但是我又琢磨
但是我又琢磨,你说这俩孩子这么住着
你说这俩孩子这么住着,会不会互相影响
会不会互相影响,肯定得有影响
肯定得有影响,你外甥学习这么好
你外甥学习这么好,不正好带带凡凡
不正好带带凡凡,我是怕凡凡影响磊儿
我是怕凡凡影响磊儿,还真有可能
还真有可能,那就看谁能量大了
那就看谁能量大了,你还有没有别的了手上
你还有没有别的了手上,以前有
以前有,小三居还有一套 这么晚才跟我说
小三居还有一套 这么晚才跟我说,你再不说这房子都没了
你再不说这房子都没了,刚才遇见那位
刚才遇见那位,哪个 看房那个
哪个 看房那个,刘静
刘静,他不是租我房了吗
他不是租我房了吗,就在楼下
就在楼下,就住这楼下
就住这楼下,对对 那是他们家院子
对对 那是他们家院子,这下边 同一户型
这下边 同一户型,同一户型 不都为孩子能近点吗
同一户型 不都为孩子能近点吗,你早说我早租了
你早说我早租了,有什么事我也好跟他们家商量
有什么事我也好跟他们家商量,你可真逗
你可真逗,人家副区长你跟人有什么好商量的
人家副区长你跟人有什么好商量的,你不知道 凡凡跟他们家季杨杨分到一个班了
你不知道 凡凡跟他们家季杨杨分到一个班了,都在一个基础班
都在一个基础班,真的
真的,是你看又是副局长 方圆的发小
是你看又是副局长 方圆的发小,又是楼下的邻居是吧
又是楼下的邻居是吧,孩子又在一起
孩子又在一起,那我有什么事我是不是得主动点跟人家
那我有什么事我是不是得主动点跟人家,人家肯定消息灵通
人家肯定消息灵通,学校里万一有什么风吹草动的也早点知道对吧
学校里万一有什么风吹草动的也早点知道对吧,这个啊 
这个啊 ,你的钱我还能要 你就住
你的钱我还能要 你就住,呦呦呦说的有多不好意思似的
呦呦呦说的有多不好意思似的,我能不给你钱吗
我能不给你钱吗,说吧 多少钱
说吧 多少钱,那有什么不能得
那有什么不能得,是 我现在不给你钱
是 我现在不给你钱,回头每个月我都得买礼物给你
回头每个月我都得买礼物给你,你高不高兴还不知道
你高不高兴还不知道,回头一起都给我拽出去了
回头一起都给我拽出去了,就是要你不好意思
就是要你不好意思,你快说 多少钱
你快说 多少钱,真要给钱啊
真要给钱啊,反正
反正,两居室在这小区都是1万5
两居室在这小区都是1万5,起
起,怎么跟你要钱
怎么跟你要钱,这样
这样,一万2
一万2,行了吧
行了吧,行行
行行,够仗义了
够仗义了,挺好挺便宜的
挺好挺便宜的,心疼
心疼,还心疼啊
还心疼啊,12000呢
12000呢,再便宜我也心疼
再便宜我也心疼,不能让你心疼
不能让你心疼,行 这是开放式厨房
行 这是开放式厨房,对开放的
对开放的,真的
真的,跟方圆商量一下
跟方圆商量一下,商量什么 钱 还能再给我便宜点
商量什么 钱 还能再给我便宜点,当然是房子情况了
当然是房子情况了,你说风水 我不信这个
你说风水 我不信这个,你是不信
你是不信,那方圆万一忌讳
那方圆万一忌讳,他忌讳管用什么
他忌讳管用什么,我家我说了算
我家我说了算,我都不忌讳
我都不忌讳,他忌讳个屁
他忌讳个屁,你说到底有没有风水这回事
你说到底有没有风水这回事,真要有风水这回事
真要有风水这回事,也是我风水不好
也是我风水不好,你说怎么遇见乔卫东那么一个渣男
你说怎么遇见乔卫东那么一个渣男,想想我都恨得慌
想想我都恨得慌,乔卫东跟那女的早分了吧
乔卫东跟那女的早分了吧,我才不关心他
我才不关心他,不过听英子说
不过听英子说,他好像一直都有女朋友
他好像一直都有女朋友,那是 没有就不是他了
那是 没有就不是他了,就这德行 甭搭理他
就这德行 甭搭理他,不过方圆还行
不过方圆还行,方圆 方圆限量版 没办法 我命好
方圆 方圆限量版 没办法 我命好,你说我这些年 怎么把青春给了他了
你说我这些年 怎么把青春给了他了,这些年我一人带着英子
这些年我一人带着英子,真是什么苦没吃
真是什么苦没吃,行了
行了,你这叫苦尽甘来
你这叫苦尽甘来,我都羡慕死你了
我都羡慕死你了,英子多好
英子多好,成绩这么好
成绩这么好,又孝顺你
又孝顺你,又漂亮
又漂亮,又知道疼你
又知道疼你,又听你的话
又听你的话,你偷着乐你
你偷着乐你,别安慰我了
别安慰我了,自己也生一闺女
自己也生一闺女,你不用倒茶了
所以我们决定这个接受巨桦、集团的并购了,好事
好事,1+1>2
1+1>2,再说咱们公司的现金流本来也不太好
所以人家那边会过来一批人,我明白
我明白,还得在上面再加个小领导
所以我们这边就显得有点人浮于事,杨总您什么意思
杨总您什么意思,之前您不是跟我透风说
之前您不是跟我透风说,只要完成并购了
只要完成并购了,我还能在原来的岗位上
我还能在原来的岗位上,往上挪点
只能同意你说是吧,那就说
那就说,我和我们
我和我们,部门的同事都要做调整
只要委屈你了,行我都明白
行我都明白,我还有
我还有,那帮年轻的后面的补偿
茶凉了 我再给你换一杯,没事
没事,凉茶败火
自有留爷处,那要是处处不留爷呢
那要是处处不留爷呢,你以为都像你那么好命
你以为都像你那么好命,随便投个钱
随便投个钱,下半辈子都不用愁了
下半辈子都不用愁了,当时老天爷是不是瞎了眼了
当时老天爷是不是瞎了眼了,要不是睡着了打个盹
要不是睡着了打个盹,让你小子钻个空子
你这种心态耽误你进步,我还这进什么步 说话工作就没了
我还这进什么步 说话工作就没了,我现在想多吃点肉
我现在想多吃点肉,可能过段时间肉都吃不上了
你是嫌人家给的钱少,我想多要 人不给
我想多要 人不给,我跟你讲 我那是私企
我跟你讲 我那是私企,不是国企
不是国企,你跟他扯不清楚
你跟他扯不清楚,我们之前有一个员工就是打官司打了一年多
我们之前有一个员工就是打官司打了一年多,各种方法都想了赢不了
各种方法都想了赢不了,我现在真是没辙
我现在真是没辙,你说可是我跟他耗着 等于没岗了 就发了基本工资
你说可是我跟他耗着 等于没岗了 就发了基本工资,还等于不拿钱
然后出去干别的活去,走一步看一步
走一步看一步,我现在想是先找一个工作
我现在想是先找一个工作,等我吃完这盘肉
等我吃完这盘肉,我就出去找工作去
你现在这种情况跟你们家领导汇报没有,我不敢说
我不敢说,我们家领导正跟你们家前任领导在那租房子
我们家领导正跟你们家前任领导在那租房子,他万一知道我工作没了
他万一知道我工作没了,肯定说这房子别租了
肯定说这房子别租了,不租房子耽误孩子学习
不租房子耽误孩子学习,你说这耽误孩子学习 这责任我也不愿意
你说这耽误孩子学习 这责任我也不愿意,是不是
是不是,我现在就想说能不能我先找到一个工作实践这无缝对接
我现在就想说能不能我先找到一个工作实践这无缝对接,然后再跟童文洁报告
要不你看,你就是有实体
你就是有实体,我也从你的尸体上越过去
我也从你的尸体上越过去,我怎么给你讲工钱
我怎么给你讲工钱,你怎么 今儿也是 不吃有机蔬菜养生了
你怎么 今儿也是 不吃有机蔬菜养生了,改吃肉了
小梦最近一直想要孩子,好事
那就是对英子的背叛,你等会 我就没听懂 你当年找了一软妹子
你等会 我就没听懂 你当年找了一软妹子,对宋倩那不叫背叛
对宋倩那不叫背叛,你现在换个软妹子 要给你生个孩子
你现在换个软妹子 要给你生个孩子,倒成了对英子的背叛了
我那是被人设计了,全世界都知道你别装了
这事我不跟你说,那么我还没弄懂
那么我还没弄懂,你给我说
你给我说,你现在生一孩子怎么就对英子是背叛了什么意思
我再生,还有这么个逻辑
还有这么个逻辑,你躲回这书香雅苑
你躲回这书香雅苑,小梦不是照样来给你上手段
小梦不是照样来给你上手段,比划瑜伽吗
得了一身疹子之后回去了,你那不是老房子怎么还有甲醛
然后挑了点有味的家具放里了,乔卫东 你 你发财还是有道理的
乔卫东 你 你发财还是有道理的,你这智商是比一般人要高点
你这智商是比一般人要高点,可以这招
可以这招,但是有点缺德你
但是有点缺德你,你不怕熏着英子
我再把家具换了,如果他这房子想租给你
如果他这房子想租给你,就不应该跟你说他这房子不是有问题
就不应该跟你说他这房子不是有问题,这不符合常理
这不符合常理,你说什么乱七八糟的什么不符合常理
你说什么乱七八糟的什么不符合常理,好
好,我帮你好好分析一下
我帮你好好分析一下,我觉得宋倩跟你说
我觉得宋倩跟你说,他那房子风水的问题本身就是一个问题
他那房子风水的问题本身就是一个问题,那是一个什么问题
那是一个什么问题,就是他不应该跟你说这个问题
就是他不应该跟你说这个问题,他不论想租给你还是不想租 问题
他不论想租给你还是不想租 问题,都不应该说这风水有问题
都不应该说这风水有问题,他因为跟你太熟了
他因为跟你太熟了,觉得熟人都抬不上价去
觉得熟人都抬不上价去,又不好意思拒绝你了
又不好意思拒绝你了,所以他才拿风水当借口
所以他才拿风水当借口,是吧
是吧,风水在哪 哪的风水
风水在哪 哪的风水,方圆
方圆,你贴上毛你就是猴
你贴上毛你就是猴,你说你要把你这点本事用在挣钱上
你说你要把你这点本事用在挣钱上,咱家早发达了
咱家早发达了,还用得着为这1万多的房租在这掰扯
还用得着为这1万多的房租在这掰扯,你看看人宋倩
你看看人宋倩,十几年前多有眼光
十几年前多有眼光,啪啪啪4套房子一买后半辈子齐活了
啪啪啪4套房子一买后半辈子齐活了,是不是
是不是,你 小人之心度君子之腹
你 小人之心度君子之腹,人宋倩怎么就不能
人宋倩怎么就不能,实心实意地想要租我房子
实心实意地想要租我房子,并且诚心诚意告诉我这房子有问题
并且诚心诚意告诉我这房子有问题,好
好,来
来,媳妇
媳妇,我纠正你一下
我纠正你一下,首先我认为啪啪啪那是三套房子
首先我认为啪啪啪那是三套房子,还有一个我不相信什么风水的问题
还有一个我不相信什么风水的问题,我是唯物主义者
我是唯物主义者,我只信仰便宜
我只信仰便宜,我不是说我信这
我不是说我信这,你心理暗示一旦你产生了
你心理暗示一旦你产生了,你很难回避
你很难回避,你说那套房子这么多租户住在里面
你说那套房子这么多租户住在里面,这些孩子都没考好
这些孩子都没考好,多多少少是不是会有一些负面的干扰
多多少少是不是会有一些负面的干扰,我先不说是干扰还是风水
我先不说是干扰还是风水,总之是负面的
总之是负面的,对不对
对不对,不对
不对,你跟我绕来绕去什么意思
你跟我绕来绕去什么意思,咱们说好的事情不能反悔
咱们说好的事情不能反悔,不是反悔
不是反悔,我就说像租房子这种大事
我就说像租房子这种大事,咱家本来就有房子
咱家本来就有房子,对吧
对吧,劳民伤财的事
劳民伤财的事,你要是没想好
你要是没想好,再谨慎的考虑一下
再谨慎的考虑一下,我想好了
我想好了,除了这个风水咱不说 人宋倩给我们打了8折
除了这个风水咱不说 人宋倩给我们打了8折,七七八八下来一年便宜五六万
七七八八下来一年便宜五六万,行便宜就行
行便宜就行,共克时艰
共克时艰,共克什么时艰
共克什么时艰,你这马上一升职加薪
你这马上一升职加薪,我在一忍辱负重
我在一忍辱负重,孩子们再一考上大学
孩子们再一考上大学,我们共享清福是
我们共享清福是,对
对,我买只鸡
我买只鸡,别拿那只鸡长得太凶
别拿那只鸡长得太凶,面相不好那只面善
面相不好那只面善,你多大
你多大,我问你
我问你,你
你,你告我今年多大了
你告我今年多大了,18
18,40多的人
40多的人,你幼不幼稚
你幼不幼稚,难怪方一凡跟你一模一样
难怪方一凡跟你一模一样,我问你 严肃的问你
我问你 严肃的问你,认真的问你
认真的问你,你是不是不想搬家
你是不是不想搬家,你这是测试吗
你这是测试吗,有没有标准答案
有没有标准答案,我是心疼
我是心疼,我知道你怎么想的 有压力了
我知道你怎么想的 有压力了,是不是
是不是,因为我现在的情况升职加薪无望
因为我现在的情况升职加薪无望,家里所有的开销都要靠你了
家里所有的开销都要靠你了,以后一个月1万多的房租
以后一个月1万多的房租,孩子生活质量不能下降
孩子生活质量不能下降,就补习班也少不了报
就补习班也少不了报,都得花钱
都得花钱,咱们就算租房子
咱们就算租房子,自己的房子也租不出去
自己的房子也租不出去,因为东西都在里面
因为东西都在里面,所以有压力了是不是
所以有压力了是不是,还行
还行,没什么压力
没什么压力,真没压力
真没压力,你不能没有压力
你不能没有压力,你要有压力
你要有压力,男人不能没有压力
男人不能没有压力,你没有压力
你没有压力,你升职加薪怎么办
你升职加薪怎么办,你要在升职加薪上给我勇往直前
你要在升职加薪上给我勇往直前,义无反顾 听到没有
义无反顾 听到没有,这只鸡给你炖
这只鸡给你炖,行 有压力 这鸡大啊
行 有压力 这鸡大啊,鸡大压力大
鸡大压力大,英子
英子,干嘛呢
干嘛呢,我做听力
我做听力,别喜欢学什么就拼命学
别喜欢学什么就拼命学,妈妈又给你找了两份去年的理综模拟考试的卷子
妈妈又给你找了两份去年的理综模拟考试的卷子,今天不用都做了
今天不用都做了,留一份明天做
留一份明天做,妈
妈,我明天真的想去天文馆
我明天真的想去天文馆,这事咱不是讨论过了吗
这事咱不是讨论过了吗,决定的事就别讨论了好吗
决定的事就别讨论了好吗,最后一次
最后一次,最后一次行吗
最后一次行吗,英子
英子,你跟妈说
你跟妈说,这天文馆的解说员工作对你那么重要吗
这天文馆的解说员工作对你那么重要吗,以前的不重要了
以前的不重要了,如果您实在不愿意
如果您实在不愿意,以后的也可以不重要
以后的也可以不重要,但是明天对我来说真的特别重要
但是明天对我来说真的特别重要,你也知道我有多喜欢航天 双语讲解
你也知道我有多喜欢航天 双语讲解,这还能练口语
这还能练口语,你口语挺好的了
你口语挺好的了,不用这么练了
不用这么练了,英子你看高三了
英子你看高三了,就靠着妈妈每天给你这么耳提面命的没用的
就靠着妈妈每天给你这么耳提面命的没用的,还是得你自己心里有那么一根弦儿
还是得你自己心里有那么一根弦儿,得自觉
得自觉,知道吗
知道吗,我不是要反对你喜欢航天
我不是要反对你喜欢航天,你有爱好没问题
你有爱好没问题,你喜欢这方面的展览也没问题
你喜欢这方面的展览也没问题,其实网上有好多这方面的资料
其实网上有好多这方面的资料,要不这样
要不这样,妈妈去买个硬盘 把他们都下下来
妈妈去买个硬盘 把他们都下下来,等你高考以后慢慢的来看
等你高考以后慢慢的来看,这多好
这多好,英子 听话
英子 听话,妈是和你最亲的人了
妈是和你最亲的人了,还能害你
还能害你,快点把卷子做了
快点把卷子做了,还能多睡会儿
还能多睡会儿,明天我还琢磨着
明天我还琢磨着,你起床以后带你去趟商场
你起床以后带你去趟商场,我一直想给你换把椅子
我一直想给你换把椅子,你现在怎么那么驼背
你现在怎么那么驼背,到时候换把舒服点的
到时候换把舒服点的,要不然这个脊椎都是劳损了
要不然这个脊椎都是劳损了,你老了就该后悔了
你老了就该后悔了,现在得保养知道吗
现在得保养知道吗,知道没有
知道没有,赶快做卷子 没水了
赶快做卷子 没水了,我再给你倒一杯去
我再给你倒一杯去,快做
快做,尽量不熬夜
尽量不熬夜,爸 你是不是紧张
不紧张,总觉得不太靠谱
总觉得不太靠谱,你这属于先斩后奏啊
有什么事老爸给你扛着,你怎么扛啊
你怎么扛啊,什么是大神
什么是大神,我这一句话两句话也给你解释不清楚
我这一句话两句话也给你解释不清楚,你就简单粗暴的理解成为比你还厉害的人
你就简单粗暴的理解成为比你还厉害的人,比我还厉害
比我还厉害,不是
不是,在赛车和发帖上比你还厉害
在赛车和发帖上比你还厉害,我想让他干嘛
我想让他干嘛,杨杨崇拜他
杨杨崇拜他,我也想让杨杨崇拜你
我也想让杨杨崇拜你,这样你们之间不就走近一点吗
这样你们之间不就走近一点吗,我想让他教你在网络上怎么发帖
我想让他教你在网络上怎么发帖,第一时间引起杨杨对你的关注
第一时间引起杨杨对你的关注,可这个网络我一窍不通
可这个网络我一窍不通,没事
没事,你有QQ号吗
你有QQ号吗,微博呢
微博呢,有网名吗
有网名吗,没事
没事,咱一步一步来
咱一步一步来,先给你起一个网名好不好
先给你起一个网名好不好,就叫victory 
就叫victory , 胜利
 胜利,行
行,行
行,到时候我让大神慢慢的教你在网络上怎么发这个贴
到时候我让大神慢慢的教你在网络上怎么发这个贴,我们俩有个比赛
我们俩有个比赛,一会得先走
一会得先走,你再练会儿
你再练会儿,我也不开了
我也不开了,我也不开了
我也不开了,我也开不好
我也开不好,我也回去
我也回去,别
别,你别走
你别走,再给你出一主意
再给你出一主意,要不你去游戏机厅 先练开赛车的游戏
要不你去游戏机厅 先练开赛车的游戏,你把那开好了
你把那开好了,没准这个还能多点感觉
没准这个还能多点感觉,游戏厅 我也没去过
游戏厅 我也没去过,那不是年轻人去的
那不是年轻人去的,地方吗
地方吗,是啊
是啊,你现在不是为了要多去了解年轻人吗
你现在不是为了要多去了解年轻人吗,这些个东西我也不经常吃
这些个东西我也不经常吃,也不知道好吃不好吃
也不知道好吃不好吃,杨杨你说了算
没吃过你来这干嘛,爸爸都是吃食堂
爸爸都是吃食堂,况且这几年爸爸都在县级市地级市工作
况且这几年爸爸都在县级市地级市工作,这种地方还真没来过
你还要加点什么吗,都挺好
都挺好,就这个
等等,果汁来一杯 来一杯热茶
果汁来一杯 来一杯热茶,我血糖有点高
我血糖有点高,不能吃甜的
我下单了,谢谢
不客气,咱们俩好久没有单独在一起吃饭了
好久了,这个地方变化真快
这个地方变化真快,原来那有一家麦当劳的
原来那有一家麦当劳的,小时候我经常带你去吃
小时候我经常带你去吃,你还记得吗
都搬走好长时间了,你刚才开赛车 开的真好
你刚才开赛车 开的真好,还是脑子好
还是脑子好,是有天赋 我就不行
我觉得你也别硬学那东西,我就是坐办公室坐惯了
我就是坐办公室坐惯了,出来运动活动活动筋骨
出来运动活动活动筋骨,我本来是要学卡丁车的
我本来是要学卡丁车的,但是不行 你舅舅让我来先练练卡丁车
但是不行 你舅舅让我来先练练卡丁车,我跟你说 我还带你妈去跑过一回
我妈,他开的太快了
他开的太快了,你舅舅说 她跟你一样有天赋
我妈还有这本事,可猛
可猛,比我开得好
比我开得好,我也不错
我也不错,我开那个车呀
我开那个车呀,咯噔的
咯噔的,你舅舅说我那叫龟派车手
你舅舅说我那叫龟派车手,挺好的
踩点刹车 很容易的,是吗 我就不服了
是吗 我就不服了,你开车有天赋
你开车有天赋,按理说你是我儿子
按理说你是我儿子,你应该遗传到我的基因
你应该遗传到我的基因,我开的应该不错
我开的应该不错,所以我就在模拟的上面来
那就是一游戏机跟真车比还差得远,对
对,我也练赛车，我要赶上你和你妈
我也练赛车，我要赶上你和你妈,和你妈的速度才行
和你妈的速度才行,就爱吃这个
就爱吃这个,来
爸我来,挺难弄的
挺难弄的,多吃点
多吃点,多撕点
够了 够了,现在还不会断了
现在还不会断了,多吃点
多吃点,爸你也吃点
爸你也吃点,藕断丝连 
你看看现在老爸这眼睛还湿润着,谢谢老爸夸奖
谢谢老爸夸奖,不过
不过,算了不说了
算了不说了,反正我妈肯定不会再让我去了
我也不想让你再去了,老爸
老爸,你怎么这么快就被我妈给策反了
你怎么这么快就被我妈给策反了,还过来游说我
好不好,我本来也已经答应我妈了
我本来也已经答应我妈了,我现在也答应您
我现在也答应您,反正这次我得逞的心满意足
反正这次我得逞的心满意足,没有问题
这股熟悉的屎味,什么屎味
什么屎味,苍蝇才爱屎呢 让开点
你说你还金牌教师 说话就不能文明点,谁先说的 谁不文明
谁先说的 谁不文明,乔卫东 别得寸进尺
乔卫东 别得寸进尺,让你进屋你还得谢谢我
当然,聊完了
聊完了,还不赶快走
我跟咱闺女聊的结果,什么结果 说
在高考之前再也不去天文馆了,真的
真的,他本来就应该答应
他本来就应该答应,就跟她说这个
都听进去了,你先坐
坐哪儿,坐这儿
干嘛,让你坐就坐
这给我的,喝完赶紧走
喝完赶紧走,哟什么
哟什么,你们爷俩什么情况
你们爷俩什么情况,怎么突然之间180度大转弯
怎么突然之间180度大转弯,离180度大转弯还有很长的路
离180度大转弯还有很长的路,不过刚刚确实拐了一个小弯
不过刚刚确实拐了一个小弯,去车场了解杨杨的喜好
去车场了解杨杨的喜好,这一招确实很有效果
这一招确实很有效果,真的
真的,你们都干什么了
你们都干什么了,没干什么
没干什么,我们就是随便吃了一顿饭
我们就是随便吃了一顿饭,披萨
披萨,太好了
太好了,我就希望咱们一家三口能紧急密密的
我就希望咱们一家三口能紧急密密的,看来能看到点希望了
看来能看到点希望了,当然了 也不能让你一个人使劲
当然了 也不能让你一个人使劲,我当爸爸的也应该做出改变
我当爸爸的也应该做出改变,毕竟儿子的心结在我这儿
毕竟儿子的心结在我这儿,吃顿饭就挺好的
吃顿饭就挺好的,不着急 慢慢来
不着急 慢慢来,咱俩一块努力
咱俩一块努力,对了
对了,我起了一个网名
我起了一个网名,网名你起网名干嘛
网名你起网名干嘛,以后你就叫我victor
以后你就叫我victor,好
好,Victor
Victor,行 victor 去拿碗拿筷子 陪我再吃点
行 victor 去拿碗拿筷子 陪我再吃点,Yes
Yes,杨杨 起来了
爸 早,鸡没吵你吧
鸡没吵你吧,你看这大早上起来又玩手机
你看这大早上起来又玩手机,过两天就立冬了
过两天就立冬了,刚才我出去了一下挺凉的
刚才我出去了一下挺凉的,对了
对了,你那秋裤
我从来不穿秋裤,你从来都不穿秋裤
你从来都不穿秋裤,怎么能不穿秋裤呢
不穿,我都穿了很长时间了
我都穿了很长时间了,今天还要加副护膝
今天还要加副护膝,你别觉得你年轻身体好就可劲的造
你别觉得你年轻身体好就可劲的造,你不穿秋裤腿冻坏了
你不穿秋裤腿冻坏了,等你老了有罪受的
等你老了有罪受的,不是 你这个舅舅也是 怎么 怎么不让你穿秋裤呢
不要温度,还要风度
还要风度,你风度给谁看
你风度给谁看,自己穿暖和了最重要
自己穿暖和了最重要,你老了腿冻坏了
你老了腿冻坏了,坐轮椅上
坐轮椅上,你风度给谁看
你风度给谁看,等着 给你找一条去
别找了,他们都走了
他们都走了,刚走了
刚走了,你今天不是去面试吗
你今天不是去面试吗,去不去
去不去,不去了不用面试
不去了不用面试,怎么了
怎么了,刚接一微信
刚接一微信,公司让我今儿去一趟
公司让我今儿去一趟,去趟人事那
去趟人事那,这就算正式通知你了
这就算正式通知你了,还让我去趟哪儿 巨桦 巨桦投资
还让我去趟哪儿 巨桦 巨桦投资,让我去到财务 估计去领那遣散费去
让我去到财务 估计去领那遣散费去,没事啊
没事啊,旧的不去新的不来
旧的不去新的不来,正好 我刚给你干洗的西装
正好 我刚给你干洗的西装,这我又不是去参加庆功宴
这我又不是去参加庆功宴,参加大party还穿那么正式干嘛
参加大party还穿那么正式干嘛,没必要吧
没必要吧,有必要 你要穿得体体面面地去
有必要 你要穿得体体面面地去,你要让他们觉着就算他们不用你 你一样能混得非常好
你要让他们觉着就算他们不用你 你一样能混得非常好,明白吗
明白吗,本来就是混的不好
本来就是混的不好,干嘛非打肿脸充胖子
干嘛非打肿脸充胖子,我穿身西装 西装革履的去
我穿身西装 西装革履的去,去了之后假装这个兴高采烈
去了之后假装这个兴高采烈,到时候以前同事见了我说 圆哥
到时候以前同事见了我说 圆哥,您这离职还这么高兴
您这离职还这么高兴,没心没肺
没心没肺,你不让人笑话吗
你不让人笑话吗,不是 方圆 谁敢笑话你
不是 方圆 谁敢笑话你,谁敢 你是公司的开国元老
谁敢 你是公司的开国元老,说难听点
说难听点,这公司要没有你都成立不了
这公司要没有你都成立不了,不要怕
不要怕,他不穿秋裤
他不穿秋裤,你也不管管
你也不管管,老季 这关系刚有点缓和
老季 这关系刚有点缓和,你干嘛非得逼着他穿秋裤
你干嘛非得逼着他穿秋裤,我都问过刘铮了
我都问过刘铮了,杨杨从小就没这个习惯
杨杨从小就没这个习惯,还好意思提刘铮 杨杨这些毛病都是刘铮惯的
还好意思提刘铮 杨杨这些毛病都是刘铮惯的,还有你爸妈
还有你爸妈,那你倒是管呀
那你倒是管呀,你什么意思
你什么意思,我能穿秋裤去上班
我能穿秋裤去上班,他就不能穿秋裤去上学吗
他就不能穿秋裤去上学吗,你这是胡搅蛮缠
你这是胡搅蛮缠,不是
不是,谁胡搅蛮缠了
谁胡搅蛮缠了,时代变了 就不得老寒腿了
时代变了 就不得老寒腿了,如人饮水
如人饮水,冷暖自知
冷暖自知,我就喜欢穿秋裤
我就喜欢穿秋裤,你那么喜欢秋裤
你那么喜欢秋裤,要不然我把杨杨那屋那条给你拿过来
要不然我把杨杨那屋那条给你拿过来,你穿一双份的
你穿一双份的,女式的 怎么样
女式的 怎么样,不胡闹吗
不胡闹吗,我觉得也是杨杨过得太奢侈了
我觉得也是杨杨过得太奢侈了,什么要有什么 都是刘铮惯的
什么要有什么 都是刘铮惯的,行了
行了,你现在也别说这个
你现在也别说这个,就算是刘铮惯的吧
就算是刘铮惯的吧,要改的话也得是慢慢来
要改的话也得是慢慢来,杨杨现在是个大孩子了
杨杨现在是个大孩子了,你不能对他强迫教育知道吗
你不能对他强迫教育知道吗,我 
我 ,知道你是为他好
知道你是为他好,你还能害他吗
你还能害他吗,行了
行了,你赶快把它吃完了
你赶快把它吃完了,吃完了我们赶快走
吃完了我们赶快走,要不然我送完了你又该吃大了
要不然我送完了你又该吃大了,北京的交通真是个大问题
北京的交通真是个大问题,我这每天送你 也不是个事儿
我这每天送你 也不是个事儿,现在那个专车挺流行的
现在那个专车挺流行的,要不然以后你叫专车的
要不然以后你叫专车的,这也是个办法
这也是个办法,我不想穿那西装
我不想穿那西装,我想穿个随便点的 舒服点的
我想穿个随便点的 舒服点的,行 爱穿什么穿什么 都随你
行 爱穿什么穿什么 都随你,你高兴就好
你高兴就好,我怎么觉得你这话里有话
我怎么觉得你这话里有话,你什么意思
你什么意思,我不想穿西装怎么了
我不想穿西装怎么了,我什么时候话里有话
我什么时候话里有话,我说都依你 你爱穿什么穿什么
我说都依你 你爱穿什么穿什么,我不想穿那身西装
我不想穿那身西装,我想穿点自己觉得舒服的自在衣服 怎么了
我想穿点自己觉得舒服的自在衣服 怎么了,是怎么我不穿那 到单位去办离职
是怎么我不穿那 到单位去办离职,让你觉得没面子是吧
让你觉得没面子是吧,方圆 跟我有什么关系啊
方圆 跟我有什么关系啊,是你穿着衣服去见人
是你穿着衣服去见人,不是我
不是我,行 我不跟你掰扯这些 好吧
行 我不跟你掰扯这些 好吧,你就这样 保持自我 无所谓
你就这样 保持自我 无所谓,对 方一凡就跟你一个德行
对 方一凡就跟你一个德行,真是
真是,什么叫方一凡跟我一个德性
什么叫方一凡跟我一个德性,我哪个德性 他就算跟我一个德性
我哪个德性 他就算跟我一个德性,他不跟我一个德行跟谁一个德性
他不跟我一个德行跟谁一个德性,他是我儿子
他是我儿子,他怎么跟隔壁老王
他怎么跟隔壁老王,一德行
一德行,我不说 我不说了
我不说 我不说了,我说一句你有10句等着我
我说一句你有10句等着我,我什么都不说了好吧
我什么都不说了好吧,童文洁 我怎么就有十句等着你了
童文洁 我怎么就有十句等着你了,我不就 刚才说了一句
我不就 刚才说了一句,说我不想穿西装
说我不想穿西装,我觉得没面子
我觉得没面子,那怎么着
那怎么着,我到单位就让大家伙一看
我到单位就让大家伙一看,说方圆 你还穿西装来了
说方圆 你还穿西装来了,你说我 我觉得不舒服
你说我 我觉得不舒服,行 不想穿就不穿 好吧
行 不想穿就不穿 好吧,都依你
都依你,不是 你这么叹气 什么意思
不是 你这么叹气 什么意思,怎么随我 都依着我 家里大事小事不都依着你吗
怎么随我 都依着我 家里大事小事不都依着你吗,哪件事我不是听你的 大事
哪件事我不是听你的 大事,小事我都听你的
小事我都听你的,对不对
对不对,你说咱在家里边是吧
你说咱在家里边是吧,孩子每天吃什么穿什么几点走
孩子每天吃什么穿什么几点走,上哪个补习班
上哪个补习班,咱要搬家还是不搬家
咱要搬家还是不搬家,对不对
对不对,磊磊是来还是不来
磊磊是来还是不来,不都听你的
不都听你的,我有什么权利做决定 是怎么叫都依着我
我有什么权利做决定 是怎么叫都依着我,我就说了一句说我不想穿
我就说了一句说我不想穿,方圆 咱们俩的事儿是咱们俩的事儿
方圆 咱们俩的事儿是咱们俩的事儿,你又提磊磊干嘛 什么意思
你又提磊磊干嘛 什么意思,我们俩的事我们俩解决
我们俩的事我们俩解决,不要老扯着家人 好不好
不要老扯着家人 好不好,你别发散
你别发散,我可没说磊儿
我可没说磊儿,再说怎么了
再说怎么了,你跟我不是一家人
你跟我不是一家人,你不是我的家人 磊磊不是我家人
你不是我的家人 磊磊不是我家人,方一凡不是我家人
方一凡不是我家人,好
好,我说不过你
我说不过你,你爱穿什么穿什么
老师,老师问你个事
咱们就没什么问题了,我不教你们班
我不教你们班,我就不能问你事了
行  问吧,你是不是跟乔英子关系挺好的
其实,怎么还一般般
怎么还一般般,支支吾吾的 关系
支支吾吾的 关系,好 不好就是不好
是挺好的,老师问你
老师问你,他最近总是旷第一节课
他最近总是旷第一节课,怎么回事 你知道吗
估计给熬出病来,什么叫应该是生病了
什么叫应该是生病了,你到底知不知道
我知道 确实是生病,真病啦
假给你请好了,谢谢爸
你这学习跟得上吗,爸你又不是不了解我
爸你又不是不了解我,这旷的课我都会 再说了
这旷的课我都会 再说了,有这时间我还不如自己先往下看
你自己把握,好的
好的,爸 你干什么呢
来你喝点水,我不喝了不用了
我不喝了不用了,我就想跟您说我得赶紧走了
我就想跟您说我得赶紧走了,我还得趁第二节体育课混进去
你真感冒了吧,估计是我妈正念叨我
吃片药再走,不用
不用,爸 真没生病
爸 真没生病,再说了 我这吃了
再说了 我这吃了,到时候犯困怎么上课
要觉得不舒服了就把药吃了,好吧
好吧,谢谢老爸
谢谢老爸,我走了
我送你,没事
没事,您真不用送我了
您真不用送我了,爸 你真
爸 你真,不用送了
你就好混进去,体育课人多
体育课人多,大家跟那活动 谁会注意到我
大家跟那活动 谁会注意到我,手好痛
你今儿怎么过来了,今天我有个学员请假
今天我有个学员请假,所以我就休息了
所以我就休息了,英子 怎么待这么一会就走了
英子 怎么待这么一会就走了,不会是躲着我吧
再说了你也不是鬼 躲你干嘛,我不是鬼
我不是鬼,我比鬼还可怕
我比鬼还可怕,有些人躲我 躲的连家都不敢回了
谁是某些人,天天在这破小区里呆着
就要了这个房子吗,为什么
并且向我道歉,你怎么那么可爱
你怎么那么可爱,你还生气了
你还生气了,我跟你开玩笑
我跟你开玩笑,你还急了
你还急了,行
行,我收回 我道歉
我收回 我道歉,一定要继续保佑我们家老乔发达
一定要继续保佑我们家老乔发达,还要保佑我们以后的日子衣食无忧
还要保佑我们以后的日子衣食无忧,更要保佑我们以后的宝宝可以平安富足
什么宝宝,你说呢
你说呢,英子
英子,英子
英子,妈
妈,真是您 我刚过来怎么没认出来
真是您 我刚过来怎么没认出来,怎么从学校跑回来了
怎么从学校跑回来了,我回来拿感冒药
我回来拿感冒药,刚刚没拿
刚刚没拿,不舒服
不舒服,就有点浑身发冷
就有点浑身发冷,发冷啊
发冷啊,没发烧
没发烧,没有
没有,没事 真没事儿
没事 真没事儿,这高三上课挺重要的
这高三上课挺重要的,我是趁体育课回来拿的
我是趁体育课回来拿的,我拿完我就赶紧走
我拿完我就赶紧走,你看让你吃药
你看让你吃药,真不用啊
真不用啊,您不是要上课吗
您不是要上课吗,别迟到了
别迟到了,你赶紧走吧
你赶紧走吧,那你怎么还背着包出来的
那你怎么还背着包出来的,我背着点暖和
我背着点暖和,我又不好意思管同学借外套
我又不好意思管同学借外套,一会儿加件衣服
一会儿加件衣服,赶快去吧
赶快去吧,您放心
您放心,你别耽误太久
你别耽误太久,您放心
真的假的,假的
假的,看把你吓得
我去,我又不是圣母玛利亚
我又不是圣母玛利亚,我还能生出上帝之子
我还能生出上帝之子,你每天都在这躲着
你每天都在这躲着,我每天独守空房
我每天独守空房,怎么那么怀孕
我在这想让他放松,要不然我搬过来得了
要不然我搬过来得了,你陪英子我陪你
你陪英子我陪你,我还可以帮你一起照顾英子
我还可以帮你一起照顾英子,我还可以学习一下怎么照顾咱们以后的宝宝
影响不好,你算了
你算了,英子是个多好的孩子
英子是个多好的孩子,你别说英子在
你别说英子在,英子不在的时候
英子不在的时候,你什么时候对我卿卿我我 你侬我侬了
我这心里也就天天也不好,你得了 还不知道你怎么想的
你得了 还不知道你怎么想的,老乔 我发现没味了
老乔 我发现没味了,而且我身上也不痒了
而且我身上也不痒了,你看我这有疹子吗
怎么回事呢,我想起来了
我想起来了,我来之前吃抗过敏的药了
我来之前吃抗过敏的药了,那药真好使
那药真好使,你看没事了
又起疹子了,没事
没事,我还有措施 来
我还有措施 来,口罩
口罩,我带上他
我不用,你戴上
你戴上,带上
带上,光我健康不行
光我健康不行,你也得健康
你也得健康,这样咱们才能生出健康的宝宝
这样咱们才能生出健康的宝宝,对不对
对,我没事你走吧
你想一个人待着 是吧,我就想一个人静静
不是 你有什么你跟我说 没事的,我以前一直以为天妇罗是一个女孩
我以前一直以为天妇罗是一个女孩,是一 漂亮姑娘 天妇罗
是一 漂亮姑娘 天妇罗,美少妇
美少妇,合着是一菜
要不一会就醉了,醉了也好
醉了也好,醉了省想那些破事
工作啊,老乔 我跟你说
老乔 我跟你说,人到中年 危机要来
人到中年 危机要来,绝对不会单独来
绝对不会单独来,所谓祸不单行一来都一对对来
所谓祸不单行一来都一对对来,有内忧肯定就有外患
有内忧肯定就有外患,知道吧
知道吧,我现在就是内忧外患一块来了
我现在就是内忧外患一块来了,你还没到危机 早晚赶上
你还没到危机 早晚赶上,这老板绝对是金庸迷 金庸这个里边 女的
这老板绝对是金庸迷 金庸这个里边 女的,你最喜欢谁
张敏,赵敏吧
演员,我是说你最喜欢哪个剧中人
我是说你最喜欢哪个剧中人,你怎么样
你怎么样,这老师教的真
这老师教的真,挺好的
挺好的,挺仔细的
挺仔细的,长得也挺好看的
长得也挺好看的,以后
以后,要不然咱就上他的课
要不然咱就上他的课,对我也是一看他挺有眼缘的
对我也是一看他挺有眼缘的,所以我看了一下这馆里其他老师的课
所以我看了一下这馆里其他老师的课,我觉得他的课最好
我觉得他的课最好,咱以后就上她的
咱以后就上她的,可以 就上他的呗
可以 就上他的呗,必须坚持
必须坚持,我得把公司受的那些气 全都
我得把公司受的那些气 全都,出来
出来,你就让小金这么骑在你头上
你就让小金这么骑在你头上,你忍得了 没想着去什么换换地方
你忍得了 没想着去什么换换地方,我怎么换
我怎么换,现在方圆这个情况 都失业俩月了
现在方圆这个情况 都失业俩月了,我都不敢动
我都不敢动,我随便一动的话
我随便一动的话,好家伙 万一一动不好的话全家喝西北风去了
好家伙 万一一动不好的话全家喝西北风去了,不至于
再多跌几个跟头就好了,我跌跟你跌是一回事吗
怎么还拼爹,不是拼爹
不是拼爹,我是说我跌跟头和你跌跟头是一回事吗
我是说我跌跟头和你跌跟头是一回事吗,你跌是多少岁的时候跌的
你跌是多少岁的时候跌的,你30来岁跌的
你30来岁跌的,对不对
对不对,后来你就发家致富了
后来你就发家致富了,我现在45了
我现在45了,我怎么跌我跌的起吗
我怎么跌我跌的起吗,你说的过日子
你说的过日子,吃喝拉撒睡
吃喝拉撒睡,哪样不花钱是不是
哪样不花钱是不是,你说没压力 我得往前看
你说没压力 我得往前看,但别人给我压力
但别人给我压力,早上起来童文洁就为了这穿衣服的事跟我吵一架
早上起来童文洁就为了这穿衣服的事跟我吵一架,为什么非让我穿着西装
为什么非让我穿着西装,为什么
为什么,不就希望我赶紧找到下家吗
不就希望我赶紧找到下家吗,不就希望我赶紧能找到工作
不就希望我赶紧能找到工作,不就希望我挥刀自宫变成岳不群吗
不就希望我挥刀自宫变成岳不群吗,就为这么小的事儿
就为这么小的事儿,那么点小事你们也能吵得起来
那么点小事你们也能吵得起来,方圆你看他平时好像挺乐观的
方圆你看他平时好像挺乐观的,遇到点小事大事的都不过心
遇到点小事大事的都不过心,可是这一次我觉得
可是这一次我觉得,可能是对他打击比较大
可能是对他打击比较大,所以也怪我 我也是脾气不太好
所以也怪我 我也是脾气不太好,你现在也是压力大
你现在也是压力大,所以脾气不好
所以脾气不好,方圆肯定也是压力挺大的
方圆肯定也是压力挺大的,这不是才两个月
这不是才两个月,你再让他适应你知道吗
你再让他适应你知道吗,当年乔卫东
当年乔卫东,多少年都起不来
多少年都起不来,后来不是也做大了
后来不是也做大了,他做大也跟我没什么关系
他做大也跟我没什么关系,也没享着他什么福
也没享着他什么福,你拉倒
你拉倒,你都有英子
你都有英子,你还想怎么滴
你还想怎么滴,知足
以后每一次人均消费1000怎么样,我觉得你可以提上来
我觉得你可以提上来,但是消费咱还是低消费 你把那钱直接给我就行了
转成现金,Yes
Yes,记今朝
记今朝,苍天笑 纷纷世上潮
苍天笑 纷纷世上潮,方圆
方圆,怎么睡这了
怎么睡这了,我睡哪儿呢
我睡哪儿呢,我怎么睡楼 楼道里了
我怎么睡楼 楼道里了,冷不冷
冷不冷,我热
我热,热得不行
热得不行,我以为到家了
我以为到家了,睡这儿了
睡这儿了,怎么回事
怎么回事,喝酒了
喝酒了,对不起
对不起,我今天喝 喝一点
我今天喝 喝一点,我错了
我错了,我早上不该跟你急 是我不好
我早上不该跟你急 是我不好,是我不好
是我不好,你现在非常时期
你现在非常时期,我应该让着你
我应该让着你,为什么非常时期
为什么非常时期,我太没有耐心了
我太没有耐心了,我不该跟你较劲
我不该跟你较劲,我错了
我错了,没事
没事,我醒了 好多了
我醒了 好多了,跟谁喝的
跟谁喝的,还能跟谁 乔卫东
还能跟谁 乔卫东,我给你冲点蜂蜜水好不好
我给你冲点蜂蜜水好不好,不难受啊
不难受啊,怎么了
怎么了,怎么了
怎么了,有我呢 不怕
有我呢 不怕,听到没有
听到没有,听见了
听见了,我说今天 金庸死了
我说今天 金庸死了,我知道 看到新闻了
我知道 看到新闻了,金庸先生怎么就突然走了
金庸先生怎么就突然走了,我从小就想当一个武侠
我从小就想当一个武侠,你知道吗
你知道吗,仗剑走天涯
仗剑走天涯,我觉得我最损我
我觉得我最损我,我就当个令狐冲
我就当个令狐冲,杨过 是吧
杨过 是吧,张无忌
张无忌,就算我稍微差点
就算我稍微差点,我起码是个郭靖吧
我起码是个郭靖吧,我怎么现在成
我怎么现在成,成了岳不群了
成了岳不群了,你不是岳不群
你不是岳不群,你怎么会是岳不群呢
你怎么会是岳不群呢,你要是岳不群 方一帆从哪来的
你要是岳不群 方一帆从哪来的,我刚成岳不群
我刚成岳不群,我之前不是岳不群
我之前不是岳不群,我这两个才到刚刚变成岳不群的
我这两个才到刚刚变成岳不群的,刚刚变成岳不群的 是不是
刚刚变成岳不群的 是不是,我本来就没想过自己是岳不群
我本来就没想过自己是岳不群,我觉得 我就算我没什么武功
我觉得 我就算我没什么武功,我老老实实做人
我老老实实做人,我认认真真的工作
我认认真真的工作,我怎么我这事也不知道我怎么就这么倒霉
我怎么我这事也不知道我怎么就这么倒霉,不倒霉
不倒霉,不是
不是,我们都过得去的
我们都过得去的,不是 我 我现在特别理解岳不群你知道吗
不是 我 我现在特别理解岳不群你知道吗,你要是搁着康庄大道
你要是搁着康庄大道,谁不想走
谁不想走,谁想走旁门左道
谁想走旁门左道,切一刀多疼啊
切一刀多疼啊,方圆 不哭了
方圆 不哭了,不难过了啊
不难过了啊,不难过
不难过,不怕 有我呢
不怕 有我呢,好不好
好不好,不难受了
不难受了,走 起来 坐起来
走 起来 坐起来,谁的皮鞋啊
谁的皮鞋啊,放下
放下,先空腹把这吃了
先空腹把这吃了,这什么玩意
这什么玩意,海参
海参,妈妈知道你最近辛苦
妈妈知道你最近辛苦,马上就要期中考试了
马上就要期中考试了,特意让人从外地带回来给你补补的
特意让人从外地带回来给你补补的,我跟你讲这可是好东西
我跟你讲这可是好东西,人家说了冬天 每天空腹吃一个一年都不会感冒
人家说了冬天 每天空腹吃一个一年都不会感冒,这谁大早上吃这个 我不吃
这谁大早上吃这个 我不吃,吃这个怎么了
吃这个怎么了,这营养价值可高了
这营养价值可高了,尤其生吃
尤其生吃,我跟你讲英子咱现在可高三了
我跟你讲英子咱现在可高三了,再也不能生病了
再也不能生病了,妈妈都想好了
妈妈都想好了,这一年什么都不干
这一年什么都不干,就围着你转
就围着你转,你给我争点气不能生病
你给我争点气不能生病,来 吃了它
来 吃了它,我这不是没病吗
我这不是没病吗,我这好好的
我这好好的,你昨天不是还不舒服来着
你昨天不是还不舒服来着,那是昨天 我现在好了
那是昨天 我现在好了,预防不是更重要
预防不是更重要,我跟你讲海参不仅营养价值高
我跟你讲海参不仅营养价值高,而且还提高记忆力
而且还提高记忆力,你想想你吃1个海参多记20个英语单词
你想想你吃1个海参多记20个英语单词,是不是很值得
是不是很值得,我到时候
我到时候,再吐在教室里
再吐在教室里,今天周末去学校干什么
今天周末去学校干什么,妈妈专门给你准备了两套物理卷子
妈妈专门给你准备了两套物理卷子,你现在在做一些基础的没用了 知道吗
你现在在做一些基础的没用了 知道吗,得给你来点进阶的
得给你来点进阶的,做啥卷子
做啥卷子,今天学校早上有高分作文讲座
今天学校早上有高分作文讲座,我必须得去
我必须得去,老师要求的
老师要求的,先去 回来再做卷子
先去 回来再做卷子,我先走了
我先走了,回来 还没吃 你把饭
回来 还没吃 你把饭,给我吃了
给我吃了,我真的吃不下去太恶心
我真的吃不下去太恶心,还生的
还生的,生的营养才好
生的营养才好,又没让你自己吃
又没让你自己吃,妈妈这不也陪你吗
妈妈这不也陪你吗,你陪我我也吃不下去
你陪我我也吃不下去,我跟你说英子
我跟你说英子,这个时候你可别掉链子
这个时候你可别掉链子,咱们都得备战到底
咱们都得备战到底,听见没有
听见没有,快吃
快吃,我知道了
我知道了,等着
等着,对了
对了,今天早上方一凡问我了
今天早上方一凡问我了,说爸爸怎么喝这么多酒
说爸爸怎么喝这么多酒,出什么事了
出什么事了,你说要不然咱们俩就别瞒着孩子了
你说要不然咱们俩就别瞒着孩子了,就跟他们说实话
就跟他们说实话,不是 千万别
不是 千万别,千万别跟他们说
千万别跟他们说,千万别说
千万别说,你说我都这岁数了
你说我都这岁数了,45了
45了,男子汉大丈夫
男子汉大丈夫,你说我跟孩子说我没工作了
你说我跟孩子说我没工作了,怎么说
怎么说,现在也算是俩儿子的爹
现在也算是俩儿子的爹,这不让我突然在他们心目中人设都崩塌了
这不让我突然在他们心目中人设都崩塌了,不成千万别说
不成千万别说,这跟你有什么关系
这跟你有什么关系,是你们公司不厚道
是你们公司不厚道,是你们公司做错了事
是你们公司做错了事,跟你没关系好不好
跟你没关系好不好,是 跟我没毛关系
是 跟我没毛关系,但是你千万别跟他们说 说了之后
但是你千万别跟他们说 说了之后,真的我不知道怎么面对孩子
真的我不知道怎么面对孩子,千万别说
千万别说,你打算瞒他们瞒多久
你打算瞒他们瞒多久,能瞒一天是一天
能瞒一天是一天,瞒一天是一天
瞒一天是一天,你想的美 你告诉我怎么瞒
你想的美 你告诉我怎么瞒,什么
什么,假装上班
假装上班,老方子 对不对
老方子 对不对,每天出去溜达去
每天出去溜达去,有什么不能瞒的
有什么不能瞒的,这么冷的天
这么冷的天,你告诉我你上哪溜达去
你告诉我你上哪溜达去,马路上溜达去
马路上溜达去,我又不傻
我又不傻,我上马路上溜达什么 外边有的是地能溜达
我上马路上溜达什么 外边有的是地能溜达,我上快餐店买一杯饮料
我上快餐店买一杯饮料,我能坐一天
我能坐一天,实在不行我就上宜家去
实在不行我就上宜家去,宜家里边不是暖和
宜家里边不是暖和,而且还有床可以躺着在上面睡觉
而且还有床可以躺着在上面睡觉,旁边还有人跟你陪躺多好
旁边还有人跟你陪躺多好,我们能不要这么没有素质吗
你妈没发现吗,没有
没有,我不说 您不说 谁能发现
我不说 您不说 谁能发现,放心吧
你注意点,爸您这儿有茶吗
大早上的喝什么茶,大早上的我妈就逼我吃海参
大早上的我妈就逼我吃海参,我现在都快吐了
是葱烧还是小米炖,黑漆麻乌的 生吞
哪得蘸点料,你别提了
你别提了,这不蘸还好
这不蘸还好,他让我蘸芥末 辣的我眼泪都出来了
对身体好,他还给我带了燕窝
他还给我带了燕窝,我给你看
我给你看,这跟鼻涕似的
这跟鼻涕似的,我怎么吃
我怎么吃,我真的是我要疯了
我真的是我要疯了,您留着吃吧
慢点喝热着,跟我们老师请假了吗
这讲座你不去行吗,行
行,这些范文我都背过了
这些范文我都背过了,再说了 这大周末的我可不想去上学
爸爸送你去行不行,爸
爸,你怎么变得跟我妈似的
你怎么变得跟我妈似的,这到底是不是我避难所
这到底是不是我避难所,你到底是不是跟我一头的
我现在感觉咱俩共同犯错误,您就帮我请这一回假
您就帮我请这一回假,不然李老师该怀疑了
知道吗,我就第一节课不上
我就第一节课不上,耽误不了事
知道吗,好
好,我听您的 这以后我都不请假了
我听您的 这以后我都不请假了,爸
爸,你就给我请假
你就给我请假,不然李老师又该怀疑了
我给你请 都冷了,您别
您别,说漏嘴了
Yeah,小潘老师挺悠闲的
这不没我事了吗,你可是语文老师这讲座跟你这业务是直接挂钩的
你可是语文老师这讲座跟你这业务是直接挂钩的,你难道不应该好好听听吗
绝对能融会贯通,行  那还差不多
行  那还差不多,反正你要时刻记得你是高三的老师
反正你要时刻记得你是高三的老师,业精于勤荒于嬉
业精于勤荒于嬉,你不要成天老是嬉皮笑脸
你不要成天老是嬉皮笑脸,好不好
我怎么可能偷懒,不错
不错,你继续保持
你继续保持,潘老师
潘老师,你能不能帮我一忙
你说 赴汤蹈火在所不辞 , 没那么严重
 没那么严重,我们班讲座你帮我过去稍微盯着一点
我们班讲座你帮我过去稍微盯着一点,我出去办点事
你去我做事你放心,谢谢潘老师
我们一块玩去,没空
看电影的时间总有吧,真没有
你干嘛去,我干嘛去要跟你汇报吗
不用我就是问问,行
行,潘老师
潘老师,我作为高三年级组的组长
我作为高三年级组的组长,兼冲刺班班主任向潘老师汇报
我不敢当不敢当,我要去做个家访
怎么今年就变本加厉了,什么叫变本加厉
什么叫变本加厉,乔英子这不是生病没来吗
乔英子这不是生病没来吗,我去给他送这个讲义去
周一送不就完了,这不是马上考试了吗
这不是马上考试了吗,还得让他多复习
还得让他多复习,这孩子到底病的怎么样
这孩子到底病的怎么样,严不严重我得知道
你对乔英子是真好,我对每个学生都挺好
高考就直接选择师范了,行
行,我现在还有点时间我跟你讲讲
我现在还有点时间我跟你讲讲,我爸妈就是老师
我爸妈就是老师,我从小耳濡目染
我从小耳濡目染,而且我觉得当老师挺神圣的
而且我觉得当老师挺神圣的,教书育人
教书育人,春风化雨有成就感
春风化雨有成就感,而且我高考只填了一个志愿就是师范
你年年带高三 不烦,不烦
不烦,这有什么烦的
这有什么烦的,现在高考可不是千军万马过独木桥的年代了
现在高考可不是千军万马过独木桥的年代了,那是条条大路通罗马
那是条条大路通罗马,真正难的是什么
真正难的是什么,难的就是让孩子怎么才能少走这个弯路
难的就是让孩子怎么才能少走这个弯路,但我们作为老师的来说
但我们作为老师的来说,就是要在这一道关卡帮助孩子找到自己准确的位置
就是要在这一道关卡帮助孩子找到自己准确的位置,只有在成绩上和心理上都过了这一关
只有在成绩上和心理上都过了这一关,他们的人生才能够真正开启各自的精彩
他们的人生才能够真正开启各自的精彩,所以高三这一年对一个人来说是最不平凡的一年
所以高三这一年对一个人来说是最不平凡的一年,你不觉得这样很有意义吗
你不觉得这样很有意义吗,你不觉得这累点也值得吗
这就是我为什么一直追求你的原因,潘老师
潘老师,你别说什么都能绕到咱俩这事上行吗
你别说什么都能绕到咱俩这事上行吗,行了不说了
行了不说了,我得赶紧
我得赶紧,我走了
我走了,谢谢你潘老师
谢谢你潘老师,不客气
注意安全,这是我给英子带的水果
这是我给英子带的水果,你怎么给他带水果
你怎么给他带水果,应该我们去看您是才对
应该我们去看您是才对,应得该 这不是生病了
应得该 这不是生病了,对不对
对不对,算什么生病 基本上小不舒服
算什么生病 基本上小不舒服,不用
不用,不那么麻烦了
不那么麻烦了,来坐坐
来坐坐,好好
好好,来请坐
来请坐,好勒
好勒,让您跑一趟
让您跑一趟,不好意思
不好意思,您别忙
您别忙,您喝水
您喝水,英子没回来
英子没回来,回来
回来,从哪回来
从哪回来,医院
医院,对
对,他爸今儿早上给我打电话说带英子去医院看病去了
他爸今儿早上给我打电话说带英子去医院看病去了,是吗
是吗,对
对,而且这英子最近老是第一节课不来上
而且这英子最近老是第一节课不来上,也都是他爸请的假
也都是他爸请的假,对
对,都是他爸请的假
都是他爸请的假,您不知道这事儿
您不知道这事儿,我了解了
我了解了,宋老师
宋老师,您是不是最近太忙了
您是不是最近太忙了,是有点忙
是有点忙,再忙也不能疏忽
再忙也不能疏忽,这孩子的身体 是不是 马上期中考试了
这孩子的身体 是不是 马上期中考试了,尤其是紧要关头
尤其是紧要关头,对不对
对不对,这样 你看 我今天的来主要就是给英子送这作文讲座的讲义
这样 你看 我今天的来主要就是给英子送这作文讲座的讲义,你看 我都给他带来了
你看 我都给他带来了,然后回头我把录音再发给他
然后回头我把录音再发给他,让他好好听
让他好好听,今天讲座他根本没去是吧
今天讲座他根本没去是吧,对没来
对没来,他爸爸给我打电话说带英子去医院了
他爸爸给我打电话说带英子去医院了,我还以为他回来了
我还以为他回来了,宋老师咱们都是当老师的
宋老师咱们都是当老师的,高考好比是打仗
高考好比是打仗,春风中学就是战场
春风中学就是战场,英子就是战场里的排头兵
英子就是战场里的排头兵,我们这些老师可是对他寄予厚望的
我们这些老师可是对他寄予厚望的,谢谢老师们的关心
谢谢老师们的关心,他要真有什么问题
他要真有什么问题,肯定也是我当妈的疏忽了
肯定也是我当妈的疏忽了,抱歉
抱歉,宋老师你说现在考一个大学确实不是什么难事儿
宋老师你说现在考一个大学确实不是什么难事儿,难的就是考上一个称心的大学
难的就是考上一个称心的大学,好的大学
好的大学,然后再找一个适合他自己的专业不容易
然后再找一个适合他自己的专业不容易,这个时候绝对不能让英子掉链子
这个时候绝对不能让英子掉链子,谢谢
谢谢,都是我不好
都是我不好,真是麻烦您 让您跑一趟
真是麻烦您 让您跑一趟,应该的
应该的,这英子功课上绝对没问题
这英子功课上绝对没问题,也是一个用功的孩子
也是一个用功的孩子,对吧
对吧,这以后要是有什么事
这以后要是有什么事,不管是学习上的也好
不管是学习上的也好,生活上的也好
生活上的也好,都可以找我及时沟通
都可以找我及时沟通,已经给你添麻烦了
已经给你添麻烦了,没事 您客气了
没事 您客气了,没事
没事,那不送了
那不送了,好了 有什么事 给我打电话
好了 有什么事 给我打电话,好好再见
好好再见,好
好,妈 你是不是生气了
妈 你是不是生气了,你不是说你听讲座去了吗
你不是说你听讲座去了吗,你去你爸那多久了
你去你爸那多久了,你不上第一节早课多久了
你不上第一节早课多久了,两天
两天,两天
两天,三天
三天,我爸总共也没搬过来多少天
我爸总共也没搬过来多少天,我就不舒服的时候才去的
我就不舒服的时候才去的,你不舒服了
你不舒服了,你跟妈妈说你哪不舒服了
你跟妈妈说你哪不舒服了,哪不舒服
哪不舒服,不说是吧
不说是吧,走去医院
走去医院,妈
妈,我带你去医院
我带你去医院,我不 没 我没有
我不 没 我没有,我这知道错了
我这知道错了,你没有不舒服你骗我
你没有不舒服你骗我,你爸给你弄了一个秘密基地 可好玩了是吧
你爸给你弄了一个秘密基地 可好玩了是吧,不上学可好玩了吧
不上学可好玩了吧,你这么骗你妈可好玩了是吧
你这么骗你妈可好玩了是吧,我知道错了 妈
我知道错了 妈,你错了你错哪了
你错了你错哪了,我不该骗你
我不该骗你,我不该不去上学
我不该不去上学,你是不是对妈妈有意见
你是不是对妈妈有意见,有意见 说啊
有意见 说啊,太让我失望了
太让我失望了,妈妈是不是哪做的让你觉的不舒服了
妈妈是不是哪做的让你觉的不舒服了,是妈妈让你不舒服了
是妈妈让你不舒服了,对吧
对吧,你对妈妈再有意见
你对妈妈再有意见,也不是你逃课让你说谎的理由
也不是你逃课让你说谎的理由,你知道吗
你知道吗,我到处跟人说
我到处跟人说,我们家英子是好孩子
我们家英子是好孩子,是妈妈的骄傲
是妈妈的骄傲,你怎么能做出这种事
你怎么能做出这种事,你们李老师听说你生病了
你们李老师听说你生病了,还专门到家里来家访了
还专门到家里来家访了,你对得起你们老师吗
你对得起你们老师吗,你不说你对得起妈妈
你不说你对得起妈妈,你对得起你自己吗
你对得起你自己吗,我就是压力大
我就是压力大,妈妈压力不大呀
妈妈压力不大呀,你从小到大就妈妈一个人带你长大的
你从小到大就妈妈一个人带你长大的,我白天要上课
我白天要上课,晚上还要备课
晚上还要备课,我起早贪黑的给你买菜做饭
我起早贪黑的给你买菜做饭,照顾你的起居
照顾你的起居,我容易呀 我压力不大呀
我容易呀 我压力不大呀,你问问你爸他做过什么
你问问你爸他做过什么,你心里没数吗
你心里没数吗,他就是投其所好
他就是投其所好,你喜欢什么他就搞什么
你喜欢什么他就搞什么,他这是拖你后腿的
他这是拖你后腿的,到高考时考这些吗
到高考时考这些吗,妈我真的知道错了
妈我真的知道错了,妈
妈,我知道我错了
我知道我错了,我问你 那女的 你认识他多久了
我问你 那女的 你认识他多久了,小梦阿姨 妈 我跟小梦阿姨真的不熟的
小梦阿姨 妈 我跟小梦阿姨真的不熟的,一口一个小梦阿姨 叫的可真亲切
一口一个小梦阿姨 叫的可真亲切,我看见了 你们仨人在厨房里做饭是吧
我看见了 你们仨人在厨房里做饭是吧,跟一家三口似的亲亲热热的
跟一家三口似的亲亲热热的,我就奇怪了
我就奇怪了,我在厨房做饭的时候
我在厨房做饭的时候,你怎么不想着搭把手
你怎么不想着搭把手,你搭过手吗
你搭过手吗,你伸过一下手吗
你伸过一下手吗,吗
吗,我让你搭过手吗
我让你搭过手吗,我是老妈子是吧
我是老妈子是吧,你把我当傻子是吧
你把我当傻子是吧,一起合着蒙我
一起合着蒙我,妈 不是你想那样的
妈 不是你想那样的,那是哪样的
那是哪样的,如果不是今天我撞见了
如果不是今天我撞见了,你还打算瞒我
你还打算瞒我,我到什么时候
我到什么时候,天还没亮
天还没亮,我就爬起来跟蒸燕窝啊 我自己都没舍得喝一口
我就爬起来跟蒸燕窝啊 我自己都没舍得喝一口,好
好,你倒好 端给那个女的去喝
你倒好 端给那个女的去喝,不是我要给他
不是我要给他,是他自己要喝了
是他自己要喝了,我有什么办法
我有什么办法,他跟你要你就给
他跟你要你就给,那将来有一天他们结婚了
那将来有一天他们结婚了,他让你妈 你也叫吗
他让你妈 你也叫吗,不是
不是,她就是我爸女朋友
她就是我爸女朋友,我总共也没见过她几面
我总共也没见过她几面,我就觉得爸爸喜欢就行
我就觉得爸爸喜欢就行,我也就
我也就,没排斥
没排斥,你是不排斥
你是不排斥,我看你跟你爸一样喜欢他
我看你跟你爸一样喜欢他,哪天他们结婚了
哪天他们结婚了,你还打算献上你真挚的祝福是吧
你还打算献上你真挚的祝福是吧,是挺好的
是挺好的,又可以当后妈
又可以当后妈,又可以当闺蜜
又可以当闺蜜,还一举两
还一举两,得了
得了,你别说他们了
你别说他们了,成吗 这事跟小梦阿姨和我爸都没什么关系
成吗 这事跟小梦阿姨和我爸都没什么关系,是我的错
是我的错,你打我骂我都成
你打我骂我都成,你别说他们了行吗
你别说他们了行吗,我说他们两句怎么不行
我说他们两句怎么不行,他们带你去逃课
他们带你去逃课,我还不能说他们了
我还不能说他们了,那个小梦阿姨怎么就这么好
那个小梦阿姨怎么就这么好,怎么就那么招你喜欢
怎么就那么招你喜欢,你说他怎么就那么好
你说他怎么就那么好,没有
没有,什么没有
什么没有,妈 你别逼我了成吗
妈 你别逼我了成吗,我逼你什么了
我逼你什么了,他是不是样样都比你妈好多了
他是不是样样都比你妈好多了,你妈什么都不对
你妈什么都不对,对吧
对吧,对
对,我就是觉得她比你好 哪都比你好
我就是觉得她比你好 哪都比你好,我就是喜欢小梦阿姨 至少她不会逼我干我自己不喜欢干的事
我就是喜欢小梦阿姨 至少她不会逼我干我自己不喜欢干的事,我讨厌你
我讨厌你,我就是心里特别委屈
我就是心里特别委屈,我知道
我知道,你说我到底做错什么了
你说我到底做错什么了,让英子这么对我
让英子这么对我,她小 不懂事儿吗
她小 不懂事儿吗,他跟他爸联起手来一起瞒我
他跟他爸联起手来一起瞒我,逃学也就算了
逃学也就算了,她爸都搬过来快两个月了
她爸都搬过来快两个月了,把我像一个傻子一样骗得团团转
把我像一个傻子一样骗得团团转,想想就伤心
想想就伤心,说了一点
说了一点,这脸皮真厚
这脸皮真厚,什么事都跟别人说
什么事都跟别人说,好像挺光荣似的
好像挺光荣似的,你说
你说,我容易吗
我容易吗,一个人带着孩子
一个人带着孩子,不就是怕他营养不够
不就是怕他营养不够,从他高二那时候我就开始忙活
从他高二那时候我就开始忙活,就是怕他身体到了高三顶不住
就是怕他身体到了高三顶不住,整天想着给他炖点什么吃点什么好的能补上
整天想着给他炖点什么吃点什么好的能补上,为了她 我连春风中心的工作都给辞了
为了她 我连春风中心的工作都给辞了,去做个补习老师
去做个补习老师,就为了腾点时间照顾她
就为了腾点时间照顾她,他可倒好
他可倒好,她居然这么对我
她居然这么对我,倩儿 倩儿 她小孩
倩儿 倩儿 她小孩,人家如今一家三口合合美美的
人家如今一家三口合合美美的,一起来看我的笑话
一起来看我的笑话,你不能这么想
你不能这么想,你这么想是不对的
你这么想是不对的,他哪是一家三口
他哪是一家三口,那是你女儿和你前夫 你前夫的女朋友
那是你女儿和你前夫 你前夫的女朋友,怎么可能是一家三口
怎么可能是一家三口,你是没看见那画面
你是没看见那画面,人家和谐互动的 我倒像个局外人
人家和谐互动的 我倒像个局外人,你说我 我们家的情况你也知道
你说我 我们家的情况你也知道,这么多年一个 一个帮我一把的人都没有
这么多年一个 一个帮我一把的人都没有,我这忙里忙外的就是为了英子
我这忙里忙外的就是为了英子,我觉得这些年 我都快成个老妈子了
我觉得这些年 我都快成个老妈子了,跟在英子后头伺候他
跟在英子后头伺候他,乔卫东他要交女朋友我管不着
乔卫东他要交女朋友我管不着,那是他的事
那是他的事,跟我半毛钱关系都没有
跟我半毛钱关系都没有,可现在这倒好
可现在这倒好,完全是联起手来抢英子
完全是联起手来抢英子,这英子也真是胳膊肘外拐
这英子也真是胳膊肘外拐,白眼狼
白眼狼,你这么说英子就不对了
你这么说英子就不对了,我恰恰觉得英子挺懂事的
我恰恰觉得英子挺懂事的,他为什么对那小梦好
他为什么对那小梦好,为什么
为什么,那不是看在
那不是看在,乔卫东的面子
乔卫东的面子,否则他知道那小梦是谁
否则他知道那小梦是谁,而且你以为谁都跟你似的
而且你以为谁都跟你似的,愿意争着做18岁女儿的妈
愿意争着做18岁女儿的妈,现成一大闺女
现成一大闺女,他们多省心
他们多省心,对
对,乔卫东是挺不是玩意的
乔卫东是挺不是玩意的,对吧
对吧,挺孙子的
挺孙子的,也挺鸡贼的
也挺鸡贼的,对
对,还出轨
还出轨,这根本就是道德品质问题
这根本就是道德品质问题,是道德品质问题
是道德品质问题,可是怎么说乔卫东也是英子的亲爹
可是怎么说乔卫东也是英子的亲爹,打断骨头连着筋
打断骨头连着筋,乔卫东对英子多好
乔卫东对英子多好,咱都看在眼里
咱都看在眼里,我说了你别不高兴
我说了你别不高兴,我觉得这乔卫东对英子是太上心了
我觉得这乔卫东对英子是太上心了,不亚于你
不亚于你,我是说方式方法不同
我是说方式方法不同,但是这心我作为外人我都能感受得到
但是这心我作为外人我都能感受得到,那姑娘想要什么就给什么
那姑娘想要什么就给什么,那真是宠上天了
那真是宠上天了,你说老乔要是对英子不上心
你说老乔要是对英子不上心,他在外边给英子再生个弟弟
他在外边给英子再生个弟弟,啪他那财产一家一半
啪他那财产一家一半,你能拿他怎么着
你能拿他怎么着,这英子跟他爸好
这英子跟他爸好,人家亲身骨肉我也拦不住
人家亲身骨肉我也拦不住,对
对,可是我就是
可是我就是,你想我 辛辛苦苦一大早顿的燕窝
你想我 辛辛苦苦一大早顿的燕窝,我都没舍得喝一口
我都没舍得喝一口,英子就端去给那女人喝
英子就端去给那女人喝,我一想到那个画面我就受不了
我一想到那个画面我就受不了,我知道 宋倩 你别哭
我知道 宋倩 你别哭,英子那是小孩
英子那是小孩,他哪知道这东西贵还是便宜的
他哪知道这东西贵还是便宜的,你就不能怪他了
你就不能怪他了,他反正又不喜欢吃
他反正又不喜欢吃,他就搁那
他就搁那,你不要理她
你不要理她,那不要脸的小梦她要吃
那不要脸的小梦她要吃,那英子能怎么办
那英子能怎么办,是不是
是不是,好了
好了,你现在应该想的是为什么
你现在应该想的是为什么,英子这么多事瞒着你
英子这么多事瞒着你,为什么
为什么,方一帆好多事也瞒着我
方一帆好多事也瞒着我,你说为什么
你说为什么,怕讲实话了我们不同意
怕讲实话了我们不同意,怕我们不高兴
怕我们不高兴,我有那么凶
我有那么凶,我们在他们眼里就是母老虎
我们在他们眼里就是母老虎,还有一个你再另外这么想
还有一个你再另外这么想,孩子们是在乎我们
孩子们是在乎我们,他在乎我们
他在乎我们,怕我们生气才会撒谎的
怕我们生气才会撒谎的,他要不在乎咱们直接跟咱顶着了
他要不在乎咱们直接跟咱顶着了,他是怕我们伤心
他是怕我们伤心,这时候你得冷静得理智
这时候你得冷静得理智,你不能把英子逼急了
你不能把英子逼急了,真的逼得住到
真的逼得住到,乔伟东那去你怎么办
乔伟东那去你怎么办,还要不要高考了
还要不要高考了,没味了
没味了,要不再来一泡
灌一肚子水饱,我是为你好 知道吧
我是为你好 知道吧,泡点茶给你清清火
泡点茶给你清清火,好吧
搞得像大明宫词似的,你别什么大明宫词了
你别什么大明宫词了,你看你丧个脸
你看你丧个脸,跟个丧家之犬似的
这怎么回事这是,你说怎么回事
你说怎么回事,你说是怎么回事
你说是怎么回事,这还用问怎么回事
这还用问怎么回事,怎么给你回微信
怎么给你回微信,你就放心
你就放心,宋倩 童文洁陪着呢
宋倩 童文洁陪着呢,英子呢 我儿子陪着
英子呢 我儿子陪着,这事你放心
我这个人孙不孙子,你让我凭良心还是不凭良心
你凭良心说,凭良心我觉得你挺孙子的
那你不凭良心说,不凭良心我觉得你太孙子了
我这人还靠谱吧,靠什么谱了
靠什么谱了,你哪靠谱你怎么靠谱
你哪靠谱你怎么靠谱,英子学习再好
英子学习再好,这也是高三了
这也是高三了,高三比成绩还重要的就是心态
高三比成绩还重要的就是心态,你给英子折腾
你给英子折腾,每天玩 玩俩月 心就玩散了
每天玩 玩俩月 心就玩散了,你知道吗
跟分数比起来哪个重要,这样这样
这样这样,你先别激动
你先别激动,老乔你先别激动
老乔你先别激动,我觉得是这样
我觉得是这样,你这事为英子想
你这事为英子想,我能理解
我能理解,我也支持
我也支持,孩子这快乐第一
孩子这快乐第一,成绩第二
成绩第二,你这事你错在哪
你这事你错在哪,你是因为你先斩后奏
你是因为你先斩后奏,当年法院怎么判的
当年法院怎么判的,乔英子判给的是宋老师
乔英子判给的是宋老师,这么些年是宋老师含辛茹苦把孩子拉扯大的
这么些年是宋老师含辛茹苦把孩子拉扯大的,你做了什么事
你做了什么事,你做多少事
你做多少事,都叫锦上添花
都叫锦上添花,没错吧
没错吧,你甭说什么
你甭说什么,你的基因好 人英子聪明
你的基因好 人英子聪明,随了你了 成绩好的时候
随了你了 成绩好的时候,因为你 那是宋老师作为一老师 一妈妈
因为你 那是宋老师作为一老师 一妈妈,一天天努力分不开的
一天天努力分不开的,对不对
成,对吧
对吧,结果你 你悄么声偷偷回来了
结果你 你悄么声偷偷回来了,我还替你扛着雷
我还替你扛着雷,你回来就算了
你回来就算了,你还弄这么一出
你还弄这么一出,还弄小梦到你家去
还弄小梦到你家去,小梦来了 接着怎么着
小梦来了 接着怎么着,跟这儿吃燕窝 你也不管
跟这儿吃燕窝 你也不管,你别说是宋倩 看着不舒服
你别说是宋倩 看着不舒服,我看也得气炸了
我该怎么做,你这事要是这么说的话
你这事要是这么说的话,老乔 我觉得当初 你就不应该结婚
老乔 我觉得当初 你就不应该结婚,对吧
对吧,你就算是结婚了
你就算是结婚了,你也不应该跟宋老师结婚
你也不应该跟宋老师结婚,你跟宋老师结了婚
你跟宋老师结了婚,你也不应该跟宋老师生一个乔英子出来
你说这有什么用,对
对,所以各家有各家的特点
所以各家有各家的特点,我们家童文洁 比宋老师也不怂啊
我们家童文洁 比宋老师也不怂啊,也刚刚的
也刚刚的,怎么办呢
怎么办呢,你这事现在
你这事现在,能改变宋老师吗
能改变宋老师吗,你现在能做的只有一件
你现在能做的只有一件,就是正面解释
就是正面解释,解释一遍不行解释两遍
解释一遍不行解释两遍,道歉
道歉,一次道歉 二次道歉
一次道歉 二次道歉,三次道歉
三次道歉,你多次 他 到他原谅你算结束这事
你多次 他 到他原谅你算结束这事,反正你说滚刀肉无所谓的
反正你说滚刀肉无所谓的,你就别挑这些理了
你就别挑这些理了,你知道吗
你知道吗,我说的就是 有没有道理
然后找他谈谈,对
对,这才是正理
这才是正理,行了
行了,咱俩吃饭去吧
没心情,喝一下午茶肚子油都刮光了
喝一下午茶肚子油都刮光了,没心情也得吃饭
没心情也得吃饭,你别饿着
你别饿着,我跟你说我的人生经验就是这样的
我跟你说我的人生经验就是这样的,没有什么事是一顿火锅解决不了的
没有什么事是一顿火锅解决不了的,咱不吃那什么健康食品有机食品了
咱不吃那什么健康食品有机食品了,吃火锅去行不行
吃火锅去行不行,如果说火锅解决不了
如果说火锅解决不了,那就在添个小二
那就在添个小二,走吧我请客
走吧我请客,放松一下
放松一下,他谢谢我
他谢谢我,他谢谢我
他谢谢我,这孩子真懂事了啊
这孩子真懂事了啊,知道跟咱们交流了
知道跟咱们交流了,你怎么关了呢
你怎么关了呢,别看了别看了，别吵着他学习
别看了别看了，别吵着他学习,难得不加班
难得不加班,大晚上都不知道做什么了
大晚上都不知道做什么了,走
走,走走走 咱出去溜个弯
走走走 咱出去溜个弯,让杨杨自己在家好好做作业
让杨杨自己在家好好做作业,别别 天太冷了 我不去
别别 天太冷了 我不去,你运动运动吧
你运动运动吧,瞧瞧你的肚子
瞧瞧你的肚子,你再不运动
你再不运动,你的肚子越来越大
你的肚子越来越大,我这肚子怎么了
我这肚子怎么了,我自从参加工作就很少在外边吃饭
我自从参加工作就很少在外边吃饭,也很少在外边喝大酒
也很少在外边喝大酒,我积极响应了回家吃饭的号召
我积极响应了回家吃饭的号召,我很健康的
我很健康的,你是回家吃饭了
你是回家吃饭了,但你不想想你每顿都吃多少
但你不想想你每顿都吃多少,你今天要不是我拦着你
你今天要不是我拦着你,你三大碗就干进去了
你三大碗就干进去了,照你这么个吃法
照你这么个吃法,早晚你得三高
早晚你得三高,胡闹
胡闹,不是 我已经很注意了
不是 我已经很注意了,你说少让我喝酒
你说少让我喝酒,怕我长肚子
怕我长肚子,我很长时间都没喝了
我很长时间都没喝了,现在有时候想起来还挺馋的慌的
现在有时候想起来还挺馋的慌的,咱们年龄代谢是越来越慢了
咱们年龄代谢是越来越慢了,你又管不住嘴
你又管不住嘴,你就得迈开腿
你就得迈开腿,走走走
走走走,我不
我不,跟我去遛弯
跟我去遛弯,我和你妈散步去了
多穿点,孩子知道关心咱们了
孩子知道关心咱们了,让你多穿点
让你多穿点,好久都没陪你出来走走了
好久都没陪你出来走走了,是挺久没出来走走了
慢点 小白,小狗挺可爱的
小狗挺可爱的,挺可爱的
挺可爱的,要不咱们也养一只
要不咱们也养一只,想什么
想什么,杨杨现在高考
杨杨现在高考,再说了咱们两个人上班
再说了咱们两个人上班,谁遛狗啊
谁遛狗啊,我也就说一下
我也就说一下,你还别说 明年杨杨要是考上大学了
你还别说 明年杨杨要是考上大学了,这家里边就剩咱们俩了
这家里边就剩咱们俩了,孤寡老人
孤寡老人,说不定还真需要一条狗来陪陪咱们呢
说不定还真需要一条狗来陪陪咱们呢,孩子长大了咱们就老了
孩子长大了咱们就老了,这是客观事实啊
这是客观事实啊,到那个时候咱们多出来转转走动走动
到那个时候咱们多出来转转走动走动,像今天一样
像今天一样,回来了
回来了,回来了
回来了,杨杨呢
杨杨呢,你也不看现在都几点了
你也不看现在都几点了,杨杨都睡了
杨杨都睡了,明天他还期中考
明天他还期中考,对
对,是该早点睡
是该早点睡,你这满头大汗
你这满头大汗,你跑哪去喝了
你跑哪去喝了,你没少喝
你没少喝,今天还真没多喝
今天还真没多喝,出门的时候
出门的时候,你不是让我注意肚子吗
你不是让我注意肚子吗,我们呀 喝完了
我们呀 喝完了,准备各回各家 路过健身器械那一片
准备各回各家 路过健身器械那一片,那不是有个篮球场吗
那不是有个篮球场吗,他们俩非嚷嚷说要打篮球
他们俩非嚷嚷说要打篮球,你说就我们仨 乔卫东都没打
你说就我们仨 乔卫东都没打,我跟方圆肚子一个比一个大
我跟方圆肚子一个比一个大,别说打篮球了
别说打篮球了,走两步都喘得很
走两步都喘得很,平常让你走两步都费劲
平常让你走两步都费劲,你这突然一下子那么剧烈的运动
你这突然一下子那么剧烈的运动,不太好的 对身体
不太好的 对身体,真的不行了
真的不行了,你看我这身汗 到现在还没落
你看我这身汗 到现在还没落,我估计我可真是三高了
我估计我可真是三高了,以后要多注意养生
以后要多注意养生,别等岁数大了积重难返是吧
别等岁数大了积重难返是吧,你能意识到这点就是好的
你能意识到这点就是好的,咱们这个岁数本来就是容易这个病那个病的
咱们这个岁数本来就是容易这个病那个病的,你再自己不照顾自己谁管
你再自己不照顾自己谁管,你今年是不是还没体检了
你今年是不是还没体检了,下周抽个时间去做一个 忙的呀
下周抽个时间去做一个 忙的呀,连半天时间都腾不出来
连半天时间都腾不出来,没时间你就抽个血
没时间你就抽个血,看看血象也行
看看血象也行,赶快去洗个澡
赶快去洗个澡,出了这么多别一会着凉了
出了这么多别一会着凉了,你吹头发的时候小点声
你吹头发的时候小点声,别吵着杨杨了
别吵着杨杨了,对对对
对对对,你也早点睡了
来来来 坐坐坐,你这是高大上
我就不给你沏茶了,师哥
我就直奔主题了,你说
我觉得可能还是不行,是不是
是不是,因为那证 我考证没问题
但也不全是 ,怎么说
你比我大三届 45了,虚岁 虚岁
比较适合这种苦工,其实我考证其实一点问题没有
其实我考证其实一点问题没有,而且从初级做起
而且从初级做起,我也行
可能也该退休了是吧,是
是,对
对,这律所现在退休就50 50来岁就退了是吧
这律所现在退休就50 50来岁就退了是吧,挂了
挂了,你这刚到家是吗
你这刚到家是吗,我怎么觉得刚才恍惚间觉得 你已经回来就半个小时了
我怎么觉得刚才恍惚间觉得 你已经回来就半个小时了,真能聊
真能聊,两人下午练瑜伽聊一下午
两人下午练瑜伽聊一下午,回来路上聊一路
回来路上聊一路,到了小区一分手
到了小区一分手,啪电话通话了
啪电话通话了,真是有瘾
真是有瘾,我不是没说完
我不是没说完,然后我就想着早点回来见你
然后我就想着早点回来见你,这样不耽误时间
这样不耽误时间,等会 把这信息发完
等会 把这信息发完,好
好,我跟你说
我跟你说,今天我跟宋倩去上瑜伽课了
今天我跟宋倩去上瑜伽课了,我俩跟小梦吵了一架
我俩跟小梦吵了一架,你们俩可真行
你们俩可真行,就不能换个老师
就不能换个老师,不说这事了
不说这事了,你今天怎么样
你今天怎么样,这工作找的 什么情况
这工作找的 什么情况,我去我师弟那了
我去我师弟那了,怎么说
怎么说,他们那儿发展挺顺利的
他们那儿发展挺顺利的,是吗
是吗,什么意思呢
什么意思呢,没有 就弄得好
没有 就弄得好,他们公司 我跟你讲那公司 移动大楼里面有七八层是他们公司的 大律所
他们公司 我跟你讲那公司 移动大楼里面有七八层是他们公司的 大律所,我跟你说办公室装修的层高得有4米
我跟你说办公室装修的层高得有4米,真的 屋里摆这种后现代的雕塑
真的 屋里摆这种后现代的雕塑,一看这名家创作的
一看这名家创作的,我那师弟西装革履
我那师弟西装革履,身材管理的还特别好
身材管理的还特别好,真是挺不错的
真是挺不错的,怎么样 那给你提供什么职务
怎么样 那给你提供什么职务,跟我没什么关系
跟我没什么关系,跟我有什么关系
跟我有什么关系,我现在司考还没考
我现在司考还没考,我连律师证都没有
我连律师证都没有,我到那怎么着
我到那怎么着,而且他说了我现在去了
而且他说了我现在去了,先得准备司考
先得准备司考,就算我再努力
就算我再努力,现在玩命考考下来了
现在玩命考考下来了,拿个律师证
拿个律师证,到那先当这个叫什么律师助理
到那先当这个叫什么律师助理,当律师助理干几年
当律师助理干几年,然后再当助理律师
然后再当助理律师,等我都能干到律师
等我都能干到律师,估计都快退休了
估计都快退休了,是吧
是吧,所以这事跟我没啥关系
所以这事跟我没啥关系,没戏
没戏,你刚刚说什么顺利
你刚刚说什么顺利,我不是 我说 我的师弟的公司发展挺顺利的
我不是 我说 我的师弟的公司发展挺顺利的,挺好的
挺好的,但是 我 跟我没什么关系
但是 我 跟我没什么关系,我后来在路上还想了
我后来在路上还想了,童文洁
童文洁,我45岁了
我45岁了,45岁 我真的跟一帮小孩做助理 坐一块
45岁 我真的跟一帮小孩做助理 坐一块,那帮孩子都20来岁
那帮孩子都20来岁,20出头大学毕业
20出头大学毕业,你说他们见着我是叫我叔叔还是喊我大爷
你说他们见着我是叫我叔叔还是喊我大爷,我还是算了
我还是算了,我今天早上就说过这个话
我今天早上就说过这个话,咱们跟80 90后没有什么竞争力
咱们跟80 90后没有什么竞争力,知道吧
知道吧,不过我今天在那受挫之后回来 就采取了第二套方案 叫做红包雨
不过我今天在那受挫之后回来 就采取了第二套方案 叫做红包雨,什么意思
什么意思,我在我经常活动这几个群里边
我在我经常活动这几个群里边,他们分别是这个 你看看
他们分别是这个 你看看,一个是律师这群
一个是律师这群,还有我这以前叫春风化雨 老同学群
还有我这以前叫春风化雨 老同学群,还有金融大佬群
还有金融大佬群,这几个群里 我1个群里扔了一两百块钱红包
这几个群里 我1个群里扔了一两百块钱红包,4个群扔了800
4个群扔了800,他们反应激烈吗
他们反应激烈吗,相当激烈
相当激烈,秒没
秒没,怎么样有几个人给你介绍工作了
怎么样有几个人给你介绍工作了,一个没有
一个没有,800块钱打水漂了
800块钱打水漂了,也没有打水漂
也没有打水漂,打到我心里去了
打到我心里去了,真的 这800块钱 我跟你讲我得到一个血的教训
真的 这800块钱 我跟你讲我得到一个血的教训,你看我一共发了68条微信
你看我一共发了68条微信,今儿
今儿,你瞅瞅
你瞅瞅,回复的25条
回复的25条,之后回复了25 25条里边回表情的、笑脸的、ok的、微的、赞的
之后回复了25 25条里边回表情的、笑脸的、ok的、微的、赞的,去掉之后还剩7条是文字
去掉之后还剩7条是文字,分别是
分别是,好的
好的,保持联络
保持联络,师兄冲鸭 冲你鸭 冲什么 还是冲鸭 加油师兄 冲呀就这样
师兄冲鸭 冲你鸭 冲什么 还是冲鸭 加油师兄 冲呀就这样,我终于明白了什么叫做人脉
我终于明白了什么叫做人脉,媳妇你知道什么叫人脉吗
媳妇你知道什么叫人脉吗,我跟你讲讲人脉是这样的
我跟你讲讲人脉是这样的,人脉不是说你往前随便一溜达就碰到一个人
人脉不是说你往前随便一溜达就碰到一个人,你就有机会了
你就有机会了,人脉不是你认识多少人
人脉不是你认识多少人,人脉是多少人认识你
人脉是多少人认识你,你知道吗
你知道吗,不是说 你有这个多少事要央告着
不是说 你有这个多少事要央告着,别人 是别人有多少事央告着你
别人 是别人有多少事央告着你,人脉就跟这一名片似的是吧
人脉就跟这一名片似的是吧,发名片 人脉不是说你发出多少张名片
发名片 人脉不是说你发出多少张名片,老发名片是干嘛的
老发名片是干嘛的,房屋中介 搞销售的
房屋中介 搞销售的,对不对
对不对,你收名片 好好好
你收名片 好好好,你可以 这个好
你可以 这个好,好好 这是领导 这是给人管事的
好好 这是领导 这是给人管事的,这就跟印名片
这就跟印名片,是一个道理 比如名片
是一个道理 比如名片,这名片 我就不多印
这名片 我就不多印,就印俩字
就印俩字,马云 啥也不用说
马云 啥也不用说,马云 是吧
马云 是吧,姚明、黄渤
姚明、黄渤,这就你不需要再解释你是谁
这就你不需要再解释你是谁,凭脸 人就知道了
凭脸 人就知道了,没本事的 你看你印仨字
没本事的 你看你印仨字,对吧
对吧,印三字也可以
印三字也可以,比如说你 马化腾 还用介绍你是谁吗
比如说你 马化腾 还用介绍你是谁吗,你换一人
你换一人,你比如说马诞腾
你比如说马诞腾,不是 不是那蛋
不是 不是那蛋,马诞腾 马年诞生必定飞腾
马诞腾 马年诞生必定飞腾,马诞腾
马诞腾,你写上顺义区养鱼协会会员
你写上顺义区养鱼协会会员,平谷县蝈蝈协会的小组组长
平谷县蝈蝈协会的小组组长,你说写这有什么用
你说写这有什么用,一堆title代表你nobody
一堆title代表你nobody,咱现在没人脉
咱现在没人脉,你扔一堆红包啥用没有
你扔一堆红包啥用没有,我今天从我的师弟那个楼上一下来
我今天从我的师弟那个楼上一下来,我坐在路边在想
我坐在路边在想,我也是一老帮菜了
我也是一老帮菜了,我怎么办
我怎么办,我未来怎么办
我未来怎么办,正在这时候一小伙子敲窗户
正在这时候一小伙子敲窗户,把我当成开滴滴快车
把我当成开滴滴快车,后来想热心肠 送了一段
后来想热心肠 送了一段,送的路上 我就琢磨
送的路上 我就琢磨,其实实在不行了
其实实在不行了,我就当个出租车司机去开个快车
我就当个出租车司机去开个快车,开个滴滴也挺好
开个滴滴也挺好,是不是 一个月也能万8000的
是不是 一个月也能万8000的,我不同意
我不同意,我坚决不同意
我坚决不同意,为什么要开车
为什么要开车,你就别歧视人
你就别歧视人,司机 也不对
司机 也不对,我不是歧视人
我不是歧视人,司机 我是歧视你
司机 我是歧视你,你这点骨气没有
你这点骨气没有,咱们政法大学毕业 准总监 是吧
咱们政法大学毕业 准总监 是吧,10年寒窗
10年寒窗,你去开车
你去开车,对得起你曾经的理想吗
对得起你曾经的理想吗,不可以 不同意
不可以 不同意,坚决不同意
坚决不同意,我知道找工作找急了 不急
我知道找工作找急了 不急,刚开始 不许急
刚开始 不许急,听到没有
听到没有,我有时候在琢磨
我有时候在琢磨,我老是觉得我有一个什么功能还没有发挥出来
我老是觉得我有一个什么功能还没有发挥出来,我老觉得你看我兴趣挺好
我老觉得你看我兴趣挺好,广泛的我喜欢养鱼
广泛的我喜欢养鱼,斗个蝈蝈 看看评书
斗个蝈蝈 看看评书,可是我一看这些法律的东西
可是我一看这些法律的东西,一看合同
一看合同,一看这些文件我就头疼
一看这些文件我就头疼,我跟你说真心话
我跟你说真心话,你说 你知道我们这次其实公司被并购
你说 你知道我们这次其实公司被并购,其实没走几个人
其实没走几个人,可能就我走了
可能就我走了,好像我们那部门就我走
好像我们那部门就我走,我觉得
我觉得,方圆
方圆,如果
如果,如果是这样的话
如果是这样的话,我觉得
我觉得,跟你的能力没有关系
跟你的能力没有关系,可能恰恰是因为你的能力好
可能恰恰是因为你的能力好,他们才嫉妒把你给弄走了
他们才嫉妒把你给弄走了,很有这种可能
很有这种可能,你是这么理解的是吗
你是这么理解的是吗,你知道吗
你知道吗,就刚刚你在说这段人脉的时候
就刚刚你在说这段人脉的时候,我特别崇拜你
我特别崇拜你,我就这样
我就这样,对
对,我想我老公 明明一个失业的
我想我老公 明明一个失业的,在家的一家庭煮夫
在家的一家庭煮夫,说起人脉来说的一套一套的 非常有创意
说起人脉来说的一套一套的 非常有创意,你让我又重新了解了这个词
你让我又重新了解了这个词,可是他这么能够讲道理
可是他这么能够讲道理,为什么还失业呢
为什么还失业呢,我就在琢磨我到底喜欢他什么 是什么吸引了我
我就在琢磨我到底喜欢他什么 是什么吸引了我,我
我,身体健康
身体健康,思维敏捷
思维敏捷,而且我这人乐观向上
而且我这人乐观向上,所以你不用担心
所以你不用担心,不着急
不着急,着急什么
着急什么,不急
不急,逗贫是逗贫
逗贫是逗贫,着急是着急
着急是着急,我觉得有一天我一定能找着一个工作
我觉得有一天我一定能找着一个工作,这个工作我又喜欢
这个工作我又喜欢,又有意思
又有意思,又自由自在
又自由自在,挣钱还多
挣钱还多,受人尊重
受人尊重,你就想多了
你就想多了,是确实想多了
是确实想多了,媳妇
媳妇,你既然说你要养我
你既然说你要养我,今天我这800块钱你是不是给我报了
今天我这800块钱你是不是给我报了,现在就报啊
现在就报啊,要不我钱包里一点零钱都没有了
要不我钱包里一点零钱都没有了,那你亲我一下
那你亲我一下,多少钱
多少钱,800
800,这有种包养我的感觉
你不吃饭,我不吃了
我不吃了,这不刚汇总完语文吗
这不刚汇总完语文吗,我赶紧把下午那数学
我赶紧把下午那数学,卷子捋一下
我帮你,不用你赶紧去吃你的饭
你这中饭也不打算吃了,两顿不吃没事 你赶紧去吃
你万一又低血糖怎么办,潘老师你能不能从现在开始不要打扰我了
潘老师你能不能从现在开始不要打扰我了,没准我能提前把手里的活干完
没准我能提前把手里的活干完,留出点时间吃口饭呢
我去食堂帮你打过来好吧,不用打饭我不吃了
不用打饭我不吃了,谢谢
我帮你点,不用点
不用点,我不吃
点好了,我都说了我不吃了
我都说了我不吃了,你点了也是浪费
你点了也是浪费,点了什么
一份海鲜面 你要吃哪个,我哪个也不吃
我哪个也不吃,我想吃米饭
我再帮你加个米饭,我跟你开玩笑
我跟你开玩笑,我怎么说什么
我怎么说什么,你信什么
你信什么,你点什么我吃什么行吧
这还差不多,你还有事
还真有一事,你能不能一气儿说完
你看,什么
季杨杨开了辆法拉利过来,我记得 谁把这个做成表情包了
所以我赶紧发给你看看怎么办,这影响是挺不好的
这影响是挺不好的,但这些都得等这次期中考完试再说
但这些都得等这次期中考完试再说,因为这次考试太重要了
因为这次考试太重要了,你这样 你把表情包发给我
你这样 你把表情包发给我,我去找校长谈一下
我去找校长谈一下,然后你帮我捋一下数学卷子
然后你帮我捋一下数学卷子,千万别给我弄错了
千万别给我弄错了,潘老师
潘老师,麻烦你了拜托了
麻烦你了拜托了,书记你怎么来了
刚开完会啊,上午专项小组来了
上午专项小组来了,下午碰个头开个会
好,对
对,喝杯水
我说两句就走,好好
好好,您看您忙的
工作生活还适应吗,谢谢书记关心
谢谢书记关心,已经适应了
已经适应了,对了
对了,我正在写总结报告
我正在写总结报告,准备跟您汇报一下自己的工作
你是不是有一个上高中的儿子,对
对,18岁了
这是你儿子吧,对
对,是我儿子
你认识他,认识
这件事你知道吗,书记我真不知道
法拉利,书记我先说明一下
书记我先说明一下,首先法拉利不是我们家杨杨的
首先法拉利不是我们家杨杨的,而且我也没给我儿子买过什么车
而且我也没给我儿子买过什么车,不过 书记请您放心
不过 书记请您放心,这个图的事我会了解一下
这个图的事我会了解一下,然后给您做个汇报
你得多操心,书记您放心
书记您放心,我一定会妥善处理的
你忙着 我先走了,书记
你坐,书记慢走
书记慢走,你说
你说,你儿子干的这叫什么事
你儿子干的这叫什么事,你说他这是干什么
你说他这是干什么,这不捣乱吗 在这
这不捣乱吗 在这,真是气死人了真是
真是气死人了真是,我不是发火 着急 童文洁 你说
我不是发火 着急 童文洁 你说,你那天 打 那天孩子打架的时候
你那天 打 那天孩子打架的时候,你是不是去了
你是不是去了,我去了
我去了,老师怎么说的
老师怎么说的,老师说打架不重要
老师说打架不重要,重要是蹲班的事儿
重要是蹲班的事儿,这老师懂什么
这老师懂什么,他根本就不知道
他根本就不知道,这不是一个打架的事
这不是一个打架的事,这关键有
这关键有,这法拉利的事 你知道 季胜利忙了一辈子就忙这事儿
这法拉利的事 你知道 季胜利忙了一辈子就忙这事儿,对不对
对不对,这是人家仕途 你弄这么个事
这是人家仕途 你弄这么个事,你说这将来是官怎么当人将来
你说这将来是官怎么当人将来,人儿子开了个法拉利
人儿子开了个法拉利,一个区长
一个区长,你说他怎么跟人解释
你说他怎么跟人解释,你说这方一凡是不是闲的 他气死我了 真是
你说这方一凡是不是闲的 他气死我了 真是,你也不能怪凡凡
你也不能怪凡凡,他季胜利
他季胜利,如果自己没有法拉利
如果自己没有法拉利,他怕什么
他怕什么,他不怕人说 你说去 我也没有
他不怕人说 你说去 我也没有,童文洁 你 你这也太幼稚了
童文洁 你 你这也太幼稚了,这事跟他有没有法拉利有什么关系
这事跟他有没有法拉利有什么关系,现在谁看这事儿是什么样子
现在谁看这事儿是什么样子,没人看这事儿是什么样子
没人看这事儿是什么样子,关键是怎么传对不对
关键是怎么传对不对,人家就是传出去是什么就是什么
人家就是传出去是什么就是什么,谁看辟谣的都看传谣的
谁看辟谣的都看传谣的,不是
不是,你季胜利没有法拉利
你季胜利没有法拉利,你干嘛允许自己儿子开着法拉利到处招摇
你干嘛允许自己儿子开着法拉利到处招摇,你不是没事找事吗
你不是没事找事吗,你就别再替你儿子掰扯了
你就别再替你儿子掰扯了,打架是不是方一凡打的
打架是不是方一凡打的,是不是他惹的祸
是不是他惹的祸,好
好,就算是打架俩孩子全错了
就算是打架俩孩子全错了,当时解决完了
当时解决完了,他没事闲着再做这么一动图干嘛
他没事闲着再做这么一动图干嘛,他这不闲的吗
他这不闲的吗,没事找事
没事找事,对不对
对不对,给人添麻烦
给人添麻烦,你说老季上来 老季是一领导 是一区长
你说老季上来 老季是一领导 是一区长,人家上来这是真急了
人家上来这是真急了,真没招了
真没招了,真没办法了
真没办法了,才开口求人
才开口求人,人家怎么解决这事情
人家怎么解决这事情,你告诉方一凡
你告诉方一凡,赶紧把这检查给写了
赶紧把这检查给写了,把这事给了了
把这事给了了,不能随便写检查
不能随便写检查,你自己动动脑子
你自己动动脑子,这检查到时候他说了要入档的 入档案的 那方一帆还怎么参加高考
这检查到时候他说了要入档的 入档案的 那方一帆还怎么参加高考,这档案是要一辈子跟着的
这档案是要一辈子跟着的,我亲爱的媳妇
我亲爱的媳妇,你刚才就幼稚 你是打算幼稚到底是吗
你刚才就幼稚 你是打算幼稚到底是吗,你听说过一中学生写个检查还搁档案里
你听说过一中学生写个检查还搁档案里,档案得写多厚
档案得写多厚,你按这个 我小时候档案里这么厚
你按这个 我小时候档案里这么厚,对不对
对不对,怎么可能
怎么可能,刚才老季都说了
刚才老季都说了,这是个很妥善的方法
这是个很妥善的方法,孩子写了检查
孩子写了检查,家长互相都知道了
家长互相都知道了,校长和老师都在这听着 这个事 校内解决了
校长和老师都在这听着 这个事 校内解决了,一旦传播出去
一旦传播出去,一说 说这事怎么回事
一说 说这事怎么回事,两边家长都承认了
两边家长都承认了,都知道这事儿
都知道这事儿,俩孩子互相道歉了
俩孩子互相道歉了,这车也不是他们家的就完了
这车也不是他们家的就完了,这你赶紧让方一凡写了
这你赶紧让方一凡写了,好好的 平白无故落个检查
好好的 平白无故落个检查,还有万一他们家要真有法拉利对不对
还有万一他们家要真有法拉利对不对,你平常看不看电视剧
你平常看不看电视剧,电视剧里怎么演的
电视剧里怎么演的,贪官都把钱藏在冰箱里边
贪官都把钱藏在冰箱里边,怎么 季胜利他疯了
怎么 季胜利他疯了,给他儿子买个法拉利
给他儿子买个法拉利,让儿子把车开到学校去
让儿子把车开到学校去,生怕别人不知道他是贪官啊
生怕别人不知道他是贪官啊,可是明天要考试
可是明天要考试,你让他写检查
你让他写检查,方一凡哪有时间写检查
方一凡哪有时间写检查,没让他写检查
没让他写检查,谁让他写检查了
谁让他写检查了,什么没让他写检查
什么没让他写检查,你脑子坏了
你脑子坏了,你刚刚自己答应季胜利的写检查的
你刚刚自己答应季胜利的写检查的,我写
我写,怎么会让她写
怎么会让她写,这不是我强项吗
这不是我强项吗,赶紧写检查去
你干嘛,你先停一下
你先停一下,表情包的事儿我跟你说一下
能不能明天再说,不能明天说
不能明天说,明天必须解决
明天必须解决,复习先放一放
复习先放一放,不耽误这会儿
你说,杨杨你不是孩子了
杨杨你不是孩子了,遇到这种事情一定要严肃对待
遇到这种事情一定要严肃对待,表情包的事情不是闹着玩的
表情包的事情不是闹着玩的,你要有敏感性
你要有敏感性,明天我和你妈去学校
明天我和你妈去学校,方一凡的爸爸妈妈也会去学校的
方一凡的爸爸妈妈也会去学校的,我们当着老师的面把这个事情正式处理了
干吗,你先停一下
你先停一下,表情包的事儿我跟你说一下
能不能明天再说,不能明天说
不能明天说,明天必须解决
明天必须解决,复习先放一放
复习先放一放,不耽误这一会
你说,杨杨 你不是孩子了
杨杨 你不是孩子了,遇到这种事情一定要严肃对待
遇到这种事情一定要严肃对待,表情包的事情不是闹着玩的
表情包的事情不是闹着玩的,你要有敏感性
你要有敏感性,明天我和你妈去学校
明天我和你妈去学校,方一凡的爸爸妈妈也会去学校的
方一凡的爸爸妈妈也会去学校的,我们当着老师的面把这个事情正式处理了
您不会还要请校长,你说对了
你说对了,就是要请校长主持会议
我跟校长可不熟,胡闹
胡闹,你惹的祸你不去谁去
你惹的祸你不去谁去,你必须去 
别带上我,看来你还是没有认清你自己的错误
看来你还是没有认清你自己的错误,合着我之前跟你说的都白说了
合着我之前跟你说的都白说了,好好
好好,我再跟你说一遍
我再跟你说一遍,表情包事件
表情包事件,方一凡有错你也有错
方一凡有错你也有错,而且你错在先
而且你错在先,我季胜利一生清廉
我季胜利一生清廉,从来对豪车豪宅不沾边的
从来对豪车豪宅不沾边的,你开这个法拉利去学校
你开这个法拉利去学校,这本来就违反校纪校规的
这本来就违反校纪校规的,并且给我们家庭造成了极其恶劣的影响
并且给我们家庭造成了极其恶劣的影响,你必须道歉
你必须道歉,并且是书面道歉 给你 给学校一个交代
并且是书面道歉 给你 给学校一个交代,干嘛你 你至于吗 你发这么大的火
干嘛你 你至于吗 你发这么大的火,你坐
你坐,我跟你讲
我跟你讲,我平常发火吗
我平常发火吗,对不对
对不对,该发火就得发火
该发火就得发火,你要不下不住他
你要不下不住他,他这是皮惯了
他这是皮惯了,这是真事 这是个正事儿你知道吗
这是真事 这是个正事儿你知道吗,所以他是小孩
所以他是小孩,他不懂事
他不懂事,什么小孩18了
什么小孩18了,那是小孩
那是小孩,你也要给他
你也要给他,18岁
18岁,我都谈恋爱了
我都谈恋爱了,18岁
18岁,不是
不是,我说18岁我都已经
我说18岁我都已经,对 上大学了对不对
对 上大学了对不对,等会咱比划这个事
等会咱比划这个事,不 先不说这事
不 先不说这事,说说方一凡的事
说说方一凡的事,你要给他一个接受和成长的空间吗
你要给他一个接受和成长的空间吗,是不是
是不是,但是我跟你讲
但是我跟你讲,童文洁 他再错 真的要影响人家杨杨考大学怎么办
童文洁 他再错 真的要影响人家杨杨考大学怎么办,你真的让人老季真的受个处分
你真的让人老季真的受个处分,在机关单位受个处分
在机关单位受个处分,工作没了
工作没了,咱担得起这责任吗
咱担得起这责任吗,不是开玩笑
不是开玩笑,那爸爸 什么李刚的 那不是瞎扯的
那爸爸 什么李刚的 那不是瞎扯的,真有这么个事
真有这么个事,俩性质他是
俩性质他是,但是会影响他的
但是会影响他的,这个是什么
这个是什么,他这个是小事情对吧
他这个是小事情对吧,但是对方是一一个比较敏感的人物
但是对方是一一个比较敏感的人物,所以我这样想 行了 你也别说
所以我这样想 行了 你也别说,对普通人也不能这样
对普通人也不能这样,不能用错的事情去解决另外一个错的事情
不能用错的事情去解决另外一个错的事情,对不对
对不对,咱得教孩子这个
咱得教孩子这个,你刚刚是真生气吗
你刚刚是真生气吗,你就吓我一跳
你就吓我一跳,有真有假
有真有假,你得吓唬吓唬他
你得吓唬吓唬他,我这 还行吧
我这 还行吧,行 去 吓唬完了赶紧去帮他写检查
行 去 吓唬完了赶紧去帮他写检查,我写这分分钟 一肚子检查
我写这分分钟 一肚子检查,赶紧去赶紧去
赶紧去赶紧去,我专业写检查的
我专业写检查的,你说你也是的
你说你也是的,孩子明天还考试
孩子明天还考试,知道我知道
知道我知道,快去写去
快去写去,我这打腹稿呢
我这打腹稿呢,你别动 我想呢 亲爱的老师
你别动 我想呢 亲爱的老师,你发完火你是没事了
你发完火你是没事了,孩子一肚子气 我去摩挲摩挲
孩子一肚子气 我去摩挲摩挲,你别进来
你别进来,我今天早上想问你
我今天早上想问你,碰到不顺心的事了
碰到不顺心的事了,对了
对了,刚才我对杨杨的做法你觉得妥当不妥当
刚才我对杨杨的做法你觉得妥当不妥当,我觉得你这次做的特别合适
我觉得你这次做的特别合适,我还是觉得你今天怪怪的
我还是觉得你今天怪怪的,有什么心事跟我说说行吗
有什么心事跟我说说行吗,我跟你东奔西跑这么多年
我跟你东奔西跑这么多年,跟杨杨分割这么多年
跟杨杨分割这么多年,现在又为了杨杨高考
现在又为了杨杨高考,折腾回北京
折腾回北京,一家子又搬到小区里
一家子又搬到小区里,离你的单位远 里我的单位远 都是为了杨杨
离你的单位远 里我的单位远 都是为了杨杨,可是我觉得这一切
可是我觉得这一切,是我们想要的生活
是我们想要的生活,来说去还是为了儿子的事
来说去还是为了儿子的事,相信我
相信我,明天到学校说清楚了
明天到学校说清楚了,这件事就解决了
这件事就解决了,你别太操心了
你别太操心了,你赶快去洗个澡
你赶快去洗个澡,累一天了
累一天了,我这基本上都装完了
我这基本上都装完了,你那怎么样了
你那怎么样了,没问题了吧
没问题,那行
那行,我一会就过去送卷子
我替你去,我自己就行
我自己就行,不是不是
我可以连你还有卷子一起送,你要再这样
你要再这样,跟我开玩笑
跟我开玩笑,我告你骚扰了
你说你这个人怎么那么不进油盐,进也得分场合
进也得分场合,谁像你啊 也不挑地
谁像你啊 也不挑地,你要真想帮我的话
你要真想帮我的话,我明天去区里边 我判卷子去
我明天去区里边 我判卷子去,你替我去得了行不行
你替我去得了行不行,正好明天学校放假
你让我去替你判,我以为你为了我可以多学点
我以为你为了我可以多学点,行了不跟你贫了
行了不跟你贫了,弄好了咱们赶紧去校长办公室开会
开会,校长办公室
没有必要搞得这么兴师动众,潘老师
潘老师,你觉悟有点低
我怎么就觉悟低了,我跟你说刚开学那会儿
我跟你说刚开学那会儿,季杨杨法拉利开到学校里来
季杨杨法拉利开到学校里来,我那时候最担心的就是有人把这事放到网上去
我那时候最担心的就是有人把这事放到网上去,你说现在这帮孩子 不管是什么都觉得好玩
你说现在这帮孩子 不管是什么都觉得好玩,都可以开玩笑
都可以开玩笑,你说现在这网络多吓人
你说现在这网络多吓人,你熟人和熟人之间开玩笑属于正常
你熟人和熟人之间开玩笑属于正常,你陌生人之间开玩笑那就不一样了
你陌生人之间开玩笑那就不一样了,现在网络上你随便发一个什么都有可能被传播开
现在网络上你随便发一个什么都有可能被传播开,对不对
对不对,如果要有一个人犯错误了
如果要有一个人犯错误了,被网友一抨击
被网友一抨击,再一人肉 这个人这辈子就算完了
再一人肉 这个人这辈子就算完了,被否定了
被否定了,想翻身都难
想翻身都难,网络上无端的戾气是会伤人的
网络上无端的戾气是会伤人的,你更何况这些孩子们
你更何况这些孩子们,所以我跟你说
所以我跟你说,校长和季区长对这件事的处理方式完全是正确的
校长和季区长对这件事的处理方式完全是正确的,我绝对支持
我绝对支持,起码出发点是为了孩子好
起码出发点是为了孩子好,对不对
我觉得你将来肯定能当校长,我要是当了校长
我要是当了校长,我也得在学校这个规则里边加一条 老师和老师
我也得在学校这个规则里边加一条 老师和老师,之间不许谈恋爱
之间不许谈恋爱,还有潘老师
还有潘老师,这个杯子是你的吧
这个杯子是你的吧,你给我是什么意思
你给我是什么意思,来 赶紧 喝完开会
走了,刚才血压那么高
刚才血压那么高,你别喝了
你别喝了,你让我喝两口
你让我喝两口,心里有数
心里有数,那就吃口东西
那就吃口东西,别空腹喝
别空腹喝,你不吃吗
你不吃吗,我也不饿
我也不饿,我跟儿子 怎么搞成这样
我跟儿子 怎么搞成这样,刚才打他一巴掌
刚才打他一巴掌,我是气头上
我是气头上,打完了我都蒙了
打完了我都蒙了,别想了
别想了,他做的也不对
他做的也不对,杨杨现在在哪
杨杨现在在哪,没事
没事,让他回来吧
让他回来吧,总躲着也不是个事
总躲着也不是个事,也不是个事儿
也不是个事儿,今天就算了
今天就算了,让他好好反省
让他好好反省,你是不是哪不舒服
你是不是哪不舒服,这两天光想着儿子了
这两天光想着儿子了,忘了问你去医院检查了吗
忘了问你去医院检查了吗,还没来得及
还没来得及,过两天
过两天,要不你跟我一块去
要不你跟我一块去,明天上班 跟办公室说一声
明天上班 跟办公室说一声,约个周末体检 给你约个全身检查
约个周末体检 给你约个全身检查,我们定点医院
我们定点医院,服务还不错
服务还不错,自费呢 也不贵 做个全身检查放心点
自费呢 也不贵 做个全身检查放心点,让你们单位的人约
让你们单位的人约,不太好
不太好,我答应你这两天我就找时间去
我答应你这两天我就找时间去,最后一杯啊
最后一杯啊,你喝完了早点睡
你喝完了早点睡,咱们都不年轻了
咱们都不年轻了,是
是,这一天天的真累
你是不感冒了,没事 就鼻子有点痒
你得学会利用这个时间,可是表哥放假不学习还能干嘛
我免费给你看,合着 你平时还收费
合着 你平时还收费,我不打
我不打,反正我也没兴趣
总比在这一直闷着头学习强,不行
不行,我得好好复习化学、这回考试 电解质这一块
我得好好复习化学、这回考试 电解质这一块,我的题做的不好
我的题做的不好,我估计出了成绩之后
我估计出了成绩之后,我的理综得降分了
要学会放松,可是我不想降分
不是这谁,表哥
表哥,你不是大神直播吃鸡吗
发的什么,你看这孩子
你看这孩子,小点声
小点声,他喝醉了啥也听不见
他喝醉了啥也听不见,方一凡 你看 听不见 这醉成这样还能听得见咱说话
方一凡 你看 听不见 这醉成这样还能听得见咱说话,其实孩子心里明镜似的
其实孩子心里明镜似的,啥都知道
啥都知道,你看 就在游泳池
你看 就在游泳池,季杨杨学他爸爸
季杨杨学他爸爸,他学我 俩人还拿肚子在那顶着
他学我 俩人还拿肚子在那顶着,有时候咱们看着他们俩是小孩
有时候咱们看着他们俩是小孩,这俩走到街上
这俩走到街上,人家看着18岁的成年人
人家看着18岁的成年人,其实他们懂的不比咱们少
其实他们懂的不比咱们少,以后要当他们是大人知道吧
以后要当他们是大人知道吧,经过这一晚上
经过这一晚上,我突然好爱你
我突然好爱你,爱我们的孩子
爱我们的孩子,我突然觉得生命好脆弱
我突然觉得生命好脆弱,人生好短暂
人生好短暂,好好珍惜
好好珍惜,好好爱你们 珍惜你们
好好爱你们 珍惜你们,还有磊儿
还有磊儿,我们一家人永远不要分开
我们一家人永远不要分开,一家人在一起
一家人在一起,最重要的就是齐齐整整
最重要的就是齐齐整整,整整齐齐
整整齐齐,媳妇儿 你看 这万户千家
媳妇儿 你看 这万户千家,万家灯火的 你说人这一辈子图什么
万家灯火的 你说人这一辈子图什么,国泰民安
国泰民安,相安无事的活着
相安无事的活着,挺好的
挺好的,只要一家人在一起永远不分开
只要一家人在一起永远不分开,我突然有一个好主意
我突然有一个好主意,什么
什么,你想不想喝一口
你想不想喝一口,反正他们俩也喝醉了
反正他们俩也喝醉了,干脆咱们全家都喝醉了得了
干脆咱们全家都喝醉了得了,我拿酒去
我拿酒去,妈
妈,吵醒你了
吵醒你了,怎么了
怎么了,哪不舒服吗
哪不舒服吗,那快睡
那快睡,要不然到明天该头疼了
要不然到明天该头疼了,快睡
快睡,我还以为
我还以为,你不会再关心我
你不会再关心我,我看手机才知道
我看手机才知道,你也给我打过电话
你也给我打过电话,这傻孩子
这傻孩子,妈妈不关心你关心谁
妈妈不关心你关心谁,你记着在这世界上 妈妈最爱的就是你 其实自从你到了妈妈的肚子里
你记着在这世界上 妈妈最爱的就是你 其实自从你到了妈妈的肚子里,妈妈就没跟你分开过
妈妈就没跟你分开过,从来没有觉得你已经离开妈妈的身体了
从来没有觉得你已经离开妈妈的身体了,更没离开过妈妈的心
更没离开过妈妈的心,明白吗
明白吗,好了 睡吧
好了 睡吧,刘静
刘静,谢谢你
谢谢你,怎么突然想 想起来说谢了
怎么突然想 想起来说谢了,我是真心的
我是真心的,这两天儿子给我上了一课
这两天儿子给我上了一课,我突然明白了一些事情
我突然明白了一些事情,这些年我对你们的关心太少了
这些年我对你们的关心太少了,对不起
对不起,老季 别瞎想
老季 别瞎想,咱们这么多年的夫妻了
咱们这么多年的夫妻了,只有我最知道你 你就是理想主义者
只有我最知道你 你就是理想主义者,心里面有那么多的梦想
心里面有那么多的梦想,总想着让别人能过得好一点
总想着让别人能过得好一点,我当然要支持你了
我当然要支持你了,我从来都没有怪过你
我从来都没有怪过你,起这么早
起这么早,这才几点怎么不多睡会儿
这才几点怎么不多睡会儿,降温了
降温了,我把这些厚衣服给你们拿出来
我把这些厚衣服给你们拿出来,还没到穿棉服的时候吧
还没到穿棉服的时候吧,这多冷 屋里边 咱们又是一层
这多冷 屋里边 咱们又是一层,这没来暖气的
这没来暖气的,多穿点没错
多穿点没错,没那么夸张
没那么夸张,现在才11月份
现在才11月份,现在穿这么厚
现在穿这么厚,往后该穿什么
往后该穿什么,咱们都多久没在北京过冬了
咱们都多久没在北京过冬了,北京的11月初最容易得感冒了
北京的11月初最容易得感冒了,你不穿我穿
你不穿我穿,前两天还嘲笑我穿秋裤
前两天还嘲笑我穿秋裤,今天这是怎么了
今天这是怎么了,这么注重保暖
这么注重保暖,我也怕得老寒腿
我也怕得老寒腿,你待会上班的时候把这件穿上
你待会上班的时候把这件穿上,我去做早饭了
我去做早饭了,快起来
快起来,妈妈今天做了好多好吃的 快点
妈妈今天做了好多好吃的 快点,您做的肯定好吃
您做的肯定好吃,油条豆腐脑吗
油条豆腐脑吗,你想吃油条豆腐脑啊
你想吃油条豆腐脑啊,我就是随口一说的
我就是随口一说的,其实妈妈也可以准备油条豆腐脑的
其实妈妈也可以准备油条豆腐脑的,不是 我就吃您做的就行了
不是 我就吃您做的就行了,您做的肯定特别有营养
您做的肯定特别有营养,应该还来得及 你赶快抓紧时间起来
应该还来得及 你赶快抓紧时间起来,我先下趟楼给你买去
我先下趟楼给你买去,妈我真的随口一说
妈我真的随口一说,没事
没事,你赶快得抓紧时间
你赶快得抓紧时间,我吃您做了就行了
我吃您做了就行了,真不用
真不用,我很快回来
我很快回来,不是 妈 妈
不是 妈 妈,我不是那意思
我不是那意思,排骨汤
排骨汤,还有这个
还有这个,这是什么
这是什么,海参啊
海参啊,葱烧海参
葱烧海参,上次你不是觉得蘸芥末腥吗
上次你不是觉得蘸芥末腥吗,所以妈妈今天一早起来 想了想 给你做了一个葱烧海参
所以妈妈今天一早起来 想了想 给你做了一个葱烧海参,这回就一点都不腥气了
这回就一点都不腥气了,来尝尝
来尝尝,好香
好香,谢谢妈妈
谢谢妈妈,感觉怎么样
感觉怎么样,我尝尝
我尝尝,还行吗
还行吗,好吃
好吃,英子
英子,对不起啊
对不起啊,刚才没有买油条和豆腐脑
刚才没有买油条和豆腐脑,我知道大家都挺喜欢吃的
我知道大家都挺喜欢吃的,可是妈妈下楼一看
可是妈妈下楼一看,大锅油不知道炸了多少了
大锅油不知道炸了多少了,不知道炸几天了
不知道炸几天了,对不对
对不对,是
是,而且那油从哪来的我也不知道
而且那油从哪来的我也不知道,万一是地沟油
万一是地沟油,你一说这地沟油
你一说这地沟油,我就恶心
我就恶心,是吧
是吧,能对身体健康吗
能对身体健康吗,我一想还是算了以后
我一想还是算了以后,我觉得这东西还是少吃一点好
我觉得这东西还是少吃一点好,那种东西我觉得真的不能吃
那种东西我觉得真的不能吃,就吃您给我做的早餐
就吃您给我做的早餐,您说又丰盛又好吃又有营养
您说又丰盛又好吃又有营养,是不是
是不是,我记住您的话
我记住您的话,油条那种东西我以后不碰
油条那种东西我以后不碰,真乖
真乖,本来妈妈想陪你一块吃的
本来妈妈想陪你一块吃的,可是妈妈今天公司有一个教师培训一早就开始
可是妈妈今天公司有一个教师培训一早就开始,妈妈是组织者
妈妈是组织者,又是老师
又是老师,是不是得早点去准备
是不是得早点去准备,不吃了
不吃了,来不及了
来不及了,多吃两口吃两口
多吃两口吃两口,这来不及就先走了
这来不及就先走了,你再吃一口
你再吃一口,来
来,好
好,多吃点啊
多吃点啊,怎么了
怎么了,妈妈做的不好吃是吧
妈妈做的不好吃是吧,来 漱口
来 漱口,妈做的东西不喜欢吃
妈做的东西不喜欢吃,不是
不是,我是昨天那酒有点恶心
我是昨天那酒有点恶心,所以以后再也别喝酒了
所以以后再也别喝酒了,我给你再弄点什么
我给你再弄点什么,你不是要上班吗
你不是要上班吗,你快点走
你快点走,别迟到了
别迟到了,那你自己行吗
那你自己行吗,我没问题
我没问题,我再给你弄杯蜂蜜水
我再给你弄杯蜂蜜水,我自己来就行
我自己来就行,你不用管我了
你不用管我了,刚才那杯喝了吗
刚才那杯喝了吗,喝了是吧
喝了是吧,蜂蜜在哪 知道啊
蜂蜜在哪 知道啊,行行 你自己行是吧
行行 你自己行是吧,好好
好好,我先走了
我先走了,路上小心
路上小心,我走了你抓紧点
我走了你抓紧点,没问题
没问题,你为什么觉得宇宙治愈呢
你为什么觉得宇宙治愈呢,我之前看过一个bbc的纪录片
我之前看过一个bbc的纪录片,里面就说当我们注意太空的时候
里面就说当我们注意太空的时候,我们的故事就是宇宙的故事
我们的故事就是宇宙的故事,因为我们是恒星
因为我们是恒星,真正的孩子
真正的孩子,我就觉得宇宙特别浪漫
我就觉得宇宙特别浪漫,研究宇宙的天文学也特别浪漫
研究宇宙的天文学也特别浪漫,而且研究宇宙的时候
而且研究宇宙的时候,我们才能感受到自己有多渺小
我们才能感受到自己有多渺小,也只有在研究宇宙的时候
也只有在研究宇宙的时候,我们才能知道我们的生命 其实既有限又无限
我们才能知道我们的生命 其实既有限又无限,可惜我们不能时时刻刻沉浸在其中
可惜我们不能时时刻刻沉浸在其中,一回到现实
一回到现实,我就会为很多生活中的事情烦心
我就会为很多生活中的事情烦心,比如考试
比如考试,比如我妈
比如我妈,我听说你学习特别的好
我听说你学习特别的好,一次考差了有什么关系
一次考差了有什么关系,你下次追上来不就行了
你下次追上来不就行了,要是下次追不上来呢
要是下次追不上来呢,那就不追
那就不追,谁规定的你次次都要名列前茅
谁规定的你次次都要名列前茅,我其实今天也问了自己这个问题
我其实今天也问了自己这个问题,谁规定的呢
谁规定的呢,学校 我妈 全部都在规定我
学校 我妈 全部都在规定我,我必须得次次都考好
我必须得次次都考好,我觉得特别累
我觉得特别累,你这样想
你这样想,等你到了我这个年龄
等你到了我这个年龄,你就会知道了
你就会知道了,规定太多了
规定太多了,你不可能每一样都完成
你不可能每一样都完成,我什么时候才能想明白人生
我什么时候才能想明白人生,你希望自己的人生是什么样的
你希望自己的人生是什么样的,我也没想好
我也没想好,但我就是希望可以一辈子不用活在条条框框里
但我就是希望可以一辈子不用活在条条框框里,我可以一辈子过着无拘无束的人生
我可以一辈子过着无拘无束的人生,我希望我可以一辈子都过得和别人不一样
我希望我可以一辈子都过得和别人不一样,跟人一样有什么不好的
跟人一样有什么不好的,也没什么不好
也没什么不好,现在不是都说什么有趣的灵魂
现在不是都说什么有趣的灵魂,万里挑一吗
万里挑一吗,我就想做那枚有趣的灵魂
我就想做那枚有趣的灵魂,我说这么多你不会觉得烦
我说这么多你不会觉得烦,没有
没有,我觉得特别有意思
我觉得特别有意思,真的
真的,我觉得你有思想有勇气
我觉得你有思想有勇气,阿姨要是能有你这一半就好了
阿姨要是能有你这一半就好了,阿姨我其实觉得你现在这样真的特别好
阿姨我其实觉得你现在这样真的特别好,从容平静
从容平静,又宽容开明
又宽容开明,你肯定是个特别好的妈妈
你肯定是个特别好的妈妈,杨杨平时在家里边是不是就特别开心
杨杨平时在家里边是不是就特别开心,特别自由
特别自由,让你失望了
让你失望了,我其实也会骂杨杨
我其实也会骂杨杨,那你肯定比我妈好 你不知道就
那你肯定比我妈好 你不知道就,算了不提她了
算了不提她了,其实 所有的父母都做不到他孩子想的那样 毕竟当父母不需要参加考试
其实 所有的父母都做不到他孩子想的那样 毕竟当父母不需要参加考试,也不需要参加分配
也不需要参加分配,成年人嘴里每天叨叨 别人家的孩子怎么样
成年人嘴里每天叨叨 别人家的孩子怎么样,你想这个世界上不是也有别人家的妈妈
你想这个世界上不是也有别人家的妈妈,你别看我在这给你说一大堆的道理
你别看我在这给你说一大堆的道理,等我回了家
等我回了家,我面对杨杨
我面对杨杨,我还真的不知道我该怎么跟他沟通
我还真的不知道我该怎么跟他沟通,每一家都有他自己要去解决的题
每一家都有他自己要去解决的题,我想你妈妈替你挡住的可能比她告诉你的要多得多
我想你妈妈替你挡住的可能比她告诉你的要多得多,所以别去那样说
所以别去那样说,你妈妈 他要是知道了
你妈妈 他要是知道了,得多伤心
得多伤心,慢慢的你就会懂了
慢慢的你就会懂了,这些事 宇宙他教不了你
这些事 宇宙他教不了你,一会儿宋倩阿姨来
一会儿宋倩阿姨来,我给你把6科都报上
我给你把6科都报上,每天放学以后直接上这儿来写作业写卷子上补习班
每天放学以后直接上这儿来写作业写卷子上补习班,什么时候把作业做完了
什么时候把作业做完了,什么时候回家
什么时候回家,做不完就不用回家了
你报什么补习班,你分根本没有上去
你分根本没有上去,根本就没提上来
根本就没提上来,李老师说了
李老师说了,这次统考卷子容易大家成绩都提上来了
这次统考卷子容易大家成绩都提上来了,虽然你考了456
虽然你考了456,就等于你之前分班考了399
就等于你之前分班考了399,可能399还不到
可能399还不到,就是个水涨船高的意思
就是个水涨船高的意思,大家都进步了
大家都进步了,你不就等于没有进步吗
你不就等于没有进步吗,好
好,方一凡
方一凡,你不要对妈妈有敌对情绪
你不要对妈妈有敌对情绪,妈妈也不跟你吼
妈妈也不跟你吼,妈妈就问你
妈妈就问你,你好好跟妈妈说你这两个月到底怎么回事
你好好跟妈妈说你这两个月到底怎么回事,你说你努力了
你说你努力了,你的成绩在哪里
你的成绩在哪里,你努力到哪去了
你努力到哪去了,为什么分数不见提上来
为什么分数不见提上来,方一凡你看着妈妈
方一凡你看着妈妈,妈妈问你呢
妈妈问你呢,你说爸爸妈妈对你好不好
你说爸爸妈妈对你好不好,为你付出多少
为你付出多少,为了让你跟磊儿能够多睡一会儿
为了让你跟磊儿能够多睡一会儿,我们从那么远的地方搬到这儿来
我们从那么远的地方搬到这儿来,每个月多花1万多块钱
每个月多花1万多块钱,这钱天上掉下来的
这钱天上掉下来的,你说你从小到大所有的这些要求
你说你从小到大所有的这些要求,妈妈哪一个没有答应你
妈妈哪一个没有答应你,我就一个要求
我就一个要求,就是你把这个成绩搞上去
就是你把这个成绩搞上去,现在高三了
现在高三了,你真的要把所有的心机放在上面
所以这根本就没有可比性,我就是比成绩 我什么都不跟你比
但我在别的方面就是比他们要强 你知道吗,方一凡你听妈妈说
方一凡你听妈妈说,别的地方没有用
别的地方没有用,考学 考大学只靠这个成绩
你永远都看不到我好,我怎么看不到你好
又跟别人比这有用吗,方一凡 你班级中游没有用
方一凡 你班级中游没有用,你班级上游都没有用
你班级上游都没有用,你怎么不清楚 你们那个班叫基础班
你怎么不清楚 你们那个班叫基础班,还是没得大学上啊 考大学
还是没得大学上啊 考大学,不看你这个 考大学就看你的成绩
不看你这个 考大学就看你的成绩,你说你这好那好 都没有用
你眼里都只有大学是吧,你给我坐下，你小点声
我祝你考个好大学 妈咪,凡凡呢 吵架了
凡凡呢 吵架了,为什么
为什么,期中考成绩方一凡450
期中考成绩方一凡450,比上次进步了57分
比上次进步了57分,但是还是全区排名最后15%
但是还是全区排名最后15%,还是没的学上
还是没的学上,成绩什么时候出来的我怎么都不知道
成绩什么时候出来的我怎么都不知道,英子也不给我打个电话
英子也不给我打个电话,李萌刚给我打了电话
李萌刚给我打了电话,我一直刷系统 我也没看见
我一直刷系统 我也没看见,可能还没录完吧
可能还没录完吧,不接电话什么情况
不接电话什么情况,我还是给李萌打电话
我还是给李萌打电话,喂
喂,对对对 我问一下成绩
对对对 我问一下成绩,没在学校
没在学校,英子也没考好
英子也没考好,历史新低
历史新低,多少分
多少分,才620分
才620分,620多 你知足
620多 你知足,你还要他怎么样
你还要他怎么样,文洁
文洁,你想想看连方一凡都考456分
你想想看连方一凡都考456分,这样的简单的卷子他才考620分
这样的简单的卷子他才考620分,我真崩溃死了
我真崩溃死了,现在还不知道跑哪去了
现在还不知道跑哪去了,我们俩真是同病相怜
我们俩真是同病相怜,怎么了
怎么了,儿子
儿子,你妈妈呢
疯了她,不能这么说自己妈妈 你两吵架了
教育 天天给我上补习班,你妈妈呢
你妈妈呢,住那儿了
住那儿了,你自己跑回来的
我又不是狗,来
来,先把饭吃了
我不去,先把披萨饼吃了去
先把披萨饼吃了去,我给你打包回来了
不想吃,快点起来
快点起来,爸爸把饼都给你热过了
爸爸把饼都给你热过了,你不是想吃一披萨吗
你不是想吃一披萨吗,我给你买回来了
我给你买回来了,我给你点了一新的
我给你点了一新的,成了 生这么大气
成了 生这么大气,别生气了
别生气了,跟自己儿子还真生气
跟自己儿子还真生气,刚才我已经说他了
刚才我已经说他了,怎么说他的
怎么说他的,我严厉的批评他
我严厉的批评他,严肃的批评他
严肃的批评他,我说你这样不对
我说你这样不对,不管发生什么事情
不管发生什么事情,不管遇到什么情况都不能跟妈妈嚷嚷
不管遇到什么情况都不能跟妈妈嚷嚷,不能对妈妈不礼貌不尊重
不能对妈妈不礼貌不尊重,对不对
对不对,妈妈含辛茹苦把你养这么大
妈妈含辛茹苦把你养这么大,你怎么能跟妈妈嚷嚷
你怎么能跟妈妈嚷嚷,这是原则问题
这是原则问题,以后绝对不许再犯
以后绝对不许再犯,方圆
方圆,我真是
我真是,我真是这18年白养他了
我真是这18年白养他了,养了个白眼狼
养了个白眼狼,说发脾气就发脾气
说发脾气就发脾气,他还冲我吼
他还冲我吼,这儿子是自己的儿子
这儿子是自己的儿子,怎么会白养呢
怎么会白养呢,怎么可能白养呢
怎么可能白养呢,俗话说
俗话说,家鸡打得团团转
家鸡打得团团转,野鸡打的满天飞
野鸡打的满天飞,自己家的儿子就算你平常说他几句说得重了点
自己家的儿子就算你平常说他几句说得重了点,给两巴掌
给两巴掌,那也不会是白养打不跑的
那也不会是白养打不跑的,行了
行了,我觉得这事看怎么说
我觉得这事看怎么说,横看成岭侧成峰
横看成岭侧成峰,远近高低各不同
远近高低各不同,关键你怎么看这个事
关键你怎么看这个事,我还能怎么看
我还能怎么看,好了 瞧你哭的 这事啊
好了 瞧你哭的 这事啊,得分
得分,你到底是竖着看还是横着看
你到底是竖着看还是横着看,比如说你要是竖着看方一凡这事
比如说你要是竖着看方一凡这事,他还是进步了
他还是进步了,咱们家那举家欢腾
咱们家那举家欢腾,你非得横着看
你非得横着看,那不得举国哀悼吗
那不得举国哀悼吗,可是方圆 他没有进步
可是方圆 他没有进步,是卷子容易了
是卷子容易了,你怎么这么糊涂
你怎么这么糊涂,所以
所以,他这是原地踏步
他这是原地踏步,我急的就是这个啊
我急的就是这个啊,所以我说关键你怎么看这个事
所以我说关键你怎么看这个事,没错
没错,他可能 你要是这么横着看
他可能 你要是这么横着看,他确实没什么进步
他确实没什么进步,大家都进步了
大家都进步了,卷子容易了
卷子容易了,所以我才说你得竖着看
所以我才说你得竖着看,你竖着看这57分那也是一个进步
你竖着看这57分那也是一个进步,你要横着比是不是横着比
你要横着比是不是横着比,你跟英子能比吗
你跟英子能比吗,跟咱们家磊磊来比
跟咱们家磊磊来比,那能比吗
那能比吗,那不是一回事
那不是一回事,所以这事儿你绝对不能横着比
所以这事儿你绝对不能横着比,你就得竖着看
你就得竖着看,我没法数着看
我没法数着看,因为高考是横着比的
因为高考是横着比的,好
好,高考是横着比的
高考是横着比的,职场也是横着看的
职场也是横着看的,人这辈子好多时候都是横着看的
人这辈子好多时候都是横着看的,但是横着看
但是横着看,横着看能怎么着
横着看能怎么着,横着看一时的得意
横着看一时的得意,一时的痛苦 也就这个了
一时的痛苦 也就这个了,得意也是什么
得意也是什么,也是不理智的
也是不理智的,得意 也是盲目的得意
得意 也是盲目的得意,痛苦的也是不着边际的痛苦
痛苦的也是不着边际的痛苦,但是人这一辈子 童文洁
但是人这一辈子 童文洁,人这一辈子
人这一辈子,从头走到尾
从头走到尾,有一天你回首往事的时候
有一天你回首往事的时候,你看自己人生的时候
你看自己人生的时候,你是竖着看还是横着看
你是竖着看还是横着看,你所有的成功、失败、进步、退步、欢乐、喜悦、痛苦、悲伤全部都得竖着看它
你所有的成功、失败、进步、退步、欢乐、喜悦、痛苦、悲伤全部都得竖着看它,都在你自己身上
都在你自己身上,你怎么可能横着看
你怎么可能横着看,能把这些东西看明白呢
能把这些东西看明白呢,咱让孩子 让孩子先学会心知肚明
咱让孩子 让孩子先学会心知肚明,有自知之明
有自知之明,先学会竖着看自己的人生
先学会竖着看自己的人生,这也是一种进步
这也是一种进步,总比让她每天跟比
总比让她每天跟比,最后计较得失
最后计较得失,患得患失要好
患得患失要好,你说呢
你说呢,我也不想让他跟别人比
我也不想让他跟别人比,我说有没有道理
我说有没有道理,说的有道理
说的有道理,好了别哭了
好了别哭了,这梨花带雨的
这梨花带雨的,关键是这样
关键是这样,你这么一直让他横着比竖着比
你这么一直让他横着比竖着比,最后有一天他脑子乱了
最后有一天他脑子乱了,让孩子好好的观察自己
让孩子好好的观察自己,好好的跟自己一块进步
好好的跟自己一块进步,这也是一种方式
这也是一种方式,好点没有 我说
好点没有 我说,心里舒服点没有
心里舒服点没有,还难受吗
还难受吗,难受
难受,好吧
好吧,还难受
还难受,可是我觉得我很受伤
可是我觉得我很受伤,我心里受伤
我心里受伤,我给你揉揉 好吗
我给你揉揉 好吗,给你揉揉衣服脱了
给你揉揉衣服脱了,瞧给热的汗都出来了
瞧给热的汗都出来了,来
来,不哭了
不哭了,哭一会得了
哭一会得了,释放一下就行了
释放一下就行了,这人就是这样
这人就是这样,人有时候就得是学会横着看还是竖着看
人有时候就得是学会横着看还是竖着看,你比如说我对你 比如你在这一照镜子 一化妆
你比如说我对你 比如你在这一照镜子 一化妆,我经常说真漂亮真好看
我经常说真漂亮真好看,这媳妇真是好看
这媳妇真是好看,其实什么
其实什么,好看
好看,漂亮这种词对于你来讲就显得苍白无力了
漂亮这种词对于你来讲就显得苍白无力了,你那是美
你那是美,你不要脸
你不要脸,真的
真的,你看你一笑有多好看
你看你一笑有多好看,是不是
是不是,不难受了
不难受了,你就想想这就是竖着看横着看的区别
你就想想这就是竖着看横着看的区别,竖着看
竖着看,也许人生的进步了
也许人生的进步了,你比如说方一凡这回考试的事情
你比如说方一凡这回考试的事情,你要是批评他
你要是批评他,呲他 他可能就退步了
呲他 他可能就退步了,你要是不予理睬
你要是不予理睬,他能停在原地
他能停在原地,你要是鼓励他给他加油
你要是鼓励他给他加油,给他喝彩
给他喝彩,肯定他这57分是个进步
肯定他这57分是个进步,他可能就真的进步了
他可能就真的进步了,我觉得这样 这事就过去了
我觉得这样 这事就过去了,好吧
好吧,你给孩子就说
你给孩子就说,说声对不起 道个歉
说声对不起 道个歉,这事结了
这事结了,我说不出口
我说不出口,这有什么说不出口的
这有什么说不出口的,我讲女中豪杰 说道歉就道歉 像你这样的巾帼英雄
我讲女中豪杰 说道歉就道歉 像你这样的巾帼英雄,绝对没问题
绝对没问题,我不说
我不说,好这样 我陪你去
好这样 我陪你去,你是随便说几句话
你是随便说几句话,方一凡 妈妈不生你气了
方一凡 妈妈不生你气了,不就完了 快去 今日事今日毕 床头吵完床尾和 咱俩是这样
不就完了 快去 今日事今日毕 床头吵完床尾和 咱俩是这样,你对自己儿子应该这样
你对自己儿子应该这样,好不好
好不好,来
来,你绝对是最棒的妈妈
你绝对是最棒的妈妈,这是做好妈妈的方法
这是做好妈妈的方法,也是做妈妈的好方法
也是做妈妈的好方法,来
来,好
好,气倒匀了
气倒匀了,我今天给杨杨他们老师打过电话了
我今天给杨杨他们老师打过电话了,期中考的成绩出来了
期中考的成绩出来了,怎么样
怎么样,449
449,跟以前基本持平
跟以前基本持平,这都两个多月了
这都两个多月了,怎么一点进步都没有
怎么一点进步都没有,他天天在学校都学什么了
他天天在学校都学什么了,你说咱们搬家不就是为了他学习吗
你说咱们搬家不就是为了他学习吗,一点进步都没有
一点进步都没有,真让人着急
真让人着急,我倒是觉得这孩子的考试成绩没那么重要
我倒是觉得这孩子的考试成绩没那么重要,只要开开心心的快快乐乐的就够了
只要开开心心的快快乐乐的就够了,什么叫就够了
什么叫就够了,你还不知道
你还不知道,他要是考不上大学他就完了
他要是考不上大学他就完了,他干吗
他干吗,天天跟他舅舅去开卡丁车
天天跟他舅舅去开卡丁车,不管怎么说
不管怎么说,这两天我不在
这两天我不在,你千万别因为他期中考成绩不好
你千万别因为他期中考成绩不好,你就责怪他发脾气什么的
你就责怪他发脾气什么的,前两天刚打完
前两天刚打完,你要是想敲打他
你要是想敲打他,你就找个机会好好的跟他谈好吗
你就找个机会好好的跟他谈好吗,你放心 头疼
你放心 头疼,你也歇着
你也歇着,妈
妈,我回来了
我回来了,洗手
洗手,妈
妈,你不吃吗
你不吃吗,你自己吃 我不太有胃口
你自己吃 我不太有胃口,妈我期中考试成绩出来了
妈我期中考试成绩出来了,我知道
我知道,我没考好
我没考好,我知道你没考好
我知道你没考好,你考了多少分
你考了多少分,600多
600多,600多少
600多少,620多
620多,620多
620多,在你们区里排第几
在你们区里排第几,我一定要好好总结原因
我一定要好好总结原因,我问你区里排第几
我问你区里排第几,进5%了
进5%了,进10%了
进10%了,那是进多少了
那是进多少了,15%
15%,进15%了，能考什么样的学校
进15%了，能考什么样的学校,对不起
对不起,我错了
我错了,我下回一定好好考
我这不看你不开心 来陪陪你,你能不能
你能不能,能不能让我安静一会
4个球,行了
行了,您不来烦我我就谢天谢地了
别不开心了 英子,鼻子怎么了
鼻子怎么了,流血了
流血了,怎么回事儿
怎么回事儿,不知道这屋里太干了
不知道这屋里太干了,你回头 这弄个加湿器吧
你回头 这弄个加湿器吧,仰着头吧
仰着头吧,你干什么呢
你干什么呢,你说研究什么
你说研究什么,研究你儿子的事儿
研究你儿子的事儿,什么叫我儿子 咱俩爱情的结晶 是咱俩的
什么叫我儿子 咱俩爱情的结晶 是咱俩的,讨债鬼
讨债鬼,我跟你说
我跟你说,气归气 我刚刚给潘帅打了个电话
气归气 我刚刚给潘帅打了个电话,我问了他到底今天怎么跟方一凡说的
我问了他到底今天怎么跟方一凡说的,他说他觉着方一凡挺有希望的
他说他觉着方一凡挺有希望的,觉得他是这块料
觉得他是这块料,让我们家长慎重考虑
让我们家长慎重考虑,但是他一教语文的
但是他一教语文的,你问他他能说得准吗
你问他他能说得准吗,所以我去上网查了一下
所以我去上网查了一下,我跟你说方一凡文化成绩应该差
我跟你说方一凡文化成绩应该差,不离没什么问题
不离没什么问题,重要的是专业得先过
重要的是专业得先过,艺考先考专业
艺考先考专业,可是专业太难过了
可是专业太难过了,他有基因
他有基因,我跟你说我以前也考过
我跟你说我以前也考过,我当年本来 谁想学法律
我当年本来 谁想学法律,我想考的播音专业
我想考的播音专业,我这张嘴叭叭叭 多合适
我这张嘴叭叭叭 多合适,我真的 你笑什么 真练过
我真的 你笑什么 真练过,绕口令 我给你来一段 吃葡萄不吐葡萄皮
绕口令 我给你来一段 吃葡萄不吐葡萄皮,不吃葡萄倒吐葡萄皮 白石塔
不吃葡萄倒吐葡萄皮 白石塔,白石塔 白塔 多溜是吧
白石塔 白塔 多溜是吧,是不是还可以
是不是还可以,我再来一个 说滴滴不是喇嘛来
我再来一个 说滴滴不是喇嘛来,你说你嘴皮子这么溜
你说你嘴皮子这么溜,为什么你最后去了政法大学
为什么你最后去了政法大学,还是因为学习太好
还是因为学习太好,好 我专业没考过
好 我专业没考过,你又不是不知道
你又不是不知道,你还问我 专业没考过
你还问我 专业没考过,怎么会呢
怎么会呢,你这么优秀
你这么优秀,这老师怎么会不让你过呢
这老师怎么会不让你过呢,我到了考场上见着那些老师们
我到了考场上见着那些老师们,我真紧张
我真紧张,而且老师我跟你讲
而且老师我跟你讲,艺考的老师 啪往那坐一排
艺考的老师 啪往那坐一排,感觉有点眼睛眼神不好
感觉有点眼睛眼神不好,来吧 朗诵 念念绕口令
来吧 朗诵 念念绕口令,我就紧张
我就紧张,我跟你讲我一个字念不出来
我跟你讲我一个字念不出来,不是 方圆 你要都紧张了
不是 方圆 你要都紧张了,方一凡肯定没戏
方一凡肯定没戏,而且我刚刚在网上看了这艺考培训真的挺贵的
而且我刚刚在网上看了这艺考培训真的挺贵的,还有个封闭训练
还有个封闭训练,你说别封闭出来了
你说别封闭出来了,艺考没考上
艺考没考上,专业课没过
专业课没过,高考也耽误了
高考也耽误了,怎么办
怎么办,你先等一会 我觉得方一凡他不会随我紧张的
你先等一会 我觉得方一凡他不会随我紧张的,他这一代不一样
他这一代不一样,这代的年轻人他不紧张
这代的年轻人他不紧张,他见过世面
他见过世面,还有什么 多少钱
还有什么 多少钱,你这自己在网上瞎查
你这自己在网上瞎查,这那么贵
这那么贵,你找一明白人打听 那个谁
你找一明白人打听 那个谁,他们班有一个那个女孩之前长的挺好看 她妈特烦人
他们班有一个那个女孩之前长的挺好看 她妈特烦人,叫什么笛 王一笛
叫什么笛 王一笛,方一凡说的
方一凡说的,王一笛现在就准备艺考的
王一笛现在就准备艺考的,说都不怎么上文化课
说都不怎么上文化课,一天到晚就在那 对
一天到晚就在那 对,你打听打听 你问他妈
你打听打听 你问他妈,好的
好的,他妈妈的微信叫什么来着
他妈妈的微信叫什么来着,你给人起的备注信息叫什么
你给人起的备注信息叫什么,王唠叨 唠叨王 我是反着看
王唠叨 唠叨王 我是反着看,迪迪妈妈
迪迪妈妈,我是凡凡妈妈
我是凡凡妈妈,不好意思打扰你
不好意思打扰你,我想问问听说
我想问问听说,笛笛准备参加艺考
笛笛准备参加艺考,凡凡也挺感兴趣的
凡凡也挺感兴趣的,我们也不太了解这方面的情况
我们也不太了解这方面的情况,就想请你帮我们大概的说明一下
就想请你帮我们大概的说明一下,如果你方便的时候给我回个信息
如果你方便的时候给我回个信息,感谢
感谢,行 你这发给唠叨王
行 你这发给唠叨王,你是啰嗦童
你是啰嗦童,我跟你讲
我跟你讲,你就直接说我想给你打听一下
你就直接说我想给你打听一下,问一下你方不方便就完了吗
问一下你方不方便就完了吗,你怎么说这么多干嘛
你怎么说这么多干嘛,罗不罗嗦
罗不罗嗦,我是跟人客气一下
我是跟人客气一下,请人帮忙
请人帮忙,行行你等人回吧
行行你等人回吧,我跟你说
我跟你说,方一凡艺考的事儿就此打住吧
方一凡艺考的事儿就此打住吧,你看看人王一笛 说跳舞就跳
你看看人王一笛 说跳舞就跳,说唱歌就唱歌
说唱歌就唱歌,落落大方
落落大方,你再看看方一凡跳的什么
你再看看方一凡跳的什么,跟个小流氓一样的
跟个小流氓一样的,一点上不了台面
一点上不了台面,咱们两家都没有基因
咱们两家都没有基因,你不是爱竖着比吗
你不是爱竖着比吗,你竖着比祖宗8代
你竖着比祖宗8代,你就比到树上去 比上猴
你就比到树上去 比上猴,咱们俩家也没有一个干这一行
咱们俩家也没有一个干这一行,你说人家
你说人家,王一笛妈妈靠谱吗
王一笛妈妈靠谱吗,我觉得最不靠谱就是王一笛她妈
我觉得最不靠谱就是王一笛她妈,我跟你讲那姑娘就小脸盘长得还凑合
我跟你讲那姑娘就小脸盘长得还凑合,别的都不灵
别的都不灵,挺好的
挺好的,我看挺好的
我看挺好的,有模有样
有模有样,你看方一凡跳的才好
你看方一凡跳的才好,那现在在网上特别红
那现在在网上特别红,叫什么舞
叫什么舞,我跟你说媳妇媳妇
我跟你说媳妇媳妇,我承认我错了
我承认我错了,不该推荐找什么王一笛的妈妈
不该推荐找什么王一笛的妈妈,我跟你讲后悔一晚上了
我跟你讲后悔一晚上了,我在这为什么喝酒
我在这为什么喝酒,借酒浇愁知道吗
借酒浇愁知道吗,就是因为后悔这事
就是因为后悔这事,好 这一晚上全耽误 全在白活
好 这一晚上全耽误 全在白活,我跟你讲
我跟你讲,他不靠谱
他不靠谱,好
好,要找一个靠谱的
要找一个靠谱的,我这有一个人选
我这有一个人选,确实是专业的
确实是专业的,我说你别不高兴
我说你别不高兴,这个人应该说跟咱们很近 不是 跟我很近
这个人应该说跟咱们很近 不是 跟我很近,跟你稍微有点远
跟你稍微有点远,还有一点小小的对立
还有一点小小的对立,乔卫东 乔卫东女朋友
乔卫东 乔卫东女朋友,你知道吗
你知道吗,那是正儿八经舞蹈学院音乐剧班毕业
那是正儿八经舞蹈学院音乐剧班毕业,打住 舞蹈学院音乐剧班的多了
打住 舞蹈学院音乐剧班的多了,我凭什么找他去 不找
我凭什么找他去 不找,那是人家这种毕业的多
那是人家这种毕业的多,你认识哪个 你一个也不认识
你认识哪个 你一个也不认识,这不熟人
这不熟人,你可以跟他联系
你可以跟他联系,我不去找他
我不去找他,我跟他不对付
我跟他不对付,找他干嘛
找他干嘛,又怎么了
又怎么了,为什么
为什么,我跟宋倩跟他干了一仗
我跟宋倩跟他干了一仗,还给他打了个差评
还给他打了个差评,我不去找他
我不去找他,童文洁 我跟你讲
童文洁 我跟你讲,我严肃的提醒你
我严肃的提醒你,你少参和人家的事知道吧
你少参和人家的事知道吧,你瞎掺和什么
你瞎掺和什么,这个女的是人乔卫东正儿八经的未婚妻
这个女的是人乔卫东正儿八经的未婚妻,现在 小梦老怀疑宋倩跟他抢乔卫东
现在 小梦老怀疑宋倩跟他抢乔卫东,然后宋倩怀疑小梦跟他要抢乔英子
然后宋倩怀疑小梦跟他要抢乔英子,这不是乱套了吗
这不是乱套了吗,他们家
他们家,如果有一天乔卫东跟小梦结婚了
如果有一天乔卫东跟小梦结婚了,或者乔卫东跟宋倩复婚了
或者乔卫东跟宋倩复婚了,不管哪件事发生你都落不着好
不管哪件事发生你都落不着好,你都是个外人知道吧
你都是个外人知道吧,知道
知道,你就别管他们家的事你知道吗
你就别管他们家的事你知道吗,我知道我知道
我知道我知道,你不要啰里巴嗦了
你不要啰里巴嗦了,我这不赶上了吗
我这不赶上了吗,我反正不会去找他的
我反正不会去找他的,那会教这些东西的人多了
那会教这些东西的人多了,我干嘛非要去找他
我干嘛非要去找他,我去找他不是自己打自己脸
我去找他不是自己打自己脸,我不去找
我不去找,你找一个靠谱的
你找一个靠谱的,你能认识什么
你能认识什么,搞文艺的人
搞文艺的人,就找去吗
就找去吗,找朋友问去
找朋友问去,朋友圈搜呗
朋友圈搜呗,行
行,我预祝你成功
我预祝你成功,不就是找一个会指导表演
不就是找一个会指导表演,会指导唱歌
会指导唱歌,会指导跳舞
会指导跳舞,我找去
我找去,但我觉得方一凡真上不了台面
但我觉得方一凡真上不了台面,你觉得他行吗
你觉得他行吗,昨晚没睡好
昨晚没睡好,半夜才睡着的
半夜才睡着的,是怎么了
是怎么了,一脸的心事
一脸的心事,是不是工作不顺心
是不是工作不顺心,我工作上哪有不顺心的
我工作上哪有不顺心的,这不是要出差了吗
这不是要出差了吗,就担心你和杨杨 就怕你们两个处不好
就担心你和杨杨 就怕你们两个处不好,你就别操心了
你就别操心了,你走这几天我和杨杨也就早晚能见一面
你走这几天我和杨杨也就早晚能见一面,我管好他早饭，午饭、晚饭我估计他都不会回来吃的
我管好他早饭，午饭、晚饭我估计他都不会回来吃的,就放心
就放心,我会跟他好好说话的
我会跟他好好说话的,不会跟他嚷嚷的
不会跟他嚷嚷的,反正你是知道杨杨的个性
反正你是知道杨杨的个性,你要是实在忍不住想要跟他谈
你要是实在忍不住想要跟他谈,你就记着别激进
你就记着别激进,我知道
我知道,这关系一时半会也缓不过来
这关系一时半会也缓不过来,还好
还好,你只走几天
你只走几天,对
对,你晚上几点的飞机
你晚上几点的飞机,9点的
9点的,我6点多出门就可以
我6点多出门就可以,你们晚上想吃点什么
你们晚上想吃点什么,你就别管了
你就别管了,杨杨还不一定回来吃饭
杨杨还不一定回来吃饭,他晚上要是回来
他晚上要是回来,我给他下点饺子
我给他下点饺子,我叫了杨杨
我叫了杨杨,咱们仨也好久没在一块吃个饭了
咱们仨也好久没在一块吃个饭了,晚上我好好的做一顿
晚上我好好的做一顿,那行
那行,吃完饭以后我去送你
吃完饭以后我去送你,不用送
不用送,又不是出国
又不是出国,反正也是打车
反正也是打车,不用送
不用送,这还是感冒了吧
这还是感冒了吧,晚上睡到半夜冻醒了
晚上睡到半夜冻醒了,我一摸暖气一点都不热
我一摸暖气一点都不热,对了
对了,得给物业打个电话
得给物业打个电话,你来打 这里面有 你找找
你来打 这里面有 你找找,你好 物业吗
你好 物业吗,我是506栋1单元106室的
我是506栋1单元106室的,你看我们
你看我们,这个暖气不热
这个暖气不热,什么
什么,要找房东是吧
要找房东是吧,行行
行行,谢谢
谢谢,物业怎么说
物业怎么说,他说要开阀门放气
他说要开阀门放气,我找房东才行
我找房东才行,下班以后去找
下班以后去找,你不用管了
你不用管了,反正我一会要回去收拾东西
反正我一会要回去收拾东西,对了
对了,这上面有药
这上面有药,拿着 到办公室想着吃
拿着 到办公室想着吃,这儿
这儿,对
对,你打开 就这儿
你打开 就这儿,你真行
你真行,这上面还藏着药
这上面还藏着药,想着吃
想着吃,我才不吃 多大点事 抗抗就过去
我才不吃 多大点事 抗抗就过去,我不吃
我不吃,你不吃可不行
你不吃可不行,你真要是病倒了谁照顾杨杨
你真要是病倒了谁照顾杨杨,行行我吃
行行我吃,我带着了
我带着了,你看好了
你看好了,我把它贴手背上 怎么都不可能忘了
我把它贴手背上 怎么都不可能忘了,我肯定到办公室就吃
我肯定到办公室就吃,想着吃就行
想着吃就行,书记 你找我
的事,名单下来了
组织上也是有各方面的考虑,我个人没有别的想法
我个人没有别的想法,请领导放心
请领导放心,但是陈书记我想确认一下
但是陈书记我想确认一下,这次是不是因为我儿子那张图的事
这次是不是因为我儿子那张图的事,我儿子那张图的事儿
我儿子那张图的事儿,学校已经给了明确的处理
学校已经给了明确的处理,再说那辆法拉利确实不是我们家的
你做干部这么多年应该有所了解吧,了解
你刚调回来不久以后还会有的是机会,明白
明白,谢谢书记
谢谢书记,男孩和女孩的房间布置的就是不一样
男孩和女孩的房间布置的就是不一样,这里面全是跟车有关的东西
这里面全是跟车有关的东西,是 我们家杨杨就喜欢研究汽车
是 我们家杨杨就喜欢研究汽车,是我看出来了
是我看出来了,开学那天我看见他吧 穿了一个赛车服
开学那天我看见他吧 穿了一个赛车服,特别帅
特别帅,那时候你们好像还没回来
那时候你们好像还没回来,是不是
是不是,我看见是他舅舅陪他去的
我看见是他舅舅陪他去的,对
对,那个时候我们确实没回来
那个时候我们确实没回来,杨杨这孩子虽然话不多
杨杨这孩子虽然话不多,但一看还挺成熟
但一看还挺成熟,好像挺懂事的
好像挺懂事的,他成熟什么 他就是一个孩子
他成熟什么 他就是一个孩子,你要说成熟
你要说成熟,我觉得英子是真是成熟 特别好
我觉得英子是真是成熟 特别好,这孩子 您教育的可真好
这孩子 您教育的可真好,瞧你夸他 那也就是个孩子
瞧你夸他 那也就是个孩子,也就算是学习还可以
也就算是学习还可以,也得让人管着
也得让人管着,英子多棒
英子多棒,也挺有想法的
也挺有想法的,性格也好
性格也好,比我们家杨杨不知道强多少倍
比我们家杨杨不知道强多少倍,我老跟老季讲
我老跟老季讲,羡慕您
羡慕您,我们要是能有这么个女儿就好了
我们要是能有这么个女儿就好了,哪儿
哪儿,我就是
我就是,单纯的喜欢英子这个孩子
单纯的喜欢英子这个孩子,我刚到天文馆那个时候就听说了
我刚到天文馆那个时候就听说了,有一个义务讲解员特别优秀
有一个义务讲解员特别优秀,结果一了解是英子
结果一了解是英子,你看咱们这又成了邻居了
你看咱们这又成了邻居了,是挺有缘分的
是挺有缘分的,他跟杨杨以前还是两年的同学
他跟杨杨以前还是两年的同学,对
对,以前这两年都是同班同学
以前这两年都是同班同学,所以我就特别的关注他
所以我就特别的关注他,谢谢你
谢谢你,到了他们这个年纪
到了他们这个年纪,无论男孩女孩都挺叛逆的
无论男孩女孩都挺叛逆的,不好管
不好管,是
是,宋老师
宋老师,我听说您校里校外的都在帮着孩子补习
我听说您校里校外的都在帮着孩子补习,在家里还帮着答疑对吗
在家里还帮着答疑对吗,对
对,就是我们能成教育
就是我们能成教育,好多咱们学校的学生都在我那
好多咱们学校的学生都在我那,晚上如果还有什么疑问也会去家里答疑
晚上如果还有什么疑问也会去家里答疑,你还有时间吗
你还有时间吗,能不能也帮帮我们家杨杨
能不能也帮帮我们家杨杨,可以
可以,当然可以
当然可以,这楼上楼下也方便
这楼上楼下也方便,他无论愿意去能成那边找我
他无论愿意去能成那边找我,或者到家里都行
或者到家里都行,好好
好好,先谢谢您了
先谢谢您了,客气了
客气了,我真的没有想到是你
我真的没有想到是你,我知道你们换了课 换了老师
我知道你们换了课 换了老师,也看到了你们的差评表
也看到了你们的差评表,因为你们的差评表 我这个月绩效都没有合格
因为你们的差评表 我这个月绩效都没有合格,对
对,是我们给你打的
是我们给你打的,不是
不是,如果你们觉得我的课程有问题的话
如果你们觉得我的课程有问题的话,你们可以给我差评
你们可以给我差评,但你们现在的行为属于公报私仇
但你们现在的行为属于公报私仇,你们这样真的很过分了
你们这样真的很过分了,是吗
是吗,我们也没办法 是你们健身房就规章制度
我们也没办法 是你们健身房就规章制度,要想换班只能填差评
要想换班只能填差评,我们也没办法
我们也没办法,但是既然你说到这一点小梦
但是既然你说到这一点小梦,我真的善意的提醒你
我真的善意的提醒你,你现在爱情物质都有了
你现在爱情物质都有了,双丰收了
双丰收了,离宋倩她女儿远一点
离宋倩她女儿远一点,他现在就这一个女儿
他现在就这一个女儿,人家都说了
人家都说了,你是他跟他女儿之间的第三者是小三
你是他跟他女儿之间的第三者是小三,我劝你别刺激他了
我劝你别刺激他了,不是我刺激他
不是我刺激他,我跟乔卫东我们俩是自由恋爱
我跟乔卫东我们俩是自由恋爱,我是他未婚妻
我是他未婚妻,我接触英子再正常不过了
我接触英子再正常不过了,是他自己太敏感
是他自己太敏感,你不要总说别人的问题
你不要总说别人的问题,你找找你的问题
你找找你的问题,你凭什么说他敏感
你凭什么说他敏感,也别老拿自己当未婚妻自居
也别老拿自己当未婚妻自居,我告诉你以我的经验
我告诉你以我的经验,什么未婚妻
什么未婚妻,未婚夫这订婚的一般到最后都结不了婚
未婚夫这订婚的一般到最后都结不了婚,我告诉你你那点想法大家都清楚
我告诉你你那点想法大家都清楚,都是女人
都是女人,没说你错
没说你错,你想拉拢乔卫东
你想拉拢乔卫东,所以对英子好一点
所以对英子好一点,你爱对那个男的怎么样无所谓
你爱对那个男的怎么样无所谓,因为这男的跟他没关系了
因为这男的跟他没关系了,但是这孩子现在高三现在是最关键的一年
但是这孩子现在高三现在是最关键的一年,我告诉你
我告诉你,我真的我希望你能忍一忍这一年
我真的我希望你能忍一忍这一年,别掺和他们的事情
别掺和他们的事情,离英子远一点
离英子远一点,作为一个妈妈我都看不下去了
作为一个妈妈我都看不下去了,你老去那干嘛去
你老去那干嘛去,你自己没有燕窝吗
你自己没有燕窝吗,是乔卫东不给你买还是怎么回事
是乔卫东不给你买还是怎么回事,你跟我说不着这些
你跟我说不着这些,我本来觉得我男朋友跟你老公是哥们
我本来觉得我男朋友跟你老公是哥们,咱俩也许能成为好朋友
咱俩也许能成为好朋友,但如果你一张嘴就这个态度
但如果你一张嘴就这个态度,我觉得就没有这个必要了
我觉得就没有这个必要了,我不要跟你这样的人成为好朋友
我不要跟你这样的人成为好朋友,我只有一个好朋友就是宋茜
我只有一个好朋友就是宋茜,你们家孩子艺考的事跟我也没有关系
你们家孩子艺考的事跟我也没有关系,本来跟你就没关系
本来跟你就没关系,那是我自作多情
那是我自作多情,你以为
你以为,我真是热脸贴冷屁股
我真是热脸贴冷屁股,我耽误您时间了是吧
我耽误您时间了是吧,你有病吧
你有病吧,你还有理了
你还有理了,阿姨
阿姨,英子快进来
英子快进来,你还是第一次来阿姨家
你还是第一次来阿姨家,你家好干净
你家好干净,咱们楼上楼下住着 还没串过门
咱们楼上楼下住着 还没串过门,是 您 这干什么呢
是 您 这干什么呢,阿姨在做饭
阿姨在做饭,今天晚上他们都回来
今天晚上他们都回来,快来 英子
快来 英子,快坐下
快坐下,你昨天给阿姨发微信说要聊天
你昨天给阿姨发微信说要聊天,是不是有什么事
是不是有什么事,其实也没什么事
其实也没什么事,上次跟你聊完天觉得特别开心
上次跟你聊完天觉得特别开心,就想再来找你
就想再来找你,然后正好想请您吃脏包
然后正好想请您吃脏包,这是什么
这是什么,现在特别火的一个网红面包
现在特别火的一个网红面包,你尝尝
你尝尝,好好
好好,你们小朋友一天一个新花样
你们小朋友一天一个新花样,这怎么吃
这怎么吃,就直接咬着吃
就直接咬着吃,没事您别怕
没事您别怕,虽然长得挺瘆人的
虽然长得挺瘆人的,但是其实特别好吃
但是其实特别好吃,真的特别好吃
真的特别好吃,我尝尝
我尝尝,好吃
好吃,不是你等一下看看
不是你等一下看看,你们这些小朋友净发明这些新鲜玩意
你们这些小朋友净发明这些新鲜玩意,一天一个样的
一天一个样的,您 干纸巾擦不干净
您 干纸巾擦不干净,我就湿纸巾帮您擦 来
我就湿纸巾帮您擦 来,不过真的挺好吃的
不过真的挺好吃的,是吧 季杨杨平时不跟您说这些吗
是吧 季杨杨平时不跟您说这些吗,杨杨他喜欢赛车
杨杨他喜欢赛车,平常连话都不跟我们讲
平常连话都不跟我们讲,没事以后这些我跟你说
没事以后这些我跟你说,你们这些小朋友发明这些东西就是为了整人的
你们这些小朋友发明这些东西就是为了整人的,对吧
对吧,这好吃是不是
这好吃是不是,不然他
不然他,怎么能成为网红零食的
怎么能成为网红零食的,不光有网红零食
不光有网红零食,还有网红饮料
还有网红饮料,咸的奶茶 你肯定没喝过吧
咸的奶茶 你肯定没喝过吧,喝过
喝过,我那时候跟你季叔叔
我那时候跟你季叔叔,我们在青岛的时候
我们在青岛的时候,我们天天都喝
我们天天都喝,阿姨不是那种咸奶茶
阿姨不是那种咸奶茶,就是我们现在特别流行的叫做海盐奶盖 没喝过吧
就是我们现在特别流行的叫做海盐奶盖 没喝过吧,我连听都没听说过
我连听都没听说过,没事
没事,我以后带你去喝
我以后带你去喝,还有刘慈欣
还有刘慈欣,你应该听说过
你应该听说过,刘慈欣是个作家吗
刘慈欣是个作家吗,他在我们中间特别流行
他在我们中间特别流行,大家都特别爱看他的书
大家都特别爱看他的书,比如说三体 流浪地球 乡村教师
比如说三体 流浪地球 乡村教师,都是他写的书
都是他写的书,流浪地球我倒是知道 我看到过杨杨看这本小说
流浪地球我倒是知道 我看到过杨杨看这本小说,杨杨好像特别喜欢看
杨杨好像特别喜欢看,我也特别喜欢科幻小说
我也特别喜欢科幻小说,但我还是更喜欢生活中真正的宇航员
但我还是更喜欢生活中真正的宇航员,就是
就是,您知道
您知道,上次我在咱们天文馆 我演讲的时候介绍过 刘洋
上次我在咱们天文馆 我演讲的时候介绍过 刘洋,他是中国第一位飞向太空的女宇航员
他是中国第一位飞向太空的女宇航员,他很厉害 是吧
他很厉害 是吧,难怪你那天演讲那么出色
难怪你那天演讲那么出色,你都把阿姨给迷着了
你都把阿姨给迷着了,原来是偶像的力量
原来是偶像的力量,对
对,他可是我的人生榜样
他可是我的人生榜样,我就希望
我就希望,如果有一天我可以像他一样站在太空看地球
如果有一天我可以像他一样站在太空看地球,看来英子是真的喜欢天文
看来英子是真的喜欢天文,刚才咱们还聊网红食品
刚才咱们还聊网红食品,你几句话就绕回来了
你几句话就绕回来了,还真是 我
还真是 我,我今天还想报名南京大学的天文冬令营
我今天还想报名南京大学的天文冬令营,我就希望我可以这一辈子一直一直研究宇宙
我就希望我可以这一辈子一直一直研究宇宙,天文冬令营 那是什么
天文冬令营 那是什么,阿姨我不该跟你说这个的
阿姨我不该跟你说这个的,你能别告诉我妈妈吗
你能别告诉我妈妈吗,为什么 这好事
为什么 这好事,你干嘛要瞒着妈妈呢
你干嘛要瞒着妈妈呢,妈妈不同意你学天文
妈妈不同意你学天文,那倒也不是
那倒也不是,我之前也没跟我妈提过
我之前也没跟我妈提过,我不确定他会不会同意我考去南方
我不确定他会不会同意我考去南方,因为他一直都想让我考北大清华
因为他一直都想让我考北大清华,但我跟您说过我就是喜欢天文学
但我跟您说过我就是喜欢天文学,我就想学
我就想学,这是我从小的梦想
这是我从小的梦想,所以我就想去南京大学
所以我就想去南京大学,它历史悠久
它历史悠久,而且天文学系又是全国第一
而且天文学系又是全国第一,所以我就想去南京大学也就报名天文冬令营了
所以我就想去南京大学也就报名天文冬令营了,我明白了
我明白了,行
行,阿姨一定替你保密
阿姨一定替你保密,拉钩
拉钩,我妈之前也经常跟我拉钩
我妈之前也经常跟我拉钩,他总是说什么
他总是说什么,你要考好了就带你去吃麦当劳
你要考好了就带你去吃麦当劳,去给你买乐高
去给你买乐高,但其实最后一件也没完成
但其实最后一件也没完成,所以我总结大人的拉钩啥的
所以我总结大人的拉钩啥的,不靠谱、不保障
不靠谱、不保障,特low对吧
特low对吧,怎么才能有保障呢
怎么才能有保障呢,要不 阿姨也跟你说个秘密
要不 阿姨也跟你说个秘密,可是阿姨秘密太多了
可是阿姨秘密太多了,说哪个好呢
说哪个好呢,开玩笑的
开玩笑的,吓死我了
吓死我了,这样阿姨眼下就有一个秘密
这样阿姨眼下就有一个秘密,阿姨今天要去医院做个小手术
阿姨今天要去医院做个小手术,但是没跟你季叔叔和杨杨讲
但是没跟你季叔叔和杨杨讲,我跟他们说我要去南京出差
我跟他们说我要去南京出差,什么手术
什么手术,其实也不算是手术 就是检查的一个部分
其实也不算是手术 就是检查的一个部分,但是需要住两天的医院
但是需要住两天的医院,可是这就算是个检查
可是这就算是个检查,您也不能瞒着他们 再说了
您也不能瞒着他们 再说了,你一个人去医院又没人照顾
你一个人去医院又没人照顾,多可怜
多可怜,你不想跟妈妈讲
你不想跟妈妈讲,是怕他伤心对吧
是怕他伤心对吧,我不跟他们讲
我不跟他们讲,是怕他们担心
是怕他们担心,阿姨你一定要好好的
阿姨你一定要好好的,谢谢英子
谢谢英子,放心
放心,你也给阿姨保密
你也给阿姨保密,好 一定 但是阿姨 您不是因为我是个陌生人才跟我说这些的吧
好 一定 但是阿姨 您不是因为我是个陌生人才跟我说这些的吧,当然不是了
当然不是了,阿姨特别喜欢你
阿姨特别喜欢你,阿姨特别想跟你做朋友
阿姨特别想跟你做朋友,那我可以去看您吗
那我可以去看您吗,好好上课
好好上课,听阿姨的
听阿姨的,好吧
好吧,继续吃
继续吃,再给你啰嗦一句
再给你啰嗦一句,报考南大的事儿
报考南大的事儿,你要找机会再跟妈妈好好的商量
你要找机会再跟妈妈好好的商量,我听说你从小是妈妈一个人带大的
我听说你从小是妈妈一个人带大的,一个人带孩子特别的不容易
一个人带孩子特别的不容易,你别伤了他的心
你别伤了他的心,你不跟他说是怕伤他的心
你不跟他说是怕伤他的心,但其实反倒会让他更伤心的
但其实反倒会让他更伤心的,好吧
好吧,我等到被学校录取了
我等到被学校录取了,我就去跟他谈
我就去跟他谈,说不定就能说服他了
说不定就能说服他了,妈妈你回来了
妈妈你回来了,你干嘛呢
你干嘛呢,我也刚回来
我也刚回来,我刚才在楼下看你了
我刚才在楼下看你了,是吗
是吗,干嘛去了
干嘛去了,也没干嘛
也没干嘛,就是去
就是去,刘静阿姨家了
刘静阿姨家了,去他们家干嘛
去他们家干嘛,就聊聊天
就聊聊天,聊什么
聊什么,就刘静阿姨
就刘静阿姨,想感谢我
想感谢我,谢什么
谢什么,我不是给
我不是给,季杨杨送卷子去了
季杨杨送卷子去了,他在学校管我要来的
他在学校管我要来的,想看一下解题步骤什么的
想看一下解题步骤什么的,你喝点水
你喝点水,然后刘静阿姨就送我出门了
然后刘静阿姨就送我出门了,让我在学习上多帮衬着点杨杨
让我在学习上多帮衬着点杨杨,今天早上我去他们家的时候
今天早上我去他们家的时候,杨杨妈妈也跟我说
杨杨妈妈也跟我说,想杨杨到咱家来答疑
想杨杨到咱家来答疑,您还去他家了
您还去他家了,您跟刘静阿姨
您跟刘静阿姨,熟吗
熟吗,他不是租咱家房吗
他不是租咱家房吗,暖气一直不太热
暖气一直不太热,我说去看看
我说去看看,现在好点了吗
现在好点了吗,没注意
没注意,行
行,你先去写作业
你先去写作业,好不好
好不好,我这就给你做饭 有点饿了吧
我这就给你做饭 有点饿了吧,做好了叫你 怎么了
做好了叫你 怎么了,还有事
还有事,没事
没事,您做饭吧
您做饭吧,你有什么特别想吃的东西吗
你有什么特别想吃的东西吗,您做什么我都爱吃
您做什么我都爱吃,真会说话 快去做题
真会说话 快去做题,做好以后 吃完饭以后 再给你看
吃点好了,给谁打电话
没谁,没谁是谁
没谁是谁,我问你给谁打电话
就是说约英子吃饭的事,给英子打电话
给英子打电话,我不能听吗
我不能听吗,你到底是给英子打还是给你前妻打
这重要吗,当然重要了
当然重要了,给谁打的
但是说的是约英子吃饭的事,乔卫东 我明白了
乔卫东 我明白了,现在你们俩还是有说有笑的
现在你们俩还是有说有笑的,把我一个人当外人
把我一个人当外人,我今天跟你说的话
我今天跟你说的话,都当耳旁风了是吗
都当耳旁风了是吗,现在不光你前妻欺负我
现在不光你前妻欺负我,他闺蜜都变着法的来跟我找茬
他闺蜜都变着法的来跟我找茬,你晚上又骗我
你晚上又骗我,你说你让我怎么活
你说你让我怎么活,我不吃了
别,不吃了
你别多想,我能不多想吗
我能不多想吗,你说我现在算怎么回事
你说我现在算怎么回事,我还是不是你女朋友
是 那还是我男朋友吗,讨厌
讨厌,你说现在咱俩又不住一起
你说现在咱俩又不住一起,我见你一面都难
我见你一面都难,这恋爱谈的还有什么意思
我们这个年龄还都比较传统,咱俩什么时候结婚
这不都以前说好的,说好的 说好的
说好的 说好的,你说你现在三天两头跟你前妻联系
你说你现在三天两头跟你前妻联系,你让我怎么想
你让我怎么想,你到底怎么想的
你到底怎么想的,你今天跟我说句实话
我约英子吃饭,英子你一天到晚就是英子
英子你一天到晚就是英子,你要那么爱英子
你要那么爱英子,你为什么跟你前妻离婚
你为什么跟你前妻离婚,你为什么要跟我在一起
你为什么要跟我在一起,怎么这么晚才回来
怎么这么晚才回来,跟你说了嘛
跟你说了嘛,今儿同学聚会
今儿同学聚会,我去晃了一圈
我去晃了一圈,这么大酒味
这么大酒味,我喝一点 不是 他们白酒撒我裤子上 闹酒
我喝一点 不是 他们白酒撒我裤子上 闹酒,都睡了
都睡了,我在想 跟他们走动
我在想 跟他们走动,看看有什么机会
看看有什么机会,啥情况也没有
啥情况也没有,现在是寒冬 整个行业都不好
现在是寒冬 整个行业都不好,各行各业都不好是吧
各行各业都不好是吧,我的几个同学要不就自己公司准备裁别人
我的几个同学要不就自己公司准备裁别人,要不就在别人公司等着被裁的
要不就在别人公司等着被裁的,方圆儿我们公司今天开始 也裁员了
方圆儿我们公司今天开始 也裁员了,裁不着你
裁不着你,老员工应该没事吧
老员工应该没事吧,你不也是老员工吗
你不也是老员工吗,也是
也是,不说这事了
不说这事了,我跟你说方一凡的事
我跟你说方一凡的事,我今天跟他谈过了
我今天跟他谈过了,他同意了
他同意了,不参加艺考
不参加艺考,踏踏实实参加高考
踏踏实实参加高考,这么大事也不跟我商量一下
这么大事也不跟我商量一下,不需要跟你商量
不需要跟你商量,你肯定会同意的
你肯定会同意的,你说咱们家又不是艺术世家
你说咱们家又不是艺术世家,方一凡又没有什么艺术细胞
方一凡又没有什么艺术细胞,干嘛去凑热闹
干嘛去凑热闹,真的
真的,而且我今天都打听清楚了
而且我今天都打听清楚了,艺考是要提前准备的
艺考是要提前准备的,因为这个艺考是要提前考的
因为这个艺考是要提前考的,你知道吗
你知道吗,他提前好几个月了
他提前好几个月了,你现在来不及
你现在来不及,你看看
你看看,什么东西
什么东西,你自己看看录取比例
你自己看看录取比例,你看看
你看看,录取比例195:1
录取比例195:1,这有点难
这有点难,这不是有点难
这不是有点难,这是非常难
这是非常难,这么低的录取比例这么难
这么低的录取比例这么难,他怎么能考上呢
他怎么能考上呢,咱们说方一凡现在参加艺考两条路两个结果
咱们说方一凡现在参加艺考两条路两个结果,一个是考上
一个是考上,一个考不上
一个考不上,我先不说他考上了
我先不说他考上了,他要是考不上明年怎么办
他要是考不上明年怎么办,明年是继续艺考还是继续高考
明年是继续艺考还是继续高考,你告诉我
你告诉我,咱退一万步说就算他考上了
咱退一万步说就算他考上了,你觉得你儿子将来真能当演员
你觉得你儿子将来真能当演员,当什么表演艺术家
当什么表演艺术家,歌唱家
歌唱家,他是这块料吗
他是这块料吗,他不是这块料
他不是这块料,不要做这个梦了
不要做这个梦了,对了
对了,今天陈姐给我介绍的指导老师你猜是谁
今天陈姐给我介绍的指导老师你猜是谁,你见了演员 见着明星了
你见了演员 见着明星了,乔卫东的小老婆小梦
乔卫东的小老婆小梦,人家女朋友不是小老婆
人家女朋友不是小老婆,什么女朋友不这怎么回事吗
什么女朋友不这怎么回事吗,将来娶了不就小老婆吗
将来娶了不就小老婆吗,这小梦还真不错
这小梦还真不错,还挺可以的
还挺可以的,舞蹈学院音乐剧班毕业的
舞蹈学院音乐剧班毕业的,还教过几个学生
还教过几个学生,辅导过几个学生都成了
辅导过几个学生都成了,这不挺好
这不挺好,好什么呀 一见着我的面就开始挤兑宋倩
好什么呀 一见着我的面就开始挤兑宋倩,还说那差评的事
还说那差评的事,他再挤兑我急了
他再挤兑我急了,我给他10个差评
我给他10个差评,我让他1个季度都拿不到绩效
我让他1个季度都拿不到绩效,我问你
我问你,你不让方一凡参加这个艺考
你不让方一凡参加这个艺考,是不是跟小梦老师有关系
是不是跟小梦老师有关系,有关系
有关系,这小梦不也就是什么艺术院校毕业的又怎么样
这小梦不也就是什么艺术院校毕业的又怎么样,不就是在小区的瑜伽馆里面当个老师
不就是在小区的瑜伽馆里面当个老师,不疼不痒
不疼不痒,带几个学生 能有什么出息
带几个学生 能有什么出息,方一凡毕业以后也这样到瑜伽馆里面当瑜伽老师去
方一凡毕业以后也这样到瑜伽馆里面当瑜伽老师去,这男的也没有教瑜伽的
这男的也没有教瑜伽的,就是
就是,行
行,我相信你肯定不会因为跟小梦吵嘴的事情
我相信你肯定不会因为跟小梦吵嘴的事情,不让凡凡去考虑艺考
不让凡凡去考虑艺考,你跟人方一凡商量说他不跟你急
你跟人方一凡商量说他不跟你急,他跟我急什么
他跟我急什么,我给他看数据了
我给他看数据了,有什么好急的
有什么好急的,我给他摆事实讲道理
我给他摆事实讲道理,他听完以后老老实实的就去房间里面写作业了
他听完以后老老实实的就去房间里面写作业了,不应该
不应该,按道理这一般来讲
按道理这一般来讲,你要跟他说个事
你要跟他说个事,他得跟你掰扯掰扯不掰扯是不是
他得跟你掰扯掰扯不掰扯是不是,真往心里去了
真往心里去了,童文洁
童文洁,这可别是方一凡真正的梦想
这可别是方一凡真正的梦想,咱给人梦想扼杀在摇篮里了
咱给人梦想扼杀在摇篮里了,拉倒
拉倒,这哪是梦想
这哪是梦想,这是头脑发热
这是头脑发热,这叫异想天开
这叫异想天开,还是给我踏踏实实的准备高考
还是给我踏踏实实的准备高考,也是 录取率是太低了
也是 录取率是太低了,对
对,你以后也是别在家里边再提艺考了
你以后也是别在家里边再提艺考了,行
行,我洗澡去了
我洗澡去了,儿子
儿子,爸爸和妈妈从来没奢望过你成为一个学霸
爸爸和妈妈从来没奢望过你成为一个学霸,但是你最起码你得考上一凑合的大学
但是你最起码你得考上一凑合的大学,这点得做到
你能理解我这个感受吗,理解不了
这样 要不我再给你跳一个,得得得了吧
得得得了吧,你在这跳什么跳
你在这跳什么跳,我刚才看你跳的是不错
我刚才看你跳的是不错,挺有才华的
挺有才华的,爸爸年轻时候也参加过艺考
爸爸年轻时候也参加过艺考,你知道吗
你知道吗,我能理解你那种用心感受那种感觉
我能理解你那种用心感受那种感觉,但儿子是吧
但儿子是吧,你现在看着我的眼睛 对 你个子矮
你现在看着我的眼睛 对 你个子矮,你看着爸鼻子
你看着爸鼻子,你跟爸爸说 认真的说
你跟爸爸说 认真的说,你是不是真的喜欢唱歌唱
我是真心喜欢,行
行,真喜欢 那爸爸宣布单方面的支持
不是 单方面什么意思,单一方面就是代表我个人支持你 妈妈
单一方面就是代表我个人支持你 妈妈,那儿我不清楚
那儿我不清楚,我也决定不了
你办事不能这么不靠谱,我这已经很靠谱了
我这已经很靠谱了,儿子 我能单方面支持你就已经不错了
儿子 我能单方面支持你就已经不错了,你是在家里我说话也不算数
你是在家里我说话也不算数,那妈妈能不能支持你
那妈妈能不能支持你,我哪决定的了
你说行也没有用,我说行或者不行都不代表着行
我说行或者不行都不代表着行,妈妈说不行也未必就是不行
妈妈说不行也未必就是不行,你懂吧
到底行还是不行,我说行或者不行都代表着行或者是不行
我说行或者不行都代表着行或者是不行,妈妈说不行也不代表就完全不行
妈妈说不行也不代表就完全不行,找一个专业的有专业眼光的
找一个专业的有专业眼光的,有专业资质的给你看一看
有专业资质的给你看一看,你到底适不适合
你到底适不适合,适合那就是行
适合那就是行,我们就支持你
我们就支持你,如果不行你就好好去准备考大学去
这工作日 你不工作在这待着干嘛,你就别管我了
你就别管我了,我又不是小孩
我又不是小孩,我又不是逃课
我又不是逃课,我这单位派我出来办事
我这单位派我出来办事,这不很正常吗
这不很正常吗,行行
行行,赶紧抓紧
赶紧抓紧,这都迟到了
这都迟到了,磊磊呢
磊磊呢,回来了
回来了,堵死我了
堵死我了,堵车是吧
堵车是吧,我不跟你说了
我不跟你说了,我今天好多表要给做完了
我今天好多表要给做完了,明天一早得交上去
明天一早得交上去,你做饭了没有
你做饭了没有,做什么
做什么,我今天请你吃
我今天请你吃,蒸花鸭，蒸鹿尾儿
蒸花鸭，蒸鹿尾儿,酱鸡，腊肉，松花，小肚儿
酱鸡，腊肉，松花，小肚儿,哪呢
哪呢,都在我的脑子里
都在我的脑子里,没做饭
没做饭,没做
没做,孩子回来吃什么
孩子回来吃什么,吃屎
吃屎,做了 都这儿呢
做了 都这儿呢,你会用蒸箱了
你会用蒸箱了,初次使用请多多关照
初次使用请多多关照,你可以啊
你可以啊,这有什么了不起的
这有什么了不起的,我看看说明书 10分钟我就搞定
我看看说明书 10分钟我就搞定,行 以后多蒸煮
行 以后多蒸煮,少煎炸 少吃点油
少煎炸 少吃点油,对身体好
对身体好,好勒
好勒,今天一天都在家呆着
今天一天都在家呆着,什么跟家呆着
什么跟家呆着,工作还是跑了 跑了半天
工作还是跑了 跑了半天,我发现咱这岁数找工作是不容易
我发现咱这岁数找工作是不容易,人到中年 应了
人到中年 应了,那句话 上不去下不来
那句话 上不去下不来,体力上不去
体力上不去,面子下不来 饭量上不去
面子下不来 饭量上不去,脂肪下不来 理想上不去
脂肪下不来 理想上不去,血压下不来
血压下不来,这灯泡我得擦擦
这灯泡我得擦擦,最后就是楼梯上不去
最后就是楼梯上不去,上了床你就下不来
上了床你就下不来,少贫你
少贫你,我发现 找工作现在 到咱这岁数确实不容易
我发现 找工作现在 到咱这岁数确实不容易,别说找个白领 蓝领都不好找
别说找个白领 蓝领都不好找,你说我这一天在外面溜达
你说我这一天在外面溜达,这冬天 站在外边冷
这冬天 站在外边冷,坐车上呢 开暖气又废油
坐车上呢 开暖气又废油,在商场里也不是事
在商场里也不是事,你在商场里溜达
你在商场里溜达,保安看我跟看贼似的
保安看我跟看贼似的,说这哥们你整天在那溜达
说这哥们你整天在那溜达,方圆方圆
方圆方圆,咱不找了 好不好
咱不找了 好不好,咱就在家待着行不行
咱就在家待着行不行,该找还得找
该找还得找,我也不能不工作
我也不能不工作,我现在就在想
我现在就在想,你说我 我当初这个专业是不是选的不对
你说我 我当初这个专业是不是选的不对,原本想说有个专业 好歹找个铁饭碗
原本想说有个专业 好歹找个铁饭碗,怎么弄成这德行 德行了
怎么弄成这德行 德行了,你说的对
你说的对,上次我们同学聚会
上次我们同学聚会,我们一个班不都学一个专业吗
我们一个班不都学一个专业吗,毕业以后干什么的都有
毕业以后干什么的都有,还干的都挺好
还干的都挺好,我当初就不该听我爸的
我当初就不该听我爸的,我爸就不该听我姑的
我爸就不该听我姑的,弄什么学法律
弄什么学法律,想弄个法律世家
想弄个法律世家,我跟你讲我压根就不喜欢这个专业
我跟你讲我压根就不喜欢这个专业,我就不想当个律师
我就不想当个律师,我也不想当个法务
我也不想当个法务,你说人为什么不能这样 童文洁
你说人为什么不能这样 童文洁,为什么不能按照自己的兴趣去选择一个自己感兴趣的喜欢的专业
为什么不能按照自己的兴趣去选择一个自己感兴趣的喜欢的专业,这事又能养活自己
这事又能养活自己,又干的开心
又干的开心,还享受这工作
还享受这工作,这该多好啊
这该多好啊,这是好
这是好,但哪有这么好的事儿又喜欢还能又挣钱
但哪有这么好的事儿又喜欢还能又挣钱,你说咱们那会儿不就是因为这个没得选吗
你说咱们那会儿不就是因为这个没得选吗,媳妇
媳妇,咱们那会真的是没得选
咱们那会真的是没得选,有兴趣的事情最后做不了
有兴趣的事情最后做不了,如果说上天再给我们一次机会
如果说上天再给我们一次机会,让我们有的选 肯定选了
让我们有的选 肯定选了,对不对
对不对,现在能不能在有机会或者是创造机会的情况下
现在能不能在有机会或者是创造机会的情况下,让咱们的孩子 方一凡
让咱们的孩子 方一凡,他们可以多一个机会
他们可以多一个机会,多一次 选择一个他们喜欢的专业
多一次 选择一个他们喜欢的专业,这等着我呢 让方一凡选什么
这等着我呢 让方一凡选什么,不在这等着
不在这等着,你平常是这样
你平常是这样,咱俩教育孩子
咱俩教育孩子,你为主我为辅
你为主我为辅,对吧
对吧,你冲到前面我的后面
你冲到前面我的后面,你有的时候打两下
你有的时候打两下,说话凶一点
说话凶一点,我都支持你
我都支持你,但是我觉得方一凡你别看他虽然是个皮猴
但是我觉得方一凡你别看他虽然是个皮猴,心智不是特别成熟
心智不是特别成熟,怎么说也18了
怎么说也18了,我们是不是能听听孩子自己心里的想法
我们是不是能听听孩子自己心里的想法,比如呢
比如呢,比如今天啊
比如今天啊,我在商场跟他沟通了一下
我在商场跟他沟通了一下,我就觉得方一凡
我就觉得方一凡,等会你在哪跟他沟通
等会你在哪跟他沟通,操场
操场,行
行,我承认
我承认,我说漏嘴了
我说漏嘴了,商场 我跟他在商场沟通了
商场 我跟他在商场沟通了,我说漏嘴了
我说漏嘴了,什么情况
什么情况,你跟他在商场 他逃课了
你跟他在商场 他逃课了,不是没逃课
不是没逃课,他是利用中午午休时间
他是利用中午午休时间,我们在商场碰个面
我们在商场碰个面,我们是碰
我们是碰,什么利用午休时间
什么利用午休时间,他午休他可以在学校里写作业
他午休他可以在学校里写作业,或者他想睡觉他回家
或者他想睡觉他回家,什么意思
什么意思,你别瞒着我怎么回事
你别瞒着我怎么回事,我批评他了
我批评他了,我已经严肃的批评他了
我已经严肃的批评他了,他不应该这样
他不应该这样,对不对
对不对,即便是用午休时间
即便是用午休时间,也应该在家里好好休息
也应该在家里好好休息,或在学校里边好好温习功课
或在学校里边好好温习功课,跑商场干嘛去
跑商场干嘛去,我我严肃的批评他
我我严肃的批评他,但是
但是,为什么去商场
为什么去商场,我说  但现在不是说这事 你知道吗
我说  但现在不是说这事 你知道吗,我批评他了
我批评他了,他去商场是干嘛去了
他去商场是干嘛去了,他去商场他是心情不好
他去商场他是心情不好,知道吧
知道吧,他就到商场游戏厅跳舞机上去跳了会舞练练练舞蹈
他就到商场游戏厅跳舞机上去跳了会舞练练练舞蹈,你听我讲
你听我讲,他跟我说句什么话
他跟我说句什么话,挺触动我的
挺触动我的,你听我说他跟我说他爸爸我真的太喜欢唱歌跳舞了
你听我说他跟我说他爸爸我真的太喜欢唱歌跳舞了,我真的喜欢
我真的喜欢,而且我看那些跳舞那些视频短的那种
而且我看那些跳舞那些视频短的那种,我看一遍我就能练个八九不离7
我看一遍我就能练个八九不离7,可是我学习那什么物理什么数学
可是我学习那什么物理什么数学,我看百八十遍我都学不会
我看百八十遍我都学不会,我就是记不住
我就是记不住,孩子18了你知道吗
孩子18了你知道吗,他现在要面子
他现在要面子,他有时候学不懂
他有时候学不懂,学不懂的东西他也不好意思说了
学不懂的东西他也不好意思说了,都跟我说了
都跟我说了,他心里肯定还是别扭
他心里肯定还是别扭,对吧
对吧,我觉得咱们可可不可以稍微想想孩子心里到底怎么想的呢
我觉得咱们可可不可以稍微想想孩子心里到底怎么想的呢,可以
可以,可以听听他心里怎么想的
可以听听他心里怎么想的,你说的没错
你说的没错,我也认同
我也认同,但是方圆他心里想的如果不靠谱怎么办
但是方圆他心里想的如果不靠谱怎么办,你告诉我他如果想杀人放火
你告诉我他如果想杀人放火,你也由着他
你也由着他,孩子18了你知道吗
孩子18了你知道吗,他现在要面子
他现在要面子,他有时候学不懂
他有时候学不懂,学不懂的东西他也不好意思说了
学不懂的东西他也不好意思说了,都跟我说了
都跟我说了,他心里肯定还是别扭
他心里肯定还是别扭,对吧
对吧,我觉得咱们可不可以稍微想想孩子心里到底怎么想的呢
我觉得咱们可不可以稍微想想孩子心里到底怎么想的呢,可以
可以,可以听听他心里怎么想的
可以听听他心里怎么想的,你说的没错
你说的没错,我也认同
我也认同,但是方圆他心里想的如果不靠谱怎么办
但是方圆他心里想的如果不靠谱怎么办,你告诉我他如果想杀人放火
你告诉我他如果想杀人放火,你也由着他
你也由着他,你这不抬杠吗
你这不抬杠吗,杀人放火跟唱歌跳舞两码事
杀人放火跟唱歌跳舞两码事,不是抬杠
不是抬杠,我这给你打个比方
你比方 这前门楼子胯骨轴子都挨不上茬,不跟你说
不跟你说,你说我们从小我们在幼儿园小的时候
你说我们从小我们在幼儿园小的时候,从小就练什么唱歌跳舞
从小就练什么唱歌跳舞,叔叔阿姨什么家长都说真好
叔叔阿姨什么家长都说真好,你们跳得真好
你们跳得真好,小朋友想长大了想干嘛
小朋友想长大了想干嘛,我要当音乐家老师
我要当音乐家老师,我想当个舞蹈家
我想当个舞蹈家,老师，我想当一歌唱家
老师，我想当一歌唱家,好
好,我们的老师 真好
我们的老师 真好,爸妈回来 你这将来当这真好
爸妈回来 你这将来当这真好,结果一长大了
结果一长大了,每天数学物理化学
每天数学物理化学,语文什么英语全天天就学学这种高考好好考
语文什么英语全天天就学学这种高考好好考,考完之后上一个公司到一个it公司天天在那挨踢
考完之后上一个公司到一个it公司天天在那挨踢,是不是
是不是,最后干嘛 打杂的跑腿的碎催 都干这个的
最后干嘛 打杂的跑腿的碎催 都干这个的,我觉得我们为什么不能让孩子多一个选择的机会
我觉得我们为什么不能让孩子多一个选择的机会,这也是一种方向
这也是一种方向,方圆你什么意思
方圆你什么意思,你今天跟我说
你今天跟我说,我可以给他选择的机会
我可以给他选择的机会,我可以给他方向
我可以给他方向,他现在什么时候了
他现在什么时候了,他高三了
他高三了,你今天来说服我要用教育幼儿园小朋友的方法来鼓励他唱歌跳舞
你今天来说服我要用教育幼儿园小朋友的方法来鼓励他唱歌跳舞,是这个意思吗
是这个意思吗,我没有说让他像小孩似的幼儿园那样在学唱歌跳舞
我没有说让他像小孩似的幼儿园那样在学唱歌跳舞,我只是说我其实跟他聊的时候
我只是说我其实跟他聊的时候,我看他那表情特别专注是吧
我看他那表情特别专注是吧,专注的程度就让我想起我小时候躲在被窝里面看武侠小说样子
专注的程度就让我想起我小时候躲在被窝里面看武侠小说样子,还有我就玩鱼玩个虫
还有我就玩鱼玩个虫,这种时候我也是那种专注的状态
这种时候我也是那种专注的状态,我想我要看合同
我想我要看合同,看我不喜欢的法律文书
看我不喜欢的法律文书,我一点兴趣都没有
我一点兴趣都没有,我就想向方一凡这样他就对这东西有兴趣
我就想向方一凡这样他就对这东西有兴趣,我小时候有很多梦想都没有实现
我小时候有很多梦想都没有实现,别重蹈我当年的覆辙
别重蹈我当年的覆辙,长大以后后悔
长大以后后悔,方圆我先不说你选没选错专业
方圆我先不说你选没选错专业,至少这个专业保了你20年饭碗
至少这个专业保了你20年饭碗,我要换个专业
我要换个专业,可能能保我30年金饭碗也说不定
可能能保我30年金饭碗也说不定,说不定 你是你 方一凡是方一凡
说不定 你是你 方一凡是方一凡,我不想让我的儿子一毕业就失业
我不想让我的儿子一毕业就失业,就这么定了
就这么定了,谁说学艺术就一毕业就失业了
谁说学艺术就一毕业就失业了,他想学唱歌跳舞 学那音乐剧
他想学唱歌跳舞 学那音乐剧,那学音乐剧的
那学音乐剧的,我承认 有些人可能最后混的不好
我承认 有些人可能最后混的不好,开个网店
开个网店,到什么形体班给人当个形体老师
到什么形体班给人当个形体老师,但也有登上国际舞台的到百老汇的
但也有登上国际舞台的到百老汇的,对不对
对不对,还有像那个谁就是演员小眼睛长得挺难看
还有像那个谁就是演员小眼睛长得挺难看,像牛头梗那个 不也现在成了一著名演员
像牛头梗那个 不也现在成了一著名演员,是人民群众喜欢喜闻乐见的一个大明星
是人民群众喜欢喜闻乐见的一个大明星,这不挺好的吗
这不挺好的吗,我们之所以不让孩子去参加什么艺考
我们之所以不让孩子去参加什么艺考,让他选择他有兴趣的事情
让他选择他有兴趣的事情,就是怕担责任
就是怕担责任,你知道吗
你知道吗,怕他有天失败了
怕他有天失败了,回来怨我们 不就怕担这个责任吗
回来怨我们 不就怕担这个责任吗,是 我就是怕担这个责任
是 我就是怕担这个责任,你要敢担这个责任
你要敢担这个责任,我马上让他参加艺考
我马上让他参加艺考,我二话不说
我二话不说,方圆 我说了多少次了
方圆 我说了多少次了,我们都是第一次当父母
我们都是第一次当父母,我们一定是要给他最保险的一条路
我们一定是要给他最保险的一条路,我第一次当妈你也是第一次当爹
我第一次当妈你也是第一次当爹,我们都没有经验
我们都没有经验,我们能做的就是把我们已有的经验
我们能做的就是把我们已有的经验,把我们这些能力
把我们这些能力,把我们这些知识
把我们这些知识,我们所知道的尽其所能的帮他选择一条相对正确
我们所知道的尽其所能的帮他选择一条相对正确,相对大众相对保险的将来不被饿死的一条路
相对大众相对保险的将来不被饿死的一条路,高考哪怕你一本考不上二本二本考不上大专
高考哪怕你一本考不上二本二本考不上大专,至少有个专业
至少有个专业,我们将来好找工作
我们将来好找工作,至少是个敲门砖
至少是个敲门砖,你为什么要放弃99%的人都选择的路
你为什么要放弃99%的人都选择的路,而去选那1%的艺考
而去选那1%的艺考,你不要你没有实现的梦想让你儿子实现
你不要你没有实现的梦想让你儿子实现,你要想唱歌跳舞你去学
你要想唱歌跳舞你去学,你去唱我不拦着你
你去唱我不拦着你,反正你也没工作
反正你也没工作,少拿我儿子当试验品
少拿我儿子当试验品,我要纠正你一下
我要纠正你一下,刚才你说的话也不完全正确
刚才你说的话也不完全正确,你是第一次当妈
你是第一次当妈,但是我当年八下江南的时候
但是我当年八下江南的时候,也一定是在南方留下过几个孽债的
也一定是在南方留下过几个孽债的,不要脸
不要脸,好了
好了,你说的对
你说的对,我支持你
我支持你,但是你看 好不好看疗效 听专家的
但是你看 好不好看疗效 听专家的,咱们也不懂
咱们也不懂,也没专业能力是吧
也没专业能力是吧,这一块石头你切开才知道里面是美玉还是烂石头的渣子
这一块石头你切开才知道里面是美玉还是烂石头的渣子,我提议找一个专业
我提议找一个专业,起码是一个干过这行的
起码是一个干过这行的,给咱把把脉判断
给咱把把脉判断,方一凡要是这块料 咱就鼓励他
方一凡要是这块料 咱就鼓励他,如果不是彻底放弃这想法行不行
如果不是彻底放弃这想法行不行,别哔哔了
别哔哔了,我这还没哔哔完呢
我这还没哔哔完呢,我来 我跟你一块
我来 我跟你一块,戴上手套
戴上手套,看成不成功
看成不成功,好香
好香,还真香
还真香,可以
可以,这倒真省事了
这倒真省事了,往里一放
往里一放,这是你的清蒸哈什蚂是吧
这是你的清蒸哈什蚂是吧,对对 清蒸哈什蚂
对对 清蒸哈什蚂,我今天还有个事想跟你商量
我今天还有个事想跟你商量,我这看着方一凡
我这看着方一凡,在商场里碰着他之后
在商场里碰着他之后,我就在想
我就在想,这个一会我扣过来
这个一会我扣过来,我就在想
我就在想,你说
你说,我的工作没了的事
我的工作没了的事,我是不是应该告诉他
我是不是应该告诉他,我也不能老瞒着他
我也不能老瞒着他,你说我老瞒着他
你说我老瞒着他,这老瞒着他 早晚也得穿
这老瞒着他 早晚也得穿,要不然找个机会我跟他说了得了
要不然找个机会我跟他说了得了,你这事你自己看
你这事你自己看,你的事你决定
你的事你决定,说实话我觉得现在俩孩子高三其实家里需要有个人照顾他们
说实话我觉得现在俩孩子高三其实家里需要有个人照顾他们,要不然这样你一边在家里照顾他们
要不然这样你一边在家里照顾他们,一边捎带手找工作
一边捎带手找工作,骑着驴找马
骑着驴找马,我看行
来,谢谢爸
多吃点,爸 这太多了 我吃不了
多吃点补补,您喝开心了吗
开心了,我给您再添点儿
我给您再添点儿,这素火锅
这素火锅,挺好吃的
挺好吃的,但是我还以为咱今儿能吃辣的
吃辣的上火,跟我妈似的
这两天你妈对你怎么样,应该不生我气了
应该不生我气了,不知道
你把它存起来,什么截屏
那就背上行囊行走远方了,对 爸
对 爸,您当时离开家从辽宁到北京
您当时离开家从辽宁到北京,爷爷奶奶舍得吗
毕竟离家那么远,爷爷奶奶支持吗
那必须得走,爷爷奶奶这么好
顺便见多识广,爷爷当时都去过哪
飞向宇宙,您真这么觉得
您真这么觉得,爸爸真这么觉得
爸爸真这么觉得,你再喝点来
你再喝点来,我真是太开心了
我真是太开心了,我跟你说这正好我们学校它最近开始报冬令营了
我跟你说这正好我们学校它最近开始报冬令营了,对
对,我觉得您肯定支持我
我觉得您肯定支持我,这有北大清华还有南大
给我们全冻感冒了,爸您说的冬令营跟我们这个不一样
爸您说的冬令营跟我们这个不一样,我们是有竞赛班的
我们是有竞赛班的,然后拿到好成绩之后能参加自主招生的
去,支持我去冬令营 支持我去南大 YES
哪的南大,南大 您不是支持我多出去看看吗
南大 您不是支持我多出去看看吗,而且南大的天文系可是全国第一名
南京大学,对
然后你去让那儿上学,对
这 妈妈不会同意,我这没说妈妈
我这没说妈妈,我是问您同不同意支不支持吗
再考虑考虑,为什么
你肯定吃不惯,知道了
知道了,媳妇
媳妇,媳妇
媳妇,我在这琢磨
我在这琢磨,孩子们心情不好 饭都没好好吃
孩子们心情不好 饭都没好好吃,我是不是没工作的事 不应该告诉他们
我是不是没工作的事 不应该告诉他们,我觉得告诉他们挺好的
我觉得告诉他们挺好的,没必要瞒着 我们是什么样的家庭
没必要瞒着 我们是什么样的家庭,就让他们面对什么样的生活挺好
就让他们面对什么样的生活挺好,按道理让孩子了解真实情况
按道理让孩子了解真实情况,也是一种锻炼和成长
也是一种锻炼和成长,而且方一凡吧 我觉得更无所谓
而且方一凡吧 我觉得更无所谓,你知道吗
你知道吗,我觉得他没心没肺的
我觉得他没心没肺的,我主要考虑还是 还是磊磊
我主要考虑还是 还是磊磊,你说磊磊这孩子本来就敏感
你说磊磊这孩子本来就敏感,到咱们家来了
到咱们家来了,怎么说都是寄人篱下
怎么说都是寄人篱下,这要再知道小姨夫没工作了
这要再知道小姨夫没工作了,家里经济压力大
家里经济压力大,我就怕这孩子到时候情绪受影响
我就怕这孩子到时候情绪受影响,心理上受伤害
心理上受伤害,等回头再影响他高考你知道吗
等回头再影响他高考你知道吗,还是可怜这孩子
还是可怜这孩子,怎么了
怎么了,对磊磊真好
对磊磊真好,对我也好
对我也好,你现在觉出来了
你现在觉出来了,你就是我的大白
你就是我的大白,你是说我胖了是吧
你是说我胖了是吧,还是说我白 还是说软
还是说我白 还是说软,说你大
说你大,我有时候大白有时候就是变形金刚
我有时候大白有时候就是变形金刚,是一个擎天柱
是一个擎天柱,你想干嘛 擎天柱
你想干嘛 擎天柱,我跟你一块儿练会瑜伽
我跟你一块儿练会瑜伽,妈
妈,怎么靠这儿 累了
怎么靠这儿 累了,靠着吧靠着吧
靠着吧靠着吧,怎么样
怎么样,今天跟爸爸吃饭去
今天跟爸爸吃饭去,开心吗
开心吗,挺开心的
挺开心的,不让你吃
不让你吃,爱吃的也开心
爱吃的也开心,不辣的也好吃
不辣的也好吃,再说了
再说了,你不是不让我吃辣的吗
你不是不让我吃辣的吗,真是爸妈的小乖乖
真是爸妈的小乖乖,辣的就是对身体不好
辣的就是对身体不好,当然了
当然了,偶尔吃一次也没事
偶尔吃一次也没事,你开心了 我才能开心
你开心了 我才能开心,妈妈能跟你躺一会儿吗
妈妈能跟你躺一会儿吗,你别看妈妈平时对你挺严格的
你别看妈妈平时对你挺严格的,其实妈妈还是最爱你的
其实妈妈还是最爱你的,我都知道
我都知道,妈妈想跟你道个歉
妈妈想跟你道个歉,上次不该打你的
上次不该打你的,妈妈一直很
妈妈一直很,后悔
后悔,不怪您
不怪您,上次是我先做错了的
上次是我先做错了的,咱俩就算和解了
咱俩就算和解了,过去了
过去了,我就知道我的英子最好了
我就知道我的英子最好了,妈妈也最好了
妈妈也最好了,您是不是特别爱我
您是不是特别爱我,当然了
当然了,这世界上妈妈最爱你了
这世界上妈妈最爱你了,你可是妈妈的一切
你可是妈妈的一切,那是不是我提什么要求你都会答应
那是不是我提什么要求你都会答应,那还用说嘛
那还用说嘛,我宝贝的要求我全力以赴的也得支持
我宝贝的要求我全力以赴的也得支持,当然了也得是合理要求
当然了也得是合理要求,完不成的妈妈也做不到
完不成的妈妈也做不到,我如果毕业了
我如果毕业了,我大学想考天文系
我大学想考天文系,你答应吗
你答应吗,你的理想
你的理想,你的梦想
你的梦想,妈妈永远是支持的
妈妈永远是支持的,我要是想考南京大学
我要是想考南京大学,南京大学太远了
南京大学太远了,妈妈也
妈妈也,不能搬到南京去
不能搬到南京去,那以后见你不就费劲了
那以后见你不就费劲了,那不行吧
那不行吧,我可以回来看你
我可以回来看你,我查了这南京大学天文系是全国排名第一
我查了这南京大学天文系是全国排名第一,英子
英子,你看我知道你喜欢天文
你看我知道你喜欢天文,所以妈妈也早就帮你了解过了
所以妈妈也早就帮你了解过了,这天文系下面还是细分的
这天文系下面还是细分的,还有航天工程、天体物理
还有航天工程、天体物理,要说起来清华还有北航都挺不错的
要说起来清华还有北航都挺不错的,咱北京姑娘
咱北京姑娘,当然是
当然是,首选北京的学校了
首选北京的学校了,对不对
对不对,英子
英子,其实妈妈早就把你后面的路都安排了
其实妈妈早就把你后面的路都安排了,什么事情都想计划
什么事情都想计划,想想那时候 结婚的时候 想着一步一步的实现过上理想人生
想想那时候 结婚的时候 想着一步一步的实现过上理想人生,结果谁知道会有这么大的意外离了婚
结果谁知道会有这么大的意外离了婚,现在就剩下咱们母女俩相依为命
现在就剩下咱们母女俩相依为命,其实
其实,其实这事儿对妈妈来说挺有挫败感的
其实这事儿对妈妈来说挺有挫败感的,男的大概都这样
男的大概都这样,你对他越好吧
你对他越好吧,他就越想跑
他就越想跑,男的都不值得对他们好
男的都不值得对他们好,你以后要擦亮眼睛
你以后要擦亮眼睛,怎么忽然提到南京大学
怎么忽然提到南京大学,就说说
就说说,妈妈舍不得你离开我
妈妈舍不得你离开我,一辈子都能守着你
一辈子都能守着你,几点了
几点了,坏了
坏了,怎么了
怎么了,炉子上还给你炖着汤
炉子上还给你炖着汤,你趟会也起来吧
你趟会也起来吧,是不是还有套题没做呢
是不是还有套题没做呢,抓紧时间
抓紧时间,大晚上上哪去了
大晚上上哪去了,我出去遛个弯
我出去遛个弯,穿着睡衣去遛弯
穿着睡衣去遛弯,我这 在楼道里边有点闷
我这 在楼道里边有点闷,我出去透气去
我出去透气去,那跟谁
那跟谁,打电话
打电话,没打电话
没打电话,乔卫东、乔卫东、乔卫东非让我跟他通个电话
乔卫东、乔卫东、乔卫东非让我跟他通个电话,跟他小女朋友小梦闹的不痛快
跟他小女朋友小梦闹的不痛快,我安抚安抚他
我安抚安抚他,劝劝他
劝劝他,他那小女朋友是挺让人不痛快的
他那小女朋友是挺让人不痛快的,不痛快去分 干嘛 还留着过年了
不痛快去分 干嘛 还留着过年了,这不能怪人小梦老师 是乔卫东
这不能怪人小梦老师 是乔卫东,小梦想嫁给乔月东
小梦想嫁给乔月东,乔卫东不想娶了
乔卫东不想娶了,为什么
为什么,为什么
为什么,那还不简单吗
那还不简单吗,乔卫东
乔卫东,不管怎么样
不管怎么样,经历了一段不幸的婚姻
经历了一段不幸的婚姻,当年他疑似婚内出轨
当年他疑似婚内出轨,跟宋老师闹得鸡飞狗跳
跟宋老师闹得鸡飞狗跳,或多或少对婚姻有那么点恐惧感
或多或少对婚姻有那么点恐惧感,而且好像 好像他对宋老师还有那么一点点的依恋和怀念
而且好像 好像他对宋老师还有那么一点点的依恋和怀念,不会吧
不会吧,他还惦记宋倩呢
他还惦记宋倩呢,怎么不会
怎么不会,我跟你说男人
我跟你说男人,男人属于什么你知道吗
男人属于什么你知道吗,男人属于喜新不厌旧
男人属于喜新不厌旧,见异不思迁
见异不思迁,抽刀断水水更流
抽刀断水水更流,原来你是这么理解男人的
原来你是这么理解男人的,不是我这么理解 都这么理解
不是我这么理解 都这么理解,你给我分析女的
你给我分析女的,女的就不一样了
女的就不一样了,女的属于有了新欢
女的属于有了新欢,立即忘了旧爱
立即忘了旧爱,原来我们公司有一个同事爱上一个渣男
原来我们公司有一个同事爱上一个渣男,全体公司员工从上到下就劝他怎么劝都劝不回
全体公司员工从上到下就劝他怎么劝都劝不回,就说你千万不能离婚
就说你千万不能离婚,那男的是个渣男听不进去
那男的是个渣男听不进去,非要离跟人家渣男就走了
非要离跟人家渣男就走了,你看男人和女人在这事上绝对是泾渭分明
你看男人和女人在这事上绝对是泾渭分明,观念完全不一样
观念完全不一样,而且你看这乔卫东
而且你看这乔卫东,谈过谈过这么几次恋爱是吧
谈过谈过这么几次恋爱是吧,他对前任都不错
他对前任都不错,和平分手
和平分手,只要那女的没有再谈恋爱或者嫁人什么的
只要那女的没有再谈恋爱或者嫁人什么的,他都跟人保持联系
他都跟人保持联系,逢年过节的还给人发个红包
逢年过节的还给人发个红包,请人吃个饭叙旧
请人吃个饭叙旧,回忆当年的过去是吧
回忆当年的过去是吧,大家都挺好
大家都挺好,更何况宋老师是乔卫东的初恋
更何况宋老师是乔卫东的初恋,他绝对是终生难忘
他绝对是终生难忘,是不是说的有点多了
是不是说的有点多了,当我没说
当我没说,你是不是还在怀念你的初恋
你是不是还在怀念你的初恋,你想听实话吗
你想听实话吗,好
好,我对我的
我对我的,初恋
初恋,永生难忘
永生难忘,为什么
为什么,因为我的初恋就是你 
因为我的初恋就是你 ,少跟我来这套
少跟我来这套,你说
你说,孩子在呢
孩子在呢,我不管
我不管,你说你是不是还在惦记你的初恋
你说你是不是还在惦记你的初恋,想要你的前任 是不是天天给他们发红包
想要你的前任 是不是天天给他们发红包,我这财务状况你还不了解
我这财务状况你还不了解,我哪有红包
我哪有红包,我身 我身无分文
我身 我身无分文,我给你发誓
我给你发誓,我跟你讲我保证我给你讲 反正以前任何我都没有任何联系了
我跟你讲我保证我给你讲 反正以前任何我都没有任何联系了,这么说 虽然你不是我的起跑线
这么说 虽然你不是我的起跑线,但你肯定是我的终点站
但你肯定是我的终点站,知道吗
知道吗,你给我听清楚了
你给我听清楚了,你可是我的初恋
你可是我的初恋,你要是敢像乔卫东那样对不起我
你要是敢像乔卫东那样对不起我,老娘绝不放过
老娘绝不放过,拉我起来
拉我起来,正好
正好,给你炖了个红枣燕窝
给你炖了个红枣燕窝,趁热喝了啊
趁热喝了啊,谢谢
谢谢,一边听歌一边做作业不分心
一边听歌一边做作业不分心,这首歌挺好听的
这首歌挺好听的,我放你听
我放你听,好听吗
好听吗,还行
还行,这样 你就干脆先喝了
这样 你就干脆先喝了,一边听歌一边喝
一边听歌一边喝,喝完了抓紧时间做题了
喝完了抓紧时间做题了,好不好
好不好,抓紧啊
抓紧啊,你今儿是不是要上瑜伽课去
你今儿是不是要上瑜伽课去,什么时候走
什么时候走,马上
马上,还是跟宋倩
还是跟宋倩,中午回来吃饭吗
中午回来吃饭吗,对
对,你怎么问这么多问题
你怎么问这么多问题,什么意思
什么意思,我关心你 什么叫问这么多问题
我关心你 什么叫问这么多问题,我作为一个家政服务人员
我作为一个家政服务人员,我得了解你的行程
我得了解你的行程,我的服务保障得做到位
我的服务保障得做到位,回来吃
回来吃,给我个机会是吧
给我个机会是吧,行
行,我一会去超市多买点菜
我一会去超市多买点菜,你好好练
你好好练,等你练成了以后
等你练成了以后,你就教教我 让我减减肚子
你就教教我 让我减减肚子,对
对,正好 那个
正好 那个,油烟机这太窄了
油烟机这太窄了,擦里面油怎么擦擦
擦里面油怎么擦擦,够不着啊
够不着啊,笨死了
笨死了,这不是这么弄的
这不是这么弄的,怎么弄这是
怎么弄这是,帅丰这导烟版是能拆下来的
帅丰这导烟版是能拆下来的,你看
你看,喷点洗涤灵就行了
喷点洗涤灵就行了,你过来 这还有集油盒在这儿
你过来 这还有集油盒在这儿,这么方便
这么方便,在这下边你看看
在这下边你看看,在这儿他
在这儿他,这就是 传说中的地沟油
这就是 传说中的地沟油,中午我给你来个地沟油
中午我给你来个地沟油,水煮鱼
水煮鱼,怎么样
怎么样,你敢做我就敢吃
你敢做我就敢吃,好
好,凡凡 磊儿 我走了
凡凡 磊儿 我走了,妈妈走了啊
好好,走了
走了,好
好,拜拜
拜拜,好 拜拜
好 拜拜,表哥你别老张罗让我去王一笛
表哥你别老张罗让我去王一笛,他们家给他补课了
怎么着你还不想,人家是女孩
人家是女孩,我不好意思
不好意思 就不是第一次去了,主要我之前去他们家给他补课的时候
主要我之前去他们家给他补课的时候,她妈总是旁听
她妈总是旁听,然后还要指导两句
然后还要指导两句,结果最后他说的知识点全都是错的
咱们怎么虎口脱险,你就别瞎使成语了
咱们还去不去乔叔叔那儿啊,去啊 肯定得去
去啊 肯定得去,爸爸都答应你了
爸爸都答应你了,都约好了 这样
都约好了 这样,一会爸爸就 爸爸就说去超市
一会爸爸就 爸爸就说去超市,你就说你要到同学那儿温功课什么的
你就说你要到同学那儿温功课什么的,找个理由给妈妈请个假好吧
你先去 我断后,你能有爸爸有斗争经验
你能有爸爸有斗争经验,你断后 到时候妈妈再断了你的后路
你断后 到时候妈妈再断了你的后路,这样一会儿我来断后
这样一会儿我来断后,然后我给你打助攻
然后我给你打助攻,走
你对人态度好点,你这人真的是 用人朝前
你这人真的是 用人朝前,不用人朝后
这不刚给你买一包吗,你还好意思说
你还好意思说,这半年你就给我买过一个包
这半年你就给我买过一个包,对吧
对吧,可是我上个月还给你买了三双袜子两条内裤
可是我上个月还给你买了三双袜子两条内裤,而且我哪次来你这不是大包小包的买一堆东西
你给个面子,我来了不就是给你面子吗
我来了不就是给你面子吗,你不知道童文洁 上次怼我 怼的有多难看
你不知道童文洁 上次怼我 怼的有多难看,你过来
我不是跟你道歉了吗,你道歉有什么用
放心了,我放心不了
我放心不了,就你这老窝都被你前妻扒了两回了
就你这老窝都被你前妻扒了两回了,而且每次我都是受害者
而且每次我都是受害者,我跟你说今天这事可千万别出什么幺蛾子
我跟你说今天这事可千万别出什么幺蛾子,我纯是来帮忙的
我纯是来帮忙的,可千万别惹我一身腥
你提他干什么,没辙
没辙,我这人触景生情
你少吃点那坚果,我现在吃点坚果你都不让了
就是说让你少吃点,我知道了
我知道了,这是你给你女儿买的对吗
这是你给你女儿买的对吗,你嫌我吃了他的零食对吧
我还得给你点钱去,你算了吧
你算了吧,这红的特别好吃
这红的特别好吃,你尝一尝
那不是坚果,你就来 综合的
你又不让一凡参加艺考了,方一凡就不是这块料
方一凡就不是这块料,唱歌跳舞都上不了台面
唱歌跳舞都上不了台面,考什么
考什么,他不像你们家笛笛 准备的比较充分
他不像你们家笛笛 准备的比较充分,是吧
是吧,说来就来 都有模有样的
说来就来 都有模有样的,他不行
你知道我小的时候我经常拍挂历上饼干桶,是吗
所以他考上几率大一些,我当时同意方一凡考
我当时同意方一凡考,也是因为方一凡一本肯定没戏
也是因为方一凡一本肯定没戏,二本我们觉得也悬
二本我们觉得也悬,艺考比较便宜
艺考比较便宜,不是艺考就是分数比较低
不是艺考就是分数比较低,想让他试试
想让他试试,毕竟将来出来毕业是个什么文学学士我听说
毕竟将来出来毕业是个什么文学学士我听说,但是我也给他算了一下
但是我也给他算了一下,他喜欢的音乐剧专业招收的名额太少了
他喜欢的音乐剧专业招收的名额太少了,一年好像才招一个班
一年好像才招一个班,一个班才15个人
一个班才15个人,还不是每个艺术院校都有这个专业
还不是每个艺术院校都有这个专业,所以算下来能考取的几率这几乎是0
所以算下来能考取的几率这几乎是0,算了不考了
我们家笛笛现在出道就算晚的,你干嘛还让他考
概率等于0,你说
你说,凡凡
凡凡,我是让他考 还是不让他考
我是让他考 还是不让他考,算了不考了
算了不考了,都已经定了
都已经定了,不想
不想,不错
不错,你确定你没学过
都是我昨天晚上现在网上找随便扒随便学的,你太厉害了
可以吗,实话实说
实话实说,你是有天赋的
你是有天赋的,你看你的乐感和节奏感都非常好
你看你的乐感和节奏感都非常好,但是你的柔韧度差一点
但是你的柔韧度差一点,因为你之前没有学过
因为你之前没有学过,但没关系
但没关系,这个可以是后天练的
这个可以是后天练的,因为还有一段时间
因为还有一段时间,你现在给我唱首歌
我就唱我平时听的歌,你这微信可真救了我了
你这微信可真救了我了,你也救了我
你也救了我,你猜我今天下了班去超市说买两包卫生巾
你猜我今天下了班去超市说买两包卫生巾,碰见谁了
碰见谁了,碰见谁
碰见谁,乔卫东
乔卫东,谢谢
谢谢,一见着我就问我一个问题
一见着我就问我一个问题,你猜问我什么
你猜问我什么,他不会问你
他不会问你,你怎么还没绝经呢
你怎么还没绝经呢,真的
真的,这嘴欠不欠气死我了
这嘴欠不欠气死我了,乔卫东我意料之中 他狗嘴里吐不出象牙
乔卫东我意料之中 他狗嘴里吐不出象牙,王一笛妈找你干嘛
王一笛妈找你干嘛,别说了
别说了,这女的可真会算计
这女的可真会算计,什么便宜都要占
什么便宜都要占,他女儿不是要参加艺考
他女儿不是要参加艺考,可是也担心她女儿文化课耽误了
可是也担心她女儿文化课耽误了,所以让磊儿给他女儿辅导文化课
所以让磊儿给他女儿辅导文化课,给钱吗
给钱吗,给了一个红包200块
给了一个红包200块,两小时200
两小时200,现在随便找个大学生一个小时200
现在随便找个大学生一个小时200,磊儿的学习能力不比大学生差
磊儿的学习能力不比大学生差,可不是吗
可不是吗,还浪费磊儿时间
还浪费磊儿时间,我不同意
我不同意,可是 不说了
可是 不说了,你知道他怎么跟磊儿说吗
你知道他怎么跟磊儿说吗,他说
他说,这阿姨要不要多给你点
这阿姨要不要多给你点,可是红包只有200块
可是红包只有200块,上限200
上限200,要不然阿姨多发你点
要不然阿姨多发你点,我心想你直接转账不就行了
我心想你直接转账不就行了,给俩红包不就完了吗
给俩红包不就完了吗,方圆也是这么说的
方圆也是这么说的,真做得出 太鸡贼了
现在可以点餐了吗,可以
可以,我点青咖喱这个蔬菜饭
好,你给我来一个烤三文鱼沙拉
你给我来一个烤三文鱼沙拉,好，谢谢
好，谢谢,先不说她妈 王一笛真的长得挺好看的
先不说她妈 王一笛真的长得挺好看的,大眼睛高鼻梁
大眼睛高鼻梁,大高个儿又会唱歌又会跳舞
大高个儿又会唱歌又会跳舞,你别看她妈咋咋呼呼说话跟机关枪似的
你别看她妈咋咋呼呼说话跟机关枪似的,怎么调养一个女儿 调养的这么好
怎么调养一个女儿 调养的这么好,就是 也不知道用什么样的学习方法
就是 也不知道用什么样的学习方法,反正就知道咱也不一定学得来
反正就知道咱也不一定学得来,他老公做什么的
他老公做什么的,他先生是开公司的
他先生是开公司的,而且是上市公司 别看人这样的
而且是上市公司 别看人这样的,特听老婆话
特听老婆话,妻管严
妻管严,真的
真的,我觉得大概是一个什么巨蟹座
我觉得大概是一个什么巨蟹座,巨蟹座是气管炎吗
巨蟹座是气管炎吗,不是说特顾家吗
不是说特顾家吗,对
对,哪像你这魔羯座工作狂
哪像你这魔羯座工作狂,真是把你搁在家里
真是把你搁在家里,我看你你也坐不住
我看你你也坐不住,工作狂有什么用
工作狂有什么用,现在工作也没弄好
现在工作也没弄好,孩子也没弄好
孩子也没弄好,你看看人家要什么有什么
你看看人家要什么有什么,人有资本拼 拼老公、拼孩子 拼自己
人有资本拼 拼老公、拼孩子 拼自己,我呢 
我呢 ,拼命
拼命,关键是拼了命也没好结果
关键是拼了命也没好结果,你看我们家英子这成绩
你看我们家英子这成绩,英子可以了
英子可以了,可以什么 从第二名一下滑到了这20多名
可以什么 从第二名一下滑到了这20多名,快快30名了
快快30名了,是啊
是啊,我说怎么弄的
我说怎么弄的,我这一个劲检讨我自己
我这一个劲检讨我自己,肯定有他的问题
肯定有他的问题,但我觉得肯定也有我的问题
但我觉得肯定也有我的问题,你说我是不是对他太凶了
你说我是不是对他太凶了,你那不叫凶
你那不叫凶,你那叫凶我叫什么了
你那叫凶我叫什么了,你对英子最多就是高标准严要求
你对英子最多就是高标准严要求,因为你自己对自己要求就严
因为你自己对自己要求就严,我对方一凡连打带骂连踹带吼的
我对方一凡连打带骂连踹带吼的,就这么凶还没用
就这么凶还没用,还不成器
还不成器,你那就是雷声大雨点小又不当真的
你那就是雷声大雨点小又不当真的,打打闹闹的
打打闹闹的,我觉得方一凡性格多好
我觉得方一凡性格多好,你看咱都看着别人家孩子好
你看咱都看着别人家孩子好,你说孩子们是不是也看上别人家父母好
你说孩子们是不是也看上别人家父母好,肯定的
肯定的,小的时候我们老觉得别人家的父母好
小的时候我们老觉得别人家的父母好,拿别人家的父母跟咱自己父母互相比
拿别人家的父母跟咱自己父母互相比,现在我们为人父母了
现在我们为人父母了,又觉得别人家的孩子好了
又觉得别人家的孩子好了,你说是不是挺没劲的
你说是不是挺没劲的,是挺没劲的
是挺没劲的,对了
对了,我那天看见英子和刘静在楼道口手拉着手也不知道说什么呢
我那天看见英子和刘静在楼道口手拉着手也不知道说什么呢,亲亲热热
亲亲热热,我知道 肯定是让他给他当儿媳妇
我知道 肯定是让他给他当儿媳妇,后来回来问他一下
后来回来问他一下,英子说给季杨杨送卷子去了
英子说给季杨杨送卷子去了,然后刘静好像特别感谢他
然后刘静好像特别感谢他,特别巧
特别巧,我早上正好去他们家不是暖气不热吗
我早上正好去他们家不是暖气不热吗,我说带物业去给他放气儿
我说带物业去给他放气儿,他也是拉着我夸了半天英子也好也好
他也是拉着我夸了半天英子也好也好,说他们家要是有英子女儿就好了
说他们家要是有英子女儿就好了,我这回来一想这英子还挺招人喜欢
我这回来一想这英子还挺招人喜欢,当然
当然,你也喜欢
你也喜欢,刘静也喜欢
刘静也喜欢,都那么抢着喜欢他
都那么抢着喜欢他,你说英子是不是心里面也觉得刘静挺好的
你说英子是不是心里面也觉得刘静挺好的,想让刘静当她妈呀
想让刘静当她妈呀,你有病吧
你有病吧,你是不是觉得谁都要给你抢英子 刘静的醋你也吃是不是
你是不是觉得谁都要给你抢英子 刘静的醋你也吃是不是,我自己也挺喜欢刘静的
我自己也挺喜欢刘静的,人家领导夫人 多有气质
人家领导夫人 多有气质,温文尔雅的
温文尔雅的,要是我能跟他 是不综合就好了
要是我能跟他 是不综合就好了,综合什么
综合什么,英子 快进来
英子 快进来,没人吧
没人吧,没人 你快点
没人 你快点,谢谢陶子麻烦你了
谢谢陶子麻烦你了,小事儿
小事儿,这有啥的
这有啥的,这不是应该的吗
这不是应该的吗,对了
对了,你报名表交上去了吗
你报名表交上去了吗,别提了
别提了,我跟你说我昨天干了一件巨蠢无比的事
我跟你说我昨天干了一件巨蠢无比的事,什么事
什么事,我妈之前不是一直对我爱搭不理的吗
我妈之前不是一直对我爱搭不理的吗,然后他昨天过来找我跟我说了一大堆交心的话
然后他昨天过来找我跟我说了一大堆交心的话,还跟我道了歉
还跟我道了歉,结果我脑子一抽筋
结果我脑子一抽筋,就全部都说出来了
就全部都说出来了,你呀 你这个脑袋
你呀 你这个脑袋,我也不知道我是怎么了
我也不知道我是怎么了,脑袋一热就都给说出来
脑袋一热就都给说出来,这可怎么办
这可怎么办,我之前还要你们帮我保密
我之前还要你们帮我保密,结果自己先给说出来
结果自己先给说出来,那你冬令营的事儿怎么办
那你冬令营的事儿怎么办,现在
现在,再看吧
再看吧,那也行
那也行,拜拜
拜拜,我跟你说 咱们是因为自己的孩子 付出了心血
我跟你说 咱们是因为自己的孩子 付出了心血,付出的精力 付出太多
付出的精力 付出太多,所以就要求回报
所以就要求回报,孩子要不听话咱们就生气
孩子要不听话咱们就生气,那别人 管你们家孩子 又没付出一毛钱
那别人 管你们家孩子 又没付出一毛钱,是不是
是不是,当然和和气气的 看你家孩子都觉得你好
当然和和气气的 看你家孩子都觉得你好,我不信刘静回家不跟他儿子急
我不信刘静回家不跟他儿子急,那天方圆不说了吗
那天方圆不说了吗,老季 当着众人的面打了季杨杨一巴掌
老季 当着众人的面打了季杨杨一巴掌,对不对
对不对,你说的有道理
你说的有道理,父母当的
父母当的,文洁
文洁,你说我们拼了命的
你说我们拼了命的,想把自己觉得最好的东西给孩子
想把自己觉得最好的东西给孩子,可能也给的太多了
可能也给的太多了,给过火了
给过火了,这孩子还拼命不要
这孩子还拼命不要,想想英子
想想英子,你看乔卫东
你看乔卫东,是这么一讨厌的人
是这么一讨厌的人,英子就喜欢他
英子就喜欢他,看他什么都好
看他什么都好,我有时候再想想
我有时候再想想,我是不是应该改改我的教育方式
我是不是应该改改我的教育方式,怎么改
怎么改,你改成乔卫东式的教育方式你行吗
你改成乔卫东式的教育方式你行吗,乔卫东那套 我一个也看不上
乔卫东那套 我一个也看不上,可他能跟英子当朋友 我就不行
可他能跟英子当朋友 我就不行,其实当朋友这事还真是挺利于亲子关系的
其实当朋友这事还真是挺利于亲子关系的,你看方圆 就跟方一凡
你看方圆 就跟方一凡,老通着气儿
老通着气儿,你说是不是我也得改一改
你说是不是我也得改一改,怎么改
怎么改,这简单啊 心平气和
这简单啊 心平气和,温良恭俭让呗
温良恭俭让呗,你呀我还真不信
你呀我还真不信,行 我拭目以待
行 我拭目以待,这必须改 又不是为我自己 为孩子
这必须改 又不是为我自己 为孩子,那行
那行,咱们都改 回去就改
咱们都改 回去就改,蒜油他们是拿椰子油做的很健康
蒜油他们是拿椰子油做的很健康,拿面包蘸着吃才好吃
拿面包蘸着吃才好吃,来试试
来试试,对 怎么样
对 怎么样,很好吃吧
很好吃吧,来 尝这个啊
来 尝这个啊,妈 你今儿怎么突然想起来带我下馆子了
妈 你今儿怎么突然想起来带我下馆子了,也没有突然啊 没事嘛
也没有突然啊 没事嘛,出来放松不是挺好的
出来放松不是挺好的,但是您之前不是一直说外面食物不健康吗
但是您之前不是一直说外面食物不健康吗,肯定跟家里比起来
肯定跟家里比起来,卫生健康都没法比
卫生健康都没法比,但是这家还行
但是这家还行,偶尔出来吃一次没关系
偶尔出来吃一次没关系,妈 你晚上回去的时候帮我再看一下期中卷子
妈 你晚上回去的时候帮我再看一下期中卷子,那天不是讲过了
那天不是讲过了,但是我最后一道大题第四问我还是有点不明白
但是我最后一道大题第四问我还是有点不明白,你再给我讲一遍
你再给我讲一遍,那前头都明白了吗
那前头都明白了吗,那就行了
那就行了,不着急明天再说
不着急明天再说,其实第四问的也不是基础题
其实第四问的也不是基础题,真要考试遇见了不会做
真要考试遇见了不会做,就干脆放弃
就干脆放弃,干嘛那么奇怪的看着我
干嘛那么奇怪的看着我,好不容易出来吃趟饭
好不容易出来吃趟饭,咱都放松
咱都放松,一会还想着带你逛逛街
一会还想着带你逛逛街,看上条裙子
看上条裙子,想让你试一下去 回咱看韩剧好不好
想让你试一下去 回咱看韩剧好不好,我出门时候已经下上了
我出门时候已经下上了,还看韩剧
还看韩剧,我们一起看
我们一起看,你还记不记得去年冬天咱俩钻一个被窝里面窝在里面看
你还记不记得去年冬天咱俩钻一个被窝里面窝在里面看,1988还记得吗
1988还记得吗,你不是一直说高三时间争分夺秒
你不是一直说高三时间争分夺秒,突然这样
突然这样,我不太明白
我不太明白,是 高三得争分夺秒
是 高三得争分夺秒,妈妈这段时间好好检讨一下自己
妈妈这段时间好好检讨一下自己,我觉得前段时间无论你是没有心情上学
我觉得前段时间无论你是没有心情上学,还是考试排名不好
还是考试排名不好,其实说到底还是妈妈的教育出了问题
其实说到底还是妈妈的教育出了问题,妈妈是下决心想改变自己
妈妈是下决心想改变自己,以后
以后,咱们这样 只要你的学习都完成了
咱们这样 只要你的学习都完成了,你想休息也行
你想休息也行,想去看看什么韩剧美剧
想去看看什么韩剧美剧,玩乐高也行
玩乐高也行,你想去天文馆其实也行
你想去天文馆其实也行,当然前提还是得把妈妈给你制定的一个复习计划做完
当然前提还是得把妈妈给你制定的一个复习计划做完,你看这样行吗
你看这样行吗,妈您
妈您,不用这样
不用这样,高三时间就剩一半了
高三时间就剩一半了,我其实真的没有心情玩的
我其实真的没有心情玩的,不
不,我觉得妈妈是以前对你有点严苛了
我觉得妈妈是以前对你有点严苛了,你看你爸虽然他一身毛病
你看你爸虽然他一身毛病,但是他对你真的是没的说
但是他对你真的是没的说,所以妈妈应该向他学习
所以妈妈应该向他学习,他性格就比较放松
他性格就比较放松,你跟他在一起也会觉得比较松弛一点
你跟他在一起也会觉得比较松弛一点,对不对
对不对,我觉得有时候中和平衡一下
我觉得有时候中和平衡一下,对
对,可以平衡一下
可以平衡一下,也不能老学习
也不能老学习,虽然说他毛病多
虽然说他毛病多,但是他也是有优点的
但是他也是有优点的,我以前总是去其糟粕
我以前总是去其糟粕,却没有看见他身上的优点
却没有看见他身上的优点,您真这样想的
您真这样想的,我当然这么想
我当然这么想,我是觉得自己之前做的都挺不好的
我是觉得自己之前做的都挺不好的,才会给你造成这样的困惑
才会给你造成这样的困惑,我希望以后妈妈也能像爸爸那样
我希望以后妈妈也能像爸爸那样,他怎么对你
他怎么对你,我也怎么对
我也怎么对,我也希望你怎么对爸爸也愿意怎么对妈妈有什么心里话
我也希望你怎么对爸爸也愿意怎么对妈妈有什么心里话,都能开诚布公的跟妈妈说
都能开诚布公的跟妈妈说,好吗
好吗,妈
妈,其实我觉得你和我爸是完全不同的两种人
其实我觉得你和我爸是完全不同的两种人,这想法也是南辕北辙的
这想法也是南辕北辙的,我知道您是想对我好
我知道您是想对我好,其实您真的不用强迫自己去学他那一套
其实您真的不用强迫自己去学他那一套,他那一套您不是之前也一直看不上吗
他那一套您不是之前也一直看不上吗,我也不是看不上他
我也不是看不上他,有的时候掌握不太好那个度 就过犹不及了
有的时候掌握不太好那个度 就过犹不及了,但是你爸爸身上真的也有他的优点
但是你爸爸身上真的也有他的优点,再说了
再说了,他要是什么优点都没有的话
他要是什么优点都没有的话,我当初也不会跟他在一起
我当初也不会跟他在一起,哪有你呢
哪有你呢,反正我希望以后妈妈要做的不好
反正我希望以后妈妈要做的不好,你能提醒我
你能提醒我,好不好
好不好,这样我们将来才有更好的交流
这样我们将来才有更好的交流,好吗
好吗,拉钩
拉钩,拉钩
拉钩,盖章
盖章,盖章
盖章,说好了
说好了,来 吃 给你盛点蒜泥
来 吃 给你盛点蒜泥,妈您先等一下
妈您先等一下,我先说一个
我先说一个,其实我特别爱不爱吃蒜蓉
其实我特别爱不爱吃蒜蓉,你不爱吃蒜蓉
你不爱吃蒜蓉,有股怪味
有股怪味,以前怎么没跟我说过
以前怎么没跟我说过,不吃 来 不吃
不吃 来 不吃,不瞒你说
不瞒你说,其实妈妈很喜欢吃蒜蓉的
其实妈妈很喜欢吃蒜蓉的,妈妈这不是怕吃了以后口气不好
妈妈这不是怕吃了以后口气不好,你不喜欢
你不喜欢,才不敢吃的
才不敢吃的,您吃
您吃,真吃了
真吃了,我又不会嫌弃你
我又不会嫌弃你,来
来,帮你多蘸点
帮你多蘸点,你吃
你吃,好好我吃
好好我吃,好吃
好吃,香啊
香啊,真香 你怎么不爱吃呢 会
真香 你怎么不爱吃呢 会,不蘸的好吃
不蘸的好吃,各得其所
各得其所,咱这样多好
咱这样多好,有什么事说开了
有什么事说开了,你说还有什么要说的
你说还有什么要说的,还是算了 好尴尬
还是算了 好尴尬,为什么 说
为什么 说,怕什么说说 我保证不生气
怕什么说说 我保证不生气,保证
保证,好不好
好不好,那我说了
那我说了,我说 我就想跟您商量
我说 我就想跟您商量,我挺想参加南京大学冬令营的
我挺想参加南京大学冬令营的,算了您当我没说过吧
算了您当我没说过吧,我是这么想的
我是这么想的,他们这次在深圳 参加的话
他们这次在深圳 参加的话,您正好可以去香港玩一圈
您正好可以去香港玩一圈,冬令营是吧
冬令营是吧,其实家长群里面早就通知了
其实家长群里面早就通知了,为这个 我特别认真的研究了几天
为这个 我特别认真的研究了几天,这冬令营对自招录取确实是有帮助的
这冬令营对自招录取确实是有帮助的,所以你要想上的话
所以你要想上的话,我肯定支持你
我肯定支持你,但是我觉得我们应该更有针对性的来选择一下
但是我觉得我们应该更有针对性的来选择一下,首先还是应该选择咱们北京的学校
首先还是应该选择咱们北京的学校,你看清华北航
你看清华北航,这都可以选
这都可以选,我还是想试试南京大学
我还是想试试南京大学,南京大学实在是太远了
南京大学实在是太远了,将来我们又不考
将来我们又不考,那上它有什么意义呢
那上它有什么意义呢,你要在北京选一个学校
你要在北京选一个学校,我觉得又省时间换换脑子
我觉得又省时间换换脑子,妈妈肯定支持
妈妈肯定支持,服务员
你好,我们点意大利面还没好
看一下,谢谢
谢谢,英子
英子,你看这样好不好
你看这样好不好,我们各退一步
我们各退一步,妈妈以后肯定会向爸爸看齐
妈妈以后肯定会向爸爸看齐,然后让你后面的学习生活更加宽松
然后让你后面的学习生活更加宽松,但南京大学咱别再想了
但南京大学咱别再想了,好吧
好吧,呵呵
呵呵,行了
行了,好好吃饭
好好吃饭,吃完了我还说带你去试一下那条裙子
吃完了我还说带你去试一下那条裙子,你还真是很少穿裙子
你还真是很少穿裙子,现在整天穿校服
现在整天穿校服,像个小男孩似的可不行
像个小男孩似的可不行,粉颜色喜欢吗还
粉颜色喜欢吗还,我看紫色的 我觉得还行
怎么了,我忘了拿毛巾了
我给你拿,卫生间里 那条蓝色的
卫生间里 那条蓝色的,对
对,谢谢
周一有个家长会 是您去还是我妈去,周一 那时候你妈回来了吧
周一 那时候你妈回来了吧,还是他去
我回屋了,杨杨 你等会
杨杨 你等会,我跟你说点事 给你看样东西
什么东西,你看这次期中考没考好
你看这次期中考没考好,周一还要开家长会
周一还要开家长会,我和你妈都挺着急的
我和你妈都挺着急的,来 你看看这个
来 你看看这个,坐下
坐下,我就想着急也没有用
我就想着急也没有用,学习一定要讲究学习方法
学习一定要讲究学习方法,这个就是爸爸当年上高三的时候学习方法笔记
这个就是爸爸当年上高三的时候学习方法笔记,你看看
您学文我学理 也没什么可借鉴的,不是
不是,咱们学的东西系虽然不同
咱们学的东西系虽然不同,但是学习方法是可以沟通的
我回头看看,别走
别走,你坐下
你坐下,今天咱们俩聊聊
今天咱们俩聊聊,爸爸找这个本子的时候
爸爸找这个本子的时候,就想起爸爸当年高考的时候的很多事
就想起爸爸当年高考的时候的很多事,你觉得高考难吗
你觉得高考难吗,压力大吗
而且我这点分也考不上什么太好的大学,不行你不能放弃你自己
不行你不能放弃你自己,离高考还有时间
离高考还有时间,你要努力
你要努力,爸爸当年能考上大学
爸爸当年能考上大学,那是幸运的
那是幸运的,当然也不全都是幸运的
当然也不全都是幸运的,也是爸爸努力和实力的体现
也是爸爸努力和实力的体现,对吧
对吧,对
对,你说当年考大学那么难
你说当年考大学那么难,爸爸为什么能够脱颖而出呢
爸爸为什么能够脱颖而出呢,爸爸就是有很好的学习方法
爸爸就是有很好的学习方法,你看 上半本是爸爸第一年高考的时候总结的经验
你看 上半本是爸爸第一年高考的时候总结的经验,后半本这个时候就是第二年参加高考的时候
后半本这个时候就是第二年参加高考的时候,搞的学习体会 犯过的错误就不能再犯了
瞧着密密麻麻的 看着还真有点成效,当然了
怎么了,交给你
交给你,文艺小百科 艺考必备
文艺小百科 艺考必备,我跟你讲
我跟你讲,当年我考广播学院的时候就读这书
这几几年的书,你别管哪年的
你别管哪年的,我都打听清楚了
我都打听清楚了,35年没变过
35年没变过,就考这本书
就考这本书,这相当于艺考的葵花宝典
这相当于艺考的葵花宝典,而且不用自宫
而且不用自宫,设置一个错题集
设置一个错题集,将每次考试卷子上的错题都分类处理选择题、填空题、解答题分类完
将每次考试卷子上的错题都分类处理选择题、填空题、解答题分类完,按照型再做归
我先回去做卷子去了,别 我还没说完
别 我还没说完,杨杨 听我说
杨杨 听我说,我刚才只跟你说的是一种学习方法
我刚才只跟你说的是一种学习方法,还有很多种 都在这个本子上
还有很多种 都在这个本子上,你选一种适合你的
你选一种适合你的,关键是你要总结自己的经验教训
关键是你要总结自己的经验教训,还没说完 总结教训以后
还没说完 总结教训以后,你要从心里边重视 把它转换成一种学习方式
你要从心里边重视 把它转换成一种学习方式,转换完了 你从心里边要总结你的经验
转换完了 你从心里边要总结你的经验,你要端正你的学习态度
你早点休息,杨杨
杨杨,我饿了
我饿了,做点宵夜你吃吗
吃,你也饿了
你做什么,你想吃什么
要不然饺子 我妈走之前 不是买了好多,行
行,我再给你蒸个鸡蛋羹
我再给你蒸个鸡蛋羹,稍等一会
稍等一会,现在你人到底在哪
现在你人到底在哪,我在医院
我在医院,我可能得病了
我可能得病了,千万不能让杨杨知道
千万不能让杨杨知道,老季
老季,我得跟你说对不起
我得跟你说对不起,这事我不应该瞒着你
这事我不应该瞒着你,到底是哪出了问题
到底是哪出了问题,乳腺 已经做了钼靶的检查
乳腺 已经做了钼靶的检查,结果是4c 就是恶性的概率高
结果是4c 就是恶性的概率高,所以要住院做活检
所以要住院做活检,这么大的事
这么大的事,为什么不告诉我
为什么不告诉我,这不是还没出结果了吗
这不是还没出结果了吗,万一是虚惊一场呢
万一是虚惊一场呢,让你们跟着难受
让你们跟着难受,你的工作那么特殊 现在都是在节骨眼上的
你的工作那么特殊 现在都是在节骨眼上的,我得考虑大局
我得考虑大局,什么时候出结果
什么时候出结果,前两天做的
前两天做的,第一次穿刺 没中
第一次穿刺 没中,周一还得做一次
周一还得做一次,老季 你别那么大的心理负担
老季 你别那么大的心理负担,现在还没做活检呢嘛
现在还没做活检呢嘛,还没结果
还没结果,我是觉得这些年我你对孩子亏欠的太多了
我是觉得这些年我你对孩子亏欠的太多了,对吧
对吧,特别是对你 每天同吃同住
特别是对你 每天同吃同住,你生病了我都不知道
你生病了我都不知道,我这个丈夫是怎么当的
我这个丈夫是怎么当的,不是 以前我要是对你关心
不是 以前我要是对你关心,你工作上要操心的那么多的事
你工作上要操心的那么多的事,我总得替你分担吧
我总得替你分担吧,再说了
再说了,说不定没事了
说不定没事了,别那么大的心理负担
别那么大的心理负担,谢谢 你跟我们说方一凡艺考的事 又给我们资料
谢谢 你跟我们说方一凡艺考的事 又给我们资料,然后又跟我们电话沟通
考虑怎么样了,你说完以后我们也去咨询了一圈
你说完以后我们也去咨询了一圈,也看了一下
也看了一下,觉得还是算了
觉得还是算了,因为凡凡
因为凡凡,现在要准备 一个是时间上来不及
现在要准备 一个是时间上来不及,第二个我们就觉得他真的不太是这块料
第二个我们就觉得他真的不太是这块料,所以我们想还是算了
所以我们想还是算了,还是参加普通高考
毕竟确实是一个能上一本院校的一个捷径,我们也知道
还是你们做决定,不上了
不上了,我们已经决定了
我们已经决定了,李老师 英子的情况你也了解
李老师 英子的情况你也了解,他这次期中考试一下成绩掉了那么多
他这次期中考试一下成绩掉了那么多,这个是 咱俩之前不是也交流过吗
这个是 咱俩之前不是也交流过吗,是 我觉得咱们这个活动挺好的
是 我觉得咱们这个活动挺好的,也给我提了个醒
也给我提了个醒,其实我对孩子在学校的具体情况也不是特别了解
其实我对孩子在学校的具体情况也不是特别了解,就想问问您
就想问问您,英子没早恋吧
英子没早恋吧,没有
没有,宋老师您放心
宋老师您放心,绝对没有
绝对没有,如果我们要是发现有任何早恋的苗头
如果我们要是发现有任何早恋的苗头,我们肯定会找学生和家长谈话的
我们肯定会找学生和家长谈话的,再说了学生那点小动作
再说了学生那点小动作,老师看的还是很清楚的
老师看的还是很清楚的,那就好
那就好,您就放心吧
您就放心吧,英子表现的很好
英子表现的很好,您还是多关注一下他心理状况
您还是多关注一下他心理状况,别给他太大压力
别给他太大压力,是
是,这次考完以后
这次考完以后,我单独也跟他聊了聊
我单独也跟他聊了聊,我自己其实也反思了一下
我自己其实也反思了一下,确实觉得应该改换一些方法应对这高三
确实觉得应该改换一些方法应对这高三,宋老师您是我前辈 应对
宋老师您是我前辈 应对,高三肯定很有经验
高三肯定很有经验,英子底子打得好
英子底子打得好,他只要心态平稳发挥
他只要心态平稳发挥,跟以前水平一样
跟以前水平一样,高考肯定不是问题的
高考肯定不是问题的,你放心 对了
你放心 对了,我看英子好像冬令营没有参加报名
我看英子好像冬令营没有参加报名,是您不让他去吗
是您不让他去吗,不会不会
不会不会,我当然支持他去了
我当然支持他去了,就是还没有选好具体的学校
就是还没有选好具体的学校,这不是北京的孩子吗
这不是北京的孩子吗,还是想在北京范围内选一家
还是想在北京范围内选一家,对
对,这次机会反正挺难得的
这次机会反正挺难得的,报名也马上截止了
报名也马上截止了,我们还是鼓励尖子生去参加的
我们还是鼓励尖子生去参加的,你要是冬令营表现的好
你要是冬令营表现的好,还能参加自主招生
还能参加自主招生,要不这样您回去跟英子商量一下
要不这样您回去跟英子商量一下,如果要是参加的话就赶紧把这报名表交上好吧
如果要是参加的话就赶紧把这报名表交上好吧,好的
好的,我们尽快
我们尽快,你怎么过来了
你怎么过来了,现在感觉怎么样
现在感觉怎么样,疼吗
疼吗,这麻药劲还没过去
这麻药劲还没过去,没什么感觉
没什么感觉,那就好
那就好,都跟你说了就是个小手术
都跟你说了就是个小手术,别过来了
别过来了,手术前主任带着主刀医生都来看过我了
手术前主任带着主刀医生都来看过我了,杨杨家长会怎么办
杨杨家长会怎么办,我就从那边赶过来的
我就从那边赶过来的,别操心了
别操心了,你没找老师单独聊聊
你没找老师单独聊聊,今天没碰到
今天没碰到,老师 没跟他们单独聊
老师 没跟他们单独聊,下周抽时间再去
下周抽时间再去,但是之前的讲座我是听完了
但是之前的讲座我是听完了,就是说现在高三孩子压力大
就是说现在高三孩子压力大,家长教育要讲究方式方法
家长教育要讲究方式方法,还说就是说有一些孩子压力太大了
还说就是说有一些孩子压力太大了,容易出问题
你没发现  他今天抱桃子的时候 明显感觉都不一样,那不是老师要求的嘛
还给你拥抱郁闷了,老师不是讲到原生家庭的影响了吗
老师不是讲到原生家庭的影响了吗,我也想到我爸妈心里就有点难受
我挺羡慕你,你羡慕我
还定时定量,我宁愿只拿一份
我宁愿只拿一份,这样他们就可以在一块了
这结果他把我打了一顿,你有病吧
你有病吧,你不希望你爸妈好好的吗
不 比乔叔叔更好,别开玩笑了
别开玩笑了,你别安慰我了
你别安慰我了,没人希望自己爸妈离婚
放平心态,你这是辣椒酱 炸串 油饼
你这是辣椒酱 炸串 油饼,你们家不是不让进这些吗
你们家不是不让进这些吗,英子爱吃吗
英子爱吃吗,我也只能忍了
我也只能忍了,你现在可以 你都能忍得了
你现在可以 你都能忍得了,忍不了
忍不了,说实在 我闻着油味儿都想吐
说实在 我闻着油味儿都想吐,你还买那么多
你还买那么多,你们说的呀 让我站在孩子的角度去理解他们的喜好
抱抱,我上去了
对不对,自从我爸妈离婚之后
自从我爸妈离婚之后,我就没怎么再开心过
我就没怎么再开心过,从那之后我妈就跟变了个人似的
从那之后我妈就跟变了个人似的,一门心思对我好
一门心思对我好,什么事都没
什么事都没,我的事重要
你还不开心,可他越对我好就越有压力
可他越对我好就越有压力,你知道吗
你知道吗,我家里有张计划表
我家里有张计划表,里边写了从早到晚我该干什么
里边写了从早到晚我该干什么,我不能干什么
我不能干什么,我都得严格按照那张表上的来执行
我都得严格按照那张表上的来执行,我真的快喘不过来气了
我真的快喘不过来气了,我这次期中考试那些题
我这次期中考试那些题,其实我都会 我知道答案是A
其实我都会 我知道答案是A,但我写下来就是b 我也不知道我这是怎么了
但我写下来就是b 我也不知道我这是怎么了,好多题
好多题,明明我妈都给我辅导过了
明明我妈都给我辅导过了,可我就是不想写
但是对与错我还真不知道,我就觉得没意思
我就觉得没意思,高三没意思
高三没意思,高中没意思 家里没意思
高中没意思 家里没意思,学校也没意思
学校也没意思,什么都没意思
知道吗,我爸回来就挺让我开心的
我爸回来就挺让我开心的,可是我以为他永远都不会走了
可是我以为他永远都不会走了,他永远都可以陪着我
他永远都可以陪着我,但我现在见他一面
但我现在见他一面,我都要顾及我妈的感受
我都要顾及我妈的感受,我爸现在那套房子
我爸现在那套房子,我们家第一套房子
我们家第一套房子,我就跟那出生长大的
我就跟那出生长大的,我还记得我们三跟着过了好久
我还记得我们三跟着过了好久,我还记得原来那卧室有我一张小床都记得
我还记得原来那卧室有我一张小床都记得,我爸妈离婚之后 我爸收拾行李 一件一件的 从家里把东西往外搬
我爸妈离婚之后 我爸收拾行李 一件一件的 从家里把东西往外搬,我就趴在
我就趴在,阳台上看
阳台上看,我看见了
我看见了,他在楼底下拉着他的行李箱
他在楼底下拉着他的行李箱,越走越远
越走越远,人越来越小
人越来越小,从那之后我就知道了
从那之后我就知道了,他再也不会回来了
他再也不会回来了,他再也不属于这个家了
不想,你说你也是非早上那么大早给人叫起来背单词
你说你也是非早上那么大早给人叫起来背单词,你路上这车上不是一样背
你路上这车上不是一样背,早上多睡半个小时多重要
早上多睡半个小时多重要,我都懒得说你，你是猪啊？你知不知道人一天最重要的一个学习的黄金时段
我都懒得说你，你是猪啊？你知不知道人一天最重要的一个学习的黄金时段,就是起床以后的两小时
就是起床以后的两小时,什么都不知道
什么都不知道,我是猪还是你是猪
我是猪还是你是猪,你5:30叫他起床
你5:30叫他起床,到7:30是两小时
到7:30是两小时,你6:00叫他起床到8:00不也是那两小时
你6:00叫他起床到8:00不也是那两小时,这有什么区别
这有什么区别,我懒得说，我说不过你
我懒得说，我说不过你,我问你一下全国经销商大会的PPT
我问你一下全国经销商大会的PPT,你查了吗
检查过了,几遍
两遍,第14页怎么回事
第14页怎么回事,多了两个的
有吗,有多了两个白芍灯
有多了两个白芍灯,我不知道是为什么
我不知道是为什么,还有再问你最后一页谁给我加的吧
吧,吧
吧,我们会一起努力
我们会一起努力,句号ok了非常好
句号ok了非常好,全片结束
全片结束,我们会一起努力吧
我们会一起努力吧,谁给你吧呀？你是问号还是感叹号
老大你都背下来啦？,我要喊你叫老大
我要喊你叫老大,这些我需要背吗
这些我需要背吗,这些就像细胞一样长在我的血液里，与生俱来
这些就像细胞一样长在我的血液里，与生俱来,朵朵
朵朵,你这个问题很严重
你这个问题很严重,你这不是没考好
你这不是没考好,你这不及格可不是小事
你这不及格可不是小事,这可不是小事
这可不是小事,是不是
是不是,你这妈妈知道不得气死了
所以我才让你救救我,不是不是你怎么不及格？
不是不是你怎么不及格？,你这回年纪排多少名
你这回年纪排多少名,快说，多少名？
一百二十八,128？朵朵你可从来没出过前50
128？朵朵你可从来没出过前50,我跟你讲，你这妈妈要知道你考到128
你说我要是及格就没这事了吗,朵朵，你这？你让我想想啊
不是？想？,我这样这样，好
我这样这样，好,我暂时先不告诉你妈妈了
我暂时先不告诉你妈妈了,好吧
暂时多久啊？,暂时暂时你说暂时，那就现在不告诉你妈妈
暂时暂时你说暂时，那就现在不告诉你妈妈,就等到你下一次你考好了
就等到你下一次你考好了,把成绩补上
把成绩补上,再跟你妈说
你就帮帮我,行行，先不跟妈妈说，先不跟妈妈说
谢谢爸爸,好 好 好
真的 我就是这次,行，这次先就不跟妈妈说
行，这次先就不跟妈妈说,你可别自己说漏了
但是后天他有个家长会,那那
那那,我想想，我想想
我想想，我想想,想法子让妈妈别去了
那我写作业去了,一天到晚玩这个消消乐
一天到晚玩这个消消乐,你还眼科大夫呢，不知道这个伤眼睛啊？
你还眼科大夫呢，不知道这个伤眼睛啊？,迟早自己得给自己做手术
迟早自己得给自己做手术,那不玩这玩意儿玩什么
那不玩这玩意儿玩什么,要不然
要不然,咋俩玩一会儿
咋俩玩一会儿,我忙着呢
我忙着呢,我跟你说啊
我跟你说啊,那个后天的什么家长会还是我去好不好
那个后天的什么家长会还是我去好不好,你去我还是不放心
你去我还是不放心,行了那行
行了那行,我不弄了，来
我不弄了，来,那什么
那什么,待会儿，待会儿，待会儿
待会儿，待会儿，待会儿,我再玩会儿这个，过这关
我再玩会儿这个，过这关,你过吧过吧过吧
你过吧过吧过吧,不玩死你？懒得伺候你
不玩死你？懒得伺候你,朵朵，啊对朵朵
我也有事跟你商量一下,那你先说吧
要不还是你先说吧，好事坏事？,这，好？
这，好？,也可以算坏事
也可以算坏事,你那是好事还是坏事啊？
对你们，坏事,什么事儿啊，那你对我们做什么坏事啦？
不是，还是你先说,那行，这样啊
那行，这样啊,本来不是说爸爸替你去参加家长会，妈妈不去吗
本来不是说爸爸替你去参加家长会，妈妈不去吗,现在妈妈反悔了
现在妈妈反悔了,妈妈又决定她要亲自去参加
这是坏上加坏啊,听爸爸讲，听爸爸讲，是这样啊
听爸爸讲，听爸爸讲，是这样啊,我觉得既然妈妈非要去参加家长会是吧
我觉得既然妈妈非要去参加家长会是吧,是个坏事
是个坏事,但是如果你今天就跟妈妈说了
但是如果你今天就跟妈妈说了,你考试不及格的事是吧
你考试不及格的事是吧,这事儿发生了，过去了
这事儿发生了，过去了,他这坏事过去不就是好事了吗
她要知道她,朵朵，朵朵，你先
朵朵，朵朵，你先,妈妈有那么可怕
有，非常有,怎么有狗叫啊
这就是我想跟你商量的事,欸，朵朵
欸，朵朵,你怎么弄只狗回来
这不成孤儿了吗,朵朵你你
朵朵你你,你弄一个狗回来跟你讲
你弄一个狗回来跟你讲,你离变成孤儿就不远了
你离变成孤儿就不远了,知道吧
知道吧,你的妈妈就看你弄一狗肯定气死
你的妈妈就看你弄一狗肯定气死,妈妈气死爸爸估计也活不了多久了
妈妈气死爸爸估计也活不了多久了,你不也是孤儿吗
你不也是孤儿吗,赶紧弄走
我就先抱回来了,朵朵，妈妈可不只是过敏
朵朵，妈妈可不只是过敏,妈妈绝对见了狗能抽风啊
妈妈绝对见了狗能抽风啊,这叫什么
这叫什么,Frank还挺可爱的Frank
Frank还挺可爱的Frank,Frank
Frank,Frank
咱们就养着他,你喜欢狗跟我喜欢狗有用吗
你喜欢狗跟我喜欢狗有用吗,咱们家谁说了算
咱们家谁说了算,我说了算还是你说了算
我说了算还是你说了算,你这学习的事儿每天妈妈那么上火
你这学习的事儿每天妈妈那么上火,你还弄一小狗回来分心
你还弄一小狗回来分心,妈妈能同意吗你觉得
妈妈能同意吗你觉得,你觉着
我们怎么刚上初三什么事都不顺,都不顺是吧
都不顺是吧,太棒了，媳妇儿
太棒了，媳妇儿,你这刚才，你这刚才一番话说的太好了
你这刚才，你这刚才一番话说的太好了,真的
真的,你这脸就这转化的太快了
你这脸就这转化的太快了,你不看谁教我的
你不看谁教我的,谁谁谁教你的
谁谁谁教你的,你教的呀
你教的呀,我是想呀
我是想呀,既然青春期到了以后肯定少不了对我们横眉冷对的
既然青春期到了以后肯定少不了对我们横眉冷对的,至少养条狗下班回来还有人对我们摇个尾巴
至少养条狗下班回来还有人对我们摇个尾巴,给个笑脸
给个笑脸,来给个笑脸
来给个笑脸,真乖
真乖,把毛巾拿来
把毛巾拿来,我给你时间解释啊
我给你时间解释啊,5分钟
5分钟,其实考得不错
其实考得不错,语文数学得非常好
语文数学得非常好,就是英语稍微差那么一点点
就是英语稍微差那么一点点,我就想你公司这段时间不是事多
我就想你公司这段时间不是事多,我就怕你着急上火
我就怕你着急上火,我就
我就,你怕我着急上火
你怕我着急上火,你瞒着我
你瞒着我,将来你找了小三
将来你找了小三,你也怕我着急上火
你也怕我着急上火,你是不是也打算瞒着
你是不是也打算瞒着,那肯定不会瞒着你
那肯定不会瞒着你,好
好,不是不是
不是不是,你别绕我
佳妮在微信群里跟大家说,还不要把成绩单贴出来
还不要把成绩单贴出来,你想让我丢几次脸
你想让我丢几次脸,你说吧
你说吧,不，这个
不，这个,我就是怕你这样
我就是怕你这样,你看你又激动了
你看你又激动了,好
好,确实这次没考好
确实这次没考好,是英语是朵朵的弱项
是英语是朵朵的弱项,60多分肯定说不过去
60多分肯定说不过去,但是我已经严肃批评
但是我已经严肃批评,你知道吧
你知道吧,我发现你今天穿这个
我发现你今天穿这个,黄的衣服特别像一个大香蕉
黄的衣服特别像一个大香蕉,你别跟我贫，跟我贫没有用的
你别跟我贫，跟我贫没有用的,不是人家爱因斯坦以前还考试不及格
不是人家爱因斯坦以前还考试不及格,爱因斯坦不及格这事儿
爱因斯坦不及格这事儿,这事早就辟谣了
这事早就辟谣了,行不行
行不行,辟谣了吗
辟谣了吗,行
行,钱钟书先生，这这没辟谣
钱钟书先生，这这没辟谣,他数学考考过15分
他数学考考过15分,钱钟书先生的英语
钱钟书先生的英语,人家考的满分
人家考的满分,所以这不是尺有所短
所以这不是尺有所短,寸有所长
寸有所长,你不要跟我说尺寸长短的事情，高考不管你尺寸长短
你不要跟我说尺寸长短的事情，高考不管你尺寸长短,高考不管你尺寸长短
高考不管你尺寸长短,你今天要是进不了前100
你今天要是进不了前100,你就进不了重点高中
你就进不了重点高中,你进不了重点高中进不了重点大学
你进不了重点高中进不了重点大学,你进不了重点大学，你等于是这辈子完了
你进不了重点大学，你等于是这辈子完了,我没跟你开玩笑
我没跟你开玩笑,她一会回来我跟他严肃认真谈一谈
她一会回来我跟他严肃认真谈一谈,你给我躲一边去
你给我躲一边去,你看你看，你打算怎么跟她聊啊，骂她？打她一顿？
你看你看，你打算怎么跟她聊啊，骂她？打她一顿？,你下得了手吗
你下得了手吗,我是那种人吗
我是那种人吗,所以说我就知道你不是那种种人
所以说我就知道你不是那种种人,你别给我跪着，这一套今天不管用
你别给我跪着，这一套今天不管用,我还是
我还是,行
行,不管用我也得跪着是吧
不管用我也得跪着是吧,你对孩子严格要求
你对孩子严格要求,这是对的
这是对的,好
好,这回
这回,我跟朵朵我们俩都错了
我跟朵朵我们俩都错了,她一个14岁的女孩
她一个14岁的女孩,一女孩你说民事责任都担不了
一女孩你说民事责任都担不了,你还怎么年龄还想赐他一丈红
你还怎么年龄还想赐他一丈红,要不这样，娘娘
要不这样，娘娘,您要气儿消不了，您就掌奴才的嘴
您要气儿消不了，您就掌奴才的嘴,你肯定舍不得
你肯定舍不得,你看你就平常老想板着脸这事给她造成压力太大了
你看你就平常老想板着脸这事给她造成压力太大了,是这回考砸了
是这回考砸了,你知道朵朵多害怕吗
你知道朵朵多害怕吗,她那天跟我说
她那天跟我说,小脸煞白
小脸煞白,手脚冰凉
手脚冰凉,真的
真的,我跟你讲那种长大了之后那种容易崩溃那种人啊
我跟你讲那种长大了之后那种容易崩溃那种人啊,那种人都是因为小时候就一点一点的压力给造成的
那种人都是因为小时候就一点一点的压力给造成的,你别说她了
你别说她了,我刚才你这一嚷嚷
我刚才你这一嚷嚷,你摸我的小心脏嗵嗵直跳
你摸我的小心脏嗵嗵直跳,你摸
你摸,烦不烦你
烦不烦你,我还有一个问题问你
我还有一个问题问你,你说你这香蕉把皮剥了是什么效果
你说你这香蕉把皮剥了是什么效果,你有话跟妈妈说吗
你有话跟妈妈说吗,今天
说说什么啊？,你说说什么
爸爸都跟你说了,爸爸跟我说是爸爸跟我说
爸爸跟我说是爸爸跟我说,你跟我说是你跟我说
你跟我说是你跟我说,你主动交代
你主动交代,就坦白从宽
妈妈我错了,哪儿错了
哪儿错了,第一
我这次英语考试没考好,第二
不该瞒着你,第三
不该不该拉着爸爸一起瞒着你,第四
第四,没第四是吧
没第四是吧,就这三个啊？
就这三个啊？,你坐下
你坐下,你先不许跟我哭
你先不许跟我哭,我们来讲问题
我们来讲问题,我再也没想到方朵朵居然跌出了100之外
我再也没想到方朵朵居然跌出了100之外,从来没有过的
从来没有过的,我不相信这是你考出来的成绩
说说她要出国了,方朵朵
方朵朵,你今天给我听清楚了
你今天给我听清楚了,我不管你许慧八慧，任何人都不能影响你考试的成绩
我不管你许慧八慧，任何人都不能影响你考试的成绩,不能影响你考试的心情
不能影响你考试的心情,天大的事都不行
我当时考试时我就一直在想,不许哭，好好说
她一个人，那要想她爸妈怎么办,方朵朵
方朵朵,这事跟你有关系吗
这事跟你有关系吗,她爸爸妈妈愿意送是他爸爸妈妈的事情
她爸爸妈妈愿意送是他爸爸妈妈的事情,想也是他们的事情
想也是他们的事情,我现在终于知道了
我现在终于知道了,你不是因为许慧出国成绩考差
你不是因为许慧出国成绩考差,你是因为每天脑子里面尽想着这些跟学习没有关系的事情
你是因为每天脑子里面尽想着这些跟学习没有关系的事情,它耽误了你太多的精力了
它耽误了你太多的精力了,你以后从今天开始把你的精力收回来
你以后从今天开始把你的精力收回来,放在学习上面行不行
放在学习上面行不行,这替别人瞎操心
我爸妈肯定也会,你打住，谁告诉你你要出国的呀
你打住，谁告诉你你要出国的呀,欸，方朵朵是你爸跟你说还是我跟你说的
欸，方朵朵是你爸跟你说还是我跟你说的,我有说过一句要把你送出国吗？
我有说过一句要把你送出国吗？,你净想这些不会发生的事情
你净想这些不会发生的事情,你这不是瞎想吗
你这不是瞎想吗,北京这么好，这么多好的重点高中
北京这么好，这么多好的重点高中,北大附中、101、4中随你考
北大附中、101、4中随你考,只要你成绩好
只要你成绩好,行了，别说了
行了，别说了,别说了也别想了
别说了也别想了,好好复习你的功课
好好复习你的功课,爸爸妈妈和你永远不分开
爸爸妈妈和你永远不分开,记住了
行吗,傻子
傻子,什么叫你绝对不会出国
什么叫你绝对不会出国,我就不会送你出去
我就不会送你出去,妈妈就你这一个亲人
妈妈就你这一个亲人,当然
当然,爸爸也算
爸爸也算,但是爸爸跟妈妈没有血缘
但是爸爸跟妈妈没有血缘,有血缘的
有血缘的,只有你一个
只有你一个,好好表现给你将功补过的机会
好好表现给你将功补过的机会,90分卷子下次拿来
90分卷子下次拿来,妈妈抱抱，傻子
妈妈抱抱，傻子,那晚上跟妈妈睡
那晚上跟妈妈睡,好不好
好不好,妈妈爱你
妈妈爱你,非常非常爱你
非常非常爱你,好了，不哭了
好了，不哭了,不哭了
不哭了,你看你哭的
你看你哭的,还有两张卷子没写呢
还有两张卷子没写呢,妈给你拧把毛巾
妈给你拧把毛巾,赶紧把卷子写了
赶紧把卷子写了,水果吃了，哈
我跟你说负面情绪对孕妇胎儿都不好,蒂娜
蒂娜,你练你的
你练你的,我跟你商量个事
我跟你商量个事,就是小宇的事
就是小宇的事,前几天我去学校参加家长会
前几天我去学校参加家长会,这全年级300多号学生
这全年级300多号学生,他给我考了个倒数第三
他给我考了个倒数第三,我现在琢磨来琢磨去
我现在琢磨来琢磨去,对他不能再
对他不能再,再这么放任自流了
再这么放任自流了,所以我决定把他接回来住
住这儿？,你看我就这么一个儿子
你看我就这么一个儿子,不是不是不是
不是不是不是,不是这意思
不是这意思,我的意思是说，我是他爸
我的意思是说，我是他爸,接回来放在眼边前我还放心
接回来放在眼边前我还放心,都说这后妈不好当
都说这后妈不好当,我呢，主要是怕街坊邻居们说闲话
我呢，主要是怕街坊邻居们说闲话,觉得咱们肚量小
觉得咱们肚量小,容不下一个孩子
你看他以前对我做的那些事儿,是是是
谁知道他一个不小心,他要敢跟你犯混
他要敢跟你犯混,我绝饶不了他
我绝饶不了他,真的
那他住哪啊,咱这不是两套房子的吗
咱这不是两套房子的吗,我还让他住他原来那屋
我还让他住他原来那屋,行吗
你随便吧,我都跟你说了
我都跟你说了,你呀，就是懒得动
你呀，就是懒得动,开一段时间就下车休息休息呀
这不是耽误拉活吗,什么耽误拉活，你就找借口，懒
什么耽误拉活，你就找借口，懒,懒就说懒
懒就说懒,我还懒
我还懒,每天跑好几百公里
每天跑好几百公里,绕49城好几圈
绕49城好几圈,那是车动
那是车动,能一样吗
没有谁动不是动,你说琴琴怎么最近这学习成绩都掉到第8名上了
也给其他同学一条生路,你懂什么呀
你懂什么呀,第1名和第8名
第1名和第8名,你说看那奥运会他能一样吗
你说看那奥运会他能一样吗,第一名就是站在领奖台上奏着他们国家的国歌
第一名就是站在领奖台上奏着他们国家的国歌,升着国旗
升着国旗,那多风光啊
那多风光啊,那第8名谁知道
还得歇会,你不要求上进
你不要求上进,你就别管那么多事了
你就别管那么多事了,我想了这琴琴咱们还是得给他送出去
不去,什么叫不去了
什么叫不去了,你说啊
你说啊,你没文化
你没文化,到头来就是个出苦力的
到头来就是个出苦力的,累死累活的挣不了几个钱
累死累活的挣不了几个钱,你看我比你多读了几年书
你看我比你多读了几年书,到头来不也就是个社区医院的医生
到头来不也就是个社区医院的医生,咱家琴琴可不一样
咱家琴琴可不一样,学习那么好
学习那么好,人家老师都说了难得的学习苗子
人家老师都说了难得的学习苗子,不送出国
不送出国,咱对得起这孩子吗
咱对得起这孩子吗,我回头就给琴琴报一个英语补习班
我回头就给琴琴报一个英语补习班,我必须要给他送出去
我必须要给他送出去,你听见没有
你打我干嘛呀,你说我打你干嘛
你说我打你干嘛,媳妇
媳妇,咱俩能不能商量一下
咱俩能不能商量一下,你就让他把门关上
你就让他把门关上,我
我,我把这稍微开点声
我把这稍微开点声,我这看电视没声
我这看电视没声,我怎么看
我怎么看,你把门关上
你把门关上,你知道她在里面是做功课呢还是上网呢
你知道她在里面是做功课呢还是上网呢,要看就看这没声的
要看就看这没声的,要不然就别看了
要不然就别看了,你觉得，你使她使这么大劲
你觉得，你使她使这么大劲,你是想把它训练成一个奥特曼啊
你是想把它训练成一个奥特曼啊,我不跟你说了吗
我不跟你说了吗,平时多流汗
平时多流汗,战时少流血
战时少流血,怎么就战时少流血了
怎么就战时少流血了,这太平盛世流哪门子血啊
这太平盛世流哪门子血啊,中考是一场残酷的战争
中考是一场残酷的战争,不争个你死我活的，还太平盛世啊
不争个你死我活的，还太平盛世啊,行了，我不跟你说了
行了，我不跟你说了,这回听我的
这回听我的,怎么这个都错
怎么这个都错,你能不能小点声啊
你能不能小点声啊,不是我，它放的
不是我，它放的,Frank不能放屁啊
Frank不能放屁啊,不能那么大声，姐姐在做作业呢
不能那么大声，姐姐在做作业呢,它知道了
它知道了,好
好,一股蒜味
一股蒜味,今天晚上我蒸那蒜茄子，我给它剩那儿和那个米饭，他给吃了
今天晚上我蒸那蒜茄子，我给它剩那儿和那个米饭，他给吃了,上厕所去
上厕所去,回来，媳妇儿
回来，媳妇儿,吃饭了吗
吃饭了吗,吃了口面，考卷到了，我看看
吃了口面，考卷到了，我看看,我给你弄点吃的去
我给你弄点吃的去,不不 不用不用，朵朵特训做了没有
不不 不用不用，朵朵特训做了没有,你先坐，你先坐下
你先坐，你先坐下,我知道，你坐下，工作一天你先休息一下
我知道，你坐下，工作一天你先休息一下,你先休息一下
你先休息一下,童文洁，我今天必须严肃认真地跟你谈一谈
童文洁，我今天必须严肃认真地跟你谈一谈,想谈就谈呗
想谈就谈呗,就是今天，不是上爷爷奶奶那
就是今天，不是上爷爷奶奶那,吃饭吗
吃饭吗,结果这儿正吃着吃着饭
结果这儿正吃着吃着饭,孩子餐桌上趴那儿睡着了
孩子餐桌上趴那儿睡着了,你说这孩子累成什么样了
你说这孩子累成什么样了,这嘴里还含着饭呢
这嘴里还含着饭呢,你说这饭都没吃
你说这饭都没吃,这饭都没吃
这饭都没吃,我说要不要再吃吃，说不吃了，爸爸我就想睡一会
我说要不要再吃吃，说不吃了，爸爸我就想睡一会,你让我躺一会就澡也没洗
你让我躺一会就澡也没洗,直接上床睡觉了
直接上床睡觉了,我给她下口面
我给她下口面,每天6:30起床
每天6:30起床,7:15出门到学校还得早自习是吧
7:15出门到学校还得早自习是吧,然后这一天课上完回来6张卷子还写作业
然后这一天课上完回来6张卷子还写作业,你还搞什么特训
你还搞什么特训,你说这孩子顶得住啊
你说这孩子顶得住啊,最后咱学习成绩弄上去了
最后咱学习成绩弄上去了,你说整个身体坏了你值当吗
你说整个身体坏了你值当吗,媳妇
媳妇,我知道你听这个肯定难受
我知道你听这个肯定难受,因为你心疼孩子
因为你心疼孩子,你看
你看,你说这学习成绩是固然很重要
你说这学习成绩是固然很重要,但孩子初三了基本没什么新的课程
但孩子初三了基本没什么新的课程,都是初一初二以前学的东西
都是初一初二以前学的东西,知识巩固
知识巩固,好
好,还弄什么比谁反应快
还弄什么比谁反应快,比谁失误率低是吧
比谁失误率低是吧,比谁做卷正确率高
比谁做卷正确率高,这是干嘛
这是干嘛,你说学那些英语什么阅读
你说学那些英语什么阅读,理解完形填空
理解完形填空,还有什么抛物线
还有什么抛物线,反比例函数
反比例函数,小时候咱都学过这些，学过之后全忘了，我真不懂
小时候咱都学过这些，学过之后全忘了，我真不懂,因为我真不懂现在学这些的有什么用呢？这么学
因为我真不懂现在学这些的有什么用呢？这么学,你跟我说没用
你跟我说没用,你这不是废话吗
你这不是废话吗,我当然知道没用了
我当然知道没用了,我知道很多人一辈子都用不上这些东西
我知道很多人一辈子都用不上这些东西,但是对不起
但是对不起,它考这些，它就考这些没用的东西
它考这些，它就考这些没用的东西,你要把我逼死是不是
你要把我逼死是不是,好好好，你静静，我不是逼你，你先别激动
好好好，你静静，我不是逼你，你先别激动,好
好,就这样
就这样,你看你说的考试成绩这些事儿
你看你说的考试成绩这些事儿,学习的事儿你又开始激动了
学习的事儿你又开始激动了,我是这样想的
我是这样想的,你听对不对
你听对不对,学习很重要
学习很重要,健康也很重要
健康也很重要,对吧你担心孩子的学习
对吧你担心孩子的学习,你也担心孩子的健康
你也担心孩子的健康,我觉得应该找到一个这种平衡点
我觉得应该找到一个这种平衡点,就是学习、生活、成绩、健康两个都不耽误
就是学习、生活、成绩、健康两个都不耽误,你老注重短板说要给她提升
你老注重短板说要给她提升,搞什么特训
搞什么特训,我觉得让她的成绩各阶段稳步提高
我觉得让她的成绩各阶段稳步提高,这样才是一个正确的方式，你觉得呢
这样才是一个正确的方式，你觉得呢,方圆，你是不成心的
方圆，你是不成心的,我觉得你就是成心的
我觉得你就是成心的,你明明知道孩子最近这段时间累
你明明知道孩子最近这段时间累,你还故意把她往爷爷奶奶领
你还故意把她往爷爷奶奶领,今天不去不行吗
今天不去不行吗,你不是引着他的爷爷奶奶那边吃饭边睡觉吗
你不是引着他的爷爷奶奶那边吃饭边睡觉吗,你爸是不是说我了
你爸是不是说我了,肯定说我了，我都知道他怎么说的
肯定说我了，我都知道他怎么说的,孩子学习成绩不重要
孩子学习成绩不重要,重要的是身体
重要的是身体,孩子学习是长跑
孩子学习是长跑,不是短跑
不是短跑,别搞那些冲刺
别搞那些冲刺,童文洁，目光短浅
童文洁，目光短浅,急功近利
急功近利,肯定也说你了
肯定也说你了,说你娶了媳妇忘了娘
说你娶了媳妇忘了娘,最后被少说一句
最后被少说一句,让童文洁来见我，说没说
让童文洁来见我，说没说,媳妇，你就当这么一个化妆品公司的经理
媳妇，你就当这么一个化妆品公司的经理,这是屈才
这是屈才,你应该给人当大师算命去
你应该给人当大师算命去,你刚才说这段连字都不带差的
你刚才说这段连字都不带差的,就跟你在那似的
就跟你在那似的,行了
行了,反正这个星期你爸妈电话我是不能接的
反正这个星期你爸妈电话我是不能接的,出差去了，对了，从下星期开始
出差去了，对了，从下星期开始,礼拜一朵朵
礼拜一朵朵,去爷爷奶奶家慰问这节目取消，把卷子给我拿过来
去爷爷奶奶家慰问这节目取消，把卷子给我拿过来,白练了
白练了,人生到了咱们这阶段
人生到了咱们这阶段,能有什么问题啊
能有什么问题啊,孩子呗，你说这小宇也是我亲生的
孩子呗，你说这小宇也是我亲生的,他怎么就那么恨我呀
他怎么就那么恨我呀,我要是你儿子我也恨你
我要是你儿子我也恨你,真的，你说从小到大你干过哪件事是靠谱的
真的，你说从小到大你干过哪件事是靠谱的,做生意除外
做生意除外,除了做生意，你还有哪件事你真的装在心里
除了做生意，你还有哪件事你真的装在心里,你看小的时候
你看小的时候,我当你是老大哥，跟你满街跑
我当你是老大哥，跟你满街跑,每回你跑着跑着就不见了
每回你跑着跑着就不见了,剩我一人，我自己有什么好果子吃？
剩我一人，我自己有什么好果子吃？,坦白讲
坦白讲,自从我不跟你混了
自从我不跟你混了,我就开始学习进步
我就开始学习进步,考上大学
考上大学,行行行，别说你，说我儿子
行行行，别说你，说我儿子,你，有没有认认真真地陪过他一天
你，有没有认认真真地陪过他一天,谁说没有啊
谁说没有啊,那小时候我不也挺上心的
那小时候我不也挺上心的,整天在我肩膀上
整天在我肩膀上,他现在不是小时候
他现在不是小时候,他现在才需要人陪
他现在才需要人陪,需要人关心照顾他
需要人关心照顾他,是啊
是啊,那我现在，现在不就是想弥补啊，我以前做的不好
那我现在，现在不就是想弥补啊，我以前做的不好,做的不够是吧
做的不够是吧,我现在尽量努力做
我现在尽量努力做,这家长会我不也去了吗
这家长会我不也去了吗,再说了，我就这么一个儿子
再说了，我就这么一个儿子,他身上流着我的血脉
他身上流着我的血脉,什么叫就这么一个儿子
什么叫就这么一个儿子,你现在媳妇怀的
你现在媳妇怀的,不是你的孩子？
不是你的孩子？,不是你的血脉呀？
不是你的血脉呀？,我跟你说
我跟你说,蒂娜这次怀的
蒂娜这次怀的,有可能是个闺女
有可能是个闺女,你怎么知道的
你怎么知道的,我请高人看过了
我请高人看过了,就她那肚型，十有八九是个闺女
就她那肚型，十有八九是个闺女,十有八九是个闺女
十有八九是个闺女,大哥这没有科学依据的
大哥这没有科学依据的,你甭管什么依据
你甭管什么依据,万一是闺女呢
万一是闺女呢,闺女都是人家的
闺女都是人家的,你想想，小宇要是一直不理我
你想想，小宇要是一直不理我,他一直不肯回这个家
他一直不肯回这个家,那我这万贯家产将来不都给了外人了
那我这万贯家产将来不都给了外人了,不是张亮忠，你真行，你
不是张亮忠，你真行，你,你我这辈子没见过这么无耻
你我这辈子没见过这么无耻,我还以为你觉醒了
我还以为你觉醒了,打算好好弥补孩子，合着你是惦记你的万贯家产
打算好好弥补孩子，合着你是惦记你的万贯家产,也不全是
也不全是,关键是他现在不认我
关键是他现在不认我,这人上了岁数才发现孩子最珍贵最重要
这人上了岁数才发现孩子最珍贵最重要,你小子
你小子,鬼点子多
鬼点子多,你帮我想想办法
你帮我想想办法,怎么才能让这孩子回到我身边
怎么才能让这孩子回到我身边,我想想啊，主意倒是有一个，小宇知道蒂娜要生孩子了吗
我想想啊，主意倒是有一个，小宇知道蒂娜要生孩子了吗,应该不知道
应该不知道,这主意倒是有主意就有点缺德
这主意倒是有主意就有点缺德,我不怕缺德
我不怕缺德,不是不是你说你说，我听着怎么缺德
不是不是你说你说，我听着怎么缺德,是呀是呀，你不怕缺德
是呀是呀，你不怕缺德,你看啊，孩子毕竟还是孩子
你看啊，孩子毕竟还是孩子,他现在一个人独来独往
他现在一个人独来独往,自由自在的
自由自在的,他独享你的爱
他独享你的爱,是不是
是不是,他现在怎么折腾你
他现在怎么折腾你,就是为了引起你的注意力
就是为了引起你的注意力,现在他要知道说蒂娜要给他生个弟弟或者妹妹是吧
现在他要知道说蒂娜要给他生个弟弟或者妹妹是吧,他可能就嫉妒了
他可能就嫉妒了,感觉有压力
感觉有压力,他可能主动就回到你的身边
他可能主动就回到你的身边,他先回来了
他先回来了,在一个屋檐下你跟他慢慢接触
在一个屋檐下你跟他慢慢接触,到时候他跟弟弟妹妹再一玩
到时候他跟弟弟妹妹再一玩,大孩还是喜欢小小孩
大孩还是喜欢小小孩,时间长了日久生情
时间长了日久生情,你们一家人就团圆了
你们一家人就团圆了,这不缺德呀
这不缺德呀,你觉得不缺德呀
你觉得不缺德呀,我觉得不缺德
我觉得不缺德,你的意思是告诉他蒂娜怀孕了
你的意思是告诉他蒂娜怀孕了,你跟他说，这必须你跟他说，你要是不能说别人说你就被动了
你跟他说，这必须你跟他说，你要是不能说别人说你就被动了,这是一个让你做好人的机会
这是一个让你做好人的机会,你知道吗
你知道吗,我怎么成坏人了
我怎么成坏人了,不是说坏
不是说坏,我是说让你当好人
我是说让你当好人,再八卦一下
再八卦一下,你老惦记你的万贯家产
你老惦记你的万贯家产,你到底有多少钱啊
你到底有多少钱啊,你问这个这个干嘛啊
你问这个这个干嘛啊,一个亿
一个亿,你什么意思
你什么意思,要给我攀亲家是吧
要给我攀亲家是吧,我跟你说
我跟你说,我们小宇不错
我们小宇不错,朵朵我也喜欢
朵朵我也喜欢,要不咱订个娃娃亲
要不咱订个娃娃亲,我那一半他就
我那一半他就,你怎么说什么都一脸流氓相
你怎么说什么都一脸流氓相,去你，什么你呀
去你，什么你呀,来来喝酒
来来喝酒,这一打岔至少5个亿
这一打岔至少5个亿,对了佳妮啊
对了佳妮啊,我还要问你呢
我还要问你呢,你是不是给琴琴请家教了
你是不是给琴琴请家教了,那个精锐教育
那个精锐教育,一对一的辅导
一对一的辅导,下次我们去的时候你去看看
下次我们去的时候你去看看,行行
行行,这个关于琴琴出国的问题
这个关于琴琴出国的问题,我已经决定了我们要出国
我已经决定了我们要出国,可是佳妮
可是佳妮,你不觉得送出去太早了些吗
你不觉得送出去太早了些吗,这马上就要进入青春期了
这马上就要进入青春期了,完了又是个女孩
完了又是个女孩,父母不在身边
父母不在身边,那万一出了什么事将来后悔都来不及
那万一出了什么事将来后悔都来不及,别想那么多了
别想那么多了,人各有命
人各有命,你就说我这命
你就说我这命,我爸妈是知青
我爸妈是知青,你说当初他们要是眼光长远一点
你说当初他们要是眼光长远一点,能把我送出去上个大学
能把我送出去上个大学,我也不至于就考个现成的大专
我也不至于就考个现成的大专,到了就是个社区医院的医生
到了就是个社区医院的医生,我这命已经这样了
我这命已经这样了,我们家琴琴可是不能悲剧重演啊
我们家琴琴可是不能悲剧重演啊,什么悲剧重演
什么悲剧重演,你哪悲了啊
你哪悲了啊,这住住的就
这住住的就,诶诶 你就别提住了
诶诶 你就别提住了,咱住一个小区
咱住一个小区,那不是一个阶层啊
那不是一个阶层啊,真的
真的,你说我们家那房子就是老金家的回迁房
你说我们家那房子就是老金家的回迁房,那能一样吗
那能一样吗,你说咱们小区出入的全是豪车
你说咱们小区出入的全是豪车,我跟你说骑个电动车都不好意思打招呼
我跟你说骑个电动车都不好意思打招呼,你啊我就不爱说你了
你啊我就不爱说你了,你这样比没法比的
你这样比没法比的,各家条件不一样
各家条件不一样,你要说跟你们家比
你要说跟你们家比,我觉得你早该偷着乐了
我觉得你早该偷着乐了,你说你养这么一个聪明的姑娘
你说你养这么一个聪明的姑娘,那倒是，我们家琴琴真的是我最大的安慰
那倒是，我们家琴琴真的是我最大的安慰,我算了一笔账
我算了一笔账,琴琴就算在国内上了重点大学
琴琴就算在国内上了重点大学,那毕业还得找工作吧
那毕业还得找工作吧,你说我们家能拼爹还是能拼妈
你说我们家能拼爹还是能拼妈,什么都拼不了
什么都拼不了,拼不了我们就躲呗
拼不了我们就躲呗,是不是
是不是,我们把孩子送出去
我们把孩子送出去,就让她靠自己的本事去闯荡去拼搏
就让她靠自己的本事去闯荡去拼搏,你就说我姐啊，从小什么都不如我
你就说我姐啊，从小什么都不如我,你看人家现在这日子过得红红火火的
你看人家现在这日子过得红红火火的,就是因为当初她出了国
就是因为当初她出了国,你别劝我
你别劝我,真的谁也别劝我
真的谁也别劝我,这事我已经决定了
这事我已经决定了,但是一年20万的学费还真是挺贵的
但是一年20万的学费还真是挺贵的,你别叹气
你别叹气,我没说要跟你借钱
我没说要跟你借钱,还没到那份上
还没到那份上,反正我也想了
反正我也想了,把我们家的房子卖了换一个小一点的
把我们家的房子卖了换一个小一点的,哪怕离得远一点的
哪怕离得远一点的,都能出个百八十万的供我们家琴琴上学
都能出个百八十万的供我们家琴琴上学,我觉得应该没问题
我觉得应该没问题,我在安居客上看的房源
我在安居客上看的房源,我跟你说都能把你挑花了眼
我跟你说都能把你挑花了眼,我记得你那天哪天，想把方圆他爸那房子就挪到离你们近点
我记得你那天哪天，想把方圆他爸那房子就挪到离你们近点,你看我们家那房子怎么样
你看我们家那房子怎么样,你要真是觉得行
你要真是觉得行,咱们就商量商量
咱们就商量商量,你说呢
你说呢,文洁
文洁,你说呢
你说呢,你说得对呀
你说得对呀,什么对呀，你是不是睡着了
什么对呀，你是不是睡着了,没睡着，我就
没睡着，我就,我就打了个盹
我就打了个盹,你说你让我一堂堂的眼科大夫
你说你让我一堂堂的眼科大夫,这没事给你抹指甲油
这没事给你抹指甲油,你觉得合适吗
你觉得合适吗,太合适了
太合适了,你摸得比那个摸指甲油的小姑娘摸得都好
你摸得比那个摸指甲油的小姑娘摸得都好,以后实在没有工作干
以后实在没有工作干,可以开个美甲店
可以开个美甲店,方圆美甲店，听着还挺上口
方圆美甲店，听着还挺上口,今天啊佳妮跟我说
今天啊佳妮跟我说,她问我咱们有没有兴趣把爸爸妈妈换到这个小区来住
她问我咱们有没有兴趣把爸爸妈妈换到这个小区来住,可以啊，我一直说这事
可以啊，我一直说这事,他们二老搬过来离得近方便照顾
他们二老搬过来离得近方便照顾,她说如果我们有兴趣呢
她说如果我们有兴趣呢,她就想把她那套房子卖给我们
她就想把她那套房子卖给我们,他们住哪去
他们住哪去,他们就住到他说想在南边远一点的地方买个两居室的
他们就住到他说想在南边远一点的地方买个两居室的,正好好倒腾个差价出来
正好好倒腾个差价出来,干嘛倒差价做买卖呀
干嘛倒差价做买卖呀,不是
不是,她想把琴送出国
她想把琴送出国,她算了一下
她算了一下,真的她今天很认真地跟我说她算了一下
真的她今天很认真地跟我说她算了一下,她说一年的学费大概20多万人民币
她说一年的学费大概20多万人民币,这样的话4年高中下来怎么着也得100多万
这样的话4年高中下来怎么着也得100多万,老金我敬你一杯
干嘛,敬你一杯呀
敬你一杯呀,我这些日子忙着考试
我这些日子忙着考试,这家里里里外外就忙活你一人了
谁跟谁，还跟我这么有里有面的,太辣了
酒不错,我想跟你商量商量过几个月
我想跟你商量商量过几个月,我想调到我们社科中心去
踏踏实实的,你少喝点
你少喝点,老金
老金,你说咱们现在这个岁数也不算大
你说咱们现在这个岁数也不算大,还得有当初那种敢干敢闯的劲
还得有当初那种敢干敢闯的劲,你说是不是
你说是不是,别抖了，别抖了
别抖了，别抖了,你没事能不能出去学点什么打车的软件
你没事能不能出去学点什么打车的软件,学学英文
学学英文,拉个国际友人
拉个国际友人,我跟你说那小费都可高了
就一喝墨水就恶心很陌生,行了别喝了
我就特舒服,你真的别再喝了
你真的别再喝了,瞧你这点出息
那叫怎么说，叫胸无点墨,哟我喝两口还拽上了你
你干什么呀,不是说得好好的吗
说什么了,你说说什么了
什么时候跟我说了,我昨天晚上跟你说得好好的
我昨天晚上跟你说得好好的,你都答应了的
你什么时候跟我说了,你就喝吧
你就喝吧,我告诉你就喝成个猪
我告诉你就喝成个猪,你怎么办吧
你怎么办吧,现在人也来了
现在人也来了,这个脸往哪搁
怎么办也不能卖房子,给我闭嘴
给我闭嘴,现在人家已经来看房子
现在人家已经来看房子,你老老实实把房产证拿出来
你老老实实把房产证拿出来,孩子出国留学的事你不用操心我
赏 赏月呢,你管我呢
你管我呢,你出来干嘛呀
没想到在这儿碰上你了,你遛什么弯回去看着你的房子
你遛什么弯回去看着你的房子,回头别让人给你卖了
咱能在这遇上也是缘分是吧,是缘分孽缘
是缘分孽缘,你说本来这个事是不是说的好好的
你说本来这个事是不是说的好好的,对不对
对不对,你看我这忙活半天招了
你看我这忙活半天招了,结果到头来，你听我说
你说,我说什么来着
说到咱俩有缘分,什么缘
什么缘,对，房子
对，房子,房子是吧
房子是吧,你是房主
你是房主,你是一家之主
你是一家之主,我有权利卖吗
我有权利卖吗,我对不起你
我对不起你,那房子姓金
那房子姓金,是不是
是不是,那是你们老金家的拆迁得来的
那是你们老金家的拆迁得来的,跟我有半毛钱关系吗
跟我有半毛钱关系吗,我可真够没脸的
走走，回去了回去了,我想待会儿
我想待会儿,你别弄我
你别弄我,你怎么了
你怎么了,你说话，怎么了？老毛病又犯了？
你说话，怎么了？老毛病又犯了？,你说你这人，我跟你说什么来着
你说你这人，我跟你说什么来着,你这趴活的时候没事活动活动
你这趴活的时候没事活动活动,那人家医生说了老毛病就得循序渐进的动
那人家医生说了老毛病就得循序渐进的动,要不功能全退化了
要不功能全退化了,你早晚被社会淘汰
受不了你这么大劲儿,你看你又赖我
你看你又赖我,家里那膏药呢
上回就用完了,那我门口去给你慢点回去啊
别别，一块去，一快去,你去干嘛去 赶紧回屋歇着去吧
给点劲给点劲,真行
走走慢点,娘娘
娘娘,小的给你熬了一个绿豆百合汤
小的给你熬了一个绿豆百合汤,你喝了呗，去去心火
你喝了呗，去去心火,对不起，我没有心火
对不起，我没有心火,我没有心火
我没有心火,要喝给你爸喝
要喝给你爸喝,你爸火比我大
你爸火比我大,还生气呢
还生气呢,我没气
我没气,我只是在跟你说这个道理
我只是在跟你说这个道理,按理说人老了
按理说人老了,应该铅华褪尽
应该铅华褪尽,能够平和的面对世界
能够平和的面对世界,微笑地迎接人生
微笑地迎接人生,可是你爸呢
可是你爸呢,我爸这就已经算平和微笑了真的
我爸这就已经算平和微笑了真的,你看你是没见过
你看你是没见过,我小时候我爸那样，绝对是严父中的战斗机
我小时候我爸那样，绝对是严父中的战斗机,我跟你讲我现在基本上我就回忆不起来我爸笑，笑的时候是什么模样
我跟你讲我现在基本上我就回忆不起来我爸笑，笑的时候是什么模样,就准确地讲我爸在见了朵朵之前
就准确地讲我爸在见了朵朵之前,我都怀疑他是不是面瘫
我都怀疑他是不是面瘫,不会笑
不会笑,我甚至想过从医学角度上研究
我甚至想过从医学角度上研究,研究下我爸
研究下我爸,你看你看像不像他，这样
你看你看像不像他，这样,你少跟我贫啊
你少跟我贫啊,这招是没用的
这招是没用的,方圆
方圆,咱们俩平心而论
咱们俩平心而论,我现在想想我就心寒
我现在想想我就心寒,你说我亏不亏
你说我亏不亏,你说我委不委屈
你说我委不委屈,我是好心好意
我是好心好意,我要把他们俩接过来
我要把他们俩接过来,离我们住的近一点
离我们住的近一点,有个互相照应
有个互相照应,不，其实主要是我照应他们，现在结果是什么
不，其实主要是我照应他们，现在结果是什么,好心当成驴肝肺
好心当成驴肝肺,好人是没有好报的
好人是没有好报的,我现在是明白这个道理
我现在是明白这个道理,你先喝点
你先喝点,你听我讲
你听我讲,我爸今天他错了
我爸今天他错了,不应该乱发火
不应该乱发火,但是话说回来就是
但是话说回来就是,你看咱俩一块生活这么多年
你看咱俩一块生活这么多年,你按道理你也早就应该适应他了
你按道理你也早就应该适应他了,还适应啊，我适应的还不够吗
还适应啊，我适应的还不够吗,我18岁跟你认识
我18岁跟你认识,18岁谈恋爱，是不是，你是我第一个吧，我跟你谈恋爱
18岁谈恋爱，是不是，你是我第一个吧，我跟你谈恋爱,我就开始给你打饭
我就开始给你打饭,给你洗衣服
给你洗衣服,送你进实验室
送你进实验室,接你出实验室
接你出实验室,你摸完尸体的摸我，从来没嫌弃过
你摸完尸体的摸我，从来没嫌弃过,一毕业22岁我就立马跟你结婚
一毕业22岁我就立马跟你结婚,我一天两个世界都没有过过
我一天两个世界都没有过过,我我给你生孩子
我我给你生孩子,我给他生孙女
我给他生孙女,你还要我怎么适应
你还要我怎么适应,对不起
对不起,我适应不了了真的
我适应不了了真的,换人吧不行就
换人吧不行就,你看你，你说这事，你怎么一说什么就往回倒
你看你，你说这事，你怎么一说什么就往回倒,我是觉得这样
我是觉得这样,所有的事情，就过去的事就让它过去
所有的事情，就过去的事就让它过去,过什么去啊，我过不去
过什么去啊，我过不去,你有过去我没过去
你有过去我没过去,我的过去就是你，我跟你就是第一次
我的过去就是你，我跟你就是第一次,你说说看
你说说看,你跟我到底是不是第一次
你跟我到底是不是第一次,你之前有没有跟别人，每次一问到你这事
你之前有没有跟别人，每次一问到你这事,你看你就这德行
你看你就这德行,这不是说我爸的吗，怎么又说上我了呀
这不是说我爸的吗，怎么又说上我了呀,你怎么又说上我了
你怎么又说上我了,有其父必有其子
有其父必有其子,我跟你讲你这话说的不对
我跟你讲你这话说的不对,我爸跟我可不一样
我爸跟我可不一样,我们俩还是有本质区别的
我们俩还是有本质区别的,我爸跟我妈他是从年轻人在一起
我爸跟我妈他是从年轻人在一起,有头有尾
有头有尾,从一而终
从一而终,对不对
对不对,你看，是你自己说的
你看，是你自己说的,你跟你爸不一样
你跟你爸不一样,你爸跟你妈从年轻开始从一而终
你爸跟你妈从年轻开始从一而终,你跟我是从一而终吗
你跟我是从一而终吗,我是你的一吗
我是你的一吗,我问你我是你的一吗
我问你我是你的一吗,你
你,你看你这眼珠子都快掉下来了
你看你这眼珠子都快掉下来了,你就给我绕
你就给我绕,糊涂了
糊涂了,我爸错了这回
我爸错了这回,这回确实我爸的问题对不对
这回确实我爸的问题对不对,你大人不计小人过
你大人不计小人过,他毕竟是个老人
他毕竟是个老人,你就原谅他一次有什么关系
你就原谅他一次有什么关系,是不是
是不是,我没不原谅他呀，我只是在跟你说这个事情
我没不原谅他呀，我只是在跟你说这个事情,说这个道理
说这个道理,可以啊，其实84.5这成绩还可以呀
可以啊，其实84.5这成绩还可以呀,还可以什么
还可以什么,原来90多分的
原来90多分的,掉了六十几分
掉了六十几分,吭哧吭哧爬到八十几分
吭哧吭哧爬到八十几分,85还没到
85还没到,84.5跟85也没多大区别
84.5跟85也没多大区别,是没多大区别
是没多大区别,就0.5分的区别
就0.5分的区别,85分叫优秀
85分叫优秀,84.5叫良
84.5叫良,你把这个点五
你把这个点五,点五四舍五入
点五四舍五入,不约等于也是85
不约等于也是85,可以呀
可以呀,你四舍五入
你四舍五入,你高考的时候再帮她四舍五入一下更好
你高考的时候再帮她四舍五入一下更好,那古北水镇就不去啦
那古北水镇就不去啦,我都跟同事把班给倒好了
我都跟同事把班给倒好了,我会都不开了嘛
我会都不开了嘛,不去就是不去原则的问题
不去就是不去原则的问题,不是咱有必要什么事都得0.5分
不是咱有必要什么事都得0.5分,这么斤斤计较
这么斤斤计较,原则就是原则
原则就是原则,你别一天到晚你做好人
你别一天到晚你做好人,我做恶人
我做恶人,咱们这次说好攻守同盟
咱们这次说好攻守同盟,这是不议了
这是不议了,不是，孩子这周末想出去玩，我这一想我都想出去玩
不是，孩子这周末想出去玩，我这一想我都想出去玩,你说咱一家三口我房子定了到古北水镇
你说咱一家三口我房子定了到古北水镇,咱在这住一晚多好
咱在这住一晚多好,你说
你说,你要实在想去你就去
你要实在想去你就去,我陪着姑娘在家
我陪着姑娘在家,你说这孩子你说就差零点五让我就真是
我跟你商量个事,你说
能不能也参与进来,是这样的
是这样的,如果老板交给我
如果老板交给我,我这边完全没有问题
我这边完全没有问题,ok都ok
你就麻烦你跟老板说一声,这事老板做决策我不太好参与
这事老板做决策我不太好参与,反正我一切听老板的
但是你看杰西，你看我的团队我们也都辛苦了很长时间了,行我都知道了
行我都知道了,还有事吗
进来,老板你找我
我们家你认识吧,顺义那个？我去过
顺义那个？我去过,我上次给您送过钥匙
带上方大夫一起,有什么事吗
有点私事儿,行好
行好,那我明天下班以后过来
那我明天下班以后过来,好的，我走了
好的，我走了,你看这里边这树
你看这里边这树,恩 跟公园似的
恩 跟公园似的,真是个豪宅啊
真是个豪宅啊,全是独栋一栋2000多万呢
全是独栋一栋2000多万呢,我跟你说等我像安妮一样当上中国区的老总
我跟你说等我像安妮一样当上中国区的老总,咱也来一套
咱也来一套,你要是像你们老板按你那样变成一冷面机器人
你要是像你们老板按你那样变成一冷面机器人,我是决计不敢跟你一个被窝得
我是决计不敢跟你一个被窝得,那我就
那我就,我就换人跟我一个被窝
我就换人跟我一个被窝,换谁谁也不敢
换谁谁也不敢,你这一母变形金刚人给你躺一被窝里
你这一母变形金刚人给你躺一被窝里,它硌得慌
它硌得慌,你说这安妮家啊情况这么好
你说这安妮家啊情况这么好,条件这么好
条件这么好,结果孩子碰上这种事儿真是，这美国真够呛
结果孩子碰上这种事儿真是，这美国真够呛,这也是个别现象
这也是个别现象,你就因为人一校园暴力把人整个教育制度都给否定了
你就因为人一校园暴力把人整个教育制度都给否定了,咱这也有暴力
咱这也有暴力,我高中的时候就经常被我们同学堵在胡同里边要零花钱
我高中的时候就经常被我们同学堵在胡同里边要零花钱,我还跟人为这打过架
我还跟人为这打过架,你还打过架
你还打过架,你能打架吗
你能打架吗,能是能
能是能,但是一般都被人追的满街跑
但是一般都被人追的满街跑,你那个本事也就是打打我是吧
你那个本事也就是打打我是吧,我负责任说我真想过
我负责任说我真想过,我要是打你我还真打不过你
我要是打你我还真打不过你,知道吧
知道吧,你这个条件就是没练功夫
你这个条件就是没练功夫,你稍微要练一练
你稍微要练一练,我觉得三五个壮汉都靠近不了你
我觉得三五个壮汉都靠近不了你,你是想说你老婆我是母夜叉是吧
你是想说你老婆我是母夜叉是吧,不是
不是,我觉得母夜叉形容你还显得稍微弱一点
我觉得母夜叉形容你还显得稍微弱一点,应该叫母变形金刚
应该叫母变形金刚,所以我说方圆儿咱可不能把孩子送出去
所以我说方圆儿咱可不能把孩子送出去,这送到国外去
这送到国外去,这种情况还是留在自己身边
这种情况还是留在自己身边,是不是
是不是,你说
你说,你怎么又说回来了
你怎么又说回来了,我就是说呀，都说把孩子送出去好
我就是说呀，都说把孩子送出去好,送出去有什么好呢，弄成这样
送出去有什么好呢，弄成这样,行处理好了
行处理好了,我给那个萝丝约了我同学
我给那个萝丝约了我同学,孩子可怜，你说这么大遇上这种事
孩子可怜，你说这么大遇上这种事,终身都受影响
终身都受影响,你跟你那同学说多关照
你跟你那同学说多关照,咱朵朵在身边多好
咱朵朵在身边多好,是不是
是不是,好是好
好是好,但是就是压力大啊
但是就是压力大啊,压力大动力才大
压力大动力才大,没压力有什么动力
没压力有什么动力,搞定
搞定,你说什么刚才
你说什么刚才,压力大动力大
压力大动力大,今天这事真的不赖我
今天这事真的不赖我,下午方欢突然打一，下午方欢突然打一个电话
下午方欢突然打一，下午方欢突然打一个电话,我也不知道怎么回事
我也不知道怎么回事,劈头盖脸就跟我说说要送朵朵出国
劈头盖脸就跟我说说要送朵朵出国,我一下就懵了
我一下就懵了,我说这事没人跟我说过
我说这事没人跟我说过,爸也没跟我说过
爸也没跟我说过,妈也没跟我说过
妈也没跟我说过,你也没跟我提过
你也没跟我提过,再说我不是没给你打电话
再说我不是没给你打电话,电话你也不接，我给你发微信
电话你也不接，我给你发微信,你也不回我的是不是
你也不回我的是不是,我这才去接朵朵得时候
我这才去接朵朵得时候,朵朵就给我拿了什么叫什么通知的让我填
朵朵就给我拿了什么叫什么通知的让我填,我不是看着这个我就懵了
我不是看着这个我就懵了,我也没仔细看
我也没仔细看,对
对,这肯定赖我要仔细看就好了
这肯定赖我要仔细看就好了,我这没仔细看
我这没仔细看,我就我就冲朵朵嚷嚷几句
我就我就冲朵朵嚷嚷几句,我还没冲
我还没冲,爸嚷嚷，我冲朵朵嚷嚷几句
爸嚷嚷，我冲朵朵嚷嚷几句,然后爸就出来跟我说说
然后爸就出来跟我说说,这次是送朵朵去
这次是送朵朵去,冬令营不是去留学
冬令营不是去留学,我说我也没说什么
我说我也没说什么,然后爸也没说什么
然后爸也没说什么,我走的时候爸也挺好的
我走的时候爸也挺好的,还说下星期朵朵再过来呢
还说下星期朵朵再过来呢,挺好的
挺好的,你觉得一个老人血压190就挺好吗
你觉得一个老人血压190就挺好吗,我是说我走的时候他挺好
我是说我走的时候他挺好,你走时候挺好的
你走时候挺好的,走了之后我妈给医院打电话
走了之后我妈给医院打电话,你觉得挺好的
你觉得挺好的,190血压你觉得好吗
190血压你觉得好吗,童文洁
童文洁,平常你跟家里你呲儿朵朵
平常你跟家里你呲儿朵朵,你冲朵朵
你冲朵朵,你再冲我嚷嚷，冲，冲我喊是不是
你再冲我嚷嚷，冲，冲我喊是不是,你现在还到我们家冲
你现在还到我们家冲,冲我爸我妈喊你是什么意思
冲我爸我妈喊你是什么意思,我没冲你爸你妈喊
我没冲你爸你妈喊,我就跟朵朵发火着
我就跟朵朵发火着,你冲朵朵发火
你冲朵朵发火,当着我爸妈的面
当着我爸妈的面,在我爸妈家里叫指桑骂槐
在我爸妈家里叫指桑骂槐,对不对
对不对,我跟你讲你看朵朵什么成绩不好
我跟你讲你看朵朵什么成绩不好,测验不好
测验不好,什么英语不好
什么英语不好,数学不好
数学不好,你没有一件事能放得过她
你没有一件事能放得过她,我还稍微替朵朵说说两句话
我还稍微替朵朵说说两句话,行了行了，你能别翻小账吗
行了行了，你能别翻小账吗,那平常就你翻小账
那平常就你翻小账,我不能翻小账
我不能翻小账,那女的翻小账
那女的翻小账,男的翻什么小账啊
男的翻什么小账啊,我今天就要翻小账
我今天就要翻小账,我必须把这事说清楚
我必须把这事说清楚,翻翻翻
翻翻翻,我问你来
我问你来,你冲我爸说没说一句上梁不正下梁歪
你冲我爸说没说一句上梁不正下梁歪,你说没说
你说没说,说了
说了,你这一句话我爸血压一下上梁了
你这一句话我爸血压一下上梁了,你觉得我爸是什么感受
你觉得我爸是什么感受,190对于老人，我是医生
190对于老人，我是医生,老人随时可能过去
老人随时可能过去,我问你
我问你,如果你那一句话说
如果你那一句话说,你别说了
你别说了,你别说了，我错了行不
你别说了，我错了行不,我错了行不行
我错了行不行,我认错了
我认错了,我说我爸那一下子过去了
我说我爸那一下子过去了,你说这责任谁担，你担
你说这责任谁担，你担,还是我担
还是我担,好，我承认方欢她可能有毛病
好，我承认方欢她可能有毛病,说话她直不楞登
说话她直不楞登,你是嫂子
你是嫂子,你是大人
你是大人,你是成年人
你是成年人,你一点都不能体谅吗
你一点都不能体谅吗,反正今天这事没完
反正今天这事没完,我不会原谅你
我不会原谅你,不想跟你说话
不想跟你说话,我洗个澡
我洗个澡,不生气了
不生气了,你洗个澡洗完澡我给你按个摩
你洗个澡洗完澡我给你按个摩,不按摩一辈子不按个屁
不按摩一辈子不按个屁,我洗澡了
让你还这么跑一趟,应该的
应该的,我也没想到他们今天要的这么突然
我也没想到他们今天要的这么突然,反正都按你说的改了
反正都按你说的改了,该加的加该减的减
该加的加该减的减,然后你签个字就行了
然后你签个字就行了,就你这个字值钱
还签什么,你再看一下
你再看一下,你看这一块整个的图标全部放大了4倍
你看这一块整个的图标全部放大了4倍,这样就特别清晰了
还出汗,是我这不知道怎么回事
是我这不知道怎么回事,老是出汗潮唧唧的
你口干不干,你别说真是，老想要喝水
你胸闷不闷,有几次吃完饭以后就觉得有一点捯不过气来
你晚上盗不盗汗,盗汗
你那个每个月还正常吗,我就没正常过
什么叫没正常过,反正最近这一年多几乎没正常过
反正最近这一年多几乎没正常过,不是早就是推迟
你没看过医生,没有
没有,我想可能是不是太忙
我想可能是不是太忙,压力太大
你上次什么时候检查的,我都记不住了
你赶紧去我准你假,这有这么严重吗
你今天就得去你听我的,好那行
好那行,行，那我把这交到公司
行，那我把这交到公司,我就下午请个假去看看去
我自己会带着去,不不不，我正好回去
不不不，我正好回去,我把他给公司
我把他给公司,他们都等着我
真的,你看，不能让你再跑一趟
你脸色都不好,师傅
师傅,又跟这儿练呢
又跟这儿练呢,假装这是给人看病是吧
假装这是给人看病是吧,正常，我跟你讲我年轻时候，就指着这视力表，对着空气演过好几十回
正常，我跟你讲我年轻时候，就指着这视力表，对着空气演过好几十回,你刚刚叫我什么
你刚刚叫我什么,师傅
师傅,你是不是早上坐出租车没改过口来
你是不是早上坐出租车没改过口来,你怎么叫我师傅
你怎么叫我师傅,但是他们这里都说，老师你都可以叫他师傅啊
但是他们这里都说，老师你都可以叫他师傅啊,这样，你这样如果我教你功夫
这样，你这样如果我教你功夫,你就可以叫我师傅
你就可以叫我师傅,或者说我给你开车
或者说我给你开车,我给你做饭你都可以叫我师傅
我给你做饭你都可以叫我师傅,但我要教你给人看眼睛当大夫
但我要教你给人看眼睛当大夫,你得叫我老师
你得叫我老师,除非你是跟了我特别特别长时间
除非你是跟了我特别特别长时间,你叫我师傅还说得过去
你叫我师傅还说得过去,那我就可以叫你师傅了
那我就可以叫你师傅了,因为我都已经跟你快一个月了
因为我都已经跟你快一个月了,你们说一个月就算久了是吧
你们说一个月就算久了是吧,行
行,你愿意叫什么
你愿意叫什么,你先帮我把病人叫起来
你先帮我把病人叫起来,Ok
Ok,大师傅
大师傅,对了，见病人之前
对了，见病人之前,先吃一颗口香糖
先吃一颗口香糖,师傅请你吃寿司
师傅请你吃寿司,祝你手术成功
祝你手术成功,一个小手术 有什么可庆贺的
一个小手术 有什么可庆贺的,你知道吗
你知道吗,我以为
我以为,你只会做摘债白内障的手术
你只会做摘债白内障的手术,但今天还是我第一次看到你做这么精密的手术
但今天还是我第一次看到你做这么精密的手术,你等一会儿
你等一会儿,你这是夸我呢还是骂我呢
你这是夸我呢还是骂我呢,当然是夸你呀
当然是夸你呀,你呀又让我再崇拜一次
你呀又让我再崇拜一次,你认为这是属于夸我是吧
你认为这是属于夸我是吧,行吧
行吧,你赶快吃寿司啊
你赶快吃寿司啊,等我洗完手
等我洗完手,再等就不好吃了
再等就不好吃了,你怎么了
你怎么了,我可能早更了
我可能早更了,因为我现在已经不排卵了
因为我现在已经不排卵了,就是说我青春期结束了
就是说我青春期结束了,我雌激素什么的肯定都没了都
我雌激素什么的肯定都没了都,这样媳妇你得等一会
这样媳妇你得等一会,首先你青春期早就结束了
首先你青春期早就结束了,再说你早更你不排卵你自己怎么知道的
再说你早更你不排卵你自己怎么知道的,你不是早更，你是起早了是不是
你不是早更，你是起早了是不是,真的我有症状了
真的我有症状了,今天安妮跟我说我有症状了
今天安妮跟我说我有症状了,你这样，你有什么症状
你这样，你有什么症状,你有什么症状你是不是早更这正好在医院一查就清楚了
你有什么症状你是不是早更这正好在医院一查就清楚了,还早更呢
还早更呢,那我真的不是早更哈
那我真的不是早更哈,没事
没事,吃两个月药
吃两个月药,重新建立人工周期就没事了
重新建立人工周期就没事了,那什么我请个假送你回去吧
那什么我请个假送你回去吧,你今儿别开车了
你今儿别开车了,不用了
不用了,我自己开好了
我自己开好了,反正我一回去就吃药
反正我一回去就吃药,要不然今天早，我等你一会呗
要不然今天早，我等你一会呗,别等
别等,我今儿得后半宿
我今儿得后半宿,我晚上查房呢
我晚上查房呢,怎么现在女学生一个个都挺漂亮的
怎么现在女学生一个个都挺漂亮的,是不是现在不光拼学历
是不是现在不光拼学历,还得拼颜
还得拼颜,值啊
值啊,那当然了，颜值不高我们还不招呢
那当然了，颜值不高我们还不招呢,对老师也挺孝敬的
对老师也挺孝敬的,都上手喂了
都上手喂了,人家把吃的递我嘴边上怎么着我还不张嘴啊
人家把吃的递我嘴边上怎么着我还不张嘴啊,你可以不张嘴
你可以不张嘴,我不张嘴怎么着拿牙顶着
我不张嘴怎么着拿牙顶着,你可以扭身就走啊
你可以扭身就走啊,她还能追着你喂啊
她还能追着你喂啊,你啊，是得吃点药
你啊，是得吃点药,我情绪没问题
我情绪没问题,行了，你干嘛呀
行了，你干嘛呀,你干嘛一直这样对我你这我不都认错了吗
你干嘛一直这样对我你这我不都认错了吗,我这认错了，真的
我这认错了，真的,我都说一会儿我回去
我都说一会儿我回去,我买点水果去看看爸爸对不对
我买点水果去看看爸爸对不对,你千万别去你这一去给我爸带气病了
你千万别去你这一去给我爸带气病了,我不会啊我跟他说
我不会啊我跟他说,我说我错了
我说我错了,方圆都训我了
方圆都训我了,我错了认错了还不行吗
我错了认错了还不行吗,行了，我还上班呢
行了，我还上班呢,慢点开车啊
你还要住几天,怎么了
怎么了,是不是小雨这两天又闹什么幺蛾子了
这叫一个慌,这孩子现在是青春期
这孩子现在是青春期,他不发泄出来他憋得慌
他不发泄出来他憋得慌,所以
可是我怕宝宝受不了,这样我马上让秘书在网站上找一家装修队
这样我马上让秘书在网站上找一家装修队,用隔音材料把小宇的屋都给包起来
用隔音材料把小宇的屋都给包起来,行不行
那管用吗,应该管用吧
应该管用吧,好不好
那好吧,还有什么事
那我走了,行 成成
行 成成,我哪有那个意思
我哪有那个意思,我巴不得你时时刻刻陪着我
我巴不得你时时刻刻陪着我,我觉得这个还可以看着很舒服
你就知道挑好看的是吧,行行我不管了
行行我不管了,你定你定好吧
这个好一看就特别踏实,长得也忒那
张亮忠,好好好 你定你定 行行 随便 都行 啊
喂，干嘛,商量个事呗
商量个事呗,架子鼓悠着点练成不成
什么好处,Iphone6
Iphone6,大个的
你就这么怕那女的,我不是怕她人家的肚子里不是怀着你的小妹妹或者你的小弟弟吗
我不是怕她人家的肚子里不是怀着你的小妹妹或者你的小弟弟吗,喂
喂,我还话没说完你
我不就是一外人吗,小宇
小宇,我什么时候说过你是外人了
我什么时候说过你是外人了,你爸现在给你打电话不就是尊重你了吗
你尊重我了吗,你看这么快就进入到白发对红颜的现实问题了
你看这么快就进入到白发对红颜的现实问题了,这样你回头跟她说，方大夫说的你这病常见病突发病跟年龄无关
这样你回头跟她说，方大夫说的你这病常见病突发病跟年龄无关,不影响生活质量
不影响生活质量,你让她别那么早嫌弃你
你让她别那么早嫌弃你,没有
没有,我这次生病人家没嫌弃我
我这次生病人家没嫌弃我,人家挺着个大肚子来来回回的也不容易
人家挺着个大肚子来来回回的也不容易,还是我们家那小祖宗
还是我们家那小祖宗,我不在这几天家里又闹成一锅粥
我不在这几天家里又闹成一锅粥,那不是停站统一战线了
那不是停站统一战线了,还说我说你这刀挨的挺值的
还说我说你这刀挨的挺值的,消停了两天就原形毕露
消停了两天就原形毕露,那怎么办
那怎么办,要不然这样
要不然这样,我再给你来一刀
我再给你来一刀,就当是咱俩友情赠送
就当是咱俩友情赠送,让你家和万事兴
让你家和万事兴,去你的 一边待着去
去你的 一边待着去,行你就坐
行你就坐,漂亮吗
你别想拿这个收买我,我哪敢我真是觉得这段时间你挺不容易的
我哪敢我真是觉得这段时间你挺不容易的,所以才想补偿补偿你
所以才想补偿补偿你,蒂娜
蒂娜,我上岁数了
我上岁数了,真的很多事都力不从心
真的很多事都力不从心,你多包涵包涵
我给你炖点甲鱼汤吧,不用
不用,我想吃什么就让阿姨去做
我想吃什么就让阿姨去做,你是月份大了
你是月份大了,不能累着
他动了,还真是好快这心跳了
还真是好快这心跳了,唉声叹气的，情绪不高啊
唉声叹气的，情绪不高啊,岂只是情绪不高啊
岂只是情绪不高啊,我告诉你自从回家以后
我告诉你自从回家以后,就像踏入了硝烟弥漫的战场
就像踏入了硝烟弥漫的战场,一蒂娜，一小宇
一蒂娜，一小宇,就像我俩孩子一大闺女小儿子
就像我俩孩子一大闺女小儿子,我告诉你这俩轮番的掐啊
我告诉你这俩轮番的掐啊,有时候想想真的还不如瞎好呢
有时候想想真的还不如瞎好呢,我治什么治我眼不见心不烦瞎了我告诉你
我治什么治我眼不见心不烦瞎了我告诉你,你可不能瞎你知道吗
你可不能瞎你知道吗,你瞎了
你瞎了,你瞎不瞎我是无所谓了
你瞎不瞎我是无所谓了,关键你坏我名声砸我饭碗
关键你坏我名声砸我饭碗,传出去说方大夫给给你眼睛都瞎了是吧
传出去说方大夫给给你眼睛都瞎了是吧,你倒是一了百了了
你倒是一了百了了,我以后怎么办
我以后怎么办,行了
行了,别想了
别想了,你的恢复得不错
你的恢复得不错,我给你换点新药
我给你换点新药,你倒让你助理到医院找我来听见没有
你倒让你助理到医院找我来听见没有,对你的干眼症又有帮助
对你的干眼症又有帮助,还有我郑重的提醒你
还有我郑重的提醒你,你知道吧
你知道吧,家里的事你无法回避的
家里的事你无法回避的,就算你瞎了你还能听见
就算你瞎了你还能听见,就算你听不见你也聋了
就算你听不见你也聋了,你还能感受得到
你还能感受得到,对不对
对不对,除非你死了你才能一了百了是吧
除非你死了你才能一了百了是吧,行了，赶紧回家吧
行了，赶紧回家吧,赶紧回家
赶紧回家,也没着着什么急
也没着着什么急,你听家里事听我唠叨唠叨不行吗
你听家里事听我唠叨唠叨不行吗,我告诉你陪病人聊家常
我告诉你陪病人聊家常,也是你们医生术后康复治疗的一部分
也是你们医生术后康复治疗的一部分,这是你的责任
这是你的责任,你不能推脱的
你不能推脱的,什么叫我的责任我又不是心理医生
什么叫我的责任我又不是心理医生,你躺在这我还在这听你给你做心理治疗
你躺在这我还在这听你给你做心理治疗,要不请你吃饭
要不请你吃饭,我不吃了
我不吃了,打高尔夫
打高尔夫,我不会打高尔夫
我不会打高尔夫,我给你钱
我给你钱,我不差你那钱 你赶紧走吧
我不差你那钱 你赶紧走吧,你赶紧走吧我这还有事
你赶紧走吧我这还有事,我不起来了我不想回去了
我不起来了我不想回去了,我觉得你这挺好的
我觉得你这挺好的,要不我就睡你着得了
要不我就睡你着得了,你大爷，合着当年你撺掇我在一个小区买房
你大爷，合着当年你撺掇我在一个小区买房,就为了在我们家沙发上随时可以睡下来
就为了在我们家沙发上随时可以睡下来,你刚知道
你刚知道,你给我小点声行不行
你给我小点声行不行,你给我拿个被子行吗
你给我拿个被子行吗,我去 吓死我了
我去 吓死我了,你不是出院了吗，怎么又回来了
你不是出院了吗，怎么又回来了,你先把眼镜摘了你冒充什么黑社会，干嘛
你先把眼镜摘了你冒充什么黑社会，干嘛,咱们有什么可聊的
咱们有什么可聊的,走走走
走走走,不咱俩
不咱俩,你家破事我真管不了
你家破事我真管不了,我现在脑子里想到你我都做恶梦
我现在脑子里想到你我都做恶梦,你这是什么事
你这是什么事,你们家什么继母跟继承人什么争夺财产
你们家什么继母跟继承人什么争夺财产,我真的hold不住
我真的hold不住,我又不是那狗血电视剧导演
我又不是那狗血电视剧导演,你别想跑
你别想跑,不是我告诉你
不是我告诉你,救死扶伤是医生的天职
救死扶伤是医生的天职,你就忍心他为你而升高双目失明
你就忍心他为你而升高双目失明,就算你忍心
就算你忍心,我也不忍心让你这个职业生涯毁在我手里了
我也不忍心让你这个职业生涯毁在我手里了,是不是
是不是,我在医学院上学的时候真没学过怎么帮人解决家庭纠纷
我在医学院上学的时候真没学过怎么帮人解决家庭纠纷,去降低眼压这事
去降低眼压这事,与时接进看我告诉你要不跟我走
与时接进看我告诉你要不跟我走,我就把你刚才勾搭那小医生的那些事
我就把你刚才勾搭那小医生的那些事,我全告诉你媳妇行不行
我全告诉你媳妇行不行,对
对,那女生是谁我怎么没见过
那女生是谁我怎么没见过,你个老流氓
你个老流氓,你把眼镜先戴上
你把眼镜先戴上,你不许动，别走别走
你不许动，别走别走,我不走，你别老拉扯扯的
我不走，你别老拉扯扯的,你是不是朋友是不是哥们是你
你是不是朋友是不是哥们是你,是，你别拉着我啊
是，你别拉着我啊,我送你回家还不行
我送你回家还不行,你这你这
你这你这,你这哪有
你这哪有,我真管不了你这事
我真管不了你这事,快快上
快快上,我跟你说
我跟你说,别跟我说忍啊、拖啊、笑啊
别跟我说忍啊、拖啊、笑啊,你这三字诀现在对我完全不合适
你这三字诀现在对我完全不合适,真的统统不合适
真的统统不合适,你现在立马赶紧的给我设计一套个性化的降低眼压的方案
你现在立马赶紧的给我设计一套个性化的降低眼压的方案,不是，你要难死我
不是，你要难死我,我也只有这三板斧真的，我能把我想出主意都倾情奉献给你了
我也只有这三板斧真的，我能把我想出主意都倾情奉献给你了,我不管你现在立马想
我不管你现在立马想,否则甭下车
否则甭下车,不是，你还想绑架我
不是，你还想绑架我,就当我现在眼压又升高了
就当我现在眼压又升高了,青光眼又复发了
青光眼又复发了,你得抢救我
你得抢救我,你不是还是回不去吗
你不是还是回不去吗,想
想,别着急
别着急,来提提神
来提提神,好好想
好好想,给你时间
给你时间,好
好,好
好,不行
不行,嘿，欸
嘿，欸,不是
不是,不是我还能想出什么法子
不是我还能想出什么法子,我总不能劝你说把小宇直接给送到国外去留学得了
我总不能劝你说把小宇直接给送到国外去留学得了,那倒是眼前倒是清醒了
那倒是眼前倒是清醒了,以后你说回来多少麻烦呀
以后你说回来多少麻烦呀,有什么麻烦
有什么麻烦,我媳妇他老板安妮
我媳妇他老板安妮,我跟你讲
我跟你讲,女强人有钱把孩子送国外去上高中
女强人有钱把孩子送国外去上高中,结果在学校遭遇校园暴力
结果在学校遭遇校园暴力,真的，回来弄个抑郁症全家都乱套
真的，回来弄个抑郁症全家都乱套,就为这个，你知道，我们家都不能提说朵朵出国的事
就为这个，你知道，我们家都不能提说朵朵出国的事,因为文洁是绝对不允许有这个心思
因为文洁是绝对不允许有这个心思,校园暴力
校园暴力,这事对我们家小宇来说不存在
这事对我们家小宇来说不存在,没人能欺负他
没人能欺负他,他不欺负别人就不错了
他不欺负别人就不错了,你也不能放他上美国去欺负别人了
你也不能放他上美国去欺负别人了,大哥你是魔怔了
大哥你是魔怔了,小宇才14岁
小宇才14岁,你怎么你舍得么把他送走
你怎么你舍得么把他送走,你之前你哭着喊着非要把他弄回来
你之前你哭着喊着非要把他弄回来,但是你是怎么求求我给你出主意的
但是你是怎么求求我给你出主意的,我那时候就有一种预感
我那时候就有一种预感,就觉得说我估计你这事儿你可能坚持不了几天
就觉得说我估计你这事儿你可能坚持不了几天,你这不，来了
你这不，来了,你怎么着
你怎么着,你现在把小宇给送到国外去了
你现在把小宇给送到国外去了,你现在，我先提醒你
你现在，我先提醒你,你们俩感情就不怎么深
你们俩感情就不怎么深,你给送出去，七八年以后回来
你给送出去，七八年以后回来,他认识你这爹吗
他认识你这爹吗,以前是舍不得
以前是舍不得,可眼下你是不知道
可眼下你是不知道,我们家被他闹得乌烟瘴气
我们家被他闹得乌烟瘴气,鸡犬不宁
鸡犬不宁,真的
真的,自从他回来以后
自从他回来以后,我没有睡一天安稳觉
我没有睡一天安稳觉,每天下班还没到家
每天下班还没到家,我就脑子嘟嘟的疼
我就脑子嘟嘟的疼,再说了这蒂娜比小宇也大不了几岁
再说了这蒂娜比小宇也大不了几岁,这俩人一掐就跟姐弟俩似的
这俩人一掐就跟姐弟俩似的,我拉谁谁都不高兴
我拉谁谁都不高兴,真是后悔死了
真是后悔死了,我真是
我真是,那谁让你去找一那么小的媳妇
那谁让你去找一那么小的媳妇,这你就不懂了
这你就不懂了,小也有小的好
小也有小的好,呵呵
呵呵,我倒觉得你说的送出国是一条路子
我倒觉得你说的送出国是一条路子,真的
真的,安全方面
安全方面,我觉得问题不大
我觉得问题不大,这样我给他买一大house
这样我给他买一大house,配个保安
配个保安,俩保安
俩保安,再配个管家
再配个管家,这不齐活了吗
这不齐活了吗,老张
老张,你不会是真动了
你不会是真动了,把小宇送出国的心思吧
把小宇送出国的心思吧,非常时期 只能用非常手段了 再说了 给他送出国 不是减轻他现在的学习压力吗
非常时期 只能用非常手段了 再说了 给他送出国 不是减轻他现在的学习压力吗,最不济混一口流利的英文回来
最不济混一口流利的英文回来,混一口流利的广东话回来也不一定
混一口流利的广东话回来也不一定,爸爸决定了送你出国留学
爸爸决定了送你出国留学,啊什么呀
啊什么呀,你不用担心
你不用担心,老爸都给你安排的妥妥帖帖的
老爸都给你安排的妥妥帖帖的,给你租个大house
给你租个大house,派两个保镖或者管家管你的生活
派两个保镖或者管家管你的生活,你什么都不用管呢
你什么都不用管呢,爸爸还会经常去看你的
爸爸还会经常去看你的,咱爷俩没事就周游世界
咱爷俩没事就周游世界,多爽
苦了你了真是,说什么
说什么,爸爸真心是替你着想
爸爸真心是替你着想,你想想看
你想想看,一旦出国了
一旦出国了,什么高考中考通通玩去
什么高考中考通通玩去,爸爸也不用天天督促你要考多少分了
爸爸也不用天天督促你要考多少分了,是不是也不做恶人了
是不是也不做恶人了,你想学到什么程度就学到什么程度
你想学到什么程度就学到什么程度,好不好
好不好,将来学成归来
将来学成归来,爸爸这亲手创立的家业就统统交给你了
爸爸这亲手创立的家业就统统交给你了,怎么样
用什么花招都赶不走我,等等
等等,你这小子怎么一根筋
你这小子怎么一根筋,你我真的是为你好
你我真的是为你好,我告诉你出国这件事跟那个狐狸精不是跟他完全没有关系
我告诉你出国这件事跟那个狐狸精不是跟他完全没有关系,真的是替你着想
真的是替你着想,懂吗
你让我裸泳换太平洋我都听你的,说什么你这臭小子还裸泳
说什么你这臭小子还裸泳,谁给你出的主意
谁给你出的主意,你说我怎么养了你这么个小王八蛋
你一天都没管过我，起,这小兔崽子站住
这小兔崽子站住,小子站住回来
走着瞧,呦吼
呦吼,太阳是打西边出来了
太阳是打西边出来了,太后老佛爷
太后老佛爷,这么早就退朝啦
这么早就退朝啦,新项目完成的好
新项目完成的好,安妮龙颜大悦
安妮龙颜大悦,赐臣妾早点回来
赐臣妾早点回来,伺候老爷
伺候老爷,下官受宠若惊
下官受宠若惊,我怎么觉得你今天
我怎么觉得你今天,妖气十足
妖气十足,有吗
有吗,我喜欢，来来来，亲一下
我喜欢，来来来，亲一下,要不然趁孩子没回来睡个午觉
要不然趁孩子没回来睡个午觉,趁孩子没回来
趁孩子没回来,你去把狗窝给我收拾收拾
你去把狗窝给我收拾收拾,我去把小主的狗窝给收拾收拾
我去把小主的狗窝给收拾收拾,我想现在就把你给收拾收拾
我想现在就把你给收拾收拾,下班早是不是容易神经
下班早是不是容易神经,干什么
干什么,你先安静一下
你先安静一下,你当妈的跟孩子还真吵架
你当妈的跟孩子还真吵架,你先冷静冷静
你先冷静冷静,你就向着他
你就向着他,不是我向着他你先冷静
不是我向着他你先冷静,你听我说
你听我说,孩子我刚才说你别拿这东西给她收起来
孩子我刚才说你别拿这东西给她收起来,这孩子刚才你知道突然知道他的秘密
这孩子刚才你知道突然知道他的秘密,他肯定不开心
他肯定不开心,肯定恼羞成怒
肯定恼羞成怒,你别说他我小时候我爸我妈看了我日记本
你别说他我小时候我爸我妈看了我日记本,我也不高兴
我也不高兴,这跟你是不是偷看没关系
这跟你是不是偷看没关系,你别再向着他了
你别再向着他了,没用的我告诉你
没用的我告诉你,我不是向着他
我不是向着他,我不是向着他
我不是向着他,你看他写那小鱼儿，小鱼儿是谁
你看他写那小鱼儿，小鱼儿是谁,小鱼是小宇啊
小鱼是小宇啊,老张的儿子老张把小宇送书
老张的儿子老张把小宇送书,小宇不高兴是吧
小宇不高兴是吧,这同学之间他写的小故事逗她开心开心，这是人之常情
这同学之间他写的小故事逗她开心开心，这是人之常情,他们这不是讲义气重感情这好事
他们这不是讲义气重感情这好事,上次那个歌迷见面会你也没这么大反应
上次那个歌迷见面会你也没这么大反应,上次歌迷见面会跟这次比你说谁重要
上次歌迷见面会跟这次比你说谁重要,这是不写作业
这是不写作业,在这写这些武侠小说
在这写这些武侠小说,而且上次是初犯
而且上次是初犯,这次是再犯
这次是再犯,打住打住
打住打住,什么初犯再犯呢
什么初犯再犯呢,你是警察
你是警察,你闺女是罪犯
你闺女是罪犯,这是一个家里边规则很重要
这是一个家里边规则很重要,他亲子关系也很重要
他亲子关系也很重要,首先咱们要尊重他对不对
首先咱们要尊重他对不对,我尊重他了
我尊重他了,他尊重我吗
他尊重我吗,他现在尊重
他现在尊重,尊重咱们了吗
尊重咱们了吗,说关门就关门
说关门就关门,说撵我们走就撵我们走
说撵我们走就撵我们走,小点声
小点声,你怎么着先想办法解决好不好
你怎么着先想办法解决好不好,你去找他谈去
你去找他谈去,我找他行我找他
我找他行我找他,不哭不哭
不哭不哭,好宝贝
好宝贝,妈咪不是故意看你的东西
妈咪不是故意看你的东西,你知道吗
你知道吗,妈妈是帮你收拾房间
妈妈是帮你收拾房间,你房间这么乱
不想再提这件事了,你看你喜欢写东西
你看你喜欢写东西,妈妈是支持你的对不对
妈妈是支持你的对不对,你帮助同学你想让他开心点
你帮助同学你想让他开心点,这是对的
这是对的,但现在关键是时时候不对
但现在关键是时时候不对,你知道吗
你知道吗,就初三了
就初三了,说学习压力那么大那么紧张
说学习压力那么大那么紧张,你这写东西耽误
现在你们满意了吧,朵朵
朵朵,爸爸进来是跟你道歉的
爸爸进来是跟你道歉的,爸爸是想帮妈妈说说好话
爸爸是想帮妈妈说说好话,让你别再生气了
让你别再生气了,对不对
对不对,你这对爸爸什么态度
你这对爸爸什么态度,你对爸爸是不是基本的尊重要有啊
你贴这个干吗,我觉得你这写的挺好的
我觉得你这写的挺好的,一看还挺好玩
一看还挺好玩,我就给它粘上给你留下来
我就给它粘上给你留下来,幸亏你写的是单面
幸亏你写的是单面,你要写双面咱没法粘了
我好好读英文,好好好
好好好,英文要好好读
英文要好好读,小说
小说,也可以写
也可以写,你将来当个小说家
你将来当个小说家,伟大的小说家
伟大的小说家,爸爸也挺骄傲的
爸爸也挺骄傲的,是不是
是不是,但是你假期写
但是你假期写,到时候爸爸给你当小助理
到时候爸爸给你当小助理,好不好你一个人念或写成手稿我给你打出来行不行
好不好你一个人念或写成手稿我给你打出来行不行,还有乖乖
还有乖乖,你今天不能跟爸爸那么吼
你今天不能跟爸爸那么吼,爸爸多爱你啊
爸爸多爱你啊,爸妈那么爱你
爸妈那么爱你,你这一吼，爸爸多伤心啊
你这一吼，爸爸多伤心啊,你要不相信咱们现在算一道题
你要不相信咱们现在算一道题,求爸爸心里的阴影面积是多少
求爸爸心里的阴影面积是多少,然后妈妈说了约法三章，写也行
然后妈妈说了约法三章，写也行,业余时间写好不好
业余时间写好不好,这试今天就当没发生过
这试今天就当没发生过,而且你要相信妈妈
而且你要相信妈妈,这个真的
这个真的,爸妈是无意中看到的
爸妈是无意中看到的,知道吗
那我去睡觉了,你干嘛去了
你干嘛去了,我把她撕的东西给粘上了
我把她撕的东西给粘上了,文洁，刚刚朵朵跟我道歉
文洁，刚刚朵朵跟我道歉,他说什么
他说什么,他就说不应该写这东西
他就说不应该写这东西,耽误学习
耽误学习,然后他以后保证不再写了
然后他以后保证不再写了,好好学英语
好好学英语,他说也不应该跟爸爸还有妈妈那么说话
他说也不应该跟爸爸还有妈妈那么说话,她说对不起
她说对不起,你找的他
你找的他,还是他找的你
还是他找的你,他出来跟我说
他出来跟我说,我是觉得他现在跟我越来越不亲了
我是觉得他现在跟我越来越不亲了,他道歉都找你道歉
他道歉都找你道歉,不是她不是故意来找的我，他他是正好出来上卫生间看到我在那粘那个，就过来说
不是她不是故意来找的我，他他是正好出来上卫生间看到我在那粘那个，就过来说,你不用解释
你不用解释,我没有怪朵朵的意思
我没有怪朵朵的意思,我是觉得我挺失败的
我是觉得我挺失败的,你看小的时候两个小时一喂奶
你看小的时候两个小时一喂奶,两个小时一喂水
两个小时一喂水,白天我抱着睡
白天我抱着睡,晚上我陪着睡
晚上我陪着睡,从托儿所到幼儿园
从托儿所到幼儿园,从幼儿园到小学
从幼儿园到小学,这一路我接我送跟着上各种补习班
这一路我接我送跟着上各种补习班,跳舞
跳舞,芭蕾外语
芭蕾外语,游泳钢琴都是我陪着
游泳钢琴都是我陪着,陪到最后现在跟我说话
陪到最后现在跟我说话,像个仇人一样
像个仇人一样,我是不是挺失败
我是不是挺失败,我跟你说是不是我出问题了
我跟你说是不是我出问题了,既然你今天说到这
既然你今天说到这,我真的想跟你聊
我真的想跟你聊,我觉得就在教育这个事儿上当然小时候你管了很多
我觉得就在教育这个事儿上当然小时候你管了很多,但自从他上了初中之后
但自从他上了初中之后,我觉得在教育朵朵的事
我觉得在教育朵朵的事,尤其学习上
尤其学习上,你确实是有些问题
你确实是有些问题,我有什么问题
我有什么问题,没事你说我听听
没事你说我听听,你说
你说,当然问题肯定也不是什么大问题
当然问题肯定也不是什么大问题,而且也一定不是一个人的问题
而且也一定不是一个人的问题,这问题它一定是由你跟朵朵之间
这问题它一定是由你跟朵朵之间,朵朵跟我之间
朵朵跟我之间,还有我跟你之间共同形成的一个复杂问题
还有我跟你之间共同形成的一个复杂问题,当然主要还是有很多因素也在我这边
当然主要还是有很多因素也在我这边,我觉得当然这些问题也都不是什么问题
我觉得当然这些问题也都不是什么问题,只要你好好跟他沟通
只要你好好跟他沟通,然后多交流
然后多交流,你
你,你就是一个好妈妈
你就是一个好妈妈,我爱你
我爱你,谢谢你跟我说这些话
谢谢你跟我说这些话,你是我唯一的支柱
你是我唯一的支柱,我一定跟他好好沟通
我一定跟他好好沟通,我还是个好妈妈
我还是个好妈妈,我可以的
我可以的,多少分
多少分,退步一点点79
退步一点点79,没事
没事,79挺好的
79挺好的,不就差一分吗
不就差一分吗,差一分就等于80
差一分就等于80,不是四舍五入就80了
不是四舍五入就80了,80也算是良了
80也算是良了,行，别往心里去
行，别往心里去,干嘛
干嘛,我怎么觉得 恍惚间觉得说话这说话的人 怎么是我自己啊
我怎么觉得 恍惚间觉得说话这说话的人 怎么是我自己啊,那能怎么办
那能怎么办,上次吵架今天考79
上次吵架今天考79,你今天再骂他一顿
你今天再骂他一顿,他下次给你考69
他下次给你考69,我就这一个女儿
我就这一个女儿,我真逼死他
我真逼死他,再说你不是劝我吗
再说你不是劝我吗,我要改变改变我跟他交流的方式
我要改变改变我跟他交流的方式,我努力改变
我努力改变,我多跟他沟通
我多跟他沟通,媳妇
媳妇,就刚才你这一番话
就刚才你这一番话,突然我觉得你形象一下就高大起来了
突然我觉得你形象一下就高大起来了,别这么看
别这么看,这么看的角度不好看是
这么看的角度不好看是,行
下月他闺女结婚,这又得凑份子
咱琴琴周岁人不也来了吗,周岁那什么年头
周岁那什么年头,200块钱还当钱
200块钱还当钱,现在200块钱等于骂人
我说呢这车呢,没事儿
没事儿,怎么样
我就多跑跑,那也不能24小时连轴转
那也不能24小时连轴转,玩命的那是
能多挣点好事,欸
欸,我刚才在楼下碰见张总了
我刚才在楼下碰见张总了,他跟我说他得把小雨送出国
人比人气死人甭跟人比,要不说就不愿意跟你聊天
要不说就不愿意跟你聊天,你这人全是低气压负能量
那该怎么说,什么叫没钱认命我跟你说有钱人可是有有钱人的烦恼
得了他有什么烦恼,小宇学习不好啊
小宇学习不好啊,你说出了国学习再没有自觉性生活上在邋里邋遢
你说出了国学习再没有自觉性生活上在邋里邋遢,你说他爸能放心吗
是，那是,所以他想给小宇找个陪读
让你去,讨厌
讨厌,我倒是想去人家让我去吗
我倒是想去人家让我去吗,我就想咱家琴琴啊
我就想咱家琴琴啊,咱家琴琴学习又好
咱家琴琴学习又好,跟小宇关系又铁
跟小宇关系又铁,你说他俩出去做个伴
你说他俩出去做个伴,互相监督着多好
互相监督着多好,张总再把琴琴的留学的费用给提前预支了
张总再把琴琴的留学的费用给提前预支了,两家子两全其美多好
你答应了,没有
没有,我这不回来跟你商量吗
我这不回来跟你商量吗,省得你老说我自作主张
这就对了,是不是
是不是,我做的对吧
这不是,你说什么
你说什么,使唤丫头
使唤丫头,你电视剧看多了吧什么叫使唤丫头
什么陪读说的好听不就一回事吗,是
是,咱家琴琴能考上清华北大没问题
咱家琴琴能考上清华北大没问题,可是每年到了7月份毕业季的时候
可是每年到了7月份毕业季的时候,新闻都播了
新闻都播了,就业难着
就业难着,人才市场人山人海的博士硕士都在那排队等着
人才市场人山人海的博士硕士都在那排队等着,你找公司
你找公司,人家张嘴就说起薪3000爱干不干
人家张嘴就说起薪3000爱干不干,你说你干不干
咱琴琴能混到那份上去吗,那琴琴好有什么用
那琴琴好有什么用,大环境就是这样
大环境就是这样,现在社会上什么人群最苦
现在社会上什么人群最苦,CBD的那帮小白领
CBD的那帮小白领,个个看着挺光鲜
个个看着挺光鲜,挣得少花的还多
挣得少花的还多,每天背着那盒饭
每天背着那盒饭,办公室微波炉一微
办公室微波炉一微,他为什么楼下那50块钱一盒他吃不起
到国外吃的好,那当然了
又营养又卫生是吧,你瞧你这没出息的劲儿
你瞧你这没出息的劲儿,把孩子都拐带得没出息
把孩子都拐带得没出息,什么叫血刺呼啦
什么叫血刺呼啦,人家那叫新鲜
人家那叫新鲜,人家那叫什么牛
人家那叫什么牛,住那山坡上听着听音乐溜溜达达的咱们这儿你吃到挺香
住那山坡上听着听音乐溜溜达达的咱们这儿你吃到挺香,你也就这命了
你也就这命了,咱孩子不行
咱孩子不行,对了
对了,我还跟你说
我还跟你说,我听说清华北大的毕业生出国留学率可高了
我听说清华北大的毕业生出国留学率可高了,特别是理工科的高材生
特别是理工科的高材生,真的能接到好多国外大学的offer
真的能接到好多国外大学的offer,跟你说你也不懂就是录取通知书
说中文不是,你说咱早晚得把孩子送出去
你说咱早晚得把孩子送出去,干嘛不让孩子早出去呢
干嘛不让孩子早出去呢,是不是这么个理儿
拿着枪进去见谁都开枪,行了行了
行了行了,你别再说了
你别再说了,猴年马月能赶上一回什么校园暴力
赶上一回我也受不了,你那是强词夺理
你那是强词夺理,什么事咱得抓重点
什么事咱得抓重点,你说北京现在这么大堵车堵的厉害
你说北京现在这么大堵车堵的厉害,为什么这么多外地人还往这涌
为什么这么多外地人还往这涌,人往高处走
人往高处走,水往低处流
水往低处流,是不是这么个理儿
是不是这么个理儿,我告诉你大城市就是眼界宽
我告诉你大城市就是眼界宽,选择广
选择广,这国外咱俩没去过
这国外咱俩没去过,没发言权
没发言权,但是咱最起码给孩子一个选择
但是咱最起码给孩子一个选择,把孩子送出去体验
把孩子送出去体验,让他在那感觉不好可以回来
让他在那感觉不好可以回来,但是孩子至少有一个选择的机会
他是咱老金家的根,什么叫老金家的根
什么叫老金家的根,这说孩子跟我上大学有关系吗
这说孩子跟我上大学有关系吗,你真是为了你们家根好
你真是为了你们家根好,你放眼世界
你放眼世界,你现在就把根挪到国外去
这么大国家搁不下,你能不能讲点理是不是
你能不能讲点理是不是,咱们这琴琴出国最大的问题是经济问题
咱们这琴琴出国最大的问题是经济问题,这你承认
这你承认,现在机会来了
现在机会来了,财神爷就摆在面前了
财神爷就摆在面前了,何乐而不为
我还卖儿卖女去,你喊什么呀 你喊什么呀
我告诉你琴琴姓金到什么时候他都,你别老说姓金的事
你攀高枝去,你说说
你说说,你还我告诉你
你还我告诉你,我当年上了大学
我当年上了大学,我嫁给你瞎了眼了
我嫁给你瞎了眼了,你还活着
你还活着,你这不如死了
你这不如死了,爸
爸,你今天怎么来这么早
你今天怎么来这么早,你不跑晚班吗
是有一特别重要的事,什么事
我今儿去给你买礼物去了,真的
真的,什么礼物
你猜猜,一个笔袋
往大了猜,一个书包
再大,再大
再大,你给我买玩具
你给我买玩具,熊
再大,再大 我猜不出来了
再大 我猜不出来了,你告诉我吧
打开看看,手机
手机,爸
爸,你怎么这么舍得
你怎么这么舍得,你自己那破手机用多少年了也不换
你自己那破手机用多少年了也不换,还给我买
怎么样喜欢吗,喜欢
喜欢,这手机是我妈让你给我买的
是我给你的礼物跟你妈没关系,你哪来这么多钱呢
别让你妈知道,爸
爸,我知道你舍不得我出国
我知道你舍不得我出国,你放心我不会出去的
千万别让你妈知道,你放心
回去把，我还得去拉个活,你开车慢点
你开车慢点,拜拜
拜拜,拜拜
拜拜,是不是越来越不像话
是不是越来越不像话,都是你惯的
都是你惯的,我跟你说方圆
我跟你说方圆,行行你还追上门吵行行行
行行你还追上门吵行行行,我问问他为什么这么跟妈妈说话了
我问问他为什么这么跟妈妈说话了,我就说他狗丢了
我就说他狗丢了,你小孩他着急
你小孩他着急,他在这有点上火
他在这有点上火,有点发脾气也正常
有点发脾气也正常,你一个大人你也跟他真那么吵
你一个大人你也跟他真那么吵,你上那么大火干嘛
你上那么大火干嘛,不是方圆
不是方圆,为一条狗
为一条狗,为一条狗连妈妈不要了
为一条狗连妈妈不要了,他没有
他没有,他说我是冷血
他说我是冷血,你还护着他
你还护着他,他今天全部是你护出来的
他今天全部是你护出来的,不是我护着他
不是我护着他,你刚才我也在场对不对
你刚才我也在场对不对,不是
不是,他一个小孩他不懂事
他一个小孩他不懂事,你跟
你跟,好他不懂事我就要教育他
好他不懂事我就要教育他,我不能光养不教啊
我不能光养不教啊,这出去怎么办
这出去怎么办,是不是好像全地球都围着他一个人转
是不是好像全地球都围着他一个人转,是不是
是不是,狗谁养的
狗谁养的,狗是我养的
狗是我养的,再说了人家都说什么养狗的小朋友养宠物的小朋友有同情心
再说了人家都说什么养狗的小朋友养宠物的小朋友有同情心,你自己看看他
你自己看看他,他连自己的妈妈都不同情咱找一天了
他连自己的妈妈都不同情咱找一天了,她不是你这么想啊
她不是你这么想啊,是不是
是不是,徐慧慧，慧慧是她好好朋友
徐慧慧，慧慧是她好好朋友,对不对
对不对,狗交给他了现在
狗交给他了现在,反正我就觉得我养一白眼狼
反正我就觉得我养一白眼狼,他狗丢了他着急
他狗丢了他着急,他又喜欢frank对吧
他又喜欢frank对吧,你也喜欢frank
你也喜欢frank,我也喜欢frank
我也喜欢frank,狗丢了肯定全家都着急
狗丢了肯定全家都着急,但他着急他上火
但他着急他上火,你大人你也跟着一块着急上火
你大人你也跟着一块着急上火,我错了是吧
我错了是吧,我错了是不是
我错了是不是,不是你错
不是你错,我说你没必要发这种火
我说你没必要发这种火,你和发这种火干不对
你和发这种火干不对,对自己身体不好吗
对自己身体不好吗,咱不说了
咱不说了,不生气不发火吗
不生气不发火吗,对不对
对不对,我是为你身体好
我是为你身体好,让你别生气
让你别生气,你按按这中间我不教给你这叫
你按按这中间我不教给你这叫,你这叫檀中穴按揉一会儿
你这叫檀中穴按揉一会儿,我不生气
我不生气,我真的生气
我真的生气,你别弄我
你别弄我,好好 这样
好好 这样,他刚才今儿跑一天有点感冒了
他刚才今儿跑一天有点感冒了,你刚才没听出来吗
你刚才没听出来吗,是感冒了
是感冒了,我说了今儿别去
我说了今儿别去,我给他弄点弄点药
我给他弄点弄点药,我先冲个澡
我先冲个澡,我也一身汗
我也一身汗,你问我身都臭了
你问我身都臭了,你别闹了
你别闹了,好你去洗澡去
好你去洗澡去,行行
行行,不生气咱俩一块洗去
不生气咱俩一块洗去,不是我
不是我,你别再去找他了
你别再去找他了,你别
你别,我不是去找他
我不是去找他,我是去给他把狗找回来
我是去给他把狗找回来,咱俩一会儿
咱俩一会儿,一会再找了
一会再找了,今儿都半夜这点上哪找去
今儿都半夜这点上哪找去,先歇会儿
先歇会儿,好吧
好吧,你看你
你看你,行 走 行
行 走 行,行了行了行了，别哭了
行了行了行了，别哭了,爸爸得说你两句
爸爸得说你两句,你真的冤枉妈妈
你真的冤枉妈妈,妈妈怎么不喜欢Frank
影响学习,那妈妈说的也没错
那妈妈说的也没错,你养狗影响学习影响成绩就是不行
你养狗影响学习影响成绩就是不行,对不对
她一点都不关心Frank,朵朵你拍着良心说
朵朵你拍着良心说,妈妈怎么不关心frank了
妈妈怎么不关心frank了,你跟妈妈你们俩谁溜狗溜得多
你跟妈妈你们俩谁溜狗溜得多,谁喂frank
谁喂frank,好谁给他洗澡
好谁给他洗澡,谁给他洗澡不都是妈妈吗
谁给他洗澡不都是妈妈吗,再说了
再说了,你说弗兰克就跟咱们家小孩一样
你说弗兰克就跟咱们家小孩一样,他丢了爸妈也着急
他丢了爸妈也着急,对不对
对不对,我们给你找去啊
我们给你找去啊,爸爸已经贴了寻狗启示了
爸爸已经贴了寻狗启示了,我答应你
我答应你,你把狗找回来行不行
你把狗找回来行不行,把这感冒冲剂喝了
把这感冒冲剂喝了,不然这感冒加重，好了
不然这感冒加重，好了,握着底下
握着底下,行了，赶紧喝药睡觉，明天还得上学呢
行了，赶紧喝药睡觉，明天还得上学呢,跟爸说晚安
跟爸说晚安,你脑子毛病
你脑子毛病,孩子狗丢了伤心难过
孩子狗丢了伤心难过,你好好安慰安慰他拥抱他一下
你好好安慰安慰他拥抱他一下,你给他灌什么心灵鸡汤
你给他灌什么心灵鸡汤,我不是给他灌心灵鸡汤
我不是给他灌心灵鸡汤,我在告诉他人生有很多的别离
我在告诉他人生有很多的别离,跟任何人跟任何事不都是这样的吗
跟任何人跟任何事不都是这样的吗,包括跟狗狗跟一样东西
包括跟狗狗跟一样东西,我在教会他学会去面对学
我在教会他学会去面对学,学会去放下
学会去放下,人生路长着呢他以后再碰到这样的问题
人生路长着呢他以后再碰到这样的问题,他就不会陷进去了
他就不会陷进去了,他就会自己管理自己的情绪了
他就会自己管理自己的情绪了,听不懂
听不懂,你这心理鸡汤太浓了
你这心理鸡汤太浓了,抠着我了
抠着我了,你要是能听懂
你要是能听懂,咱俩早就比翼双飞了
咱俩早就比翼双飞了,我听懂了不就别离吗
我听懂了不就别离吗,就跟什么都会别离
就跟什么都会别离,跟屎也有别离
跟屎也有别离,我先上一厕所去啊
也不会再去找frank,朵朵
朵朵,爸爸知道一个特别好玩的地方
爸爸知道一个特别好玩的地方,带你去看看去
我还要回家写作业,坐一小会儿
坐一小会儿,洗手去
不会怎么会呢,你可真行
你可真行,当着那么多人的面质疑王主任你这个冲劲是天生的吗
当着那么多人的面质疑王主任你这个冲劲是天生的吗,什么是冲劲
什么是冲劲,冲劲就勇气
冲劲就勇气,陈述事实为什么需要勇气
陈述事实为什么需要勇气,我只是觉得汪主任他刚刚有些事情没有考虑到
我只是觉得汪主任他刚刚有些事情没有考虑到,当我考虑到
当我考虑到,所以我替他补充
所以我替他补充,你可以替他补充
你可以替他补充,你可以考虑到
你可以考虑到,但你不要当着那么多人的面
但你不要当着那么多人的面,通常实习医师就是选择会后这私底下跟他交流知道吧
通常实习医师就是选择会后这私底下跟他交流知道吧,但会诊的目的不就是要有效率的解决问题
但会诊的目的不就是要有效率的解决问题,为什么要在会后
为什么要在会后,还要在私底下
还要在私底下,因为因为对领导对权威你得表示尊重
因为因为对领导对权威你得表示尊重,你喝什么
你喝什么,拿铁
拿铁,我要黑咖啡
我要黑咖啡,所以我们会诊的目的是为了秀他的权威
所以我们会诊的目的是为了秀他的权威,并不是为了
并不是为了,病人咯
病人咯,好我忘了你是个香蕉人
好我忘了你是个香蕉人,你可以提出你的想法
你可以提出你的想法,但你得注意方式方法
但你得注意方式方法,你还是不了解情况
你还是不了解情况,反正总之以后你别这么说就行了
反正总之以后你别这么说就行了,对不起
对不起,虽然我还不懂这些道理
虽然我还不懂这些道理,但我刚才行为一定让你
但我刚才行为一定让你,为难了
为难了,为难的谈不上谁让我是你师傅是吧
为难的谈不上谁让我是你师傅是吧,应该替你扛事儿
应该替你扛事儿,坐那边
坐那边,其实让汪主任训两句也属于正常的
其实让汪主任训两句也属于正常的,比这烦心的事多多了
比这烦心的事多多了,对了
对了,忘了一正事了
忘了一正事了,你在帮朵儿找家教
你在帮朵儿找家教,朵朵吧语文也挺好
朵朵吧语文也挺好,数学也挺好
数学也挺好,就是这英语短板
就是这英语短板,我跟他妈妈商量给他找一个家教
我跟他妈妈商量给他找一个家教,你知道现在这些培训中心都不愿意做一对一的收费
你知道现在这些培训中心都不愿意做一对一的收费,他少你知道吧
他少你知道吧,我说找个一对一
我说找个一对一,最好是有留学经历
最好是有留学经历,或者是干脆外教也可以帮帮他把英语成绩能提上去
或者是干脆外教也可以帮帮他把英语成绩能提上去,不就是英语家教吗
不就是英语家教吗,你已经找到了
你已经找到了,就在这里
就在这里,Native English speaker
Native English speaker,就是我
就是我,你那不行你哪成
你那不行你哪成,哪里不成了
哪里不成了,我5岁的时候就去美国
我5岁的时候就去美国,而且我在上课的时候就去语言学校打过工了
而且我在上课的时候就去语言学校打过工了,所以你就放心把朵儿交给我
所以你就放心把朵儿交给我,我绝对让他成为英语学霸
我绝对让他成为英语学霸,你英语肯定是好
你英语肯定是好,但是但是你去当家教
但是但是你去当家教,我怎么给你算课时费都没法算
我怎么给你算课时费都没法算,算什么课时费免费
算什么课时费免费,你只要管我的晚饭就好了
你只要管我的晚饭就好了,不合适管顿晚饭让你去教课不合适
不合适管顿晚饭让你去教课不合适,有什么关系
有什么关系,反正我下班也没事
反正我下班也没事,当我老师你也没跟我收学费
当我老师你也没跟我收学费,那行吧
那行吧,那就是麻烦你了
那就是麻烦你了,一言为定
一言为定,你什么时候开始
你什么时候开始,今天
今天,今天
今天,你今天去医院检查
你今天去医院检查,医生怎么说
医生怎么说,咱这宝宝
他那小样看,一个星期就变那么大了
一个星期就变那么大了,拿来
拿来,给我
给我,拿来
拿来,这不是小宇的考卷吗
这不是小宇的考卷吗,58、54、48、30
58、54、48、30,这是你帮他签的字
这是你帮他签的字,他让你给他签的
他让你给他签的,他让你给他签你就签哪
他让你给他签你就签哪,就这成绩你也签
那日子还过不过了,你这是在害他
你这是在害他,你给他签一次
你给他签一次,他就第二次，有第二次他就有第三次
他就第二次，有第二次他就有第三次,他以后就没有后顾之忧了
他以后就没有后顾之忧了,反正我考多少都有人签
我才给他签的,他答应你了
他答应你了,他的话你也信
他又动了,这样下次他要再找你签
这样下次他要再找你签,你告诉我一声
你告诉我一声,在这儿
在这儿,还踢了好了
还踢了好了,这劲儿不小
不信抬头看苍天饶过谁,说你又在那儿偷听
说你又在那儿偷听,偷看什么呢
偷看什么呢,又怎么了
又怎么了,效率太低了
效率太低了,一个半小时的课现在上了40分钟了
一个半小时的课现在上了40分钟了,半个小时一直在看电视
半个小时一直在看电视,两个人咯咯地笑
两个人咯咯地笑,10分钟了
10分钟了,一道题没有解决
一道题没有解决,朵朵没有那么多时间
朵朵没有那么多时间,他就是想让他放松一下
他就是想让他放松一下,刚刚我们俩已经跟他谈过了
刚刚我们俩已经跟他谈过了,他还这样
他还这样,我真的我没有办法把女儿交给他
我真的我没有办法把女儿交给他,我知道他很好
我知道他很好,但是他教的不适合朵朵
但是他教的不适合朵朵,朵朵现在时间宝贵
朵朵现在时间宝贵,精力宝贵
精力宝贵,什么都宝贵
什么都宝贵,怎么着你想
怎么着你想,你去跟他说一说
你去跟他说一说,要不然
要不然,说什么
说什么,谢谢她算了吧
谢谢她算了吧,行行
行行,回头我再想想怎么跟他说
回头我再想想怎么跟他说,你别回头了
你别回头了,我想过了
我想过了,就今天跟他说吧
就今天跟他说吧,我今儿这么说啊
我今儿这么说啊,要不说我说朵朵一天都耽误不得
要不说我说朵朵一天都耽误不得,你自己看，那我进去说
你自己看，那我进去说,我说我进去说
我说我进去说,你跟他说
你跟他说,你这段时间也挺辛苦的
你这段时间也挺辛苦的,为朵朵付出这么多
为朵朵付出这么多,真是
真是,不知道怎么感谢你好
不知道怎么感谢你好,师傅你干嘛那么见外
师傅你干嘛那么见外,朵朵那么可爱
朵朵那么可爱,我早就把她当自己妹妹看了
我早就把她当自己妹妹看了,不过我刚刚在屋里不敢说
不过我刚刚在屋里不敢说,朵朵
朵朵,他压力其实很大
他压力其实很大,我觉得你跟师母不要再给他有压力了
我觉得你跟师母不要再给他有压力了,朵朵他偷偷告诉我说他前一阵子做噩梦
朵朵他偷偷告诉我说他前一阵子做噩梦,梦到都是英文单词在墙头上飞
梦到都是英文单词在墙头上飞,孩子现在压力是大
孩子现在压力是大,但是你说有什么办法
但是你说有什么办法,中考所有的孩子都这样
中考所有的孩子都这样,我相信现在只要是要面临中考
我相信现在只要是要面临中考,高考这些孩子脑子里面全都是习题
高考这些孩子脑子里面全都是习题,啥事都想不起来
啥事都想不起来,大势所趋
大势所趋,师傅不要送了
师傅不要送了,我出去打车就好了
我出去打车就好了,对
对,我给你叫了个专车
我给你叫了个专车,你刚才没看见微信
你刚才没看见微信,我都发给你的车号什么的
我都发给你的车号什么的,就小区门口你上车就行了
就小区门口你上车就行了,那个什么
那个什么,还有个事跟你商量一下是这样
还有个事跟你商量一下是这样,刚才师母接一电话
刚才师母接一电话,就你跟朵朵在上课的时候是他们班主任打来的
就你跟朵朵在上课的时候是他们班主任打来的,说这个学校下个礼拜开始就要加晚自习
说这个学校下个礼拜开始就要加晚自习,我就想说晚自习
我就想说晚自习,然后朵朵上完
然后朵朵上完,完了8点多钟回来
完了8点多钟回来,然后再洗洗涮涮
然后再洗洗涮涮,写完作业就得快10点是吧
写完作业就得快10点是吧,你再来给他补英语课
你再来给他补英语课,怎么能补到11:00 11:30呢
怎么能补到11:00 11:30呢,我想你刚才说的没错
我想你刚才说的没错,这孩子确实这样
这孩子确实这样,压力太大太紧张
压力太大太紧张,睡老睡不够
睡老睡不够,我就想你看这样好不好小周
我就想你看这样好不好小周,先让他上完这段晚自习
先让他上完这段晚自习,你这个课就先暂停一段时间
你这个课就先暂停一段时间,等之后等晚自习着补课补过去以后你再回来给他上好吧
等之后等晚自习着补课补过去以后你再回来给他上好吧,是不是我教的
是不是我教的,不是你教的非常好
不是你教的非常好,我跟你师母都非常喜欢你教的
我跟你师母都非常喜欢你教的,就主要还是时间问题
就主要还是时间问题,你想朵朵你不也说了
你想朵朵你不也说了,确实孩子压力太大
确实孩子压力太大,老是睡不好
老是睡不好,就这么定
就这么定,行好好
行好好,师傅你别送了
师傅你别送了,那行我不送你就门口好好慢点走
那行我不送你就门口好好慢点走,我以为就是通知小周别来，你可没跟我说
我以为就是通知小周别来，你可没跟我说,让我再通知
让我再通知,朵朵说小周不来了
朵朵说小周不来了,那怎么办
那怎么办,待一会陈老师马上就到了
待一会陈老师马上就到了,刚才那个老师啊，他怎么今天就来了
刚才那个老师啊，他怎么今天就来了,今儿正常补习啊
今儿正常补习啊,当时你说的时候你说的是说我通知小周不来了
当时你说的时候你说的是说我通知小周不来了,但是之后咱们再告诉我
但是之后咱们再告诉我,凭什么我说
凭什么我说,这你做的决定当然是你说了
这你做的决定当然是你说了,你一天到晚做好人
你一天到晚做好人,坏人全让我做
坏人全让我做,这不是好人恶人的问题
这不是好人恶人的问题,你干嘛去啊
你干嘛去啊,你不刚上过吗
你不刚上过吗,那
那,我再上一次不行吗
我再上一次不行吗,你上什么上
你上什么上,我就想你那一说肯定吵起来到时候流弹弹我身上
我就想你那一说肯定吵起来到时候流弹弹我身上,所以我给女儿起名是朵朵嘛
所以我给女儿起名是朵朵嘛,你有没有觉得朵朵特别不正常
你有没有觉得朵朵特别不正常,突然180度大转弯
突然180度大转弯,我就说你这个人朵朵顺着你
我就说你这个人朵朵顺着你,听你的话你觉得不正常
听你的话你觉得不正常,她不顺着你 她不听你话
她不顺着你 她不听你话,你也觉得不正常
你也觉得不正常,你觉得是你不正常的还是他不正常的
你觉得是你不正常的还是他不正常的,不是
不是,他突然跟我这么改变
他突然跟我这么改变,他刚刚跟我吵什么吵
他刚刚跟我吵什么吵,这肯定不正常
这肯定不正常,我觉得在你的世界里没有正常的
我觉得在你的世界里没有正常的,你知道你看谁都是不正常的
你知道你看谁都是不正常的,你什么时候能对我跟朵朵
你什么时候能对我跟朵朵,也来个晚安
也来个晚安,我看每天你就是姑奶奶 我姑奶奶永远是姑奶奶
我看每天你就是姑奶奶 我姑奶奶永远是姑奶奶,你什么时候给我们来个晚安
你什么时候给我们来个晚安,什么时候你给我发奖金我就给你说晚安
什么时候你给我发奖金我就给你说晚安,你来看看
你来看看,我不看
我不看,你瞅一下你的嘴里
你瞅一下你的嘴里,请你欣赏一下
请你欣赏一下,你可真行
你可真行,你这充分演示什么叫奴才你知道吗
你这充分演示什么叫奴才你知道吗,我得好好欣赏一下
我得好好欣赏一下,别删别删别删
别删别删别删,别删别删别删
过来 快点,怎么了
看,这不是香水吗
你看这里的成分,什么，什么成分
这里面有麝香,数学考了个25分
数学考了个25分,就想蒙混过关
就想蒙混过关,是不是
是不是,人家蒂娜不签字
人家蒂娜不签字,你就送一瓶带麝香的香水给他
你就送一瓶带麝香的香水给他,什么意思
什么意思,你甄嬛传看多了中毒了
你甄嬛传看多了中毒了,你跟我解释
你跟我解释,当然我希望这是个误会
当然我希望这是个误会,我也相信我张亮忠的儿子
你够狠，我先去音乐室练练,最近事情太多
最近事情太多,眼压又高
眼压又高,大脑供血严重不足
大脑供血严重不足,所以一急就把事想岔了
所以一急就把事想岔了,小宇
小宇,爸爸
爸爸,爸爸向你道歉
学校 让我教导主任看见他不得给我扒层皮，我还活不活了,这是爸爸不是就是想道歉正式一点
这是爸爸不是就是想道歉正式一点,爸爸老了人老就糊涂
爸爸老了人老就糊涂,你别往心里去好不好
你怎么弥补我灵魂上的创伤,灵魂 你要是真的加入那个乐队
灵魂 你要是真的加入那个乐队,我给你整一套dw的架子鼓
我给你整一套dw的架子鼓,怎么样
怎么样,真的
真的,欸
欸,爸爸刚才看那海报
爸爸刚才看那海报,你进入二轮了
你进入二轮了,可以小子太阳从西边起来了
可以小子太阳从西边起来了,爸爸真有点不习惯
爸爸真有点不习惯,还从来没看见你进入前三啊，第三名
还从来没看见你进入前三啊，第三名,好，小子
说完了说完我走了我得练鼓,爸爸可是说到做到
爸爸可是说到做到,架子鼓你去挑
架子鼓你去挑,随便挑
随便挑,挑中哪套爸爸付钱
挑中哪套爸爸付钱,14岁就整出这么大动静来
14岁就整出这么大动静来,把警察都给我招来了
不是我的错,不是你的错
不是你的错,谁的错
谁的错,谁的错
反正不是我的错,行
行,爸爸今天不跟你发火
爸爸今天不跟你发火,爸爸想跟你好好的聊聊
爸爸想跟你好好的聊聊,我问你今天这个事换成你
我问你今天这个事换成你,换成你是我，我是说打个比喻
换成你是我，我是说打个比喻,你是我怎么办
你是我怎么办,怎么处理怎么解决为好
怎么处理怎么解决为好,你说我听听
说真话,说真话
你干什么,行
行,离婚是吧
离婚是吧,他肚子里的孩子呢
他肚子里的孩子呢,留子去母
留子去母,小宇
小宇,咱不能这么黑
那我就管不着,小宇
小宇,我知道自从爸爸娶了蒂娜
我知道自从爸爸娶了蒂娜,你就恨我
你就恨我,是不是
是不是,可怎么办呢
可怎么办呢,这已经既成事实了
这已经既成事实了,爸爸的心现在分成了两半
爸爸的心现在分成了两半,一半在你身上
一半在你身上,一份在蒂娜和他孩子身上
一份在蒂娜和他孩子身上,但是爸爸希望你能够明白一点
但是爸爸希望你能够明白一点,你是我的长子
你是我的长子,长子知道吗
长子知道吗,在古代长子是要继承王位的
在古代长子是要继承王位的,所以
所以,爸爸怎么可能因为他们而不重视你呢
爸爸怎么可能因为他们而不重视你呢,你怎么不动脑子想想呢
不就是想干我走,你要是能和蒂娜的和平相处
你要是能和蒂娜的和平相处,我干嘛要这么折腾
我干嘛要这么折腾,我吃饱了撑的
我吃饱了撑的,别忘了
别忘了,你从小也是爸爸一把屎一把尿把你喂大的
你从小也是爸爸一把屎一把尿把你喂大的,不把你带大的
不把你带大的,爸爸也舍不得你懂吗
爸爸也舍不得你懂吗,我说小宇
我说小宇,你是不是觉得爸爸现在把你当成一个大麻烦
你是不是觉得爸爸现在把你当成一个大麻烦,想把你踢的越远越好
想把你踢的越远越好,你错了
你错了,今儿晚上
今儿晚上,我把你当成一个男人
我把你当成一个男人,咱们俩一起来商量商量你的未来行不行
咱们俩一起来商量商量你的未来行不行,你看
你看,你几门功课加起来200多分
你几门功课加起来200多分,是不是
是不是,这个成绩在国内刚刚够上职高的分数线
这个成绩在国内刚刚够上职高的分数线,爸爸可以给你送到私立高中
爸爸可以给你送到私立高中,以后怎么办
以后怎么办,以后难不成你还混一个民办大学
以后难不成你还混一个民办大学,小宇我跟你说
小宇我跟你说,现在各大公司的CEO的学历
现在各大公司的CEO的学历,那是要昭告天下的
那是要昭告天下的,知道吗
知道吗,爸爸公司还要上市以后
爸爸公司还要上市以后,这一上市股民一看
这一上市股民一看,这CEO的学历
这CEO的学历,谁还买咱家股票
谁还买咱家股票,你说是不是
你说是不是,再说了爸爸现在的公司
再说了爸爸现在的公司,清华北大的毕业生多的是
清华北大的毕业生多的是,谁会听你的
谁会听你的,爸爸是能把江山让给你
爸爸是能把江山让给你,你倒是能坐稳了
你倒是能坐稳了,小宇
小宇,如果你现在咱出国留学
如果你现在咱出国留学,那情况就不一样了
那情况就不一样了,你想想看
你想想看,将来你学成归来
将来你学成归来,那怎么也算是海归
那怎么也算是海归,也算是镀了金的
也算是镀了金的,再说你在外边学习怎么样
再说你在外边学习怎么样,那也没人知道
我才不上你当,行放心
行放心,以后只要是你的事
以后只要是你的事,爸爸一定都跟你商量行吗
爸爸一定都跟你商量行吗,没有经过你同意
没有经过你同意,我绝不擅做主张
我绝不擅做主张,好不好
好不好,不过小宇你也到了该为自己的未来好好想想的年龄了
不过小宇你也到了该为自己的未来好好想想的年龄了,行了天不早了
行了天不早了,跟我回去
跟我回去,对了
对了,一会儿见到蒂娜跟他道个歉
一会儿见到蒂娜跟他道个歉,是道个歉
是道个歉,不是认错
不是认错,懂吗
懂吗,一大老爷们把这女的给欺负哭了
一大老爷们把这女的给欺负哭了,你连个屁都不放
你连个屁都不放,你算男人吗
你算男人吗,道个歉
道个歉,跟你说一事儿
跟你说一事儿,你说
你说,我觉得蒋老师我不是说老师不好
我觉得蒋老师我不是说老师不好,肯定人家特级教师人家好老师
肯定人家特级教师人家好老师,我就觉得他是不是怎么说
我就觉得他是不是怎么说,跟朵朵不是特别配套
跟朵朵不是特别配套,教的反正
教的反正,我刚才在外面观察了一会
我刚才在外面观察了一会,我觉得朵朵学的话有点无精打采的
我觉得朵朵学的话有点无精打采的,老师
老师,教的也有点感觉有点要死不活
教的也有点感觉有点要死不活,什么要死不活
什么要死不活,本来这些东西就很枯燥的
本来这些东西就很枯燥的,你能让人蒋老师讲出花来
你能让人蒋老师讲出花来,是
是,考试嘛肯定是枯燥是吧
考试嘛肯定是枯燥是吧,死记硬背的东西
死记硬背的东西,但是我就觉得怎么觉得好像朵朵听的时候没什么兴趣
但是我就觉得怎么觉得好像朵朵听的时候没什么兴趣,对周佳成讲的你们是有兴趣
对周佳成讲的你们是有兴趣,不光朵朵有兴趣你也有兴趣
不光朵朵有兴趣你也有兴趣,可是暮光之城考试考吗
可是暮光之城考试考吗,你告诉我考不考
你告诉我考不考,不考
不考,我有兴趣吗
我有兴趣吗,你有没有兴趣你自己心里不清楚
你有没有兴趣你自己心里不清楚,这
这,老夫老妻了
老夫老妻了,吃的这是哪的醋
吃的这是哪的醋,一点酸味都没有
一点酸味都没有,师父啊，朵朵的报告
师父啊，朵朵的报告,我中午就给你了
我中午就给你了,我看没问题
我看没问题,你怎么说你还在等
你怎么说你还在等,我懒得跟他解释
我懒得跟他解释,我就是外面塞车
我就是外面塞车,跟着耗一会等不塞车我再走
跟着耗一会等不塞车我再走,正好我也累了
正好我也累了,难得在这静一静歇会
难得在这静一静歇会,你要不要喝什么东西
你要不要喝什么东西,我去拿给你
我去拿给你,好
好,师傅这还是我第一次听到你说很累
师傅这还是我第一次听到你说很累,家里一堆破事儿烦
家里一堆破事儿烦,中国的观念呢
中国的观念呢,观念永远都是男主外女主内
观念永远都是男主外女主内,男生就忙着赚钱拼事业
男生就忙着赚钱拼事业,女生就得为家庭牺牲
女生就得为家庭牺牲,相对之下我觉得师傅我觉得你热爱工作
相对之下我觉得师傅我觉得你热爱工作,热爱家庭
热爱家庭,我觉得你是最棒的
我觉得你是最棒的,行得到国际友人的夸奖不容易
行得到国际友人的夸奖不容易,我有什么棒的
我有什么棒的,就一开白内障
就一开白内障,比起那些个做肝移植心脏搭桥的那要差多远
比起那些个做肝移植心脏搭桥的那要差多远,我最多就是一个手工匠人
我最多就是一个手工匠人,开白内障有什么不好
开白内障有什么不好,跟那些人怎么比
跟那些人怎么比,我爸一天到晚就笑话我说
我爸一天到晚就笑话我说,我说我没出息
我说我没出息,一辈子就是个白内障
一辈子就是个白内障,师傅有一件事我一直想不明白
师傅有一件事我一直想不明白,自从到这里来
自从到这里来,不管是那些医生还是病人
不管是那些医生还是病人,他们都特别崇拜那些肝胆
他们都特别崇拜那些肝胆,脑外
脑外,心外那些大科
心外那些大科,如果他们不做什么达芬奇机器人
如果他们不做什么达芬奇机器人,或者是那些体外循环
或者是那些体外循环,好像是成不了大器
好像是成不了大器,你不觉得
你不觉得,对了
对了,你知道在美国最受欢迎的医生是谁
你知道在美国最受欢迎的医生是谁,眼科
眼科,错
错,是牙医
是牙医,因为他们让更多人展现自信的笑容
因为他们让更多人展现自信的笑容,所以你不觉得医生的成功与否
所以你不觉得医生的成功与否,就光凭手术的难易度
就光凭手术的难易度,这样很不公平吗
这样很不公平吗,我是觉得无所谓
我是觉得无所谓,我也没跟别人比
我也没跟别人比,反正都是大夫
反正都是大夫,只要能给病人带来健康快乐
只要能给病人带来健康快乐,就是有价值也就都挺好
就是有价值也就都挺好,Excellent
Excellent,这样就对了
这样就对了,你让更多人重见光明
你让更多人重见光明,You are the best
You are the best,You are the best
You are the best,你们这abc说话就是夸张
你们这abc说话就是夸张,我哪有夸张
我哪有夸张,我说的都是心里话
我说的都是心里话,反正不管别人怎么想
反正不管别人怎么想,我永远都支持你
我永远都支持你,好好谢谢
好好谢谢,来来来，赶紧收摊吧
来来来，赶紧收摊吧,我熬了一下
干嘛跟她说这事,你瞧你瞧一提妈妈你这火药味这么重
你瞧你瞧一提妈妈你这火药味这么重,你想妈妈最近争大区经理老上火了
你想妈妈最近争大区经理老上火了,他差点拿凉茶洗澡
他差点拿凉茶洗澡,真的你可别火上浇油
他不是已经升了吗,升了你看你连句道贺的话都没有
升了你看你连句道贺的话都没有,妈妈多伤心
妈妈多伤心,你看你上回英语考79分
你看你上回英语考79分,来来，坐会儿
来来，坐会儿,你考79分
你考79分,妈妈说你一句吗
妈妈说你一句吗,一句都没说
一句都没说,你这比起来你给妈比个差远了
你这比起来你给妈比个差远了,朵朵 妈妈真挺不容易的
朵朵 妈妈真挺不容易的,你说他在公司的时候多冲
你说他在公司的时候多冲,绰号杀手里昂
妈妈在公司可比男的可猛,可是你天天在家里边
可是你天天在家里边,就算偶尔跟你说冲了几次给你急了一下
就算偶尔跟你说冲了几次给你急了一下,对不对
对不对,妈妈也不是真急
妈妈也不是真急,就算他有点真急
就算他有点真急,他也都主动找你缓和
他也都主动找你缓和,跟你认错了是不是
跟你认错了是不是,你要这样你听爸爸的你也大方一回
你要这样你听爸爸的你也大方一回,一会回了家跟妈妈主动
一会回了家跟妈妈主动,这大区经理是跟人道贺一下
这大区经理是跟人道贺一下,你说朵朵变化真是挺大的
你说朵朵变化真是挺大的,今天花送的我心里可暖了
今天花送的我心里可暖了,你说他正是那种青春期的反复无常的变化吗
你说他正是那种青春期的反复无常的变化吗,怎么说
怎么说,可以说是
可以说是,但也不完全是因为这种清晰反应因人而异
但也不完全是因为这种清晰反应因人而异,关键还是看对待他的那种方式方法也不一样
关键还是看对待他的那种方式方法也不一样,怎么不一样
怎么不一样,我能说吗
我能说吗,行啊，你说呀
行啊，你说呀,你说
你说,我正好想向你取经
我正好想向你取经,你说每天我管朵朵管的多是吧
你说每天我管朵朵管的多是吧,费心又费力
费心又费力,可是我现在发现我的效果还真的不如你
可是我现在发现我的效果还真的不如你,你说你到底在方式方法上有什么跟我不一样的吗
你说你到底在方式方法上有什么跟我不一样的吗,也没什么不一样
也没什么不一样,主要你还是多关心他
主要你还是多关心他,你知道吗
你知道吗,关键就是你要不急不躁
关键就是你要不急不躁,张弛有度
张弛有度,有的放矢
有的放矢,是吧
是吧,才能最终实现让他由内而外的那种根本的改变
才能最终实现让他由内而外的那种根本的改变,你这么一说
你这么一说,我觉得还是有一定道理的
我觉得还是有一定道理的,你说
你说,如果我给他进行一些适当的物质奖励
如果我给他进行一些适当的物质奖励,朵朵会不会更加进取心被刺激了
朵朵会不会更加进取心被刺激了,效果会不会更好
效果会不会更好,物质奖励适度是可以的
物质奖励适度是可以的,但如果你一味的就是进行这种物质奖励
但如果你一味的就是进行这种物质奖励,容易让他产生一种心理依赖
容易让他产生一种心理依赖,将来可就麻烦了
将来可就麻烦了,你不会平时经常给他一些物质奖励
你不会平时经常给他一些物质奖励,我现在开始有点怀疑了
我现在开始有点怀疑了,媳妇我怎么给他物质奖励
媳妇我怎么给他物质奖励,我倒是想呢
我倒是想呢,我得有那条件
我得有那条件,你给我钱包里常备这100块钱
你给我钱包里常备这100块钱,花不完活回来得给你报告
花不完活回来得给你报告,你说你说我在想刺激他
你说你说我在想刺激他,我怎么刺激他
我怎么刺激他,你没现金你有卡
你没现金你有卡,卡我也不敢刷
卡我也不敢刷,我这旮拉一刷卡
我这旮拉一刷卡,你那边叮咚一声响我不露馅了吗
你那边叮咚一声响我不露馅了吗,你可以微信支付
你可以微信支付,手机拿来
手机拿来,手机给我
手机给我,要 要手机干嘛呀
要 要手机干嘛呀,快点
快点,嘿
嘿,下去
下去,给你念念
给你念念,今天31次31次
今天31次31次,总共消费三次
总共消费三次,90块钱消费明细
90块钱消费明细,朝阳公园游乐场你不会想告诉我说你今天童心未泯
朝阳公园游乐场你不会想告诉我说你今天童心未泯,突然一个人跑到朝阳公园游乐场玩起了三次大铁锤王
突然一个人跑到朝阳公园游乐场玩起了三次大铁锤王,还真不是我一个人
还真不是我一个人,我带朵朵去
我带朵朵去,朵朵放学了
朵朵放学了,你看最近孩子学习压力也大
你看最近孩子学习压力也大,好久没出去玩了
好久没出去玩了,带她去公园玩了一会大铁锤就这样
带她去公园玩了一会大铁锤就这样,放学以后4:30放学
放学以后4:30放学,然后我给你算算4:30放学
然后我给你算算4:30放学,平时到家5点读点车5:30
平时到家5点读点车5:30,今天5:23到家了
今天5:23到家了,你告诉我中间这个时间你哪有时间去朝阳公园
你告诉我中间这个时间你哪有时间去朝阳公园,你带他逃课是不是
你带他逃课是不是,不是逃课
不是逃课,你不知道吗
你不知道吗,说乱套了
说乱套了,我带他去医院做微量元素检查
我带他去医院做微量元素检查,检查完之后一看还有时间就去那朝阳公园玩打铁锤
检查完之后一看还有时间就去那朝阳公园玩打铁锤,原来是这么回事
原来是这么回事,为什么
为什么,你们两个人三张票就你们俩去
你们两个人三张票就你们俩去,周家成小周也跟着去了
周家成小周也跟着去了,小周也青春期
小周也青春期,要玩大铁锤啊
要玩大铁锤啊,不是
不是,我不是一玩那个 一玩就头晕吗 我就想说小周去 她正好也没事
我不是一玩那个 一玩就头晕吗 我就想说小周去 她正好也没事,跟朵朵的关系又好
跟朵朵的关系又好,有成年人陪着不是安全吗
有成年人陪着不是安全吗,你没玩那不对
你没玩那不对,你没玩三张票
你没玩三张票,那是小周坐了两回
那是小周坐了两回,还是朵朵坐了两回
还是朵朵坐了两回,对
对,行
行,我全给你招了
我全给你招了,是我今天下午我去医院做检查表的元素
是我今天下午我去医院做检查表的元素,检查完之后躲着想出去玩一会带他去玩
检查完之后躲着想出去玩一会带他去玩,那坐着大铁锤我也不敢坐
那坐着大铁锤我也不敢坐,我头晕
我头晕,我就让小周陪着去
我就让小周陪着去,小周去了之后
小周去了之后,朵朵非那让我一就一块坐
朵朵非那让我一就一块坐,我就买张票仨儿一块做
我就买张票仨儿一块做,就这么回事
就这么回事,你说你何苦
你说你何苦,方圆你早点老老实实跟我说不就完了吗
方圆你早点老老实实跟我说不就完了吗,挤羊屎蛋一样一挤一个蛋一挤一个蛋
挤羊屎蛋一样一挤一个蛋一挤一个蛋,我告诉你给我老实点
我告诉你给我老实点,一会你要再敢撒谎
一会你要再敢撒谎,你等着瞧
你等着瞧,现在不晕了
现在不晕了,你这一审我不是晕的问题
你这一审我不是晕的问题,我都快晕倒了
我都快晕倒了,快快给我揉揉
快快给我揉揉,我不揉死你
我不揉死你,我跟你讲童文洁你这种每天在家里像警察对犯罪嫌疑人那种方式我跟你讲
我跟你讲童文洁你这种每天在家里像警察对犯罪嫌疑人那种方式我跟你讲,我还挺适应的
我还挺适应的,我就是在琢磨什么
我就是在琢磨什么,朵朵现在学习压力
朵朵现在学习压力,咱家这种高压教育方式有点问题
咱家这种高压教育方式有点问题,一味填鸭式这种教育让孩子承受太多压力了
一味填鸭式这种教育让孩子承受太多压力了,我觉得应该适当的按照小周那种教育方式试一下
我觉得应该适当的按照小周那种教育方式试一下,你比如说
你比如说,给他们增加点自由自由空间
给他们增加点自由自由空间,从兴趣入手
从兴趣入手,你看朵朵语文它的兴趣那么浓
你看朵朵语文它的兴趣那么浓,又喜欢写东西
又喜欢写东西,我觉得可以从这方面入手
我觉得可以从这方面入手,她将来语文分考的高点
她将来语文分考的高点,这英语分就不用考那么高了
这英语分就不用考那么高了,你快给我闭嘴
你快给我闭嘴,你是不是脑子进水了
你是不是脑子进水了,向来都知道
向来都知道,英语满分试卷多的是
英语满分试卷多的是,你听过哪个人的语文得满分呢
你听过哪个人的语文得满分呢,就听周佳成在那胡说八道
就听周佳成在那胡说八道,你是不是被他洗脑
你是不是被他洗脑,不是你你刚才那个特舒服
不是你你刚才那个特舒服,我听从国外回来
我听从国外回来,这种同事
这种同事,在那瞎聊
在那瞎聊,我听了那么几句
我听了那么几句,你有几个同事从国外回来
你有几个同事从国外回来,不就周佳成一个一个小丫头
不就周佳成一个一个小丫头,自己大学没毕业
自己大学没毕业,跟这胡说八道的你就当宝典了
跟这胡说八道的你就当宝典了,我不是没当宝典
我不是没当宝典,我要是当宝宝典我要练练葵花宝宝典
我要是当宝宝典我要练练葵花宝宝典,我告诉你
我告诉你,你以后要再跟有事瞒着我
你以后要再跟有事瞒着我,我真让你练成葵花宝典
佳妮,主任
今年是太糟糕了,怎么了
你说这怎么办,主任您也别着急了
主任您也别着急了,要不我就替他们加个班
太好了那可是你刚下夜班,没事
没事,我昨天晚上正好也眯瞪了一会
我昨天晚上正好也眯瞪了一会,喝杯咖啡就行了
喝杯咖啡就行了,没事
你是我们社区医院专业最好最认真工作的医生,给我戴高帽
是像你这么优秀的医生肯定有上升的空间,谢谢主任
我先走了,我去收拾收拾
早饭先吃点还热,我这里临时有事了
怎么了,没有我们单位内科的医生
没有我们单位内科的医生,还有好多家里都有事的来不了的来检查团
还有好多家里都有事的来不了的来检查团,我刚才跟主任说了
我刚才跟主任说了,我得临时
我得临时,加个班
我跟他说,行
行,你别在这嚷嚷
你别在这嚷嚷,跟你说
跟你说,这不是临时吗
这不是临时吗,紧急情况军令如山知道吗
这累死人了,我告诉你
我告诉你,刚才我们主任说了去社康中心的名单下来了
刚才我们主任说了去社康中心的名单下来了,我白投一个人
真假的别忽悠你吧,怎么会忽悠我呢，再说工作重要不是为了当官
身体更重要咱不缺那两钱,行了你快赶紧回去带琴琴上奶奶家
行了你快赶紧回去带琴琴上奶奶家,晚上我下了班上那找你去吧去
你赶紧吃啊,谢谢
怎么了这么不高兴什么事,没事
到底怎么了,今天朵朵跟小宇他俩又闹别扭了
今天朵朵跟小宇他俩又闹别扭了,本来跟我没关系
本来跟我没关系,就把我给牵扯进来了
快洗手去吧准备吃饭,社康医院的事已经发榜了
怎么样,还能怎么样
还能怎么样,录取的是另外一个人
你们主任不是答应你了吗,有什么用啊
有什么用啊,说好了有什么用
说好了有什么用,你都没看到
你都没看到,就是一个小屁孩连个持针器都拿不好
就是一个小屁孩连个持针器都拿不好,你说他能选上了
你说他能选上了,明眼人都能看出这里边有猫腻
明眼人都能看出这里边有猫腻,也就是我傻了吧唧的打报告打申请的
也就是我傻了吧唧的打报告打申请的,一天有加班加点的有什么用
一天有加班加点的有什么用,你就算拿个大学文凭也抵不过人上头有人
我媳妇谁都不能欺负,就你欺负我
可能你们觉得没什么出息是吧,我可没这么说
我可没这么说,我觉得你说的挺好的
那一天我给你做个按摩,心情不好不愿意开玩笑
你想哪去了,我还没吃饭
你等会,我自己去吃去
你就坐着坐着我去给你拿着,不要
我还有点事,觉得今天蒋老师说的那话是不是话里有话
觉得今天蒋老师说的那话是不是话里有话,他不是说什么
他不是说什么,青春期再这样下去就什么来着
青春期再这样下去就什么来着,说后悔就晚了
说后悔就晚了,嗨，没事儿
嗨，没事儿,她肯定说朵朵学习
她肯定说朵朵学习,可能最近注意力不集中
可能最近注意力不集中,回头我跟朵朵交流交流
回头我跟朵朵交流交流,他不会说朵朵早恋
他不会说朵朵早恋,早恋
早恋,对呀
对呀,开什么玩笑
开什么玩笑,他才几岁
他才几岁,14搁过去14岁嫁人了
14搁过去14岁嫁人了,真的你看看到最近上课心神不宁是吧
真的你看看到最近上课心神不宁是吧,老师反映成绩摆在那成绩下滑
老师反映成绩摆在那成绩下滑,情绪又不稳定
情绪又不稳定,对我们爱理不理
对我们爱理不理,她有时候还臭打扮
她有时候还臭打扮,不是你上网查一下
不是你上网查一下,你上网查查一下
你上网查查一下,你搜搜试试
你搜搜试试,早恋是你说的这样的
早恋是你说的这样的,还用查吗
还用查吗,你百度一下
你百度一下,你上课分心走神
你上课分心走神,精神恍惚
精神恍惚,学习成绩突然下降
学习成绩突然下降,二情情绪起伏大
二情情绪起伏大,心神不宁
心神不宁,三开始注意打扮
三开始注意打扮,突然花钱大手大脚的
突然花钱大手大脚的,在某个异性面前表现自己
在某个异性面前表现自己,突然有人
突然有人,打电话来发发微信
打电话来发发微信,但是通常都不留地址和姓名
但是通常都不留地址和姓名,今天我去接他的时候在门口碰到小宇
今天我去接他的时候在门口碰到小宇,小宇说
小宇说,对
对,说一什么帅哥
说一什么帅哥,说大家都喜欢一帅哥是吗
说大家都喜欢一帅哥是吗,什么帅哥
什么帅哥,我没听清就一什么帅哥
我没听清就一什么帅哥,哎哎 你 你干什么呀
哎哎 你 你干什么呀,我去问问她去
我去问问她去,你 你 你
你 你 你,小宇都知道了这事
小宇都知道了这事,不是
不是,现在当务之急是什么知道吧
现在当务之急是什么知道吧,咱们得先了解一下你现在怎么直接去问
咱们得先了解一下你现在怎么直接去问,说方朵朵你是不是早恋了
说方朵朵你是不是早恋了,你觉得他怎么回答你
你觉得他怎么回答你,一点证据都没有
一点证据都没有,我怎么办
我怎么办,先调查研究
先调查研究,咱跟他交流
咱跟他交流,要不咱就这样
要不咱就这样,先聊
先聊,没比我更
没比我更,你刺探了什么
你刺探了什么,你什么都没刺探
你什么都没刺探,这是你刺探的结果
这是你刺探的结果,你什么都没有翻出来的
你什么都没有翻出来的,这不是初步行动
这不是初步行动,这刚行动什么都没准备
这刚行动什么都没准备,你等以后有了准备
你等以后有了准备,自然就会得到更多的情报
自然就会得到更多的情报,我跟你说
我跟你说,凭我的直观感觉
凭我的直观感觉,她那个电话肯定不是给琴琴打的
她那个电话肯定不是给琴琴打的,如果她是给琴琴打的她有什么不能说的
如果她是给琴琴打的她有什么不能说的,分明是心里面有鬼
分明是心里面有鬼,你给小宇打电话直接问
你给小宇打电话直接问,不能直接打电话问小宇跟他是好伙伴
不能直接打电话问小宇跟他是好伙伴,你这样直接问了他肯定包庇她
你这样直接问了他肯定包庇她,反而打草惊蛇了
反而打草惊蛇了,怕什么 你这也不行
怕什么 你这也不行,你告诉到底怎么才行
你告诉到底怎么才行,行是必须行
行是必须行,但是咱现在先冷静下来
但是咱现在先冷静下来,你现在直截了当的问他什么准备都没有了是吧
你现在直截了当的问他什么准备都没有了是吧,反而他让他提防了
反而他让他提防了,等会你打草惊蛇以后
等会你打草惊蛇以后,你再怎么问他
你再怎么问他,他都有准备
他都有准备,你反而什么都谈不出来了
你反而什么都谈不出来了,我觉得这样咱冷静一点
我觉得这样咱冷静一点,循序渐进
循序渐进,慢慢靠近
慢慢靠近,要是查查了没什么事
要是查查了没什么事,咱们虚惊一场瞎操心
咱们虚惊一场瞎操心,是吧
是吧,要是真有什么事
要是真有什么事,咱们
咱们,等一下
等一下,咱们就好好引导朵朵对不对
咱们就好好引导朵朵对不对,反正你里外都有理是吧
反正你里外都有理是吧,早恋也是你说的
早恋也是你说的,早恋
早恋,回去说
回去说,现在不能回去
现在不能回去,你刚出来看电视
你刚出来看电视,跟他聊完天咱就回去
跟他聊完天咱就回去,他肯定怀疑咱们，看会电视
起来,跟你说个事快点的
你说你说好好好我听我听,我姐得回来
我姐得回来,刚来的电话16号到北京
现在上机场等着,跟你说个正事
跟你说个正事,你先起来
你说 你说 我听着,你还记得吗
你还记得吗,就在金台路有一个挺大的门脸
就在金台路有一个挺大的门脸,咱好几次都没舍得进那个餐厅
咱好几次都没舍得进那个餐厅,我姐夫跟人家合伙买下来了
我姐夫跟人家合伙买下来了,我姐就是来办这事的
他分你一半,你傻吧
你傻吧,我姐现在是老板娘了
我姐现在是老板娘了,给你介绍的工作不是分分钟的事
给你介绍的工作不是分分钟的事,干个经理主管什么的
干个经理主管什么的,比你开出租赚那点辛苦钱强多了
千万别,扶不起的刘阿斗
扶不起的刘阿斗,谁前两天跟我说
谁前两天跟我说,我这些年开始出租这一身毛病
我这些年开始出租这一身毛病,你的腰你前列腺
你的腰你前列腺,你这两天是不是颈椎也不大好
你这两天是不是颈椎也不大好,我看你这肩周老歪着
我看你这肩周老歪着,我跟你说我当医生的我最知道了这出租司机10个有9个都这一身毛病
我跟你说我当医生的我最知道了这出租司机10个有9个都这一身毛病,往后这都是我跟琴琴的事儿
真的今琴琴没在吧,别闹别闹
别闹别闹,我跟你说正事
我跟你说正事,你就老嬉皮笑脸的先说正事
你就老嬉皮笑脸的先说正事,你说不是有这机会
你说不是有这机会,你干嘛不争取是不是
你干嘛不争取是不是,说话
而且你姐那人吧,怎么了
我紧张,不熟那是正常的
不熟那是正常的,这两年不是离得远
这两年不是离得远,来往的也少
来往的也少,不管怎么说是我亲姐
不管怎么说是我亲姐,他小时候对我可好了
他小时候对我可好了,只要你愿意干
只要你愿意干,你真的你相信我
你真的你相信我,他肯定特关照你
他肯定特关照你,真的
真的,你说人琴琴
你说人琴琴,现在第五正往前三奔
现在第五正往前三奔,人家这孩子多积极要求上进
人家这孩子多积极要求上进,你是不是也赶紧行动起来
你是不是也赶紧行动起来,快说话
咱千万别上赶着你知道吗,你这智商就别教我了
你这智商就别教我了,只要你松口
只要你松口,这事你就交给我办
这事你就交给我办,放心
放心,行了，你先睡了
行了，你先睡了,你说现在人都什么素质
你说现在人都什么素质,一点礼貌都没有
一点礼貌都没有,笑什么笑
回来了,这什么叫回来了
这什么叫回来了,真是
真是,我跟你说我小时候比我姐漂聪学习还好
你现在比她强,人现在你看这都什么条件了
人现在你看这都什么条件了,咱们这还我跟你说这叫什么话来着叫比人矮半截
咱们这还我跟你说这叫什么话来着叫比人矮半截,声音自然抖
他还得羡慕你,他羡慕我什么
就那俩傻儿子都是前妻生的,干什么
是不是你要到国外去保证比他嫁的好,是吧
当然,你就知道秀孩子怎么了
你就知道秀孩子怎么了,那我要把琴琴送出国
那我要把琴琴送出国,你干嘛老拦着
你怎么又来了,来坐坐坐
来坐坐坐,自个儿骂自个儿的
您可真逗 我干嘛自个儿骂自个儿 行了我都听见了,行了行了 我都听见了
行了行了 我都听见了,这很正常
这很正常,我也经常自个儿骂自个儿
我也经常自个儿骂自个儿,你刚才骂自个儿的词儿
你刚才骂自个儿的词儿,我也这么骂过我自己
真是,在外边我是大老板
在外边我是大老板,在家里不是
在家里不是,在儿子面前我是个怂包
在儿子面前我是个怂包,老婆面前我没出息
老婆面前我没出息,10分钟之前我还在这骂我自个呢
为什么出什么事儿,先别问我为什么你干嘛自个儿把自个儿跟老婆吵架了
闹点小别扭,怎么了
您说这叫什么事儿,等等干餐厅好事
等等干餐厅好事,你干嘛不乐意去
你干嘛不乐意去,行行我知道你甭说了
行行我知道你甭说了,害怕是不是
害怕是不是,怕干不好让别人笑话
怕干不好让别人笑话,是不是
是不是,面子挂不住
面子挂不住,是不是
咱一大老爷们不偷不抢在怕什么,得得得行行了
得得得行行了,我还不知道你就是胆小害怕
我还不知道你就是胆小害怕,就是怕挂不住面子
就是怕挂不住面子,是大老爷们吗
是大老爷们吗,你媳妇可是为你着想
你媳妇可是为你着想,真的面子在这会不重要
真的面子在这会不重要,懂吗
懂吗,你看我
你看我,生意为什么做这么好
生意为什么做这么好,没把面子当回事
没把面子当回事,知道吗
知道吗,这人哪有时候很容易陷入这叫舒适区
舒舒舒什么意思,自个觉得什么都挺好的
自个觉得什么都挺好的,说的好听点
说的好听点,这叫知足常乐
这不挺好吗,好个屁
好个屁,说难听点这就是懒
说难听点这就是懒,这就没出息
这就没出息,我告诉你
我告诉你,我生意都做到这份上了
我生意都做到这份上了,我还想着转型
我还想着转型,还想着互联网加呢
还想着互联网加呢,我告诉你大数据每天看我头晕脑胀的
我告诉你大数据每天看我头晕脑胀的,可没辙
这份上,逆水行舟
逆水行舟,不进则退
不进则退,懂吗
懂吗,小子
小子,钱这玩意是要低下头去捡的
钱这玩意是要低下头去捡的,面子值多少钱
面子值多少钱,何况还是跟自己的老婆你有点出息行吗
何况还是跟自己的老婆你有点出息行吗,我告诉你
我告诉你,我们蒂娜都快生了
我们蒂娜都快生了,就这样
就这样,我还得陪着那些客户喝大酒
我还得陪着那些客户喝大酒,你说我为什么我图什么
你说我为什么我图什么,大老爷们就得有点担当
大老爷们就得有点担当,我跟你说
我跟你说,别把你的大姨子当亲戚得当老板
别把你的大姨子当亲戚得当老板,也别把你媳妇当媳妇
也别把你媳妇当媳妇,当什么知道吗
当什么,当菩萨
你知道吧,我说你开了一辈子车拐个弯都不会有点出息行吗
我说你开了一辈子车拐个弯都不会有点出息行吗,人家给我生孩子
人家给我生孩子,我就得给他当孙子怎么办
我就得给他当孙子怎么办,咱疼老婆甭害怕
咱疼老婆甭害怕,没干过餐饮有什么关系
没干过餐饮有什么关系,卖房子之前我还卖过鱼
卖房子之前我还卖过鱼,等当了经理来给你捧场
等当了经理来给你捧场,给你包场
谢谢,你怎么回事
你怎么回事,出门这脑袋是撞哪了
出门这脑袋是撞哪了,开了窍呢
什么话呀,表现不错呀
你还不乐意了是吧,这我就乐意
这我就乐意,快快快 赶紧炸酱 来来
行行行 你甭管 甭管了 你出去 出去,不用我管了
不用我管了,你自己呢给你个赞
你自己呢给你个赞,好，马上吃饭
好，马上吃饭,姐来来
姐来来,来姐
来姐,饭后甜点 喝点茶消消食
饭后甜点 喝点茶消消食,不敢喝了
不敢喝了,怕睡不着
怕睡不着,没事儿
没事儿,点心晚上吃 会胖的
点心晚上吃 会胖的,真讲究
真讲究,明天我还要去新餐厅去看看
明天我还要去新餐厅去看看,刚刚接手什么事情都得管
刚刚接手什么事情都得管,我还要招新人进行培训
我还要招新人进行培训,想想脑袋都大了
想想脑袋都大了,招新人
招新人,你这多不放心
你这多不放心,姐你看要不我们家老金你给安排你给你打个下手什么的
姐你看要不我们家老金你给安排你给你打个下手什么的,我跟你说他现在可要求上进了
我跟你说他现在可要求上进了,真的
真的,你想让老金到我餐厅去做
你想让老金到我餐厅去做,想
想,这个呢不是不可以
这个呢不是不可以,可就是你姐夫的是美国人
可就是你姐夫的是美国人,他做起事情来都得按规矩办
他做起事情来都得按规矩办,我就担心我不会给他什么特殊照顾
我就担心我不会给他什么特殊照顾,不用特殊照顾
不用特殊照顾,就按规矩办事
就按规矩办事,真的姐你安排什么我们就干什么
真的姐你安排什么我们就干什么,没问题
没问题,我觉得要是安排职务太低了
我觉得要是安排职务太低了,不是也给你丢脸吗
不是也给你丢脸吗,是不是
是不是,呵呵
呵呵,对了
对了,有个对外联络部经理的位置空出来了
有个对外联络部经理的位置空出来了,不要求学历
不要求学历,工作实际上就是跟客户打打交道
工作实际上就是跟客户打打交道,联络感情
联络感情,拉点大客户
拉点大客户,我看老金人还算随和
我看老金人还算随和,随和随和
随和随和,而且也挺会来事
而且也挺会来事,所以让他试试
所以让他试试,真的
真的,真的姐
真的姐,谢谢姐
琴琴,上课了
一整天恍恍惚惚的,没睡好
你怎么会失眠,没有
没有,我美国大姨昨天回来了
我美国大姨昨天回来了,他没回来之前
他没回来之前,我妈就兴奋的好几天睡不着觉
我妈就兴奋的好几天睡不着觉,就把家里打扫了一遍又一遍的
就把家里打扫了一遍又一遍的,他来了之后还说让我爸到他餐厅当什么经理
他来了之后还说让我爸到他餐厅当什么经理,这他俩一高兴晚上在那畅想未来
这他俩一高兴晚上在那畅想未来,拉着我说了半宿的话
拉着我说了半宿的话,连我要背单词都没让
不过我觉得你爸爸要是能当上经理的话也挺好的,我当然希望他做的好了
我当然希望他做的好了,你可不知道他开那出租车一天得多累
你可不知道他开那出租车一天得多累,那腰早就做坏了
那腰早就做坏了,这车上还是要少玩手机
这车上还是要少玩手机,对眼睛不好
放这儿,谁
王俊就刚刚三个男孩里面其中一个,你们是同一学校的
他们是高中部的,你们和高中的同学还一块玩
然后我们就会碰到小宇和他们还是一个乐队,朵朵
朵朵,你们经常和高中同学一起玩吗
然后我就顺便跟他一起去了,不过以后你要是去同学家玩
不过以后你要是去同学家玩,还是要提前跟爸妈说一声知道吧
还是要提前跟爸妈说一声知道吧,尤其是去什么高中同学男同学家里面
每个人都特别优秀,是没说他们不优秀不好
是没说他们不优秀不好,我说你到同学家里边不给人家添麻烦吗
我说你到同学家里边不给人家添麻烦吗,还好
还好,今天去的是安妮阿姨家
就 就我妈公司的那个安妮阿姨啊,你不知道吗
我小说都写不出来,你最近又写小说了
不是说我可以适当的放松一下吗,适当关键是适当
适当关键是适当,首先是不能影响学习
首先是不能影响学习,知道吧
知道吧,还有最重要的是不能让你妈妈知道
你帮我保密,那当然了
那当然了,疼是吧
扭到了,我跟你说个事
我跟你说个事,什么事你这么神神秘秘的
什么事你这么神神秘秘的,我刚才
我刚才,不是上你们老板他们家接她
不是上你们老板他们家接她,他是跟三个男孩一块儿
他是跟三个男孩一块儿,什么男孩
什么男孩,什么什么男孩就男孩呗同学
什么什么男孩就男孩呗同学,高一高二的
高一高二的,学长啊
学长啊,完了
完了,故事都是这么开始的
故事都是这么开始的,学妹碰见学长轰轰烈烈
学妹碰见学长轰轰烈烈,然后山盟海誓然后最后
然后山盟海誓然后最后,各奔东西 我自己问问去 
各奔东西 我自己问问去 ,哎 你先等会儿 文洁
哎 你先等会儿 文洁,你是韩剧看多了是吧
你是韩剧看多了是吧,我这话还没说完
我这话还没说完,你听我说完
你听我说完,您先坐下
您先坐下,你把气倒匀了我再说
你把气倒匀了我再说,倒倒
倒倒,我倒不匀了你说
我倒不匀了你说,不是，你倒不匀
不是，你倒不匀,我说你再背过去
我说你再背过去,行了你就实话实说
行了你就实话实说,是不是早恋
是不是早恋,没早恋
没早恋,我就一直跟你说有三个男孩好像其中有个男孩跟他关系不错
我就一直跟你说有三个男孩好像其中有个男孩跟他关系不错,他关系不错
他关系不错,不就是早恋
不就是早恋,完了这是彻底完了这是怕什么来什么
完了这是彻底完了这是怕什么来什么,你先冷静点行不行
你先冷静点行不行,不是早恋
不是早恋,我说就是有个男孩
我说就是有个男孩,那男孩跟他关系不错
那男孩跟他关系不错,那男孩叫什么名字你知道吗
那男孩叫什么名字你知道吗,他父母是哪的
他父母是哪的,他个子高不高
他个子高不高,成绩好不好
成绩好不好,关键是长得丑不丑
关键是长得丑不丑,我怎么恍惚觉得
我怎么恍惚觉得,已经看你未来当丈母娘的样子
已经看你未来当丈母娘的样子,你别跟我贫这个，我问你呢
你别跟我贫这个，我问你呢,叫李想
叫李想,长的小孩样还可以
长的小孩样还可以,然后家里头我就不知道了
然后家里头我就不知道了,反正听说在学校弄的乐队还挺受欢迎的
行了我自己审去,你审什么你怎么上来就审了
你审什么你怎么上来就审了,你怎么审
你怎么审,这是什么事没有没早恋吗
这是什么事没有没早恋吗,好好
好好,就算他早恋了是不是
就算他早恋了是不是,你现在怎么审的
你现在怎么审的,方朵朵你是不是跟一个叫什么理想的男生谈恋爱了
方朵朵你是不是跟一个叫什么理想的男生谈恋爱了,你觉得他怎么回答
你觉得他怎么回答,我高中时候跟我们班一女孩好
我高中时候跟我们班一女孩好,我妈上去审
我妈上去审,我不知道我恨我妈一个多月你知道吗
还有这事,我怎么不知道谁我认识吗
我怎么不知道谁我认识吗,不是这不是正说孩子事拿我举个例子你怎么就审上我了
不是这不是正说孩子事拿我举个例子你怎么就审上我了,我审你啊是我审你吗 是你自己主动交代的
我审你啊是我审你吗 是你自己主动交代的,那行你别说了
那行你别说了,我没时间管你的事
我没时间管你的事,你先跟我说方朵朵这事怎么办
你先跟我说方朵朵这事怎么办,这样
这样,老佛爷你先坐下
老佛爷你先坐下,这样这事
这样这事,凉拌知道吧
凉拌知道吧,冷静处理
冷静处理,静观其变
静观其变,伺机行动
伺机行动,咱先观察它
咱先观察它,关键是你当什么事都没发生过
关键是你当什么事都没发生过,能做到吗
能做到吗,不能做到
不能做到,嚷嚷半天请我吃饭
嚷嚷半天请我吃饭,就是请我喝杯咖啡
就是请我喝杯咖啡,吃块面包
吃块面包,什么面包
什么面包,我们叫做三明治
我们叫做三明治,知道这叫三明治
知道这叫三明治,三明治是什么东西
三明治是什么东西,不就是两片面包夹一块肉
不就是两片面包夹一块肉,不
不,你们会说包子跟馒头是一样的吗
你们会说包子跟馒头是一样的吗,不要挑剔了
不要挑剔了,赶快吃
赶快吃,是可是美国人的标准午餐
是可是美国人的标准午餐,所以说美国没啥意思
所以说美国没啥意思,你知道吗
你知道吗,首先吃的就不行
首先吃的就不行,不符合中国人的胃口
不符合中国人的胃口,还是中国美食好
还是中国美食好,要不咱一会儿我请你吃碗馄饨去
要不咱一会儿我请你吃碗馄饨去,中国美食是很好
中国美食是很好,可是有的时候你不觉得坐在咖啡厅喝咖啡、吃个三明治
可是有的时候你不觉得坐在咖啡厅喝咖啡、吃个三明治,感觉很好
感觉很好,好像回到学生时代谈恋爱的感觉
好像回到学生时代谈恋爱的感觉,你学生时谈恋爱你谈过几回
你学生时谈恋爱你谈过几回,好几回
好几回,好几回
好几回,你别吹了你最多就是一两回
你别吹了你最多就是一两回,我跟你讲
我跟你讲,好了
好了,我承认了只有两次
我承认了只有两次,一次是在高中
一次是在高中,另外一次是在大学
另外一次是在大学,你高中就谈恋爱了
你高中就谈恋爱了,高中好
高中好,高中
高中,当时怎么想的
当时怎么想的,你怎么就谈恋爱了
你怎么就谈恋爱了,我当时喜欢我们班的一个男生
我当时喜欢我们班的一个男生,然后我们常在一起写作业学习
然后我们常在一起写作业学习,一起吃午餐就很自然而然谈恋爱了
一起吃午餐就很自然而然谈恋爱了,高几
高几,高二
高二,你问那么多
你问那么多,该不会朵朵谈恋爱了
该不会朵朵谈恋爱了,没有没有就聊天
没有没有就聊天,朵朵才多大他谈什么恋爱
朵朵才多大他谈什么恋爱,他也初三了
他也初三了,喜欢一个人是很正常的
喜欢一个人是很正常的,朵朵是不是跟你交流
朵朵是不是跟你交流,说他想谈恋爱
说他想谈恋爱,你的眼神好可怕
你的眼神好可怕,好像把人吃了一样
好像把人吃了一样,没有了
没有了,朵朵没跟我说
朵朵没跟我说,不过我跟朵朵说
不过我跟朵朵说,如果你喜欢上一个人
如果你喜欢上一个人,你不要害怕
你不要害怕,不要慌张
不要慌张,就尽情去享受就是恋爱的过程
就尽情去享受就是恋爱的过程,你跟他说这干什么
你跟他说这干什么,你这不教唆她吗你
你这不教唆她吗你,什么教唆啊你知道你现在样子很可怕
什么教唆啊你知道你现在样子很可怕,朵朵现在初三
朵朵现在初三,他现在也算是青春期
他现在也算是青春期,再加上他们的荷尔蒙分泌
再加上他们的荷尔蒙分泌,喜欢上异性是很正常的行为
喜欢上异性是很正常的行为,你放轻松一点好不好
你放轻松一点好不好,关键早恋他耽误学习你知道吧
关键早恋他耽误学习你知道吧,哪有耽误学习
哪有耽误学习,你把学习先放一边
你把学习先放一边,我跟你讲你是不了解我们的国情
我跟你讲你是不了解我们的国情,初三是多关键
初三是多关键,中考要进高中
中考要进高中,考不上重点高中
考不上重点高中,考上重点大学
考上重点大学,考上大学将来一辈子就完了
考上大学将来一辈子就完了,这个时候早恋我是不会反对早恋
这个时候早恋我是不会反对早恋,但是不能太早
但是不能太早,我觉得怎么也得到大学
我觉得怎么也得到大学,你好像每次辩论不过我的时候
你好像每次辩论不过我的时候,你就把
你就把,什么国情都搬上来
什么国情都搬上来,我知道那是很好的借口
我知道那是很好的借口,这真的是实际情况就是这样
这真的是实际情况就是这样,你知不知道你每次说
你知不知道你每次说,我不是不能怎么样
我不是不能怎么样,其实你就是不想怎么样
其实你就是不想怎么样,是这个意思吧
是这个意思吧,是什么意思
是什么意思,你再说一遍
你再说一遍,当你说你不反对的时候
当你说你不反对的时候,其实你心里反对的要死
其实你心里反对的要死,傻爸爸
傻爸爸,你是不是怕你的宝贝女儿被小坏蛋抢走
你是不是怕你的宝贝女儿被小坏蛋抢走,我问你
我问你,如果朵朵真的恋爱了
如果朵朵真的恋爱了,你是希望他诚实的告诉你
你是希望他诚实的告诉你,还是他心里很怕
还是他心里很怕,不敢跟你说
不敢跟你说,直到你查出来为止
直到你查出来为止,我希望他永远都不谈恋爱
我希望他永远都不谈恋爱,这么霸道
这么霸道,我知道他早晚会谈恋爱的
我知道他早晚会谈恋爱的,我选第一种
我选第一种,这样就对了
这样就对了,你现在已经很接近开明的
你现在已经很接近开明的,父亲了
父亲了,你再努力一点
你再努力一点,朵朵会更喜欢你的
朵朵会更喜欢你的,努力也太难了
努力也太难了,难怪朵朵这么喜欢
难怪朵朵这么喜欢,整天周姐长周姐短得
整天周姐长周姐短得,不等有天他要长大了
不等有天他要长大了,像你这么开朗也挺好
像你这么开朗也挺好,容易
容易,你只要把他送出国几年
你只要把他送出国几年,我保证朵朵一定会比我厉害的
我保证朵朵一定会比我厉害的,不过关键是你舍得吗
不过关键是你舍得吗,我有什么舍不得的
我有什么舍不得的,主要他妈妈不舍得
主要他妈妈不舍得,那就是你舍得了
那就是你舍得了,我也舍不得
我也舍不得,我看这西餐我就倒胃口
我看这西餐我就倒胃口,咱们要不然再去买碗馄饨吃
咱们要不然再去买碗馄饨吃,好吧
好吧,这拿着
我姑姑说那边有好多什么加州华人餐馆之类的,媳妇你先等会
媳妇你先等会,我再问你最后一次
我再问你最后一次,你怎么确定这朵朵早恋了
你怎么确定这朵朵早恋了,我亲耳听到Ross说的
我亲耳听到Ross说的,他喜欢朵朵
他喜欢朵朵,朵朵也喜欢李想
朵朵也喜欢李想,李想还给了朵朵一定情物定情
李想还给了朵朵一定情物定情,你知道干什么用的吗
你知道干什么用的吗,早恋
早恋,那不是现在要是找找着证据了
那不是现在要是找找着证据了,找着证据了你想怎么办
找着证据了你想怎么办,找着证据啊
找着证据啊,我这次绝对不可能放过他
我这次绝对不可能放过他,必须跟我认错道歉
必须跟我认错道歉,保证这种事情不再犯断绝关系
保证这种事情不再犯断绝关系,如果断不了关系
如果断不了关系,ok没问题
ok没问题,咱们就转学
咱们就转学,如果转学还不管用
如果转学还不管用,我是去找这李想的爸爸妈妈
我是去找这李想的爸爸妈妈,我问问看为什么生出这样的孩子勾引别人家女儿早恋
我问问看为什么生出这样的孩子勾引别人家女儿早恋,好
好,这事你先别激动
这事你先别激动,就算是咱找到证据证明李想跟朵朵早恋了
就算是咱找到证据证明李想跟朵朵早恋了,我觉得这事还得冷静处理
我觉得这事还得冷静处理,还怎么冷静
还怎么冷静,你说还要怎么冷静再冷静下去
你说还要怎么冷静再冷静下去,说不定明天我们当爷爷奶奶了
说不定明天我们当爷爷奶奶了,咱要当也只能当个姥姥姥爷
咱要当也只能当个姥姥姥爷,我没时间跟你贫
我没时间跟你贫,你抓紧时间赶快找他
你抓紧时间赶快找他,一会就放学回来了
一会就放学回来了,媳妇
媳妇,行
行,这次我不反对你翻这东西好吧
这次我不反对你翻这东西好吧,但是我觉得就算你找着证据了
但是我觉得就算你找着证据了,证明你朵朵早恋了
证明你朵朵早恋了,我觉得这事还得因因势利导循循善诱你知道吧
我觉得这事还得因因势利导循循善诱你知道吧,搞什么导什么用
搞什么导什么用,导什么导诱什么诱啊，就是之前给你导坏了
导什么导诱什么诱啊，就是之前给你导坏了,全听你的错了
全听你的错了,对不起
对不起,从今天开始我来导你别说话
从今天开始我来导你别说话,你要这么简单粗暴
你要这么简单粗暴,我跟你讲
我跟你讲,你最后给孩子情感造成终身的伤害
你最后给孩子情感造成终身的伤害,你少吓唬我
你少吓唬我,我不是吓唬你
我不是吓唬你,真得我们医院有这种案例
真得我们医院有这种案例,前一段有一个孩子因为早恋
前一段有一个孩子因为早恋,父母逼太紧了
父母逼太紧了,孩子自杀你知道跳楼好几回
孩子自杀你知道跳楼好几回,这还好他们家住二楼
这还好他们家住二楼,咱们家住几楼
咱们家住几楼,你别逼我我怎么办
你别逼我我怎么办,朵朵要是早恋了
朵朵要是早恋了,你告诉我怎么办
你告诉我怎么办,我所有的心血全部花在他身上
我所有的心血全部花在他身上,我跟你说方圆他要早恋
我跟你说方圆他要早恋,我也不活了
我也不活了,行行行好好好
行行行好好好,你先别着急
你先别着急,你先你别着急
我看好您走,我跟你说个事儿
我跟你说个事儿,快
什么事,还是琴琴出国留学的事儿
你怎么又跟我说这事儿怎么没完没了,你看你这人一提这事就神经质
你看你这人一提这事就神经质,这不现在情况有了新的变化了吗
这不现在情况有了新的变化了吗,咱们俩好好合计合计
咱们俩好好合计合计,你看看
你看看,这是琴琴出国的学费
这是琴琴出国的学费,你说以前你不同意
你说以前你不同意,那是因为咱钱确实凑不够
那是因为咱钱确实凑不够,又不想卖房子卖地的是不是
又不想卖房子卖地的是不是,可是我姐说了
可是我姐说了,给琴琴找一个有奖学金的高中
给琴琴找一个有奖学金的高中,还给他当担保人呢
你姐,啊真的
啊真的,你看我算了一笔费用
你看我算了一笔费用,这琴琴一年它的学费你看是2万
这琴琴一年它的学费你看是2万,然后这生活费是1万
然后这生活费是1万,我姐说以后吃住在他那这个费用咱就算免了
我姐说以后吃住在他那这个费用咱就算免了,再申请一个至少5000块钱的奖学金
再申请一个至少5000块钱的奖学金,算下来真的是不到10万块钱人民币
算下来真的是不到10万块钱人民币,我们孩子就能出国留学了
我们孩子就能出国留学了,咱家家底是不富裕
咱家家底是不富裕,但是这点钱咱还是能凑出来的
但是这点钱咱还是能凑出来的,这样咱也不用卖房子卖地
这样咱也不用卖房子卖地,琴琴还能出去留学
琴琴还能出去留学,你不是希望她将来有出息吗
你不是希望她将来有出息吗,这美国读完书什么样的工作找不着
这美国读完书什么样的工作找不着,即便是他选择回国，那也是海归
不成,为什么
为什么,咱可不能因为心疼孩子
咱可不能因为心疼孩子,舍不得就把孩子给耽误了
我早跟他骂了我,是我姐脾气你也不是不知道
是我姐脾气你也不是不知道,跟我似的刀子嘴豆腐心
跟我似的刀子嘴豆腐心,他这人说什么根本就不往心里去
我疯了我,不是我跟你说
不是我跟你说,你怎么能这么想
你怎么能这么想,那俩儿子那是我姐夫前妻生的
那俩儿子那是我姐夫前妻生的,你说我姐再怎么着
你说我姐再怎么着,我是他亲妹妹这个理儿他总知道吧
我是他亲妹妹这个理儿他总知道吧,那这有血缘在这
那这有血缘在这,他那还能分不清里外人
另外奖学金这事根本就不靠谱,怎么了
这一辈子就完了,我就说跟你这种人过日子就全是负能量
我就说跟你这种人过日子就全是负能量,我姐说的对
我姐说的对,你遇到困难不想解决
就你姐你去跟你姐过得了,你还真别说这个
你还真别说这个,我不爱听
我不爱听,你以为我愿意瞎折腾
你以为我愿意瞎折腾,你真的
你真的,你好好看看这满墙的奖状
你好好看看这满墙的奖状,咱家琴琴多优秀
咱家琴琴多优秀,只要咱下功夫
只要咱下功夫,孩子肯定长大了有出息
孩子肯定长大了有出息,你说咱当父母的不给孩子好好提供点机会
你说咱当父母的不给孩子好好提供点机会,给他多点选择
给他多点选择,长大了他会怪咱们的
长大了他会怪咱们的,你说
你说,你这当爸的心里也过得去
这事儿呢,你别动我
你别动我,你别碰我
你别碰我,你别动手说话
别着急,你攒吧等你攒够了
你攒吧等你攒够了,学费也涨了
学费也涨了,你说我们单位多少人现在还租房子住
你说我们单位多少人现在还租房子住,为什么买不起
为什么买不起,没有长远的眼光
没有长远的眼光,就是攒钱攒齐了
就是攒钱攒齐了,房价涨了
房价涨了,有什么用
有什么用,再说了出国语言关
再说了出国语言关,越早出去就越早适应
哪也去不了,你行 你防着我
就怕贼惦记,谁是贼
难为你了,哪里 应该的嘛
哪里 应该的嘛,这不把您请来 专门照顾蒂娜嘛
她说之前跟小宇之间他俩有点不愉快,是
是,小宇这孩子太淘气了
小宇这孩子太淘气了,你看刚才也让你见外了
你看刚才也让你见外了,是不是
是不是,这也怪我以前管教太少
这也怪我以前管教太少,所以这孩子有点宠坏了
所以这孩子有点宠坏了,所以我就想把他接回家里来
所以我就想把他接回家里来,这样能看着点
这样能看着点,所以他这一来这娜娜就难免受点委屈
这肯定是娜娜的不对,不
你说是不是,主要是小宇刚来
主要是小宇刚来,他们俩还不太适应
他们俩还不太适应,所以现在正在磨合
和平相处是吧,其实他们俩现在关系还行
其实他们俩现在关系还行,还可以
是不是,对 对 对 那个 那就
对 对 对 那个 那就,麻烦您多费心
应该的 应该的,您在这就跟在自个家一样
您在这就跟在自个家一样,千万别客气
好了,那个什么
那个什么,我还有个会我得先走了
你这大周末咋还开会,我们哪有周末公司的事太多
我们哪有周末公司的事太多,我先去了
你早点回来,好啊
好啊,我这前脚刚走
我这前脚刚走,你这后脚就给我整出这么大动静来了
你这后脚就给我整出这么大动静来了,去向姥姥赔礼道歉
我不去,你闯这么大祸还有理了
她打着要给我搓的名义来偷看我,人家这么大岁数了
人家这么大岁数了,要看你人什么没见过
要看你人什么没见过,人家不是想给你搓搓澡吗
我不让她搓，要搓给你搓,你这臭小子
你这臭小子,今天这个事儿就算不都是你的错
今天这个事儿就算不都是你的错,你起码不应该跑到院子里去闹
你起码不应该跑到院子里去闹,就上蹿下跳又哭又唱的
就上蹿下跳又哭又唱的,你让左右邻居们都在那看笑话
你让左右邻居们都在那看笑话,我这老脸往哪搁
我这老脸往哪搁,小宇
小宇,你也替爸爸想想
你也替爸爸想想,爸爸也很为难
爸爸也很为难,人家蒂娜妈是第一次上咱们家来
人家蒂娜妈是第一次上咱们家来,是不是
是不是,好歹他也是我的丈母娘
好歹他也是我的丈母娘,老太太心脏又不好
老太太心脏又不好,万一有个三长两短的
万一有个三长两短的,我跟蒂娜怎么交代
我跟蒂娜怎么交代,爸爸今天不怪你了
爸爸今天不怪你了,这样小宇
这样小宇,跟你商量一会吃晚饭的时候
跟你商量一会吃晚饭的时候,给姥姥赔礼道歉
给姥姥赔礼道歉,就算爸爸求你了
就算爸爸求你了,给爸爸个面子
发什么神经了,这个没良心的
这个没良心的,爸爸一直都站在你这边
爸爸一直都站在你这边,就是你小子有时候太浑
就是你小子有时候太浑,大面上都不让爸爸过得去
大面上都不让爸爸过得去,行了
行了,这事就算过去了
跟老太太说说,这就对了
这就对了,我告诉你
我告诉你,老太太这次来可不是
老太太这次来可不是,三五天你小子给我悠着点
三五天你小子给我悠着点,不许胡来
不许胡来,听到吗
放心我知道,行了
行了,这个月的零用钱多加1000
这个月的零用钱多加1000,一会儿再拿
你这是帮倒忙,朵朵那礼物你找着没有
朵朵那礼物你找着没有,咱们自己的事你不管吗
咱们自己的事你不管吗,没问出来我跟你讲我问了半天旁敲侧击绕了半天弯子
没问出来我跟你讲我问了半天旁敲侧击绕了半天弯子,结果还被人一通嘲笑
结果还被人一通嘲笑,我说这事有谱没谱
我说这事有谱没谱,当然有谱了
当然有谱了,我不管你说的交给你
我不管你说的交给你,今天晚上不是你们老板请客吃饭吗
今天晚上不是你们老板请客吃饭吗,他是不是带Rose 肯定得
他是不是带Rose 肯定得,我直接去旁敲侧击这侦察一下Rose
我直接去旁敲侧击这侦察一下Rose,估计能问出来
估计能问出来,肯定水落石出好吧
肯定水落石出好吧,测什么血压我是装的
测什么血压我是装的,你看不出来
你看不出来,什么什么装的
什么什么装的,你看看这分数
你看看这分数,九十四嘛
九十四嘛,你仔细看看
你仔细看看,哇塞74
哇塞74,你眼瘸吗这是四吗
你眼瘸吗这是四吗,那是一啊
那是一啊,我再看看
我再看看,我瞅瞅，我瞅一眼
我瞅瞅，我瞅一眼,哇塞
哇塞,我说这个勾怎么都打两勾
我说这个勾怎么都打两勾,这差改成2勾了
这差改成2勾了,这全错了
这全错了,我跟你说
我跟你说,之前分数考的不好是一回事
之前分数考的不好是一回事,改卷子
改卷子,这是道德品质的问题
这是道德品质的问题,这是撒谎
这是撒谎,这太恶劣了我告诉你
这太恶劣了我告诉你,好咱分析一下
好咱分析一下,我觉得是这样
我觉得是这样,你看化化学
你看化化学,化学在中考里边才占80分是吧
化学在中考里边才占80分是吧,80分不是0分吗
80分不是0分吗,我知道他分肯定是分
我知道他分肯定是分,但是比起那种大分数
但是比起那种大分数,英语中120分他占的比例还是比较小的
英语中120分他占的比例还是比较小的,况且我觉得你看
况且我觉得你看,朵朵他化学成绩一直还可以
朵朵他化学成绩一直还可以,是吧
是吧,我就在想她
我就在想她,他是不是当时考试的时候
他是不是当时考试的时候,是不是考试时间不够
是不是考试时间不够,还是当时身体不舒服
还是当时身体不舒服,方圆你想说什么
方圆你想说什么,方朵朵有
方朵朵有,今天就是你这么一步步惯出来的
今天就是你这么一步步惯出来的,都这样了
都这样了,你还在给他身体找理由
你还在给他身体找理由,这是撒谎
这是撒谎,这不是开玩笑的事
这不是开玩笑的事,他有第一次就有第二次
他有第一次就有第二次,有第二次就有第三次
有第二次就有第三次,他以后什么谎都跟咋们撒
他以后什么谎都跟咋们撒,我觉得是这样
我觉得是这样,平时化学成绩还可以啊
平时化学成绩还可以啊,我觉得起码对改分数撒谎的这事
我觉得起码对改分数撒谎的这事,我觉得这我可以从侧面来了解一下
我觉得这我可以从侧面来了解一下,你怎么从
你怎么从,听见了吧
听见了吧,所以我估计撒谎的事肯定也是小宇赶鸭子上架把朵朵给赶开的
所以我估计撒谎的事肯定也是小宇赶鸭子上架把朵朵给赶开的,我跟你说小宇改卷子是小宇的不对
我跟你说小宇改卷子是小宇的不对,但是朵朵同意小宇改卷子
但是朵朵同意小宇改卷子,方朵朵难道没错吗
方朵朵难道没错吗,这跟自己改有什么区别呢
这跟自己改有什么区别呢,这就是一个性质啊
这就是一个性质啊,他不知道是骗我们
他不知道是骗我们,媳妇我觉得是这样
媳妇我觉得是这样,他你看小周周佳成之前跟我说过
他你看小周周佳成之前跟我说过,一个好的老师
一个好的老师,一个好的家长
一个好的家长,绝对不会把学生的一次成绩一次考试作为对他一个判断
绝对不会把学生的一次成绩一次考试作为对他一个判断,是吧
是吧,还是要注重这孩子自信心的培养
还是要注重这孩子自信心的培养,他的素质的养成
他的素质的养成,是不是
是不是,我们不能说为了一次就这样一个孩子一次阶段性的测验
我们不能说为了一次就这样一个孩子一次阶段性的测验,你又把它归入到说什么道德品质这些问题是吧
你又把它归入到说什么道德品质这些问题是吧,我觉得小周说的还是有一定的
我觉得小周说的还是有一定的,不是周佳成是你什么人
不是周佳成是你什么人,你是他师傅
你是他师傅,还是他是你师傅
还是他是你师傅,你跟我说说你怎么什么都听他的
你跟我说说你怎么什么都听他的,肯定你是我师傅
肯定你是我师傅,我就说我的意思就是说他没考好这次我们是该批评的
我就说我的意思就是说他没考好这次我们是该批评的,但是就谎言这件事情
但是就谎言这件事情,我觉得也不单纯是道德品质
我觉得也不单纯是道德品质,谁没撒过谎
谁没撒过谎,哪个人的成长不是伴随着一些谎言
哪个人的成长不是伴随着一些谎言,对不对
对不对,我没对你说过谎话吗
我没对你说过谎话吗,是不是
是不是,你跟我说过什么谎
你跟我说过什么谎,我感觉不是什么特别
我感觉不是什么特别,不是你跟我说
不是你跟我说,我问问你我之前你到底有几个女朋友
我问问你我之前你到底有几个女朋友,啊什么
啊什么,只有你一个
只有你一个,行了
行了,你放松一点消消气
你放松一点消消气,好吧
好吧,跟他好好聊一聊
跟他好好聊一聊,注意注意方式方法
注意注意方式方法,对吧把握一下分寸
对吧把握一下分寸,咱们还是慢慢引导的
咱们还是慢慢引导的,行不行
行不行,跟她交流
跟她交流,你说朵朵是第一次吗
你说朵朵是第一次吗,什么第一次
什么第一次,第一次改考卷
第一次改考卷,我怀疑他不是第一次
我怀疑他不是第一次,就算他是第一次
就算他是第一次,我跟你说
我跟你说,有第一次就有第二次
有第一次就有第二次,有第二次就有第三次
有第二次就有第三次,我现在都不知道他之前给咱们看那些卷子
我现在都不知道他之前给咱们看那些卷子,哪一次的分数是真的
哪一次的分数是真的,哪一次的分数是假
哪一次的分数是假,你说我签了那么多次字
你说我签了那么多次字,你说朵朵每天上学
你说朵朵每天上学,他是直接去学校吗
他是直接去学校吗,每天放学回家
每天放学回家,他是直接先回咱们家吗
他是直接先回咱们家吗,还有他跟我说去找琴琴对功课
还有他跟我说去找琴琴对功课,他是去琴琴那了吗
他是去琴琴那了吗,还跟小宇去书店
还跟小宇去书店,那是跟小宇去书店吗
那是跟小宇去书店吗,跟小宇去的肯定不是书店
跟小宇去的肯定不是书店,你别跟我打岔
你别跟我打岔,我就是打个比方
我就是打个比方,他现在改卷子是道德品质的问题
他现在改卷子是道德品质的问题,你要是再不管他
你要是再不管他,他就是违法犯罪了
他就是违法犯罪了,你违法犯罪你还是不管他
你违法犯罪你还是不管他,我告诉你不定他将来能干什么什么惊天动地的事情
我告诉你不定他将来能干什么什么惊天动地的事情,我自己就生了这么一个
我自己就生了这么一个,你先打住你你刚才说你觉得就是朵朵它将来有可能是吧
你先打住你你刚才说你觉得就是朵朵它将来有可能是吧,发展成为那种祸国殃民的那种人
发展成为那种祸国殃民的那种人,是不是
是不是,好
好,你觉得像咱朵朵一个15岁的女孩
你觉得像咱朵朵一个15岁的女孩,他长相他个性
他长相他个性,他身高
他身高,你觉得他有有可能祸国殃民吗
你觉得他有有可能祸国殃民吗,不是
不是,我没有说他祸国殃民
我没有说他祸国殃民,刚才你不是说他祸国殃民吗
刚才你不是说他祸国殃民吗,不管你说没说没关系
不管你说没说没关系,你说了我也不会
你说了我也不会,不会说你知道吧
不会说你知道吧,先不说他这事
先不说他这事,你现在要打开他手机
你现在要打开他手机,就等同于翻他日记本你知道吗
就等同于翻他日记本你知道吗,日记本我也翻过
日记本我也翻过,我也不是没翻过
我也不是没翻过,我不怕
我不怕,你看看密码
你看看密码,他改密码了他把密码说明他有鬼
他改密码了他把密码说明他有鬼,你说是不是你生日我生日
你说是不是你生日我生日,你生日不是我生日也不是
你生日不是我生日也不是,爷爷生日多少
爷爷生日多少,哈
哈,爷爷生日
爷爷生日,不知道
不知道,4月21
4月21,奶奶生日多少
奶奶生日多少,你是奶奶行不行
你是奶奶行不行,11月14，不对你看看
11月14，不对你看看,你看你他把密码改了
你看你他把密码改了,你再那么试最后就把手机给锁死了
你再那么试最后就把手机给锁死了,我一分钟以后可以再试
我一分钟以后可以再试,再锁就是就5分钟
再锁就是就5分钟,10分钟最后你上手机店修去吧
10分钟最后你上手机店修去吧,她心虚什么，不是说好了吗
她心虚什么，不是说好了吗,一分钟以后还能试几次
一分钟以后还能试几次,其实倒是要有一个方法能把它打开
其实倒是要有一个方法能把它打开,什么方法
什么方法,你这不是iPhone5s吗
你这不是iPhone5s吗,得有密码
得有密码,但它也可以用指纹解锁
但它也可以用指纹解锁,你是猪啊他的指纹
你是猪啊他的指纹,她的指纹
她的指纹,那可不是他的指纹
那可不是他的指纹,干什么
干什么,这不合适我真没法儿弄
这不合适我真没法儿弄,文洁我跟你讲咱不能这样
文洁我跟你讲咱不能这样,不是你这样的话就等于他的孩子把他吵醒了
不是你这样的话就等于他的孩子把他吵醒了,他睡觉向来就睡得死
他睡觉向来就睡得死,大热青春、情感、小说、青春我最狂
大热青春、情感、小说、青春我最狂,你看看就这个
你看看就这个,你看看已更新15万字了
你看看已更新15万字了,昨天还更新了
昨天还更新了,你看有没有15万字两个多月搞出来的
你看有没有15万字两个多月搞出来的,你说他成绩能好
你说他成绩能好,才怪
才怪,我算算这一天差不多得更新3000字
我算算这一天差不多得更新3000字,几十万点击量还这么多粉丝催着她更新
几十万点击量还这么多粉丝催着她更新,每天回家关屋里边
每天回家关屋里边,你以为他在用功
你以为他在用功,他在写小说
他在写小说,难怪老师说他休息不好
难怪老师说他休息不好,老师其实话里有话
老师其实话里有话,只是我们没有察觉这天天这么熬夜
只是我们没有察觉这天天这么熬夜,他休息怎么能好吗
他休息怎么能好吗,其实这更新的频率也不算高
其实这更新的频率也不算高,每周才和一篇多一点
每周才和一篇多一点,就这两天更新得稍微勤点
就这两天更新得稍微勤点,说不定是不是这两天学习累了
说不定是不是这两天学习累了,想放松就随便写
想放松就随便写,你就别帮他说话了
你就别帮他说话了,随便写写能写出这么多字
随便写写能写出这么多字,你看看这些粉丝留言什么
你看看这些粉丝留言什么,做我的女神
做我的女神,你看我刚才看一过分的
你看我刚才看一过分的,非你不娶朵教主
非你不娶朵教主,膝盖给你 这不是这
膝盖给你 这不是这,网上都是这种
网上都是这种,我知道
我知道,可是这么捧
可是这么捧,你说他能不骄傲吗
你说他能不骄傲吗,这不得把朵朵捧晕了
这不得把朵朵捧晕了,不是你打算怎么办呢
不是你打算怎么办呢,我可有句话先搁前面
我可有句话先搁前面,你不能待会儿一回来就又开始冲她着发火发飙
你不能待会儿一回来就又开始冲她着发火发飙,我知道不会
我知道不会,所以我悄悄的把你叫回来
所以我悄悄的把你叫回来,不是商量着怎么办吗
不是商量着怎么办吗,反正这事咱一定不能激化处理
反正这事咱一定不能激化处理,上次弗兰克的事情已经折腾够呛
上次弗兰克的事情已经折腾够呛,而且你说女儿能写小说还这么多
而且你说女儿能写小说还这么多,其实也不一定是个坏事
其实也不一定是个坏事,你说方圆我不是那个不懂道理的
你说方圆我不是那个不懂道理的,他现在没有中考这事儿
他现在没有中考这事儿,我第一个当他的粉丝
我第一个当他的粉丝,我守在电脑前面
我守在电脑前面,我天天候着他更新
我天天候着他更新,他离中考还有多少天
他离中考还有多少天,你自己算算
你自己算算,这成绩忽上忽下
这成绩忽上忽下,先是英语
先是英语,然后是化学
然后是化学,你告诉我怎么办
你告诉我怎么办,我告诉你你要如果同意说行
我告诉你你要如果同意说行,咱现在就辍学
咱现在就辍学,别上学了
别上学了,就当作家
就当作家,你同意我拍板没问题
你同意我拍板没问题,正说别置气
正说别置气,我明白
我明白,是吧
是吧,我的意思是说咱也不能等一会一回来
我的意思是说咱也不能等一会一回来,你直接跟他开战是吧
你直接跟他开战是吧,你开诚布公地跟他聊
你开诚布公地跟他聊,你说你就辍学了
你说你就辍学了,是吧
是吧,你就别写了
你就别写了,这不更得逆反
这不更得逆反,你不是废话
你不是废话,我找你来干什么
我找你来干什么,就是商量对策的
就是商量对策的,反正我想了一个办法
反正我想了一个办法,好吧
好吧,你说
你说,我就说家里面网断了
我就说家里面网断了,你幼稚
你幼稚,家里的网线都是他接的
家里的网线都是他接的,他能不知道网坏没坏
他能不知道网坏没坏,再说他好多作业都是网上交的
再说他好多作业都是网上交的,你这招肯定不灵
你这招肯定不灵,那就在学校写是不是
那就在学校写是不是,要不然还有一个方法
要不然还有一个方法,那就说我晚上还是梦游
那就说我晚上还是梦游,怕什么
怕什么,反正都这样了
反正都这样了,然后你这几天有几台大手术
然后你这几天有几台大手术,你不能分心
你不能分心,你就让我跟他睡
你就让我跟他睡,我天天晚上看着他
我天天晚上看着他,其实你跟他说是他看着我照顾我行不行
其实你跟他说是他看着我照顾我行不行,行
行,反正为了孩子付出代价点
反正为了孩子付出代价点,我就自己上小床上睡
我就自己上小床上睡,你不就上个小床吗
你不就上个小床吗,你有什么代价
你有什么代价,就这样是吧说完了是吧
就这样是吧说完了是吧,行
行,你又捣鼓什么呢
你又捣鼓什么呢,看一看啊
看一看啊,你现在看没有用
你现在看没有用,我看看他给人怎么回复的
我看看他给人怎么回复的,怎么回复呢
怎么回复呢,我就看看这什么叫膝盖给你
我就看看这什么叫膝盖给你,我没看懂呢
我没看懂呢,就是给你跪下
就是给你跪下,我每天都把膝盖给你
我每天都把膝盖给你,明白吗
明白吗,我把什么都给你
我把什么都给你,我现在要你的膝盖
我现在要你的膝盖,我就在你后边跪着还有什么留言
我就在你后边跪着还有什么留言,你看看那个爱他的怎么说
你看看那个爱他的怎么说,这太赤裸裸了
这太赤裸裸了,跟你说这真是的
跟你说这真是的,网上就这样它不是那个
网上就这样它不是那个,他会不会跟她喜欢他的粉丝约会
他会不会跟她喜欢他的粉丝约会,他根本都不知道那人是谁
他根本都不知道那人是谁,他怎么跟她约会
他怎么跟她约会,她不知道约出来就知道了
她不知道约出来就知道了,真的是今天晚上没去绝对遗憾
真的是今天晚上没去绝对遗憾,真的应该去见见这世面
真的应该去见见这世面,那简直那孩子能机器人比赛
那简直那孩子能机器人比赛,真是想想都不可思议
你都快成机器人了,这个人就是不虚心
这个人就是不虚心,真的
真的,你说那帮孩子将来还得了吗
你说那帮孩子将来还得了吗,真的是让我特别的兴奋
真的是让我特别的兴奋,就是受益匪浅
就是受益匪浅,太激动了
太激动了,我今天看得我
我今天看得我,你说那些孩子 差一点 差多了
你说那些孩子 差一点 差多了,真的
真的,咱就说这交朋友
咱就说这交朋友,你看人张总那都是什么朋友
你看人张总那都是什么朋友,个个都是大老板
个个都是大老板,各界精英
各界精英,咱自己关上门说别看小宇现在学习不怎么样
咱自己关上门说别看小宇现在学习不怎么样,架不住人家都是跟精英的子女在一块
架不住人家都是跟精英的子女在一块,将来保不齐就怎么样
将来保不齐就怎么样,这叫物以类聚
这叫物以类聚,人以群分
人以群分,你是够臭的
你是够臭的,你那都是什么朋友
你那都是什么朋友,什么老张老王
什么老张老王,没事就桥底下瞧牌去
没事就桥底下瞧牌去,你当我不知道
那叫绑票,完了吧你别找借口了
完了吧你别找借口了,你没活没活能不能停在那
你没活没活能不能停在那,你就琢磨琢磨孩子的将来为孩子多想一想
你就琢磨琢磨孩子的将来为孩子多想一想,找借口
找借口,咱们家琴琴多优秀
咱们家琴琴多优秀,他就得出国
他就得出国,我告诉你出了国哈佛耶鲁的文凭随便拿
我告诉你出了国哈佛耶鲁的文凭随便拿,到时候留下想回来
到时候留下想回来,回来把简历往中华英才网上一放
回来把简历往中华英才网上一放,世界500强马上就来找你
世界500强马上就来找你,净给自己的就是不思进取
净给自己的就是不思进取,你说咱姐那天在那说的一番话
你说咱姐那天在那说的一番话,我真的是受
他瞧不上我我也瞧不上他,你瞧不上人
你瞧不上人,人家瞧不上你吧
我也没嫁个快死的老头子,好好别说你了
好好别说你了,姐怎么了
姐怎么了,他架不住人家是见过世面的
他架不住人家是见过世面的,在美国待过的
在美国待过的,说的那话就是有水平
说的那话就是有水平,什么事没做之前先不要否定
什么事没做之前先不要否定,要去尝试它
要去尝试它,琴琴当时触动也特别大
琴琴当时触动也特别大,我跟你说
我跟你说,行了
行了,琴琴出国这事儿我好话歹话都说尽了
琴琴出国这事儿我好话歹话都说尽了,你也是软的不吃
你也是软的不吃,硬的不吃
没门,你看有门没门
你看有门没门,琴琴出国这事我告诉你砸锅卖铁我也送出去
休想,你神经病
你神经病,干嘛呢
干嘛呢,玩手机
玩手机,我怎么觉得刚才你你是不是电脑给关上了
我怎么觉得刚才你你是不是电脑给关上了,对
对,干嘛呢 瞅一眼
干嘛呢 瞅一眼,没用了不就关上了
没用了不就关上了,是不是
是不是,跟什么
跟什么,男网友的事
男网友的事,聊天室说什么
聊天室说什么,情话悄悄的
情话悄悄的,没有
没有,我网上买东西
我网上买东西,你网购怎么搞的还鬼鬼祟祟的 朵朵今天的情绪好像有点不是很稳定
你网购怎么搞的还鬼鬼祟祟的 朵朵今天的情绪好像有点不是很稳定,我的情绪也不是很稳定
我的情绪也不是很稳定,你是长期不稳定
你是长期不稳定,他是瞬间不稳定
他是瞬间不稳定,我跟你说
我跟你说,我还没跟你说呢 我们科有一个同事 他那天就逛他媳妇这个账号里面
我还没跟你说呢 我们科有一个同事 他那天就逛他媳妇这个账号里面,进去之后把他购物车的所有东西全给付了
进去之后把他购物车的所有东西全给付了,哟给他媳妇乐坏了
哟给他媳妇乐坏了,我得跟他学学
我得跟他学学,你知道咱怎么学吗
你知道咱怎么学吗,我哪天我也进你这里边
我哪天我也进你这里边,其实我上次去看过一次了
其实我上次去看过一次了,你可真是没少逛了
你可真是没少逛了,恨不得有好几百样东西
恨不得有好几百样东西,我哪天点进去哗全清了
我哪天点进去哗全清了,你知道吧
你知道吧,让你这几个月都白逛
让你这几个月都白逛,你要是敢把我购物车给清了
你要是敢把我购物车给清了,我就敢拿我的购物车撵死你
我就敢拿我的购物车撵死你,情绪是好像不太稳定
情绪是好像不太稳定,那什么
那什么,饭差不多了
饭差不多了,注意一会吃饭注意点行不行
注意一会吃饭注意点行不行,我先上个厕所 我憋坏了
我先上个厕所 我憋坏了,跟你说个事明天我出趟差
跟你说个事明天我出趟差,去趟林县乡村白内障援助行动
去趟林县乡村白内障援助行动,为什么年年都是你 能告诉我为什么吗
为什么年年都是你 能告诉我为什么吗,不为什么
不为什么,我们医院白内障一把手就是我
我们医院白内障一把手就是我,你知道医院人家这叫什么吗
你知道医院人家这叫什么吗,说方圆专治白内障简称方丈
说方圆专治白内障简称方丈,我看你是方智障
我看你是方智障,今年几个人去
今年几个人去,两人我跟谁跟学生周佳成
两人我跟谁跟学生周佳成,以前不都是男搭配
以前不都是男搭配,女女搭配吗
女女搭配吗,今天怎么男女搭配了
今天怎么男女搭配了,你怎么永远说什么都是男男女女都永远联系到这儿来
你怎么永远说什么都是男男女女都永远联系到这儿来,我去年是个男学生那就男学生去吗
我去年是个男学生那就男学生去吗,今年是个女学生 就跟那个女学生去 之前也带着女学生去过
今年是个女学生 就跟那个女学生去 之前也带着女学生去过,你什么时候带女学生去过
你什么时候带女学生去过,我怎么没带 原来那个黄衣服的女学生不就是我带着去的
我怎么没带 原来那个黄衣服的女学生不就是我带着去的,是
是,行行你有理
行行你有理,好吧
好吧,那路修好了没有
那路修好了没有,上次走了什么400多公里
上次走了什么400多公里,开了8个小时
开了8个小时,今年还是这个情况吗
今年还是这个情况吗,您问了吗
您问了吗,好像中间有一段是高速山路还得走
好像中间有一段是高速山路还得走,方圆
方圆,方圆
方圆,你明天要走
你明天要走,你怎么今天才告诉我
你怎么今天才告诉我,我今天医院才通知的我啊
我今天医院才通知的我啊,那你现在
那你现在,跟我说我怎么给你收拾东西
跟我说我怎么给你收拾东西,我都没时间
我都没时间,我那是好收拾
我那是好收拾,我就去不了几天
我就去不了几天,你给弄两件衣服弄换洗短裤就行了
你给弄两件衣服弄换洗短裤就行了,完了
完了,没过去
没过去,还得再来一回
还得再来一回,我这带上棉袄有必要吗 我是上山里边给人看眼睛去
我这带上棉袄有必要吗 我是上山里边给人看眼睛去,人家你给我带这么多干果
人家你给我带这么多干果,还带酒干什么
还带酒干什么,我又不是郊游
我又不是郊游,我是给小朋友的
我是给小朋友的,酒是给小周的
酒是给小周的,上次小周来咱们家当时喜欢喝
上次小周来咱们家当时喜欢喝,正好你有车带给他
正好你有车带给他,媳妇你不会往里边兑了雄黄吧
媳妇你不会往里边兑了雄黄吧,我必须加
我必须加,许公子我可提醒你
许公子我可提醒你,你要是再着了什么妖道
你要是再着了什么妖道,老衲可救不了你
老衲可救不了你,好自为之
好自为之,饿了吧
饿了吧,同一个姿势坐那么久
同一个姿势坐那么久,腰会不舒服的
腰会不舒服的,要不换我开
要不换我开,别算了
别算了,这女孩开车
这女孩开车,尤其是漂亮的女孩
尤其是漂亮的女孩,基本上都属于马路杀手
基本上都属于马路杀手,一上车就是随时准备火星撞地球
一上车就是随时准备火星撞地球,我可不敢坐
我可不敢坐,要不然喝个能量
要不然喝个能量,提一下精神
提一下精神,这地方看起来也不容易找到厕所
这地方看起来也不容易找到厕所,我还是忍着
我还是忍着,这还有骑车的真可以
这还有骑车的真可以,吃个茶叶蛋吧
吃个茶叶蛋吧,还热着
还热着,我给你剥
我给你剥,茶叶蛋 你这准备够齐全的 还有茶叶蛋呢
茶叶蛋 你这准备够齐全的 还有茶叶蛋呢,对
对,怕你饿吗
怕你饿吗,开车的人是很重要的
开车的人是很重要的,那倒是
那倒是,风景还是不错的
风景还是不错的,看这山上
看这山上,天气真好
天气真好,北京难得这么好
北京难得这么好,蓝天白云
蓝天白云,小心
小心,对不起 我这 地上有块石头 躲了一下
对不起 我这 地上有块石头 躲了一下,还说女生开车危险
还说女生开车危险,对因为超市你煮的当然不清楚的
对因为超市你煮的当然不清楚的,好吃
好吃,你现在的样子好像仓鼠 仓鼠就是把东西都储存在嘴巴里面
你现在的样子好像仓鼠 仓鼠就是把东西都储存在嘴巴里面,你说我胖了是不是
你说我胖了是不是,我是中年发福是有点胖
我是中年发福是有点胖,听听音乐
听听音乐,我特别喜欢这首歌
我特别喜欢这首歌,因为他是说喜欢一个人需要勇气 暗恋一个人更需要勇气
因为他是说喜欢一个人需要勇气 暗恋一个人更需要勇气,我觉得特别美
我觉得特别美,你说这歌是讲的是暗恋的故事
你说这歌是讲的是暗恋的故事,这朵朵不会是暗恋谁
这朵朵不会是暗恋谁,他一天到晚哼这歌
他一天到晚哼这歌,我就从他那听到的
我就从他那听到的,暗恋是一件很美的事情
暗恋是一件很美的事情,你就放轻松一点
你就放轻松一点,我怎么放轻松
我怎么放轻松,这朵朵要真的是暗恋谁
这朵朵要真的是暗恋谁,我跟你讲 我脑子都不能出现这画面
我跟你讲 我脑子都不能出现这画面,我就想着 朵朵要跟谁搞暗恋
我就想着 朵朵要跟谁搞暗恋,我是想揍那小子
我是想揍那小子,靠边靠边靠边停
靠边靠边靠边停,真是不能说大话
真是不能说大话,分分钟打脸
分分钟打脸,没想到你这车开得好
没想到你这车开得好,你还会修车
你还会修车,你简直秒杀咱们科里所有女性
你简直秒杀咱们科里所有女性,继续夸我还想听更多
继续夸我还想听更多,我想说你那大包里边除了刚才你拿出来什么钳子是吧
我想说你那大包里边除了刚才你拿出来什么钳子是吧,我看里边还有还有改锥
我看里边还有还有改锥,还有什么东西
还有什么东西,你还有什么水饮料
你还有什么水饮料,你除了这些东西还有什么东西
你除了这些东西还有什么东西,保温毯、电筒、求生哨
保温毯、电筒、求生哨,还有碘酒
还有碘酒,哇塞你这
哇塞你这,你野外生存要准备
你野外生存要准备,我们刚不就用上了吗
我们刚不就用上了吗,这叫做有备无患
这叫做有备无患,在美国哪像这里人口这么密集
在美国哪像这里人口这么密集,我们常常放眼100公里
我们常常放眼100公里,根本都看不到一个人
根本都看不到一个人,所以如果你在路上发生了什么事情
所以如果你在路上发生了什么事情,那不就完了
那不就完了,这些常识我们高中生都知道
这些常识我们高中生都知道,我们学校都有教
我们学校都有教,高中还教这个
高中还教这个,再加上每一年都有夏令营
再加上每一年都有夏令营,你们叫童子军夏令营
你们叫童子军夏令营,厉害
厉害,怎么了
怎么了,你在想把朵儿送出国
你在想把朵儿送出国,坦白说 还真是 你说 以前也觉着你这小姑娘生存能力确实是比较强
坦白说 还真是 你说 以前也觉着你这小姑娘生存能力确实是比较强,比较独立自主
比较独立自主,没想这么强大
没想这么强大,你说朵朵将来有一天变成你这样的一个小号女超人
你说朵朵将来有一天变成你这样的一个小号女超人,我得多骄傲
我得多骄傲,真的
真的,回去还真是跟朵朵妈妈好好商量商量
回去还真是跟朵朵妈妈好好商量商量,不一定是出国留学
不一定是出国留学,起码利用假期时间带孩子出去看看
起码利用假期时间带孩子出去看看,开阔一下眼界
开阔一下眼界,最起码感受一下人国外的那种文化氛围
最起码感受一下人国外的那种文化氛围,到时候当你们的导游
到时候当你们的导游,行
行,你知道吗
你知道吗,以前在你上初中之前
以前在你上初中之前,几乎每个周末
几乎每个周末,我们都是这么过的
我们都是这么过的,要是能天天这样就好了
其实每天都可以阳光普照大地,我跟你较劲
我跟你较劲,小姐拜托
小姐拜托,如果你给我考个年级第一
如果你给我考个年级第一,也别年级第一了
也别年级第一了,年级前10
年级前10,哦不也别前10了
哦不也别前10了,年级前50对前100对
年级前50对前100对,哪怕100妈妈都不会这么较劲
你不跟我较劲 你不就跟老爸较劲去啦,不是
不是,我不跟他较劲
我不跟他较劲,我跟谁较劲
我跟谁较劲,你爸是我老公
你爸是我老公,我要换一个人较劲
我要换一个人较劲,你爸不乐意了
呵呵,朵朵
朵朵,我问你
我问你,我听你们老师说说你们班很多人不爱写作业
我听你们老师说说你们班很多人不爱写作业,老抄作业
老抄作业,为什么不写作业
有的嫌题难 不愿意写作业,你说这些孩子是怎么想的
你说这些孩子是怎么想的,父母呕心沥血
父母呕心沥血,辛辛苦苦挣钱送他们上学读书
辛辛苦苦挣钱送他们上学读书,不好好写作业
不好好写作业,不好好上进
不好好上进,欺骗父母
你到底想说什么,我是说朵朵
我是说朵朵,你以后不能把作业给他们抄
你是怀疑我抄别人作业,我怎么会怀疑你抄别人的作业
我怎么会怀疑你抄别人的作业,妈妈是相信你的
妈妈是相信你的,是吧
是吧,你的作业都是独立完成的
你的作业都是独立完成的,是不是
喜欢猜测别的人往往早已掉入了别人的陷阱,什么意思
什么意思,咱们就凑合吃点你知道吗
咱们就凑合吃点你知道吗,这村里边咱也不熟悉
这村里边咱也不熟悉,别跑出去吃了也没车
别跑出去吃了也没车,你知道这是什么吗
你知道这是什么吗,这不是床吗
这不是床吗,这不是床
这不是床,这叫炕
这叫炕,炕火字边一个炕
炕火字边一个炕,亢奋的亢
亢奋的亢,这个是北方特有的
这个是北方特有的,它里边是空的你知道吗
它里边是空的你知道吗,到冬天的时候它可以加热
到冬天的时候它可以加热,就跟铺了电热毯一样
就跟铺了电热毯一样,我没看过
我没看过,泡面能吃吧
泡面能吃吧,当然了
当然了,赶快吃趁热吃
赶快吃趁热吃,我最喜欢吃泡面了
我最喜欢吃泡面了,让我想起来我以前在学校也常吃泡面
让我想起来我以前在学校也常吃泡面,你别看我在国外长大
你别看我在国外长大,我的胃可是中国胃
我的胃可是中国胃,你不会告诉我
你不会告诉我,你跑到中国来当实习医生
你跑到中国来当实习医生,因为你的中国胃
因为你的中国胃,还真的有这个原因的
还真的有这个原因的,其实我当初是可以报名印度、巴西还有中国
其实我当初是可以报名印度、巴西还有中国,但我想了都没想
但我想了都没想,我就报了中国
我就报了中国,我后来想想我是中国人
我后来想想我是中国人,所以不管生哪里住哪里
所以不管生哪里住哪里,我还是觉得中国最亲再加上我也吃习惯妈妈做的中国菜
我还是觉得中国最亲再加上我也吃习惯妈妈做的中国菜,我就一直很想回来
我就一直很想回来,吃吃最正宗的
吃吃最正宗的,我只听说过我的中国心这头一回听那叫什么我的中国胃
我只听说过我的中国心这头一回听那叫什么我的中国胃,小周你应该选消化科不应该选眼科
小周你应该选消化科不应该选眼科,三句都不离吃的
三句都不离吃的,唉呦
唉呦,我当初选择眼科是因为我喜欢眼睛
我当初选择眼科是因为我喜欢眼睛,我喜欢看人的眼睛
我喜欢看人的眼睛,尤其是漂亮的眼睛
尤其是漂亮的眼睛,就会一直看
就会一直看,看久了
看久了,你似乎就能看到对方的心
你似乎就能看到对方的心,再看久一点就会掉到对方的眼睛里
再看久一点就会掉到对方的眼睛里,也会掉到对方的心里
也会掉到对方的心里,所以每当我们挽救一双眼睛
所以每当我们挽救一双眼睛,其实也是在唤起一颗心
其实也是在唤起一颗心,说的真好
说的真好,行
行,你有两下子
你有两下子,你师傅我是看了一辈子眼睛
你师傅我是看了一辈子眼睛,不知道看了多少双眼睛
不知道看了多少双眼睛,我怎么每次一看到眼睛想的就是角度水平分离
我怎么每次一看到眼睛想的就是角度水平分离,抛光前嚢
抛光前嚢,当然还是要先从医学角度去想
当然还是要先从医学角度去想,不过我说的也是真的
不过我说的也是真的,不信你看看我的眼睛
不信你看看我的眼睛,你是不是有点累了
你是不是有点累了,没有
没有,眼睛有点累
眼睛有点累,这眼科大夫最累的就是眼睛
这眼科大夫最累的就是眼睛,你知道牙科大夫最累吗
你知道牙科大夫最累吗,牙科牙
牙科牙,牙怎么会累
牙怎么会累,脖子
脖子,为什么
为什么,你看牙科大夫他一天到晚的不管是看还是治都是低着头
你看牙科大夫他一天到晚的不管是看还是治都是低着头,所以脖子颈椎就有问题
所以脖子颈椎就有问题,妇产科医生呢
妇产科医生呢,妇产科医生嗓子
妇产科医生嗓子,为什么是嗓子
为什么是嗓子,你看妇产科医生一天到晚就
你看妇产科医生一天到晚就,来加油使劲你可以的来加油把他生出来
来加油使劲你可以的来加油把他生出来,你看嗓子喊哑
你看嗓子喊哑,哈哈
哈哈,老师我很少看到你那么开心的笑
老师我很少看到你那么开心的笑,放松
放松,两天的工作完成了
两天的工作完成了,守着夕阳喝杯小酒
守着夕阳喝杯小酒,不用想着明天的工作
不用想着明天的工作,孩子的学习
孩子的学习,男人的职责和担当
男人的职责和担当,就这么轻松自在的看着寂静美丽的小山村
就这么轻松自在的看着寂静美丽的小山村,有时候我还真想过
有时候我还真想过,有一天要是我老了
有一天要是我老了,我就跑到山里面找一个小院
我就跑到山里面找一个小院,每天看着太阳升起来
每天看着太阳升起来,再看着太阳落下去
再看着太阳落下去,然后就在这安安静静的一个人待着读书喝酒挺满意的
然后就在这安安静静的一个人待着读书喝酒挺满意的,可是你不觉得同一个地方待久了也会无聊
可是你不觉得同一个地方待久了也会无聊,也会
也会,所以人永远是矛盾的
所以人永远是矛盾的,有了这个就想选择那个 有了那个又想选择这个 你看就像城里的人一到了周末就想着开车出来到这乡下烧烤
有了这个就想选择那个 有了那个又想选择这个 你看就像城里的人一到了周末就想着开车出来到这乡下烧烤,农家乐钓鱼爬个山
农家乐钓鱼爬个山,可是当地人 就想着说 一到周末 开车进城里 上天安门 北海公园划个船
可是当地人 就想着说 一到周末 开车进城里 上天安门 北海公园划个船,鸟巢水立方拍个照片
鸟巢水立方拍个照片,这人永远都是矛盾的
这人永远都是矛盾的,选了这个想选那个
选了这个想选那个,这个小孩也是这样
这个小孩也是这样,你说送到国外去了
你说送到国外去了,国外是可能学习压力小
国外是可能学习压力小,可是离得远又想了
可是离得远又想了,虽然是独立自主了
虽然是独立自主了,可是你还老惦记着那孩子要是留在国内在这读书
可是你还老惦记着那孩子要是留在国内在这读书,学习压力就大
学习压力就大,想着什么考试写作业
想着什么考试写作业,好了好了
好了好了,你不要再发愁了
你不要再发愁了,发愁了
发愁了,你看你又想多了
你看你又想多了,想那么多干嘛
想那么多干嘛,喝酒
喝酒,整形科的医生哪最累啊
整形科的医生哪最累啊,眼睛
眼睛,心最累
心最累,为什么
为什么,他良心经常过意不去呀
他良心经常过意不去呀,他说人本来长成这样给你整成那样了
他说人本来长成这样给你整成那样了,合适吗
合适吗,方朵朵给我站住
你为什么不相信我呢,我我是无意的
我我是无意的,我是无意在小宇的电脑里面
我是无意在小宇的电脑里面,我看到你还一直在写
我看到你还一直在写,我不就急了吗
但是为什么你们就是不相信我呢,好好你先不激动
好好你先不激动,朵朵
朵朵,你听妈妈我说两句行不行
你听妈妈我说两句行不行,首先妈妈承认妈妈做的是不太好这个手法
首先妈妈承认妈妈做的是不太好这个手法,是不太高明
是不太高明,甚至有点卑劣
甚至有点卑劣,可是你知道妈妈为什么这么做吗
可是你知道妈妈为什么这么做吗,第一
第一,妈妈已经明明说过不可以再写这个东西
妈妈已经明明说过不可以再写这个东西,你还继续再写
你还继续再写,你等于是知道妈妈不让你写
你等于是知道妈妈不让你写,你还写
你还写,你是故意瞒着妈妈的继续再写
你是故意瞒着妈妈的继续再写,你说那妈妈能不生气吗
你说那妈妈能不生气吗,而且话说回来等于是我们俩之间的观念发生了冲突
而且话说回来等于是我们俩之间的观念发生了冲突,我不让你写你非要写
我不让你写你非要写,我们俩之间有矛盾
我们俩之间有矛盾,这个矛盾是肯定要解决的
这个矛盾是肯定要解决的,这是我用了一个比较差的办法
这是我用了一个比较差的办法,第二
第二,妈妈为什么要这么做
妈妈为什么要这么做,就像爸爸说的
就像爸爸说的,你是一个青春期的孩子
你是一个青春期的孩子,你需要特殊对待
你需要特殊对待,那妈妈不知道一个青春期的孩子心里到底想的是什么
那妈妈不知道一个青春期的孩子心里到底想的是什么,那妈妈就想能够钻到你心里面
那妈妈就想能够钻到你心里面,知道你心里面到底在想什么
知道你心里面到底在想什么,那你又不跟妈妈说实话
那你又不跟妈妈说实话,这所以妈妈就想了这个方法
这所以妈妈就想了这个方法,是不是妈妈只是想怎么能够更好的跟你对话
是不是妈妈只是想怎么能够更好的跟你对话,能够知道你心里怎么想的
能够知道你心里怎么想的,我也不想装你的粉丝
我也不想装你的粉丝,我也不懂什么IP
我也不懂什么IP,我还在网上花了钱买的
我还在网上花了钱买的,结果妈妈一上网看你有这么多粉丝
结果妈妈一上网看你有这么多粉丝,妈妈也傻了
妈妈也傻了,妈妈也不知道原来你写的东西这么多人喜欢
妈妈也不知道原来你写的东西这么多人喜欢,这对妈妈也是一个教育
这对妈妈也是一个教育,第三妈妈也是被逼的
第三妈妈也是被逼的,你说你要跟妈妈说实话就不会有这个结果
你说你要跟妈妈说实话就不会有这个结果,是不是
是不是,当然妈妈也有责任
当然妈妈也有责任,最主要的问题是妈妈觉得你现在所有的时间应该对付中考
最主要的问题是妈妈觉得你现在所有的时间应该对付中考,这中考是最重要的
这中考是最重要的,你说要是我的女儿现在就已经是畅销小说作家了
你说要是我的女儿现在就已经是畅销小说作家了,就已经是作家
就已经是作家,你说妈妈能不高兴吗
你说妈妈能不高兴吗,我自己的女儿有成绩
我自己的女儿有成绩,这成为一个这么优秀的人
这成为一个这么优秀的人,我我能不高兴吗
我我能不高兴吗,可是你必须参加高考
可是你必须参加高考,你说是不是
你说是不是,妈妈也不会装粉丝
妈妈也不会装粉丝,妈妈演技也不好
妈妈演技也不好,还得天天演着你的小粉丝
还得天天演着你的小粉丝,还得琢磨应该怎么跟你说话
还得琢磨应该怎么跟你说话,这个 这
这个 这,妈妈瞒着你 还得瞒着爸爸就怕你们知道
妈妈瞒着你 还得瞒着爸爸就怕你们知道,对
对,说到知道这个事情你都知道
说到知道这个事情你都知道,你都知道妈妈知道你知道这个事情你为什么不让妈妈知道你知道呢
妈妈你在说什么,就是你都知道了妈妈在装粉丝了
就是你都知道了妈妈在装粉丝了,是不是
是不是,你都知道妈妈是装的
你都知道妈妈是装的,你为什么不让妈妈知道
你为什么不让妈妈知道,让妈妈知道你知道是不是
让妈妈知道你知道是不是,你看妈妈每天紧张
你看妈妈每天紧张,都把妈妈气晕了
我也晕了,不说了
不说了,好了 妈妈错了
好了 妈妈错了,妈妈错了
妈妈错了,妈妈向你道歉
妈妈向你道歉,的确这个事情妈妈处理的不好
的确这个事情妈妈处理的不好,那这样妈妈再问你一遍
那这样妈妈再问你一遍,是特别喜欢是不是
我真的特别喜欢写小说,你现在都这个成绩了
你现在都这个成绩了,算了算了不说这事一说就给你压力
算了算了不说这事一说就给你压力,这样咱们想一个折中的方法好不好
这样咱们想一个折中的方法好不好,比如说是一周还是一个月
比如说是一周还是一个月,还是最好是能够寒暑假的时候来更新行不行
那样会掉粉,"对
你现在粉丝好多"
"对
你现在粉丝好多",现在粉丝好多不能随便掉
现在粉丝好多不能随便掉,咱们商量
咱们商量,好不好
好不好,你满意我也满意
你满意我也满意,商量一个我们都满意的方法
商量一个我们都满意的方法,行
行,跟妈妈回家
咱们吃点东西,妈妈给你做啊
你怎么在这,你不想看见我
你怎么找着我的,你别管了
你别管了,反正你走到哪我都能找着
你找我有什么事,爸
爸,你就跟我回家
过两天,爸你别跟妈妈吵架了
你这是干嘛,你去哪我就去哪
你去哪我就去哪,你要不回家我也不下车了
你要不回家我也不下车了,你是说从上次你们俩吵完架之后一直到现在
你是说从上次你们俩吵完架之后一直到现在,他都没有回去
他都没有回去,这金志明什么人呢
这金志明什么人呢,我跟你讲
我跟你讲,男人吵架归吵架
男人吵架归吵架,但是要夜不归宿
但是要夜不归宿,这性质可就变了
这性质可就变了,我不喝
我不喝,你知道他住在哪吗
你知道他住在哪吗,她妈那儿
她妈那儿,确定吗
确定吗,那还能去哪儿
那还能去哪儿,反正我觉得这个头不能开
反正我觉得这个头不能开,你打算怎么办
你打算怎么办,是继续这么忍下去
是继续这么忍下去,还是跟他低个头
还是跟他低个头,服个软
服个软,我凭什么服软
我凭什么服软,我又没做对不起他的事
我又没做对不起他的事,你说姐这两口子吵架是不是再正常不过的事了
你说姐这两口子吵架是不是再正常不过的事了,吵个架就吵个架
吵个架就吵个架,他跟个娘们似的他先走了
他跟个娘们似的他先走了,我还没说走
我还没说走,他先走了那走就走
他先走了那走就走,别回来大不了就离婚
别回来大不了就离婚,怎么地
怎么地,你说的是真心话
你说的是真心话,还是在气头上随便说
还是在气头上随便说,我真心话
我真心话,你不知道姐
你不知道姐,只要回回提起这琴琴上学的事儿
只要回回提起这琴琴上学的事儿,他就没完没了的跟你吵
他就没完没了的跟你吵,你说跟一个又没有文化又没有见识的人
你说跟一个又没有文化又没有见识的人,你说不清道理
你说不清道理,反正我也想好了
反正我也想好了,大不了就跟他离
大不了就跟他离,我不惯他这毛病
我不惯他这毛病,行
行,你要真这么决定了
你要真这么决定了,正好一会有个律师来找我谈餐厅的事
正好一会有个律师来找我谈餐厅的事,我让他回去准备
我让他回去准备,明天让他找你去
明天让他找你去,帮你把离婚协议书给起草了
帮你把离婚协议书给起草了,保护好自己
保护好自己,这么快
这么快,那不是都得先谈谈的吗
那不是都得先谈谈的吗,长痛不如短痛不健康的婚姻
长痛不如短痛不健康的婚姻,你就得最好把它给结束掉
你就得最好把它给结束掉,对吧
对吧,你说他今天可以指着鼻子骂你
你说他今天可以指着鼻子骂你,明天说不定他就敢跟你动粗
明天说不定他就敢跟你动粗,所以咱们女人这一辈子需要什么
所以咱们女人这一辈子需要什么,就需要一个疼爱和呵护的老公
就需要一个疼爱和呵护的老公,对吧
对吧,哼你说我
哼你说我,我知道他们那些亲戚背后里怎么议论
我知道他们那些亲戚背后里怎么议论,诶呀 他好面子
诶呀 他好面子,爱虚荣
爱虚荣,为了一张绿卡
为了一张绿卡,别哭了
别哭了,说我为了一张绿卡到国外嫁给个糟老头子
说我为了一张绿卡到国外嫁给个糟老头子,可是自己的鞋舒服不舒服
可是自己的鞋舒服不舒服,只有自己知道
只有自己知道,你姐夫到现在这么多年开车出去
你姐夫到现在这么多年开车出去,永远是把车停好了
永远是把车停好了,绕到车这边帮我把车门打开
绕到车这边帮我把车门打开,你说我就心满意足了
你说我就心满意足了,再说你
再说你,金志明当年就是个的哥
金志明当年就是个的哥,又不求上进
又不求上进,好在那时候他还心疼你
好在那时候他还心疼你,对你还不错
对你还不错,那也就算了
那也就算了,现在完全不是那么回事了
现在完全不是那么回事了,你还有什么可留恋的
你还有什么可留恋的,别难过 别难过
别难过 别难过,我跟你讲
我跟你讲,他这个男人就是自私
他这个男人就是自私,只想他自己
只想他自己,根本不为你和孩子考虑
根本不为你和孩子考虑,也不想你们的未来对吧
也不想你们的未来对吧,所以你说他根本看不到你这么多年为家做出的贡献
所以你说他根本看不到你这么多年为家做出的贡献,他这么多年为你做什么了
他这么多年为你做什么了,他给你买过一个像样的东西吗
他给你买过一个像样的东西吗,你就说你戴项链
你就说你戴项链,是不是上次我回来送给你的
是不是上次我回来送给你的,回回在朋友圈里发照片
回回在朋友圈里发照片,就带着这一条
就带着这一条,姐其实我这人真的是不讲究  我吃点苦都无所谓
姐其实我这人真的是不讲究  我吃点苦都无所谓,我这人这一辈子就这命
我这人这一辈子就这命,干嘛妹妹
干嘛妹妹,姐
姐,可是我不想让琴琴跟我一样
可是我不想让琴琴跟我一样,这一辈子就这么过下去了
这一辈子就这么过下去了,你知道琴琴这孩子特别优秀
你知道琴琴这孩子特别优秀,他在学习上从来就没让我们两口子操过心
他在学习上从来就没让我们两口子操过心,回回都是年纪前10
回回都是年纪前10,他们都羡慕我有一个这么好的孩子
他们都羡慕我有一个这么好的孩子,可是真的是我们给孩子什么都没有
可是真的是我们给孩子什么都没有,我真的是想竭尽全力给孩子一个好的选择
我真的是想竭尽全力给孩子一个好的选择,姐 你说我这一辈子混来混去
姐 你说我这一辈子混来混去,有什么
有什么,我就一个好孩子
我就一个好孩子,和一个好姐姐
和一个好姐姐,别说了
别说了,你别说了说得我心里都挺难过的
你别说了说得我心里都挺难过的,佳妮
佳妮,你不要怕有姐姐给你撑腰
你不要怕有姐姐给你撑腰,我跟你讲
我跟你讲,大不了你跟他离了以后
大不了你跟他离了以后,你和孩子到我那去
你和孩子到我那去,你的孩子不就是我的孩子吗
你的孩子不就是我的孩子吗,是
是,别哭了别哭了让我的心里也不是滋味
别哭了别哭了让我的心里也不是滋味,坏了坏了律师在楼下等着这样
坏了坏了律师在楼下等着这样,我今天晚上到你那去住
我今天晚上到你那去住,你回去随便做几个家常菜
你回去随便做几个家常菜,晚上喝点酒好好聊聊好吗
晚上喝点酒好好聊聊好吗,行了行了
行了行了,别难过了
别难过了,我先走了
我先走了,你慢点
你慢点,这是你干的好事
这是你干的好事,你当着孩子说这些混蛋话
你当着孩子说这些混蛋话,你根本就不配当爹
我先走了,你的电脑被我
你的电脑被我,收起来
那我写作业我用什么,写作业以后就用妈妈的电脑
这次月考没考好,你不是没考好
你不是没考好,你是考得非常不好
你是考得非常不好,非常差的一塌糊涂
非常差的一塌糊涂,我难以接受
我难以接受,不说了
不说了,朵朵之前的事情我们不说
朵朵之前的事情我们不说,我们就说以后以后你考试的事情都交给妈妈来负责
我们就说以后以后你考试的事情都交给妈妈来负责,你听妈妈的好不好
可是我,没有可是 你就得听妈妈的
没有可是 你就得听妈妈的,为什么
为什么,因为妈妈有成功经验
因为妈妈有成功经验,妈妈中考高考都是非常优秀的成绩
妈妈中考高考都是非常优秀的成绩,妈妈会把所有经验传授给你
妈妈会把所有经验传授给你,而且朵朵我们咬咬牙努力
而且朵朵我们咬咬牙努力,就201天就200天
就201天就200天,我们一起努力
我们一起努力,你相信妈妈经过这200天以后
你相信妈妈经过这200天以后,你的人生一定会是非常灿烂的
好好吧,我爱你
我爱你,妈妈非常非常爱
娜娜想见他一面都难啊这,妈
妈,这次我一定好好收拾小宇
这次我一定好好收拾小宇,您放心
您放心,现在9点多他正上课
现在9点多他正上课,要不等他放学以后好不好
给我姑娘赔罪,行行行行行一定好吧
行行行行行一定好吧,你消消气好不好
你消消气好不好,琴琴给我来了个电话
琴琴给我来了个电话,说小宇今天可是没去上学
说小宇今天可是没去上学,没来这吗
没来这吗,没有
没有,这臭小子闯这么大祸还敢逃学
这臭小子闯这么大祸还敢逃学,他去哪儿了呢
他去哪儿了呢,一定去他姥姥家了
一定去他姥姥家了,张总您别着急
张总您别着急,我还真的提醒你一句
我还真的提醒你一句,蒂娜是受了委屈
蒂娜是受了委屈,但是昨儿那祸真未见得是小宇闯的
但是昨儿那祸真未见得是小宇闯的,对了佳妮
对了佳妮,佳妮我正想问你
佳妮我正想问你,昨天晚上到底怎么回事
昨天晚上到底怎么回事,你们家昨天是不是有什么特殊日子
你们家昨天是不是有什么特殊日子,我去你们家看到地上又是火盆
我去你们家看到地上又是火盆,又是纸钱
又是纸钱,还有小宇妈妈的照片
还有小宇妈妈的照片,是什么日子
是什么日子,怎么了
怎么了,昨天是小宇妈妈的生日
昨天是小宇妈妈的生日,你看我给忘得一干二净
你看我给忘得一干二净,你看
你看,我就说你说小宇这孩子是想妈妈了
我就说你说小宇这孩子是想妈妈了,烧点纸钱祭奠祭奠
烧点纸钱祭奠祭奠,这都是人之常情
这都是人之常情,可能是蒂娜妈妈觉得是起火了
可能是蒂娜妈妈觉得是起火了,一盆水给浇上去了
一盆水给浇上去了,还把妈妈的照片也给踩了
还把妈妈的照片也给踩了,小宇能不急吗
小宇能不急吗,就跟他俩人就开始吵吵
就跟他俩人就开始吵吵,蒂娜出来一劝架
蒂娜出来一劝架,关键是一地水呢
关键是一地水呢,谁知道是滑倒的还是推倒的
谁知道是滑倒的还是推倒的,吼
吼,是这样
是这样,甭管是怎么回事
甭管是怎么回事,事已经出了对吗
事已经出了对吗,关键是母子平安
关键是母子平安,老人没事
老人没事,孩子没事
孩子没事,你就踏踏实实的
你就踏踏实实的,反正我觉得小宇这孩子淘气归淘气
反正我觉得小宇这孩子淘气归淘气,他绝对不会诚心害蒂娜的
他绝对不会诚心害蒂娜的,我这事怪我
我这事怪我,真的
真的,把小雨妈妈的冥寿生日给忘了
把小雨妈妈的冥寿生日给忘了,忘了一干二净
忘了一干二净,你看他好歹是我前妻生的小宇是吧
你看他好歹是我前妻生的小宇是吧,这孩子都记得
这孩子都记得,你说我
你说我,所以你说小宇孩子多可爱
所以你说小宇孩子多可爱,这个年纪正是青春期
这个年纪正是青春期,往后你还真得多照顾他的情绪
往后你还真得多照顾他的情绪,特别是现在生了老二以后
特别是现在生了老二以后,以后张总可是任重而道远
以后张总可是任重而道远,一碗水可得端的平
一碗水可得端的平,走吧
你睡会,行了
行了,你不为别人想就替琴琴想
你不为别人想就替琴琴想,你们俩闹离婚
你们俩闹离婚,这琴琴能好好学习吗
我都觉得特别对不住孩子,甭说这废话
甭说这废话,拿出点行动搬回去
拿出点行动搬回去,我说你这回是哪根倔筋犯了
我说你这回是哪根倔筋犯了,这以前都是佳妮要跟你离
这以前都是佳妮要跟你离,这回怎么换了你了
这回怎么换了你了,他不闹了
他不闹了,你们俩这是在接力呢
日子真的是活不下去,怎么没法过了
怎么没法过了,不会是那什么
不会是那什么,你出租司机什么夫妻不和谐
这女的她要不唠叨她是不是能得病,是
是,这女人不都这样吗
这女人不都这样吗,尤其是老婆
那您家也这样,我以前那位现在这位不都一样吗
我以前那位现在这位不都一样吗,哪有不唠叨的
你说恶心不恶心这搁谁受得了,不会吧
不会吧,佳妮他看着不像这样的人了
我也没想到是这样的一人,他姐要给他介绍一个老美
他姐要给他介绍一个老美,他这岁数了还带一孩子
他这岁数了还带一孩子,真没想到
他姐到底给他找个什么狗屁精英,你这话不一定对
你这话不一定对,这老美外国人什么口味这难说
这老美外国人什么口味这难说,这万一佳妮真把琴琴带走了
这万一佳妮真把琴琴带走了,他可是你的心肝宝贝
他可是你的心肝宝贝,你能舍的
我得让他知道这是谁家这家姓金,我也算看明白
我也算看明白,咱聊了半天你也不是真心想离
咱聊了半天你也不是真心想离,是不是
是不是,你就想借这次机会让他妈妈吃个教训
你就想借这次机会让他妈妈吃个教训,是不是
是不是,行了
行了,教训教训他就得了
教训教训他就得了,真的
真的,你这结婚都十几年了
你这结婚都十几年了,为这点事不值当的好吗
为这点事不值当的好吗,给我个面子
我还得拉活去,爸
这么冷你怎么还在这小宇呢,你别管他了
你别管他了,你跟我回家吧
我还是得回你奶奶那去,我不想让你跟妈妈离婚
我实在是忍不了了,如果你们一定要离婚
如果你们一定要离婚,我就跟着你
再说回来的话也不迟,就是说你还是愿意回来的
我也不会离开你的,你爸真这么说的
你爸真这么说的,我爸这回是真生气了
我爸这回是真生气了,不过我觉得他根本就舍不得离开咱们俩
不过我觉得他根本就舍不得离开咱们俩,要不然你还是想办法给他递句软话
要不然你还是想办法给他递句软话,吃饭功课做完了吗
吃饭功课做完了吗,还差点
还差点,你吃完饭你把碗堆到池子里我洗
你吃完饭你把碗堆到池子里我洗,你干吗去
你干吗去,我们单位发了点东西
我们单位发了点东西,好久没去你奶奶那我给他送去
好久没去你奶奶那我给他送去,你真去我奶家
你真去我奶家,那你见了我爸一定好好说
那你见了我爸一定好好说,你行了别操心了
你行了别操心了,好好做功课
好好做功课,好我去了
好我去了,你慢点
你慢点,把门关好
把门关好,好好说
好好说,行好
行好,好好做功课 把门关好
好好做功课 把门关好,关好了
你来干嘛,我为什么不能来
你跑这来吵架来了是不是,你别来劲
你别来劲,谁愿意跟你吵架
齁冷的,行
行,我再说一遍
我再说一遍,那天那电话是我姐瞎说的
那天那电话是我姐瞎说的,跟我一点关系都没有
跟我一点关系都没有,我跟你说什么了还是我干什么了
我跟你说什么了还是我干什么了,一个大老爷们一吵架张嘴就滚蛋
一个大老爷们一吵架张嘴就滚蛋,滚蛋就
滚蛋就,离婚离婚的你也好意思
离婚离婚的你也好意思,要不是冲着孩子
要不是冲着孩子,我懒得来理你
你知道吧,价值观
价值观,你还跟我说上价值观了
我成全你咱就拉倒,你再说一遍
你再说一遍,你再给我说一遍
听明白了,明白了
明白了,是你不想过了吧
是你不想过了吧,谁求谁
谁求谁,你给我起开
把东西拿走,送你妈的
你骂人呢,就你这智商你拉倒吧你
就你这智商你拉倒吧你,你这是怎么了
你这是怎么了,把今天
把今天,今天当成最后一天过
今天当成最后一天过,打算吃完这顿就不过了
打算吃完这顿就不过了,不是不过了
不是不过了,是更得好好过
是更得好好过,我也算想清楚了
我也算想清楚了,以后就得自己对自己好一点
以后就得自己对自己好一点,你这个态度啊
你这个态度啊,我太喜欢了
我太喜欢了,你早该这么想
你早该这么想,不过
不过,不过什么你又得说我
不过什么你又得说我,不过我觉得你靠赌气大吃一顿根本不解决问题
不过我觉得你靠赌气大吃一顿根本不解决问题,跟你说句实话
跟你说句实话,今天我私底下找你们家老金好好聊聊
今天我私底下找你们家老金好好聊聊,你约他了 他没给你犯浑吧
你约他了 他没给你犯浑吧,我跟他说了
我跟他说了,什么嫁老外这些话都是我在气头上说的
什么嫁老外这些话都是我在气头上说的,跟你没关系
跟你没关系,姐你干嘛这么说
姐你干嘛这么说,跟你一点关系都没有
跟你一点关系都没有,你是我妹
你是我妹,我当然应该替你担待了
我当然应该替你担待了,再说这些话也基本上是我说的
再说这些话也基本上是我说的,所以我跟他讲
所以我跟他讲,你心里还有他 该讲的好话我可都讲了
你心里还有他 该讲的好话我可都讲了,至于他听不听进去
至于他听不听进去,那就看他
那就看他,就他那智商估计听也听不懂
就他那智商估计听也听不懂,好
好,那咱们就不说他
那咱们就不说他,说说你吧
说说你吧,我怎么了
我怎么了,你看看你现在这个样子一副活不起的劲儿
你看看你现在这个样子一副活不起的劲儿,干嘛
干嘛,老金是什么
老金是什么,神仙就说了一句
神仙就说了一句,不跟你过了
不跟你过了,你的天就好像塌下来
你的天就好像塌下来,娘娘
娘娘,今天早上没上班
今天早上没上班,早知道我就不跟外面吃早点了
早知道我就不跟外面吃早点了,回来陪你睡个回笼觉
回来陪你睡个回笼觉,怎么了
怎么了,起床气
起床气,诶呀妈呀
诶呀妈呀,这老张又得一子
这老张又得一子,我也想过想把这软包给它换成壁纸
我也想过想把这软包给它换成壁纸,是吧
是吧,这像卡拉OK似的不太好
这像卡拉OK似的不太好,还有可能这边墙纸也换一换你知道吧
还有可能这边墙纸也换一换你知道吧,诶呀妈呀
诶呀妈呀,你在干什么你
你在干什么你,史上最低
史上最低,史上最差
史上最差,史上最恐怖
史上最恐怖,这种分数你还重点
这种分数你还重点,高中
高中,你拉倒 我告诉你职高普高这分数进去都是垫底
你拉倒 我告诉你职高普高这分数进去都是垫底,这不可能这
这不可能这,什么不可能方圆你还要护他
什么不可能方圆你还要护他,护到什么时候我就奇怪了
护到什么时候我就奇怪了,你到底怎么想的
你到底怎么想的,你天天护他弄得
你天天护他弄得,我跟个后妈似的
我跟个后妈似的,你把我们俩弄的跟对仇人似的
你把我们俩弄的跟对仇人似的,好三天坏两天的
好三天坏两天的,我承认我就是个分迷
我承认我就是个分迷,我就看中分数
我就看中分数,因为数据能代表一切
因为数据能代表一切,我告诉你我不跟你开玩笑
我告诉你我不跟你开玩笑,你要再这么护他的话
你要再这么护他的话,我告诉你我只有一个方法
我告诉你我只有一个方法,我搬出这个家家我交给你
我搬出这个家家我交给你,我绝对不妨碍你的宽松政策
我绝对不妨碍你的宽松政策,不是 媳妇 我
不是 媳妇 我,做了很好的工作
做了很好的工作,我是觉得吧
我是觉得吧,没有不是
没有不是,她月考考成这样
她月考考成这样,你还打算瞒着我
你还打算瞒着我,你告诉我 你要瞒到什么时候 瞒到我老 还是瞒到我死
你告诉我 你要瞒到什么时候 瞒到我老 还是瞒到我死,而且我不明白你为什么要这么瞒
而且我不明白你为什么要这么瞒,你告诉我你为什么这么瞒
你告诉我你为什么这么瞒,我想不通
我想不通,方圆我不瞒你说
方圆我不瞒你说,我昨天晚上梦见我爹我妈了
我昨天晚上梦见我爹我妈了,我梦见我妈拉着我的手跟我说
我梦见我妈拉着我的手跟我说,你不能再对方朵朵这么放任不管了
你不能再对方朵朵这么放任不管了,我在梦里我一身的汗
我在梦里我一身的汗,我不愿意提这个事情
我不愿意提这个事情,我不想提
我不想提,我爸我妈在我那么小的时候就没了
我爸我妈在我那么小的时候就没了,你自己知道我一个人我无依无靠
你自己知道我一个人我无依无靠,我孤零零的
我孤零零的,我是靠什么走到今天的
我是靠什么走到今天的,我告诉你
我告诉你,没有爸爸的宽松
没有爸爸的宽松,没有妈妈的谅解
没有妈妈的谅解,什么都不靠
什么都不靠,就靠自强不息
就靠自强不息,我就靠勤奋努力
我就靠勤奋努力,我就靠我自己自立
我就靠我自己自立,我靠我自己自强
我靠我自己自强,我一步步有了今天
我一步步有了今天,我有了你
我有了你,我有了朵朵
我有了朵朵,我有了这个家
我有了这个家,我也想靠爸妈
我也想靠爸妈,但是我说我不能这样
但是我说我不能这样,我一定要过上好日子
我一定要过上好日子,我一定要让我自己好
我一定要让我自己好,我也让我爸爸妈妈在天上看到我是一个独立自强的人
我也让我爸爸妈妈在天上看到我是一个独立自强的人,我谁也不靠我一样可以好
我谁也不靠我一样可以好,呵呵
呵呵,方圆我可以像你这样
方圆我可以像你这样,我对他宽松我爱他他想吃麦当劳
我对他宽松我爱他他想吃麦当劳,我给他买麦当劳
我给他买麦当劳,想怎么样就怎么样
想怎么样就怎么样,我自己就这一个女儿
我自己就这一个女儿,我身上掉下的肉
我身上掉下的肉,我怎么不可能不让他好呢
我怎么不可能不让他好呢,但是不能这样
但是不能这样,将来有一天他会后悔的
将来有一天他会后悔的,他会说妈妈你当初为什么不对
他会说妈妈你当初为什么不对,我对我严格要求一点呢
我对我严格要求一点呢,将来他到外面他被人骂
将来他到外面他被人骂,他自己不自立不自强
他自己不自立不自强,他什么都拼不过人家的时候
他什么都拼不过人家的时候,我会后悔一辈子的
我会后悔一辈子的,我不想这样
我不想这样,反正我跟你说方朵朵考学的这个事情必须听我的
反正我跟你说方朵朵考学的这个事情必须听我的,我来管我还是那句话
我来管我还是那句话,不加压不成学霸一放松成学渣你同不同意
不加压不成学霸一放松成学渣你同不同意,同意
同意,同意就行
同意就行,我不再争这个事情了
我不再争这个事情了,这个事情我来处理好吧
这个事情我来处理好吧,爸不打你
爸不打你,你怎么脸通红了
你怎么脸通红了,是不是生病了
是不是生病了,姥姥、姥爷呢
打牌去了,我给他们带了点礼物 来 坐
我给他们带了点礼物 来 坐,小宇
我不知道蒂娜姐就会摔倒,行了
行了,小宇别说了
小宇别说了,爸不怪你
爸不怪你,是爸不好
是爸不好,忘了昨天是你妈的生日了
是弟弟还是妹妹,生了
生了,给你生了个小弟弟
给你生了个小弟弟,要不要去看看
要不要去看看,没事儿
没事儿,去看看小弟弟爸带你去好不好
去看看小弟弟爸带你去好不好,去换衣服
去换衣服,装好了走吧
装好了走吧,没落什么吧
没落什么吧,你放心吧啊
你放心吧啊,给戴维的景德镇瓷器
给戴维的景德镇瓷器,还有给他太太的苏绣
还有给他太太的苏绣,还给他孩子买的孙悟空面具都装好了
还给他孩子买的孙悟空面具都装好了,麻将带了吗
麻将带了吗,什么麻将
什么麻将,把你妈去年带的那副麻将带上
把你妈去年带的那副麻将带上,就我们两个人怎么打麻将
就我们两个人怎么打麻将,戴维也跟他太太特别喜欢中国麻将
戴维也跟他太太特别喜欢中国麻将,你怎么知道的
你怎么知道的,我们好不容易约到你们的主管度假
我们好不容易约到你们的主管度假,咱们不能光坐着傻玩吧
咱们不能光坐着傻玩吧,4个人坐下来打打麻将
4个人坐下来打打麻将,还可以促进一下感情
还可以促进一下感情,我怎么有个这么优秀的太太呀
我怎么有个这么优秀的太太呀,要是没有了你我该怎么办
要是没有了你我该怎么办,什么都指望你就晚了 快去拿
什么都指望你就晚了 快去拿,等我一下
等我一下,我还是接受不了
我还是接受不了,我妈才60出头
我妈才60出头,怎么就
怎么就,妈当时来的时候身体好着
妈当时来的时候身体好着,打麻将熬夜都没事
打麻将熬夜都没事,怎么就突然
怎么就突然,我问我爸
我问我爸,他也没说清楚
他也没说清楚,电话里只是一个劲的在哭
电话里只是一个劲的在哭,那明成明玉呢
那明成明玉呢,别提他俩了
别提他俩了,我妈走的时候
我妈走的时候,老二老三都不在身边
老二老三都不在身边,他俩真的是让我太失望了
他俩真的是让我太失望了,明哲你这一去没有七八天的都下不来
明哲你这一去没有七八天的都下不来,David那边你打算怎么解释啊
David那边你打算怎么解释啊,我们可是好不容易才约到他度假的
我们可是好不容易才约到他度假的,而且现在是你公司裁员的非常时期
而且现在是你公司裁员的非常时期,所有人都在表现
所有人都在表现,生老病死 人之常情嘛
生老病死 人之常情嘛,戴维再冷血
戴维再冷血,他不会拿这个说事的
他不会拿这个说事的,我和家伟的关系还不错
我和家伟的关系还不错,这次公司裁员才不到我头上
这次公司裁员才不到我头上,我只是害怕我们刚刚买了房按揭还没有还清
我只是害怕我们刚刚买了房按揭还没有还清,而且我们的积蓄又不多
而且我们的积蓄又不多,万一你的工作再有什么闪失
万一你的工作再有什么闪失,吴非 你能不能别再说了
吴非 你能不能别再说了,我才是苏家的长子
我才是苏家的长子,你替我回去算什么呀
你替我回去算什么呀,办好了快进去吧
办好了快进去吧,你的包
你的包,非非 最近几天辛苦你了
非非 最近几天辛苦你了,你照顾好小咪
你照顾好小咪,放心吧 快进去
放心吧 快进去,自己注意安全
自己注意安全,苏明玉 你到底是怎么回事
苏明玉 你到底是怎么回事,为什么妈出事的时候
为什么妈出事的时候,你和明成谁都不在身边
你和明成谁都不在身边,有这么当子女的吗
有这么当子女的吗,妈出事的时候我没在身边
妈出事的时候我没在身边,大家都不是故意的
大家都不是故意的,跟你一样
跟你一样,都各自有原因
都各自有原因,我不是想指责谁
我不是想指责谁,我只是想不明白
我只是想不明白,你说妈怎么就突然出事
你说妈怎么就突然出事,他到底怎么了
他到底怎么了,他打了10个小时的麻将
他打了10个小时的麻将,临了还自摸了一把
临了还自摸了一把,挺大的
挺大的,一激动人就晕过去
一激动人就晕过去,还没送到医院呢 人就没了
还没送到医院呢 人就没了,是疲劳过度加上兴奋过度
是疲劳过度加上兴奋过度,导致了大面积的心梗
导致了大面积的心梗,放心吧 大哥
放心吧 大哥,妈的后事该做的
妈的后事该做的,我们一个不落都在做
我们一个不落都在做,要不你先去看看妈吧
要不你先去看看妈吧,大哥我不是回避问题的人
大哥我不是回避问题的人,你说的那些 我有必要做三点解释说明
你说的那些 我有必要做三点解释说明,一
一,妈作为护士长有基本的医学常识
妈作为护士长有基本的医学常识,论年龄
论年龄,她也还没到需要子女24小时轮流陪护的时候
她也还没到需要子女24小时轮流陪护的时候,宋明成我是不了解的
宋明成我是不了解的,我经常出差
我经常出差,你又常年定居在国外
你又常年定居在国外,我们都有不在场的合理性
我们都有不在场的合理性,二
二,爸遇事方寸大乱
爸遇事方寸大乱,第一时间没叫120
第一时间没叫120,跑去找邻居把妈抬到路边打出租
跑去找邻居把妈抬到路边打出租,被人拒载了好几次才打到车
被人拒载了好几次才打到车,这也是延误治疗的主要原因
这也是延误治疗的主要原因,明玉呀 都已经这个时候了
明玉呀 都已经这个时候了,就别再说这些了
就别再说这些了,我觉得有必要说清楚
我觉得有必要说清楚,第三
第三,爸居然等到妈咽气了才通知我们
爸居然等到妈咽气了才通知我们,第一个通知的 居然是远在美国的你
第一个通知的 居然是远在美国的你,爸现在怎么样
爸现在怎么样,还挺得住吗
还挺得住吗,他眼下见谁都哭
他眼下见谁都哭,身体状态很好
身体状态很好,反正有苏明成两口子陪着呢
反正有苏明成两口子陪着呢,大哥 你住哪啊
大哥 你住哪啊,我给你订个酒店吧
我给你订个酒店吧,不用了
不用了,我想陪着爸
我想陪着爸,住在家里
住在家里,爸在苏明城那儿
爸在苏明城那儿,他不敢回老宅
他不敢回老宅,说是怕鬼
说是怕鬼,到殡仪馆还有一段路呢
到殡仪馆还有一段路呢,晚上还要商量
晚上还要商量,明天的事你先眯一会
明天的事你先眯一会,明天的仪式怎么安排的
明天的仪式怎么安排的,亲朋好友都已经通知过了
亲朋好友都已经通知过了,殡仪馆嘛 也是有自己套路的
殡仪馆嘛 也是有自己套路的,钱多钱少什么规格都有
钱多钱少什么规格都有,我是觉得 这种东西都是办给活人看的
我是觉得 这种东西都是办给活人看的,花太多钱确实没意义
花太多钱确实没意义,差不多就行
差不多就行,墓地我订好了
墓地我订好了,咱爸也看过了
咱爸也看过了,他倒是挺满意的
他倒是挺满意的,大哥是有什么不满意的地方吗
大哥是有什么不满意的地方吗,你安排挺好的
你安排挺好的,只是我觉得你说起咱妈 就像是在说别人家的事
只是我觉得你说起咱妈 就像是在说别人家的事,你变了
你变了,大哥我们都10年没见了
我可怎么办呢,爸你放心
爸你放心,一切有我在我一定会照顾好你的
一切有我在我一定会照顾好你的,爸 晚上我帮您洗好吗
走哪都觉得你妈在看着我,那你想住哪儿啊
那你想住哪儿啊,要不你就住明成这儿吧
就好像看见你妈了,懂了
懂了,老宅和苏明成家都有我妈的影子
老宅和苏明成家都有我妈的影子,所以你不敢住
所以你不敢住,那我家呢 我家我妈可没去过
那我家呢 我家我妈可没去过,那儿可没有她一丝影子
那儿可没有她一丝影子,你上我那儿住吧
不去不去 我不去,老宅不敢住
老宅不敢住,苏明成家也不敢住
苏明成家也不敢住,我那儿也不愿意去
我那儿也不愿意去,你想住哪儿啊
大哥同意爸去美国了,能不同意吗
能不同意吗,你爸整天哭着喊着要去
你爸整天哭着喊着要去,说在哪儿都能看见你妈他害怕
他就是想去美国住大宅子,那也不至于这样啊
他就这个样子,不过我发现明玉跟你们
不过我发现明玉跟你们,是有点奇怪
不就有几个臭钱吗,行了你别这么说了
行了你别这么说了,那是你亲妹
那是你亲妹,再说没准她就是因为妈去世了心情不好
我叫哥吃饭了,大哥倒时差
大哥倒时差,你让他再睡一会
你让他再睡一会,你要饿
你要饿,你先吃呗
你吃不吃,我不吃
妈 我能帮你干点啥吗,在学校多辛苦啊 干什么干
在学校多辛苦啊 干什么干,歇着吧
那我这不是不想让您累着吗,嘿嘿
嘿嘿,知道疼妈就好
知道疼妈就好,就好
就好,待会儿多吃点
我这天天吃不下睡不好的,是瘦了
是瘦了,待会儿多吃点 补补啊
待会儿多吃点 补补啊,我让你小点声
你有病吧 苏明玉 喊什么喊啊,你给我关了
你干嘛啊你要,你给关了
你凭什么碰我电脑啊,你打扰到我学习了
你打扰到我学习了,关了
你干嘛我不关,你关了
你别动,关了
我就不关,大哥
大哥,谢谢你
谢谢你,大哥 帮我看道题呗
大哥 帮我看道题呗,大哥
大哥,等我做完
别 是不又没考上啊,去
去,乌鸦嘴
非得去什么美国,不许这么说你大哥啊
不许这么说你大哥啊,你大哥去美国 是咱们家光宗耀门的喜事
你大哥去美国 是咱们家光宗耀门的喜事,你以为都像你啊
我明天那个联谊会 你说我穿什么啊,吃完了我帮着你挑
我觉得都少了,那不去多可惜啊
那不去多可惜啊,这么好的学校 学费已经全免了
这么好的学校 学费已经全免了,再说大哥去了 可以勤工俭学
再说大哥去了 可以勤工俭学,减轻家里压力
不是去打工的,你有钱都考不上
外边都争着抢着要呢,你懂什么
你懂什么,能考上美国名牌
能考上美国名牌,那是给你们苏家光宗耀祖
那是给你们苏家光宗耀祖,别人家的孩子有几个能上
别人家的孩子有几个能上,这街坊的
这街坊的,谁不知道明哲要去美国留学
谁不知道明哲要去美国留学,考了两年
考了两年,你以为没有人看笑话
你以为没有人看笑话,街坊邻居就不说了
街坊邻居就不说了,他舅他姨的谁不知道
他舅他姨的谁不知道,要是知道考上了没让去
要是知道考上了没让去,我可丢不起这个人
可是这钱呢 钱哪来啊,苏大强
苏大强,我就不稀说你
我就不稀说你,一辈子就这么窝窝囊囊的
一辈子就这么窝窝囊囊的,我可不想让儿子像你这样
我可不想让儿子像你这样,就是砸锅卖铁
就是砸锅卖铁,我也要让儿子
我也要让儿子,去美国读书
去美国读书,33平方公里
33平方公里,还有雕塑花园
还有雕塑花园,还有美术馆
还有美术馆,全美排名第五
全美排名第五,又在硅谷旁边
又在硅谷旁边,大哥你能去这么好的学校上学
大哥你能去这么好的学校上学,我真的太羡慕了
我真的太羡慕了,这些笔记和教材是我这些年整理的
这些笔记和教材是我这些年整理的,如果你真的想考清华的话
如果你真的想考清华的话,对你应该有些用处
对你应该有些用处,谢谢大哥
谢谢大哥,明玉像我们这种没有资源没有背景的家庭 考学是改变命运的唯一出路
明玉像我们这种没有资源没有背景的家庭 考学是改变命运的唯一出路,所以为了考学
所以为了考学,你一定要全力以赴
你一定要全力以赴,我一定以大哥为榜样
我一定以大哥为榜样,考清华 去美国
考清华 去美国,好
好,那大哥就在美国等着你将来亲自帮你选学校
那大哥就在美国等着你将来亲自帮你选学校,你说的 一言为定
你说的 一言为定,一言为定
一言为定,我们的房子卖了还需要征求你的建议
我们的房子卖了还需要征求你的建议,不是 妈
不是 妈,你为什么卖了我的房子
你为什么卖了我的房子,为什么
为什么,你大哥去美国不需要钱
你大哥去美国不需要钱,你二哥找工作也不需要钱
你二哥找工作也不需要钱,不卖房子
不卖房子,我们供的起他们吗
我们供的起他们吗,我以后住哪
我以后住哪,跟我们住
跟我们住,那我学习呢
那我学习呢,啊
啊,你跟我们住就不能学习了
你跟我们住就不能学习了,你别那么多事
这早点又不吃,甭管她 还是不饿
甭管她 还是不饿,我们又没虐待他
我们又没虐待他,这不都这样住着吗
这不都这样住着吗,妈 我也要1000块
妈 我也要1000块,干什么
干什么,学校办了个强化班
学校办了个强化班,要住校
要住校,让我们这些尖子生强化复习
让我们这些尖子生强化复习,什么班啊 这么贵
什么班啊 这么贵,全校三模的成绩出来了
全校三模的成绩出来了,我进了前10 以我的成绩我想冲刺一下清华
我进了前10 以我的成绩我想冲刺一下清华,为了这次高考
为了这次高考,我准备了很多很多年了
我准备了很多很多年了,考清华是我一生的梦想
考清华是我一生的梦想,算我求你了行吗
算我求你了行吗,好吧
好吧,既然你不想上师范学校也行
既然你不想上师范学校也行,正好我们医院招工
正好我们医院招工,你考虑好了我就给你报名
你考虑好了我就给你报名,这样咱们就更省钱了
这样咱们就更省钱了,啊啊
啊啊,哭什么哭
哭什么哭,你觉得委屈了是不是
你觉得委屈了是不是,你说把你生下来养这么大
你说把你生下来养这么大,我们容易吗
我们容易吗,让你生我了吗
让你生我了吗,我让你养我了吗
我让你养我了吗,你把我生下来你就要负责
你把我生下来你就要负责,不是光图快活
不是光图快活,爸
爸,您没事吧
没事,来来来 那腰还能动吗
能,抓着我啊慢点起慢点起
抓着我啊慢点起慢点起,不是让你在外面等着 你进来干什么呀
不是让你在外面等着 你进来干什么呀,闹了半天 您找这个来了
给我 那是我的东西,找存折你偷偷摸摸干什么
你给我你别管,爸 您这是违法行为
违法 我违什么法,这存折上是我妈的名字
都是我的钱,但是写的是我妈的名字
但是写的是我妈的名字,那法律上就可以认定这是我妈的财产
那法律上就可以认定这是我妈的财产,她要是没有特别的遗嘱
她要是没有特别的遗嘱,您这钱可得拿出一半给我们三个子女分
您这钱可得拿出一半给我们三个子女分,包括这房子
你在美国肯定吃不了这么正宗的,明成
明成,明玉这些年 跟咱妈是不是没见过面
明玉这些年 跟咱妈是不是没见过面,咱妈上回来美国的时候
咱妈上回来美国的时候,我问她她也不说
我问她她也不说,明玉和家里的事
明玉和家里的事,你应该撮合撮合
你应该撮合撮合,你是当哥哥的嘛
我跟朱丽结婚她都没来,不管怎么说
不管怎么说,她这回为了咱妈的后事
她这回为了咱妈的后事,那是跑上跑下出钱出力这点咱们都看在眼睛里
妈白养她,不过话说回来
不过话说回来,我这回回来呀
我这回回来呀,就是觉得明玉这脾气变得确实不太好
就是觉得明玉这脾气变得确实不太好,有的时候说话呀 挺伤人
她就是一个白眼狼,行了
行了,少说两句啊
少说两句啊,不管怎么说
不管怎么说,你是当哥哥的
你是当哥哥的,你就应该多照顾她
你就应该多照顾她,多关心她
走吧,你等会
又干什么,你不跟人说你是回来取衣服的吗
你不跟人说你是回来取衣服的吗,你现在一件都没拿
你现在一件都没拿,你跟他们怎么圆谎啊
我听你大哥说 美国的药可贵可贵的,爸 我腿都遛细了
爸 我腿都遛细了,你让我吃口行吗
你让我吃口行吗,走
走,我带你去吃好吃的
我带你去吃好吃的,妈不在了 你也没当过家
妈不在了 你也没当过家,别的我不管
别的我不管,但您那些什么身份证、房产证、银行卡、存折什么的
不相信那玩意,行
行,反正谁来找你要这些东西你都不能给
反正谁来找你要这些东西你都不能给,尤其是身份证
尤其是身份证,那东西要丢了
那东西要丢了,别人拿去挂失你的房产证
别人拿去挂失你的房产证,卖了你的房子你都不知道
卖了你的房子你都不知道,吓人
吓人,你得记住了
那我得收好了,你说要是现在 你的那些七大姑八大姨突然找你借钱
你说要是现在 你的那些七大姑八大姨突然找你借钱,你该怎么办
跟我借钱 没有,那我舅呢 我舅要找你借钱怎么办
我可不是你妈,那苏明成呢
那苏明成呢,苏明成要是找你借呢
我就先让他还钱,爸 你看这么多新衣服
爸 你看这么多新衣服,你要不要试一试
我试也得洗完澡试,也行
求您再给我一次机会,老倪 我今天不都反复跟你说了吗
老倪 我今天不都反复跟你说了吗,确实不是我不给你机会
确实不是我不给你机会,这公司管理的规则你知道的呀
这公司管理的规则你知道的呀,要不给你处罚
要不给你处罚,那别的同事怎么想
我家里头天会塌的,开除你真的是集团的决定
开除你真的是集团的决定,怎么可能我一个人说了算
怎么可能我一个人说了算,我从情感上是非常不舍的 老倪
我从情感上是非常不舍的 老倪,毕竟咱们俩共事那么多年
毕竟咱们俩共事那么多年,对吧
对吧,说句掏心窝的话老倪
说句掏心窝的话老倪,离开了众诚
离开了众诚,你肯定能活得好好的
你肯定能活得好好的,他日我要是混不下去了投奔你
他日我要是混不下去了投奔你,你可不能不接待我
你说是这身好看还是刚才那身好看,都挺好看的
都挺好看的,明玉挺会买东西的
全是我自己挑的,爸 这换下来的旧衣服我给你洗了
一有新的了谁还穿旧的呀,这面料多好啊
这面料多好啊,确实比这个好
就这个浅色的,爸 咱说话稍微小声点
爸 咱说话稍微小声点,不要影响明成他们休息
他们睡？,小声点
小声点,咱们回去换
咱们回去换,咱们到屋里试 咱们到屋里试
咱们到屋里试 咱们到屋里试,走吧走吧
你把镜子搬进去,咱小声点啊
咱小声点啊,赶紧睡吧
赶紧睡吧,睡好了明天才能有精神
睡好了明天才能有精神,在想什么呢
我不能一天到晚进门出门我都带着它呀,爸 就4万块钱
爸 就4万块钱,你说这明成
你说这明成,他们生活的挺好的
他们生活的挺好的,他们不会拿你的钱的
那还不得抢着去用啊,不会吧
就这个房子 那还是我们买我们装的呢,我怎么记得我妈跟我说
我怎么记得我妈跟我说,明成和朱丽对她挺好的
明成和朱丽对她挺好的,挺孝顺的
挺孝顺的,还经常给她买东西
那还不是羊毛出在羊身上,那明玉呢
明玉不这样,那我出国以后
那我出国以后,明玉和家里的关系还那么僵吗
我也不想说,我想等妈的事办完了
我想等妈的事办完了,咱们全家开个会
你想分遗产哪,不是这个意思
不是这个意思,我是想跟弟弟妹妹
我是想跟弟弟妹妹,把事情说明白
把事情说明白,你说父母辛苦半辈子了不容易
你说父母辛苦半辈子了不容易,咱这点钱 谁都不能动
咱这点钱 谁都不能动,包括老房子都是你的
包括老房子都是你的,谁都不能动
快,爸你这样 国内的银行啊 有保险箱业务
爸你这样 国内的银行啊 有保险箱业务,回头我给你租
回头我给你租,保险箱
保险箱,你把这个存折 包括值钱的东西都放在里面
你把这个存折 包括值钱的东西都放在里面,谁也动不了
好,爸 爸
爸 爸,你把存折放在袜子里干嘛呀
我不是怕明成发现了吗,好 睡觉
好 睡觉,回头啊 我赶紧去美国大使馆 排队办签证
回头啊 我赶紧去美国大使馆 排队办签证,等办完了签证
等办完了签证,你就跟我去美国
喂明总 洪总他们已经到了,我不跟你说过改成下周一的吗
他说他会处理这事,孙副总 这事跟他有什么关系
洪总他都急了,那你转告明总
那你转告明总,我现在有急事我过不去了
我现在有急事我过不去了,回头我跟他解释
回头我跟他解释,明总呢 你是怎么搞的啊？
明总呢 你是怎么搞的啊？,这么大的事情 时间都确定不好
但是我真的跟孙副总说过,我问过孙副总了
我问过孙副总了,孙副总说这事不是他负责任
孙副总说这事不是他负责任,他根本不知情
他根本不知情,是明总的责任
是明总的责任,为什么要临时改时间
为什么要临时改时间,理由是什么
电话在哪儿打不行,今天是妈的葬礼
今天是妈的葬礼,我不想跟你吵架
反正你也没有资格来参加妈的葬礼,凭什么我没资格
凭什么我没资格,墓地是我买的
墓地是我买的,葬礼钱是我出的
葬礼钱是我出的,你那么孝顺 妈去世到现在你出过一分钱吗
出点钱怎么了,你说你30好几的成年人
你说你30好几的成年人,成天搜刮父母的血汗钱
成天搜刮父母的血汗钱,你丢不丢人
我什么时候搜刮父母血汗钱了,你自己心里不清楚啊
我不清楚 谁跟你说的,我平日里不说是给你留面子
你不用给我留面子 来来来跟大家说清楚,明成 你今天这么做
明成 你今天这么做,有点过分
她把妈的骨灰盒都摔了,是 可那只是个意外
是 可那只是个意外,你当时这么对明玉
你当时这么对明玉,她哪有功夫顾及到别的呀
她哪有功夫顾及到别的呀,再说了 那个骨灰盒 骨灰盒是我放在那儿
再说了 那个骨灰盒 骨灰盒是我放在那儿,你要怪的话
你要怪的话,你就怪我
你就怪我,可不管怎么说
可不管怎么说,你不能当着那么多亲戚的面去动手
你不能当着那么多亲戚的面去动手,这多丢人哪
哥 要当时不是你拦着 真抽她,明玉她就这样
明玉她就这样,她打小脾气就倔
她打小脾气就倔,但是她的心地不坏
那她呢 当着那么多人的面说我吸爸妈的血,今天你一定要跟我说说清楚 这明玉和妈到底怎么了
今天你一定要跟我说说清楚 这明玉和妈到底怎么了,至于闹成这样吗
至于闹成这样吗,这妈刚走 明玉和明成的关系就这么僵
这妈刚走 明玉和明成的关系就这么僵,这事咱们一定得管
这事咱们一定得管,你跟我说说
你跟我说说,我去做他们的工作
睡觉吧,爸 爸你真的希望这个家就这么散了
我再转给她,那我先走了
明天晚上你得回家吃饭啊,我有事去不了
她拉不下这脸来,我妈真的这么说了吗
说好几回呢,那等端午节放假吧
明天锦江饭店都订好了,在饭店 跟谁吃啊
你二哥要订婚了,说了半天就为这事 看来不是叫我去
明玉,我不去
我不去,苏明成订婚关我什么事
咱们这个老苏家脸面 还给你哥买了套房呢,你们哪来的钱买房
你们哪来的钱买房,爸 爸你说清楚
爸 爸你说清楚,你不说清楚我不会去的
明玉 你可不能回家闹去啊,妈
妈,你们为什么又卖房
你们为什么又卖房,为什么又不经过我同意
为什么又不经过我同意,大人的事 干嘛要经过你同意
大人的事 干嘛要经过你同意,妈 我问你 我在这个家还有容身之处吗
妈 我问你 我在这个家还有容身之处吗,你还把我当苏家人吗
你还把我当苏家人吗,你眼里还有这个家
你眼里还有这个家,你不是宁肯寒暑假住宿舍
你不是宁肯寒暑假住宿舍,也不愿回来住吗
也不愿回来住吗,你这是要把我彻底赶出去的意思啊
你这是要把我彻底赶出去的意思啊,没人要赶你
没人要赶你,那我住哪
那我住哪,你要是愿意
你要是愿意,就跟我们住
就跟我们住,不愿意
不愿意,你就在这搭个床
你就在这搭个床,我是不是苏家人
我是不是苏家人,你想说什么
你想说什么,大哥出国家里没钱
大哥出国家里没钱,你宁可卖房子也要支持
你宁可卖房子也要支持,苏明成结婚你卖房子也要满足
苏明成结婚你卖房子也要满足,你为了这两个儿子 宁可砸锅卖铁
你为了这两个儿子 宁可砸锅卖铁,倾家荡产也心甘情愿
倾家荡产也心甘情愿,那我呢 你们为我呢 凭什么我想上大学家里就不肯出钱
那我呢 你们为我呢 凭什么我想上大学家里就不肯出钱,你们还有没有把我当苏家人
你们还有没有把我当苏家人,苏明玉
苏明玉,你是个女孩
你是个女孩,你怎么能跟你两个哥哥比呢
你怎么能跟你两个哥哥比呢,我们只负责养你到18岁
我们只负责养你到18岁,你以后还要嫁人
你以后还要嫁人,到老了
到老了,我们也不需要你养
我们也不需要你养,你嫌弃我是个女孩
你嫌弃我是个女孩,你为什么要生我
你为什么要生我,你就不配当我妈
你就不配当我妈,你想说什么
你想说什么,你生我又不想养我
你生我又不想养我,你生我干什么
你生我干什么,难道就跟你当出气筒吗
难道就跟你当出气筒吗,我就要说 我偏要说 我今天一定全部说出来
我就要说 我偏要说 我今天一定全部说出来,打我记事起 你就从没待见过
打我记事起 你就从没待见过,就说过去上学的事儿
就说过去上学的事儿,早上吃早餐
早上吃早餐,我俩哥总是火腿加鸡蛋
我俩哥总是火腿加鸡蛋,我就是一碗泡饭
我就是一碗泡饭,他俩不是果汁就是牛奶
他俩不是果汁就是牛奶,我就是一杯白开水
我就是一杯白开水,更可恶的是 我还要洗碗、擦桌子、扫地 等赶到学校就是迟到
更可恶的是 我还要洗碗、擦桌子、扫地 等赶到学校就是迟到,还要当着全班同学的面罚站
还要当着全班同学的面罚站,你供他俩上学读书、买房
你供他俩上学读书、买房,我中考的时候你连一本复习资料都舍不得给我买
别跟你妈这样说话,我不跟她说跟你说 跟你说有用吗
不是 你别冲我来,爸你别走 我没说完呢
爸你别走 我没说完呢,你连自己都保护不好
你连自己都保护不好,怎么保护我
怎么保护我,你在我妈面前就是一个任由她捏来捏去的软柿子
你在我妈面前就是一个任由她捏来捏去的软柿子,我就见过你私藏奖金
我就见过你私藏奖金,我妈打你耳光还让你下跪
我妈打你耳光还让你下跪,瞧瞧
瞧瞧,这就是你惯出来的女儿
这就是你惯出来的女儿,我说你今天到底想干什么
我说你今天到底想干什么,你今天回来 就是想教训我们俩是不是
你今天回来 就是想教训我们俩是不是,是不是
是不是,我们给你吃给你喝养你这么大
我们给你吃给你喝养你这么大,我们有罪了是不是
我们有罪了是不是,你要是有能耐
你要是有能耐,你就别用我们的钱哪
你就别用我们的钱哪,既然这个家没有我容身的地方
既然这个家没有我容身的地方,我现在就离开 和你们一刀两断
我现在就离开 和你们一刀两断,好
好,你现在就走
你现在就走,马上就走
马上就走,永远都别回来
永远都别回来,我不会回来
我不会回来,这件事 我妈做的确实不对
这件事 我妈做的确实不对,爸 您也应该劝劝啊
明玉也不让我送生活费了,那明玉靠什么
那明玉靠什么,生活
后来也不怎么着就做上生意了,先生您好
先生您好,学习英文吗
学习英文吗,我们是师大学生自主创办的英语培训班
我们是师大学生自主创办的英语培训班,可以看一下
可以看一下,如今奥运会刚过
如今奥运会刚过,学习英文是个全民趋势
你觉得我这个年纪还需要上你这个课吗,有啊 您有孩子吧
有啊 您有孩子吧,我们有针对从幼儿到大学生的所有课程
我们有针对从幼儿到大学生的所有课程,按照不同年龄段分
按照不同年龄段分,学习英文一定要从小抓起
我儿子已经在国外念书了,那您能送孩子出国一定是位成功人士吧
那您能送孩子出国一定是位成功人士吧,您肯定是要出国洽谈业务
我有翻译,那您出国游玩也会需要啊
那您出国游玩也会需要啊,真的可以考虑一下 我们价格很优惠的
这课怎么卖啊,我们第一阶段是60个小时
我们第一阶段是60个小时,5800
60个小时,这只是第一阶段 完成后您能无障碍的进行日常交流
这只是第一阶段 完成后您能无障碍的进行日常交流,但是如果要商业谈判的话
你干这个一个月能赚多少钱,我上课也卖课
我上课也卖课,按提成的话一个月2000到3000吧
按提成的话一个月2000到3000吧,我还在图书馆上班
我还在图书馆上班,一个月1200
一个月1200,还有就是
还有就是,如果能达到前三的话
如果能达到前三的话,我能拿到奖学金
读几年级,大二
干嘛那么拼命,我想要攒钱自己出国留学
要攒多少钱,30万
那你一个月能攒多少,我一个月花800
我一个月花800,可以攒2000多块
你毕了业以后你想干什么,上班
看来你还没想清楚你这么努力是为了干什么,我是为了出人头地过好日子
好好想一想,先生
你吓我一跳 什么事,我有一个您必须考虑的产品
我有一个您必须考虑的产品,保证能给你带来巨大的收益
什么产品,爸 你别管我
爸 你别管我,我自己能收拾
我自己能收拾,你赶紧吃饭
我这签证能办下来吧,你就放心吧
你就放心吧,等我回去啊
等我回去啊,帮你把所有的表格资料都弄好
帮你把所有的表格资料都弄好,然后交给明成
然后交给明成,让他来帮你办
让他来帮你办,等你的签证弄完了
等你的签证弄完了,我就给你买机票
我就给你买机票,怎么了 爸
怎么了 爸,还有什么事不放心啊
我这东西放哪儿啊,爸
爸,对不起 我这两天一忙 忘了去银行给你弄保险柜了
这事你怎么能忘了他,爸 对不起
爸 对不起,要不然我再去机场的路上
要不然我再去机场的路上,给你把这事办了
防我,多大点事啊 别想太多了
这为什么呀 要这样,行了
行了,去把馄饨帮我盛出来
去把馄饨帮我盛出来,快去快去
快去快去,最近几天真是辛苦你们了
最近几天真是辛苦你们了,大哥太客气了
大哥太客气了,我们应该做的
我们应该做的,原本啊 我想让明玉送我 之前的家庭会议没开成
原本啊 我想让明玉送我 之前的家庭会议没开成,有些事啊 还是跟她商量商量
有些事啊 还是跟她商量商量,但是最近几天啊 她这个电话永远打不通
但是最近几天啊 她这个电话永远打不通,发个微信她也不带回的
她爱怎么样就怎么样吧,我不希望这个家散掉
别给对方添负担 对吧,明成啊
明成啊,你要这么说的话
你要这么说的话,真的是让我太失望了
明哲 我要去了美国是不是就吃不着了,在美国有很多的中餐厅
在美国有很多的中餐厅,实在不行 咱可以自己做
对不起,没事
没事,这事也不能全怪你
这事也不能全怪你,以后吸取经验教训就是
集团内部早就有风声了,什么风声
这是给鎏金献的见面礼,扯淡
你带我一块,你是脑子进水呀
你是脑子进水呀,还是压根就没长脑袋
还是压根就没长脑袋,几天都联系不上你
几天都联系不上你,上哪去了
上哪去了,还是处理私事
还是处理私事,处理完了
处理完了,那现在可以告诉我什么事吗
那现在可以告诉我什么事吗,好好好
好好好,你不说那我也不问
你不说那我也不问,洪总那边呢
洪总那边呢,洪总的事情我有错
洪总的事情我有错,不是你的错
不是你的错,要怪就怪那个小新办事不力
要怪就怪那个小新办事不力,要不你把她换了
要不你把她换了,这事儿真不能全怪小新
这事儿真不能全怪小新,这么护短
这么护短,我还想找您呢
我还想找您呢,小新是缺乏经验
小新是缺乏经验,但主要还是因为盲目信任了别人
但主要还是因为盲目信任了别人,好 你要留就留着
好 你要留就留着,我走了
我走了,师傅 您不是找我有事吗
师傅 您不是找我有事吗,我没事就不能来看你
我没事就不能来看你,好 走了
好 走了,姓孙的这明显是坑你
姓孙的这明显是坑你,你怎么不跟老孟解释一下呢
你怎么不跟老孟解释一下呢,不是所有的事情都能解释明白
不是所有的事情都能解释明白,那老蒙说什么了
那老蒙说什么了,他说这事过去了
他说这事过去了,老蒙的意思明显是偏向姓孙的这边啊
老蒙的意思明显是偏向姓孙的这边啊,你就这么忍了
你就这么忍了,这不是你性格
这不是你性格,苏明玉 你肯定找好下家了
苏明玉 你肯定找好下家了,你必须得带我走
你必须得带我走,柳青
柳青,我正式地通知你一次
我正式地通知你一次,我永远都不可能背叛我师傅
我永远都不可能背叛我师傅,至于你 踏踏实实该干什么干什么去
你看啊,你先把南北销售公司那些传闻说说
据说好像已经成双入对了,招赘呀
招赘呀,呵呵
呵呵,那得看我愿不愿意呀
可也不能排除这两件事与此就没有一丁点关系吧,来 喝茶
谢谢 谢谢 谢谢,来
蒙总 这喝茶配油条,有关系吗
高级啊 高级,上错了
上错了,我还没点呢
我还没点呢,这是你上次点的菜
这是你上次点的菜,但你一口都没吃
但你一口都没吃,表示你对我的菜才有严重的不满
表示你对我的菜才有严重的不满,你想怎样
你想怎样,你别误会
你别误会,这些都是今天刚做的
这些都是今天刚做的,但我在细节上做了一些调整
但我在细节上做了一些调整,你吃吃看
你吃吃看,如果你不满意
如果你不满意,我会做到你满意
我会做到你满意,我上一次是因为太累了没胃口
我上一次是因为太累了没胃口,不是因为你菜做的不好吃
不是因为你菜做的不好吃,不好意思
不好意思,我知道 再累 吃完我做的菜 心情都会变好
我知道 再累 吃完我做的菜 心情都会变好,你很自信啊 贵姓
你很自信啊 贵姓,免贵
免贵,石天冬
石天冬,你呢
你呢,我姓仙
我姓仙,叫我仙女就好了
买单,要走了
对,今天就 算600块吧
好,还行吗 今天的菜
转了啊 拜,拜拜
拜拜,买单
买单,不用了
不用了,上次买过了
上次买过了,好吃
好吃,明成和朱丽啊 送了你一个羊绒的披肩
明成和朱丽啊 送了你一个羊绒的披肩,他们还送了我一个领带
他们还送了我一个领带,给宝宝啊 买了两套衣服
给宝宝啊 买了两套衣服,你看
你看,你这次回去什么都没给他们带
你这次回去什么都没给他们带,这多不合适啊
这多不合适啊,家里现在什么情况
家里现在什么情况,明玉混得不错
明玉混得不错,她在她们集团公司下面的一个销售公司当总经理
她在她们集团公司下面的一个销售公司当总经理,每天可忙了
每天可忙了,明成和朱莉的收入不错
明成和朱莉的收入不错,算是属于中上等吧 明成还那样
算是属于中上等吧 明成还那样,贪玩 有点懒
贪玩 有点懒,朱丽每天工作倒是挺辛苦的
朱丽每天工作倒是挺辛苦的,她现在是注册会计师
她现在是注册会计师,二媳妇真能干
二媳妇真能干,别看他们挣得多
别看他们挣得多,开销也蛮大的
开销也蛮大的,穿的用的都是名牌
穿的用的都是名牌,那妈这么一走
那妈这么一走,爸怎么样
爸怎么样,我爸还行
我爸还行,身体挺好的
身体挺好的,饭量也不错
饭量也不错,也睡得香
也睡得香,就是我爸胆小
就是我爸胆小,他总说看见我妈了
他总说看见我妈了,一会在这 一会在那
一会在这 一会在那,他不敢一个人住在老宅子
他不敢一个人住在老宅子,其实爸年纪不大
其实爸年纪不大,又有房子
又有房子,又有固定的退休金
又有固定的退休金,一个人住挺自由的
一个人住挺自由的,再说明成跟朱丽两个人都那么忙
再说明成跟朱丽两个人都那么忙,也未必照顾得过来
也未必照顾得过来,要不然 咱们给爸找个保姆吧
要不然 咱们给爸找个保姆吧,保姆费由我们出
保姆费由我们出,你说到这个我倒想起来了
你说到这个我倒想起来了,我想把我爸接到美国来跟我们一块住
我想把我爸接到美国来跟我们一块住,你爸爸 你爸爸有耳水失衡的毛病
你爸爸 你爸爸有耳水失衡的毛病,不能坐长途飞机
不能坐长途飞机,他没那个毛病
他没那个毛病,我也是这回才知道的
我也是这回才知道的,我妈呀 当初是不想来美国伺候你坐月子
我妈呀 当初是不想来美国伺候你坐月子,她才撒了这么一个谎
她才撒了这么一个谎,说我爸耳朵有毛病
说我爸耳朵有毛病,不能坐飞机
不能坐飞机,非非 我知道这事对不起你 你千万别生气
非非 我知道这事对不起你 你千万别生气,非非
非非,我知道这事是我妈做的不对
我知道这事是我妈做的不对,可我妈已经走了
可我妈已经走了,过去的事就让它过去吧
过去的事就让它过去吧,当务之急是考虑一下怎么照顾我爸
当务之急是考虑一下怎么照顾我爸,当初我在最困难的时候是谁照顾的我
当初我在最困难的时候是谁照顾的我,是我妈
是我妈,我妈为了照顾我月子
我妈为了照顾我月子,提前两年办了病退
提前两年办了病退,孙明哲 你是知道的
孙明哲 你是知道的,她现在一个月得损失多少退休金
她现在一个月得损失多少退休金,一码归一码嘛
一码归一码嘛,你现在说这个事 还有什么意义呢
你现在说这个事 还有什么意义呢,目前的情况是 明成没有能力照顾我爸
目前的情况是 明成没有能力照顾我爸,明玉又不管我爸的事
明玉又不管我爸的事,你让我爸怎么办
你让我爸怎么办,这个时候就需要我们站出来承担责任
这个时候就需要我们站出来承担责任,大度一点
大度一点,别计较这些小事儿
别计较这些小事儿,这怎么能是小事呢
这怎么能是小事呢,你们苏家自己不和谐
你们苏家自己不和谐,又不怪我
又不怪我,再说我也没有欠你们苏家的人情啊
再说我也没有欠你们苏家的人情啊,你们家三个孩子凭什么你爸就由我们一个人负责
你们家三个孩子凭什么你爸就由我们一个人负责,我是苏家的老大呀
我是苏家的老大呀,我一直在美国
我一直在美国,我亏欠家里多少啊
我亏欠家里多少啊,就因为你是老大
就因为你是老大,所以我要跟着你吃苦是吗
所以我要跟着你吃苦是吗,非非 非非 非非
非非 非非 非非,我不光是想照顾我爸
我不光是想照顾我爸,最关键的是 我想跟我爸多相处一段时间
最关键的是 我想跟我爸多相处一段时间,我妈走的时候 我都没有送上最后一程
我妈走的时候 我都没有送上最后一程,我不能再失去我爸了
我不能再失去我爸了,我知道你是最支持我的
我知道你是最支持我的,这回一定要帮我 好吗
这回一定要帮我 好吗,算我求你了
算我求你了,苏明哲
苏明哲,什么话都让你说了
什么话都让你说了,什么理你也都占了
什么理你也都占了,你说你把话说到这个份上
你说你把话说到这个份上,你还要让我怎么样啊
你还要让我怎么样啊,如果我要是不同意的话
如果我要是不同意的话,那就成我不是人了
那就成我不是人了,对吗
对吗,这谁煮的粥啊
那肯定是他啊 这还用问吗,你爸有没有生活常识啊
你爸有没有生活常识啊,自己煮了粥 人不在这
自己煮了粥 人不在这,把咱家给点了就好了
把咱家给点了就好了,走开走开
走开走开,把那给我擦干净了
把那给我擦干净了,我去倒粥 我能干嘛去啊
我去倒粥 我能干嘛去啊,苏明成
怎么了,你爸又一次用了我的毛巾
你爸又一次用了我的毛巾,我都换了多少条毛巾了
听到了吧,你是嘱咐过他
你是嘱咐过他,但他改了吗
但他改了吗,他这不又用了吗
他这不又用了吗,现在怎么办
现在怎么办,我用什么
你用我的,我不要
那你用我爸的,怎么可能
他那是新的呀,那明天又用那个呢
那明天又用那个呢,今天一大早起来就这么多事
今天一大早起来就这么多事,让人会有起床气
让人会有起床气,心情很不好
心情很不好,昨天晚上呢 一惊一乍的
昨天晚上呢 一惊一乍的,我们都没睡好觉
我们都没睡好觉,是不是
是不是,你说吧 接下来的日子怎么过
怎么过 过呀也得,还有 你去看一下那马桶
还有 你去看一下那马桶,你赶紧把这收拾干净了
你赶紧把这收拾干净了,我要用 我还要上班
原来是丽丽嫌弃我呀,刚才那事儿也是太危险了呀
刚才那事儿也是太危险了呀,您看您忘记关火了吧
您看您忘记关火了吧,那个粥把火给扑灭的
那个粥把火给扑灭的,那煤气一直外漏呢
那煤气一直外漏呢,这万一要是真着了火了吧
这万一要是真着了火了吧,那不光是咱家
那不光是咱家,整个楼都得烧着了
整个楼都得烧着了,咱就真闯了大祸了
咱就真闯了大祸了,咱也赔不起有呀
咱也赔不起有呀,这主要的呢 我们还是真的担心您的安全问题 是为您好
吃点啥,我给您叫外卖吧
我给您叫外卖吧,您想吃什么我就给您叫什么
您想吃什么我就给您叫什么,平时呢 我们俩工作忙
平时呢 我们俩工作忙,早餐也都是叫外卖的
早餐也都是叫外卖的,还有午餐和晚餐都是在公司里面叫外卖解决的
我合着不能上你们公司去吃去吧,爸 这个您不用担心
爸 这个您不用担心,现在那个订餐服务特别的方便
现在那个订餐服务特别的方便,那个午餐跟晚餐我都让他们直接送到家里来
我去收拾厕所去,老公 你到底会不会呀
老公 你到底会不会呀,说话呀
吓我一跳啊,你这么说话 你爸肯定觉得是我嫌弃他呀
你这么说话 你爸肯定觉得是我嫌弃他呀,你没发现他开始对我有意见了吗
我缺心眼,你说你爸也是啊 他以前不这样吧
你说你爸也是啊 他以前不这样吧,他现在这个脾气 怎么变得这么倔了呢
过两天他就去美国了,每天一大早的心情都不好
每天一大早的心情都不好,怎么上班呀
唱首歌吧,别闹
太阳,我跟你说
我跟你说,你爸这个签证的事情 你尽快去办
你爸这个签证的事情 你尽快去办,听到没有
你将就点 喝点汤,喂 老公 怎么了
你晚饭给爸提前带回去 好吗,可以
可以,但是你别回来太晚了
但是你别回来太晚了,我跟你爸两个人独处
我跟你爸两个人独处,我觉得好奇怪的
弄点米饭就行了,是不是
是不是,你爸跟你告状
你爸跟你告状,说我订的饭不好吃啊
说我订的饭不好吃啊,我跟你说 中午那个餐厅很贵的
我跟你说 中午那个餐厅很贵的,我平时都舍不得吃的
咱就给他弄红烧肉就行了,好了知道了
你辛苦啊,苏明成
苏明成,你在哪儿呢
我和周经理在外面陪客户呢 怎么了,你马上给我回家
你马上给我回家,你老婆在这个家快要呆不下去了
你老婆在这个家快要呆不下去了,就这样
就这样,这点找我 没好事吧
这点找我 没好事吧,对
对,咱俩该小心了
咱俩该小心了,小心什么呀
小心什么呀,在你这儿被老蒙撞见以后
在你这儿被老蒙撞见以后,我这心里一直不踏实
我这心里一直不踏实,本来我今天是找他汇报工作去了
本来我今天是找他汇报工作去了,他压根没理我
他压根没理我,你猜他把我打发给谁了
你猜他把我打发给谁了,孙副总
孙副总,你知道了
你知道了,他为难你了
他为难你了,他夸我 太可怕了
他夸我 太可怕了,他一直说我是个销售奇才
他一直说我是个销售奇才,走到哪儿都能发光发热
走到哪儿都能发光发热,你说这是不是要逼我走的意思
你说这是不是要逼我走的意思,他是这意思
他是这意思,完了完了完了 我不管啊 这事你得罩着我
完了完了完了 我不管啊 这事你得罩着我,你也要小心一点
你也要小心一点,我估计下一个就得找你了
我估计下一个就得找你了,现在公司里关于我们俩要跳槽的事吧
现在公司里关于我们俩要跳槽的事吧,传的能杀人了
传的能杀人了,你慌什么呀
你慌什么呀,你自己不都说了吗
你自己不都说了吗,这是个传言
这是个传言,传言说1000遍
传言说1000遍,那都变成真的了
那都变成真的了,老公
老公,你看看呀 这么宝贝的杯子 就让爸这么给摔了
你看看呀 这么宝贝的杯子 就让爸这么给摔了,我说我买了两年了
我说我买了两年了,我自己都舍不得用的
是是是,你知不知道这个杯子碎了
你知不知道这个杯子碎了,我的心都快要碎了
我回头再给你买一套新的 好吗,我知道他想请朋友来玩
我知道他想请朋友来玩,我又没有不同意
我又没有不同意,他是不是应该提前给我们打个招呼啊
我们多包容一下 好不好,不是我不包容
不是我不包容,你不能这么维护爸吧
你不能这么维护爸吧,这是对人起码的尊重好不好
这是对人起码的尊重好不好,好不好
好不好,我回来的时候看见一帮人没有脱鞋就踩在那个地毯上面
我回来的时候看见一帮人没有脱鞋就踩在那个地毯上面,满屋子乌烟瘴气的
满屋子乌烟瘴气的,满地都是瓜子
满地都是瓜子,到处都是烟灰
到处都是烟灰,你又不是不知道 这种布料的沙发是特别吸烟味的
你又不是不知道 这种布料的沙发是特别吸烟味的,散都散不掉
他很快就要去美国了,我怎么忍呢
我怎么忍呢,还有你让爸洗个澡行不行啊
我从小到大都闻习惯了 行了,再这么下去
再这么下去,我觉得我已经快要窒息了，我没有办法跟你白头偕老了
买不起机票啊,爸
爸,这签证还没办好呢
亲自办,我回头把资料准备好了就交给明成
我回头把资料准备好了就交给明成,然后呢 让他带你到上海去面签就行了
我看要不你亲自回来办吧,爸
爸,明成没时间管你吗
饿不死,不是
不是,明成他们不做饭的
万一我再把房子给点了呢,什么点了 什么又点了
哥 哥,我说你 是不是没有把爸照顾好啊
没有啊 把爸照顾的挺好的呀,那爸刚才怎么说吃不好
那爸刚才怎么说吃不好,然后天天吃外卖
然后天天吃外卖,我说你们俩 就不能给爸做个饭呢
而且我们大家都是一起吃的,明成啊 爸的肠胃一直都不好
明成啊 爸的肠胃一直都不好,吃外面的东西一定要小心
好 我明白了,你们俩抽空一定要多陪爸说说话
你们俩抽空一定要多陪爸说说话,爸一个人在家很孤单的
只要爸高兴 爸高兴最重要,爸在说什么
好不,甭管老孟怎么处理
甭管老孟怎么处理,我肯定都比你惨
我肯定都比你惨,你要有什么消息
你要有什么消息,第一时间告诉我
第一时间告诉我,吃宵夜去吧 小龙虾
吃宵夜去吧 小龙虾,居然有时间跟我吃宵夜
居然有时间跟我吃宵夜,跟女朋友分手了吧
跟女朋友分手了吧,她非要那个包 特别矫情
她非要那个包 特别矫情,分了
分了,真分了
真分了,你就说你去不去吧
你就说你去不去吧,不去
不去,我有约会
我有约会,谁呀
谁呀,你猜
你猜,你这有意思吗
你这有意思吗,你快告诉我谁
你快告诉我谁,别吃宵夜了
别吃宵夜了,买包去了
买包去了,Hi
Hi,回来了
回来了,今天超市大减价
今天超市大减价,所以我多买了些 帮我递东西
所以我多买了些 帮我递东西,非非啊
非非啊,我失业了
我失业了,没事
没事,再找呗
再找呗,那我把东西放到车库
那我把东西放到车库,好 好
好 好,打烊了
打烊了,还没 我们营业时间很弹性的
还没 我们营业时间很弹性的,还有吃的没有
还有吃的没有,一整天都还没吃
一整天都还没吃,是啊
是啊,分我一半呗
分我一半呗,我再做一份新的给你吧
我再做一份新的给你吧,我先热个汤 给你垫垫胃
我先热个汤 给你垫垫胃,你先坐 老位子
你先坐 老位子,石老板 你这沙发卖不卖
石老板 你这沙发卖不卖,说来挺逗的
说来挺逗的,我在我们家床上躺的时候老失眠
我在我们家床上躺的时候老失眠,但只要坐在你们家沙发上就犯困
但只要坐在你们家沙发上就犯困,动不动就睡着
动不动就睡着,你说怪不怪
你说怪不怪,我也觉得挺怪的
我也觉得挺怪的,每次看你在这吃完饭 就在我这睡了
每次看你在这吃完饭 就在我这睡了,我开的是餐馆
我开的是餐馆,不是旅馆
不是旅馆,你们该不会在饭菜里下药了吧
你们该不会在饭菜里下药了吧,这饭可以乱吃
这饭可以乱吃,话可不能乱讲
话可不能乱讲,我这是正经开店的
我这是正经开店的,你是正经人啊
你是正经人啊,你失望啊
你失望啊,好失望啊
好失望啊,做吧
做吧,坐吧
坐吧,爸这是什么意思啊
爸这是什么意思啊,跟大哥打电话说话阴阳怪气的
跟大哥打电话说话阴阳怪气的,告黑状呢
别往家里带,能保证吗
到外面吃饭去,你会不会说话呀
你会不会说话呀,到外面吃
到外面吃,那得多贵呀
那得多贵呀,还是花咱俩的钱哪
还是花咱俩的钱哪,你自己想想你爸住进来以后
你自己想想你爸住进来以后,咱俩的生活水平是不是下降了
咱俩的生活水平是不是下降了,你多久没带我出去浪漫了
咱们去吃牛排好吗,我不要
你要什么呀,我跟你说啊 这个事情我想过了
我跟你说啊 这个事情我想过了,我跟你爸真的挺难相处的
我跟你爸真的挺难相处的,你爸他怕冷
你爸他怕冷,他老关窗户
他老关窗户,他又不爱洗澡
他又不爱洗澡,你说老不洗澡那身上有味啊
你说老不洗澡那身上有味啊,我真受不了
我真受不了,我想过了 这么解决啊
我想过了 这么解决啊,每天晚上呢 我就多加班
每天晚上呢 我就多加班,晚点回来
晚点回来,省得我回来以后跟他磕磕碰碰的
省得我回来以后跟他磕磕碰碰的,在我回来之前
在我回来之前,你呢 让他洗个澡
那你加班 多累啊,就这么定了
散散心,散会吧
加班哪,小李
那多不好意思啊,没事我帮你
而且啊 抗疲劳,谢谢了
谢谢了,早点回家陪媳妇吧
辛苦了,不辛苦应该的
不辛苦应该的,主任再见
再见,明玉
明玉,师傅您说
师傅您说,传闻 刘鎏金出高价要把你给挖过去
传闻 刘鎏金出高价要把你给挖过去,有这事吗
有这事吗,有啊
有啊,不仅是鎏金
不仅是鎏金,还有另外两家公司
还有另外两家公司,都是通过猎头公司找我
都是通过猎头公司找我,还有
还有,还有另外两家
还有另外两家,另外两家叫什么名字
另外两家叫什么名字,我不想说
我不想说,规矩啊 我知道
规矩啊 我知道,学的挺透彻的你
学的挺透彻的你,为什么要瞒着我
为什么要瞒着我,我要是对您不满
我要是对您不满,对现状不满
对现状不满,我就会拿别人的开价来要挟您了
我就会拿别人的开价来要挟您了,我不说
我不说,是因为我满足现状
是因为我满足现状,别无他心
别无他心,师傅 谁又有人到您那煽风点火了吧
师傅 谁又有人到您那煽风点火了吧,半年前的事
半年前的事,这会儿搬出来中伤我
这会儿搬出来中伤我,估计还是跟我开了两个老臣有关吧
估计还是跟我开了两个老臣有关吧,说说
说说,老倪和老樊过去一直抱怨公司不重用他们
老倪和老樊过去一直抱怨公司不重用他们,这一次咱们要进军西南市场
这一次咱们要进军西南市场,我想着给他们一个机会
我想着给他们一个机会,就放手让他们去干
就放手让他们去干,没想到这俩人还是不争气
没想到这俩人还是不争气,折腾了一个多月
折腾了一个多月,推广经费报销了100多万
推广经费报销了100多万,才拉来了1000多万的短期业务
才拉来了1000多万的短期业务,还不如原先两广地区销向西南的量呢
还不如原先两广地区销向西南的量呢,关键是俩人行事太高调了
关键是俩人行事太高调了,引得鎏金那几家公司发现了新动向
引得鎏金那几家公司发现了新动向,也开始向西南地区进军
也开始向西南地区进军,我不得已撤了他们俩
我不得已撤了他们俩,换了新人顶上了
换了新人顶上了,我要是没猜错的话
我要是没猜错的话,这把火是孙副总点的吧
这把火是孙副总点的吧,动了他的人
动了他的人,他当然会不高兴
他当然会不高兴,估计接下来他就该拿洪总的事情做文章了
估计接下来他就该拿洪总的事情做文章了,这事我心里有数
这事我心里有数,好
好,先不说这事
先不说这事,柳青
柳青,柳青又怎么了
柳青又怎么了,我听说他要入赘
我听说他要入赘,怎么回事
怎么回事,这事我清楚
这事我清楚,那家公司我也了解
那家公司我也了解,虽说女儿是总裁
虽说女儿是总裁,但是管事儿的还是爹
但是管事儿的还是爹,即便柳青真要入赘
即便柳青真要入赘,那爹也不可能让一个外人白捡胜利果实
那爹也不可能让一个外人白捡胜利果实,柳青是聪明人
柳青是聪明人,他不会看不到这一点的
他不会看不到这一点的,您放心好了
您放心好了,师傅对近期这些谣言是怎么看呀
师傅对近期这些谣言是怎么看呀,有人啊 想要里应外合 来搞众诚哪
有人啊 想要里应外合 来搞众诚哪,您是说孙副总
您是说孙副总,只要你们江南江北不动
只要你们江南江北不动,就出不了什么大事
就出不了什么大事,明白
明白,难怪我不在公司这几天
难怪我不在公司这几天,关于鎏金挖我的谣言就满天乱飞
关于鎏金挖我的谣言就满天乱飞,闹了半天是他们自己放的风
闹了半天是他们自己放的风,这招真够狠的
这招真够狠的,你还是直接去跟孙副总摊牌吧
你还是直接去跟孙副总摊牌吧,擒贼先擒王
擒贼先擒王,免得集团因为内部斗争搞得人心惶惶的
这丽丽怕狗,师父
师父,怎么
怎么,不是 我怕他使阴招
不是 我怕他使阴招,他使阴招 他这次使的阴招你接着了吗
他使阴招 他这次使的阴招你接着了吗,这以后啊 该带你经见的场面我会带你去的
这以后啊 该带你经见的场面我会带你去的,洪总那边 我会尽快想办法解决
洪总那边 我会尽快想办法解决,您放心
您放心,这事你就不用再管了
这事你就不用再管了,回去好好休息
回去好好休息,为什么
为什么,拿着
拿着,师傅 您这个干嘛
师傅 您这个干嘛,你的母亲过世这么大的事情
你的母亲过世这么大的事情,连我也不说
连我也不说,还当我是不是师傅
还当我是不是师傅,这事 主要跟工作也没关系
这事 主要跟工作也没关系,我主要是怕我说了会给别人添麻烦
我主要是怕我说了会给别人添麻烦,我是别人吗
我是别人吗,拿着
拿着,去好好休息
去好好休息,什么事都不要管了
什么事都不要管了,在哪儿呢
在哪儿呢,我刚跟我师傅分开
我刚跟我师傅分开,这我知道 那什么 关于我的事儿
这我知道 那什么 关于我的事儿,老蒙有态度了吗
老蒙有态度了吗,你想要点什么态度
你想要点什么态度,电话里不好说
电话里不好说,咱们碰面聊
咱们碰面聊,行
行,你请我吃饭吧
你请我吃饭吧,我给你发定位
我给你发定位,你叹什么气啊
你叹什么气啊,外面弄干净没
外面弄干净没,还有味儿没
每个角落只有消毒水的味道了,苏明成
苏明成,你自己说说
你自己说说,你当初娶我的时候
你当初娶我的时候,你怎么跟我妈保证的
你怎么跟我妈保证的,我现在在家做这种事情啊
我现在在家做这种事情啊,天天这样 连续好几天了
天天这样 连续好几天了,有完没完啊
有完没完啊,这要用我妈的话说 那叫劳动改造你知道吗
这要用我妈的话说 那叫劳动改造你知道吗,想不想去我们家吃饭了
我爸不是把狗弄出去了吗,你少跟我说这些
你少跟我说这些,这家里面除了狗的味道
这家里面除了狗的味道,还有别的味道你不知道啊
他回来 我安排他洗澡,能做到吗
看我的,你千万别说是我
我不会出卖你的,来来来
来来来,快坐快坐
快坐快坐,说吧 这股阴风一吹
说吧 这股阴风一吹,老孟是信了还是没信
老孟是信了还是没信,我师傅要是那么容易让我看清楚他的心思
我师傅要是那么容易让我看清楚他的心思,还是我师傅吗
还是我师傅吗,别卖关子了
别卖关子了,这姓孙的这么一折腾
这姓孙的这么一折腾,老蒙会不会收拾我
老蒙会不会收拾我,怕了
怕了,我这叫怕吗
我这叫怕吗,我这是不愿意跟老蒙伤了和气
我这是不愿意跟老蒙伤了和气,让那孙子得了利
让那孙子得了利,这姓孙的是够孙子的
这姓孙的是够孙子的,但你撬人家的女人也不是君子所为吧
但你撬人家的女人也不是君子所为吧,他还真能吹 什么时候成他的女人了
他还真能吹 什么时候成他的女人了,你就说有这事没这事
你就说有这事没这事,这事我给你掰扯清楚了
这事我给你掰扯清楚了,人家艾米是一堂堂的总裁千金
人家艾米是一堂堂的总裁千金,什么时候能看上他了
什么时候能看上他了,谁不知道他是结了婚
谁不知道他是结了婚,有老婆 孩子都快上中学了
有老婆 孩子都快上中学了,我这不一样
我这不一样,我这一表人才的
我这一表人才的,跟总裁千金两情相悦
跟总裁千金两情相悦,这有什么不对吗
这有什么不对吗,再说这事都翻篇了
再说这事都翻篇了,现在不是搭上小米了吗
现在不是搭上小米了吗,我跟你说清楚了啊
我跟你说清楚了啊,这事以后别揪着不放
这事以后别揪着不放,不是我不放过你
不是我不放过你,是人家就没想放过你
是人家就没想放过你,但要我说 这事也未必是件坏事
但要我说 这事也未必是件坏事,这什么意思
这什么意思,你有话就直说
你有话就直说,这本来是你和姓孙之间的私事
这本来是你和姓孙之间的私事,他想借这个机会收拾你
他想借这个机会收拾你,把我拉进去 一块做掉
把我拉进去 一块做掉,除掉咱俩
除掉咱俩,我师傅就只能靠他了
我师傅就只能靠他了,把一件私事变成集团内斗 我师傅能给他好果子吃吗 他这叫搬起石头砸自己的脚
把一件私事变成集团内斗 我师傅能给他好果子吃吗 他这叫搬起石头砸自己的脚,你知道吗
你知道吗,此时此刻 我师傅就在孙副总家呢
此时此刻 我师傅就在孙副总家呢,真的
真的,正在上演一场经典对决
正在上演一场经典对决,你说 结局会怎么样
你说 结局会怎么样,谁知道呢
谁知道呢,反正这姓孙的吧 属于那种为了利益不择手段的人
反正这姓孙的吧 属于那种为了利益不择手段的人,肯定不会轻易认输
肯定不会轻易认输,总之就是一个回合难定终局
总之就是一个回合难定终局,咱就耐心等待吧
咱就耐心等待吧,不服不行啊
不服不行啊,你这么一说 我算明白了
你这么一说 我算明白了,老蒙出手对付姓孙的
老蒙出手对付姓孙的,那也就没有精力收拾我了
那也就没有精力收拾我了,你安分一点
咱 你就别老逼爸洗澡了,我逼着爸洗澡
你也别挑三拣四,我挑三拣四
你放心吧 爸 赶紧睡,一共是680
一共是680,六百八
六百八,菜钱是200
菜钱是200,服务费算480
服务费算480,服务费这么高
服务费这么高,今天心情不太好
今天心情不太好,所以服务费收高一点
所以服务费收高一点,给你700
给你700,不用找 算你的小费
你跟明成 吵架了,没有啊
你俩出什么事了,我们俩没事
你跟妈说实话,明成他爸搬到我们家来住了吗
明成他爸搬到我们家来住了吗,明成想在家陪他爸嘛
明成想在家陪他爸嘛,我突然就觉得 我也很久没有回来陪你们了
我突然就觉得 我也很久没有回来陪你们了,我也可想你们了
我也可想你们了,回来陪你们住几天
诶,是啊
是啊,我昨天回来家以后
我昨天回来家以后,我发现我手机没电了
我发现我手机没电了,就关机睡觉了
就关机睡觉了,明成他打电话到家里来
明成他打电话到家里来,肯定是担心我嘛
肯定是担心我嘛,想看我是不是到家睡觉了没有
真是这样,是啊
是啊,我骗你干嘛呀
搓个澡,都已经一个星期了
都已经一个星期了,下周 我还有三次面试的机会
下周 我还有三次面试的机会,现在IT不好找工作 换个工作试试吧
现在IT不好找工作 换个工作试试吧,换什么呀
换什么呀,我学的就是这个 除了IT 不会干别的
很难啃吧,与洪氏集团的谈判失利 确实责任在我
与洪氏集团的谈判失利 确实责任在我,我会想办法弥补
我会想办法弥补,对不住了 各位领导
你一向是很守时的,这和我的私事有关
这和我的私事有关,我就不在这说了吧
我就不在这说了吧,请领导们理解
恐就更加举步维艰了,西南地区的失利 确实是我用人有误
西南地区的失利 确实是我用人有误,我们已经重新换人
我们已经重新换人,但愿还能亡羊补牢
但愿还能亡羊补牢,可是一码归一码
可是一码归一码,这件事情我们是有责任
这件事情我们是有责任,但是与洪氏集团谈判失利是没有任何关联的
但是与洪氏集团谈判失利是没有任何关联的,孙副总
孙副总,您应该最了解 与洪氏集团的合作
您应该最了解 与洪氏集团的合作,对我们西南地区的开发 最多算是锦上添花
对我们西南地区的开发 最多算是锦上添花,并不是必要条件
并不是必要条件,您说呢
你换谁也没有用啊,江南的战略决策没有问题
你就那么相信你的策略 没有问题,多说无益呀
多说无益呀,我们也只能用下个月的销售业绩来替自己说话了
拭目以待,请领导们放心
请领导们放心,东西我收下了
东西我收下了,你走吧
我得带你回家,我为什么要回去
我为什么要回去,事情都没有解决
家里也打扫干净了,我在意的根本不是这个
我在意的根本不是这个,你不知道自己错哪是不是啊
我知道啊,错哪了
我怎么能对老婆这个态度呢 这么说话是很不礼貌的,对呀
对呀,明明是你自己说 你要去哄爸爸去洗澡
明明是你自己说 你要去哄爸爸去洗澡,最后怎么变成我
最后怎么变成我,我逼着爸 我嫌弃爸 怎么全是我的错呀
我逼着爸 我嫌弃爸 怎么全是我的错呀,怎么全是我的错呀
怎么全是我的错呀,怎么回事
以后不可以这样,那以后再发生这种情况
那以后再发生这种情况,怎么办
我都是错的,下次还敢
下次还敢,惹我生气吗
你怎么长这么漂亮啊,行了
行了,你少哄我
我说的全是实话,老公
老公,其实我也仔细想了想
其实我也仔细想了想,这件事情吧 我也有做得不好的地方
这件事情吧 我也有做得不好的地方,不管发生什么事情
不管发生什么事情,我都不该对爸发脾气
我都不该对爸发脾气,不该那样跟他说话
不该那样跟他说话,我错了
否则的话爸得难受一辈子,行了 我知道了
行了 我知道了,反正以后咱们都不要再说爸了
反正以后咱们都不要再说爸了,行吗
好,再说了
再说了,就算冲着妈
就算冲着妈,我也不该这样对爸呀
我也不该这样对爸呀,我应该对爸好一点
我应该对爸好一点,你说你妈在世的时候对我多好啊
你说你妈在世的时候对我多好啊,每次去你家呢 她都会准备我喜欢喝的抹茶酸奶
每次去你家呢 她都会准备我喜欢喝的抹茶酸奶,而且我都不敢跟你妈说我喜欢吃什么
而且我都不敢跟你妈说我喜欢吃什么,她肯定会做好了
她肯定会做好了,等着咱俩回去
等着咱俩回去,如果妈没走该多好啊
如果妈没走该多好啊,爸也不会搬到咱们家来住了
爸也不会搬到咱们家来住了,就不会有这么多事情
就不会有这么多事情,老公
老公,你都不知道 我现在有多怀念咱俩的二人世界
你都不知道 我现在有多怀念咱俩的二人世界,以前吧 我就盼着每天早点下班
以前吧 我就盼着每天早点下班,因为回到家以后呢 我就能看见那么阳光的你
因为回到家以后呢 我就能看见那么阳光的你,你抱着我
你抱着我,咱俩一块吃外卖
咱俩一块吃外卖,聊聊天
聊聊天,那样的生活多美好啊
那样的生活多美好啊,我真的觉得好幸福
我真的觉得好幸福,可是现在你爸搬过来以后
可是现在你爸搬过来以后,你有没有觉得咱俩每天跟偷情似的
爸的签证很快就下来了,怎么样啊
怎么样啊,联系上明玉了吗
关机,关机 那怎么办呀
关机 那怎么办呀,给她发个微信呗 告诉她一声
哥,明成
明成,咱爸怎么样了
食物中毒 没事,食物中毒
食物中毒,他吃什么了
鸭脖子,明成啊
明成啊,你怎么能给他买鸭脖子呢
他自己买的,他买的你就让他吃啊
他买的你就让他吃啊,你是怎么照顾爸的
你是怎么照顾爸的,你能不能上点心哪
天天,那还不是因为你不给爸做饭
那还不是因为你不给爸做饭,你天天让他吃外卖
你天天让他吃外卖,他觉得不好吃
他觉得不好吃,他自然自己你出去买了
他自然自己你出去买了,老二啊 就你们这样的生活方式
老二啊 就你们这样的生活方式,因为你们年轻身体好
因为你们年轻身体好,你们无所谓
你们无所谓,可咱爸年龄大了
可咱爸年龄大了,他的肠胃本来就不好
他的肠胃本来就不好,明成 不是我说你啊 你真的应该多关心一下咱爸
明成 不是我说你啊 你真的应该多关心一下咱爸,你记住了
你记住了,最近这段时间一定要注意饮食卫生
最近这段时间一定要注意饮食卫生,千万别给爸再吃外卖了
千万别给爸再吃外卖了,对了 还有啊 明玉怎么回事
对了 还有啊 明玉怎么回事,她为什么不接电话
她为什么不接电话,你看你们两个人搞的
你看你们两个人搞的,一个让爸食物中毒
一个让爸食物中毒,一个永远不接电话
一个永远不接电话,有这么做儿女的吗
你这点事不懂啊 你教训我啊你,怎么还吵起来了
他在美国天天想清楚,行了 大哥不是离得远
行了 大哥不是离得远,他是不知道实际情况嘛
他是不知道实际情况嘛,这里面有误会啊
这里面有误会啊,你也不该跟他这么说话呀
你也不该跟他这么说话呀,多伤兄弟感情
我真受不了了,行了
咱俩一块走了算了,你别胡说八道行不行
你别胡说八道行不行,现在怎么办
那给他做呗,做饭 谁做
我在我做 你在你做,我做饭
我做饭,苏明成
苏明成,咱俩结婚的时候不是说好了的吗
咱俩结婚的时候不是说好了的吗,什么时候轮到我做饭了呀
什么时候轮到我做饭了呀,再说了 我做饭那水平你又不是不知道
再说了 我做饭那水平你又不是不知道,我万一做的不好吃
我万一做的不好吃,那爸肯定得不满意啊
那爸肯定得不满意啊,他跟我过不去怎么办
他跟我过不去怎么办,还有 再出个什么问题
还有 再出个什么问题,他吃得不舒服了
他吃得不舒服了,那责任全在我身上吗
没几天了,喂 大哥
喂 大哥,明玉 你怎么不接电话呢
明玉 你怎么不接电话呢,我刚下飞机 什么事儿
我刚下飞机 什么事儿,咱爸病了
咱爸病了,什么病
什么病,食物中毒 拉肚子
食物中毒 拉肚子,去医院了吗
去医院了吗,你现在赶紧去看看
你现在赶紧去看看,我特别担心他
我特别担心他,苏明成两口子怎么管的爸
苏明成两口子怎么管的爸,你先别说这个啊
你先别说这个啊,你替大哥去老二家看看
你替大哥去老二家看看,看看老二整天给爸吃什么
看看老二整天给爸吃什么,我过不去
我过不去,我人在成都呢 你还是给苏明成打电话
我人在成都呢 你还是给苏明成打电话,你怎么这么跟他们说话呀
你怎么这么跟他们说话呀,人明玉忙
人明玉忙,再说 爸就是拉肚子
再说 爸就是拉肚子,又不怪明成
又不怪明成,你别向着他们说话
你别向着他们说话,有他们这么做的吗
有他们这么做的吗,明成照顾才几天啊
明成照顾才几天啊,我爸就食物中毒了
我爸就食物中毒了,还有这个明玉
还有这个明玉,永远不接电话
永远不接电话,是怎么当儿女的
是怎么当儿女的,回头你把二楼的客房收拾出来
回头你把二楼的客房收拾出来,为什么呀
为什么呀,我现在要抓紧时间
我现在要抓紧时间,把我爸签证的资料弄好
把我爸签证的资料弄好,整理好了就给明成发过去
整理好了就给明成发过去,一天都不能等了
一天都不能等了,你觉得 现在让爸来合适吗
你觉得 现在让爸来合适吗,有什么不合适的
有什么不合适的,你失业了
你失业了,你要是不失业的话
你要是不失业的话,我不会说这些
我不会说这些,找工作那是迟早的事
找工作那是迟早的事,但是我爸来美国 一天都不能等了
但是我爸来美国 一天都不能等了,老二一家不会照顾人
老二一家不会照顾人,我爸都食物中毒了
我爸都食物中毒了,你爸爸是吃坏了东西拉肚子
你爸爸是吃坏了东西拉肚子,人吃五谷杂粮哪有不生病的
人吃五谷杂粮哪有不生病的,再说他来美国 你就能保证他一天不生病吗
再说他来美国 你就能保证他一天不生病吗,这件事情反而提醒到我了
这件事情反而提醒到我了,她一个老年人没有绿卡
她一个老年人没有绿卡,来美国万一有这种小病小痛的总是要往医院跑的
来美国万一有这种小病小痛的总是要往医院跑的,到时候按照美国的收费
到时候按照美国的收费,我们负担得起吗
我们负担得起吗,这怎么能是钱的事呢
这怎么能是钱的事呢,我是苏家的老大
我是苏家的老大,我妈不在了
我妈不在了,我有责任和义务赡养我爸
我有责任和义务赡养我爸,这怎么不是
这怎么不是,钱的事啊
钱的事啊,你现在失业了
你现在失业了,没有收入没有工作
没有收入没有工作,你能不能面对现实
你能不能面对现实,你怎么又提这个事
你怎么又提这个事,我不是跟你说了吗
我不是跟你说了吗,请你相信我
请你相信我,我能找到工作的
我能找到工作的,除非你对我没信心
除非你对我没信心,我对你非常地有信心
我对你非常地有信心,可是这困难不是一时半刻就能解决的
可是这困难不是一时半刻就能解决的,行行行
行行行,先不要说这事了
先不要说这事了,我爸必须要来美国
我爸必须要来美国,我必须要养
我必须要养,除非你不认我爸
除非你不认我爸,我没有不认你爸
我没有不认你爸,我只是希望你能够量力而行
我只是希望你能够量力而行,你自己想想 以我一个人的收入 养我们三个大人加一个孩子
你自己想想 以我一个人的收入 养我们三个大人加一个孩子,那将来得有多狼狈啊
那将来得有多狼狈啊,你是想让我牺牲 还是想让小咪牺牲啊
你是想让我牺牲 还是想让小咪牺牲啊,能不能冷静点
能不能冷静点,我们不至于这么惨
我们不至于这么惨,苏明哲 你清醒一下吧
苏明哲 你清醒一下吧,我告诉你
我告诉你,如果你非得让你爸来的话
如果你非得让你爸来的话,那也得等到你找到工作再说
那也得等到你找到工作再说,Hey
Hey,今晚过来吃饭吗
今晚过来吃饭吗,你能送外卖吗
你能送外卖吗,不送
不送,那就算了
那就算了,你把地址给我吧
你把地址给我吧,是个老人
是个老人,这两天有点拉肚子
这两天有点拉肚子,想让你送点清淡的过去
想让你送点清淡的过去,每天做两餐就行
每天做两餐就行,我在外地 回来再给你结账可以吗
我在外地 回来再给你结账可以吗,你家人啊
你家人啊,我有义务告诉你吗
我有义务告诉你吗,我就只管赚钱
我就只管赚钱,地址我一会儿发你手机上
地址我一会儿发你手机上,对了
对了,你别跟他说是我订的
我们洪总不见,你跟他说我是来道歉的吗
我说了,行
行,那麻烦你再转告他一下
那麻烦你再转告他一下,他要是不见我 我就一直在这等下去
他要是不见我 我就一直在这等下去,有人吗
找谁呀,大叔 您好
大叔 您好,我是来给您送餐的
叫什么名,她叫 我不知道
瘦瘦的 挺漂亮的,对
对,挺漂亮的
那就是丽丽,丽丽
丽丽,大叔
大叔,你好
你好,来
谢谢啊,不好意思 大叔
不好意思 大叔,这桶我还得拿回去呢
那你稍微等一会,知道您胃不好
知道您胃不好,专门给您炖了鸡米粥
专门给您炖了鸡米粥,养胃的
全倒里边 全倒里边,还行吧
倒倒倒,味道还行把
真好吃,都是些好食材
都是些好食材,你要喜欢呢 我天天给您送
天天送 那得多少钱哪,钱的事你别担心
钱的事你别担心,有人帮你买单了
有人帮你买单了,您慢吃
您慢吃,我先走了啊
我先走了啊,洪总 有时间聊两句吗
不好意思 我还有事,那行 那不急不急
那行 那不急不急,您忙您的啊
您忙您的啊,我明天还来呢
我明天还来呢,电梯到了
电梯到了,慢走啊
慢走啊,morning sir
Morning,it's me
I have had a look at your resume. Your background is excellent. But we are looking for a basic salesperson. You are over qualified for this job I'm afraid.,No problem. I like this job.  I understand the thing is we need someone very quickly. We will have no time to train you. You look disappointed
but you have an excellent resume. You should be looking for a job in a much bigger company,我要是能找到好工作我来你这干嘛
我要是能找到好工作我来你这干嘛,诶 大叔
你怎么才来呀,今天特别给你做了牛肉羹
快快,这牛肉羹 给你提升免疫力
这牛肉羹 给你提升免疫力,补充蛋白质的
好,怎么样
怎么样,牛肉羹还合胃口吗
这几天把我胃都给吃开了,您吃的开心最重要
叫什么名,都还没跟您自我介绍呢
都还没跟您自我介绍呢,我姓石 叫石天东
我姓石 叫石天东,叫我小石就好
我就给你打电话,太好了
太好了,来
来,这我名片
这我名片,上面有我电话
食荤者,我们店就叫食荤者
我们店就叫食荤者,洪总
轻点,您玩什么呢
您玩什么呢,纸牌屋啊 这么高级
纸牌屋啊 这么高级,这好玩吗
在我们这玩得开心吧,开心
要不要再沏杯咖啡啊,不用不用 免费咖啡喝多了心慌
不用不用 免费咖啡喝多了心慌,给我来杯橙汁吧
给我来杯橙汁吧,小刘
小刘,谢谢啊
真是让我开眼,我这人天生不见外
我是不会跟一个失约的人在一起谈合作的,我有耐心等
你不想让我把事情做得太过分了吧,您要做什么过分的事
那就太不好看了是吧,是啊
是啊,别说您叫保安了
别说您叫保安了,您就是把警察叫来把我逮了
您就是把警察叫来把我逮了,等我出来了
等我出来了,我还一样得来找您
我还一样得来找您,真的 洪总
真的 洪总,您要不接受我道歉
您要不接受我道歉,不愿意恢复这一次谈判
不愿意恢复这一次谈判,我都没脸回去见蒙总了
那还怎么合作呀,洪总
洪总,我倒觉得吧 咱们两家的合作
我倒觉得吧 咱们两家的合作,就像您那纸牌屋
就像您那纸牌屋,虽然看着稍有不慎就会功亏一篑
虽然看着稍有不慎就会功亏一篑,但只要您给我一个机会
但只要您给我一个机会,我一定可以让它
我一定可以让它,重回稳固
重回稳固,来
来,洪总
洪总,咱俩干一杯
我滴酒不沾,上回爽约
上回爽约,不管任何的原因 都是我的过错
不管任何的原因 都是我的过错,我先自罚一杯
我先自罚一杯,这次来呢 我不单是赔罪
这次来呢 我不单是赔罪,还是想跟您聊聊两家公司合作的事情
还是想跟您聊聊两家公司合作的事情,我们众诚集团的销售能力您是了解的
我们众诚集团的销售能力您是了解的,如果再有洪氏集团的助力
这可是全成都最有名的火锅店,是吗
那你等于白来了,那我今天太有口福了
吃起来很过瘾的,是吗
是吗,就是看着有点吓人啊
属兔的,没有 不是
没吃过啊,真没吃过
别浪费了给我吧,哪有 能吃
哪有 能吃,全国人民都能吃川菜
全国人民都能吃川菜,我也不例外
眼睛脑子都能吃,过瘾
呵呵,对了洪总
对了洪总,关于两家公司合作以后啊
关于两家公司合作以后啊,市场的利润分成我大概估算了一下
市场的利润分成我大概估算了一下,您可以看一下
锅开了 咱们赶紧吃吧 来来来,好好好
特意给你点了个微辣的锅底,这是微辣
影响它的口感,谢谢
谢谢,谢谢洪总
谢谢洪总,好吃
好吃,好吃
你刚才说要给我看什么,太辣了
太辣了,我喝口水
别逞能,谁说的呀
传出去还以为我是招待不周,特别好吃
特别好吃,特别开心
特别开心,我刚才是说
我刚才是说,我把咱们两家合作以后
我把咱们两家合作以后,市场利润分成做了个数据表
市场利润分成做了个数据表,您可以看一眼
要学着享受生活嘛,那都是你们老板的想法
那都是你们老板的想法,我们这些打工的 要不努力工作哪有生活
我们这些打工的 要不努力工作哪有生活,洪总
洪总,我知道现在想跟您谈合作的不止我们这一家
我知道现在想跟您谈合作的不止我们这一家,但我还是想恳请您认真考虑一下利弊
但我还是想恳请您认真考虑一下利弊,关于西南市场的开发计划确实是众诚先提出来的
关于西南市场的开发计划确实是众诚先提出来的,鎏金就是盲目跟风而已
你是刚到成都吗,我都等您好几天了
是吗,您太忙了
好好玩玩,我真不是来玩的
我真不是来玩的,我是来道歉的
我是来道歉的,我不希望因为我个人的过错 断送了两家的合作
我不希望因为我个人的过错 断送了两家的合作,这对双方都是巨大的损失
这对双方都是巨大的损失,您说呢
我保证给你最好的条件,您就别拿我打岔了
您就别拿我打岔了,我真是来表达合作诚意的
那你让我5个点,您知道我没这个权利
那你跟我谈什么呀,洪总
洪总,您等会儿
您等会儿,这杯酒 代表着众诚跟您合作的诚意和决心
谁啊,大叔
大叔,我小石啊
我小石啊,给您送饭
你开不开门是吗,开不了
你等会啊,您没事吧
差点没砸死我,栓子掉了
栓子掉了,大叔
大叔,你们家有没有工具箱
你们家有没有工具箱,这个是 这个
这个是 这个,大叔有没有这种内六方啊
内六方,这种内的六角扳手
家里的工具都在这,要不我下去买吧
我去吧我去吧,不是
要不他们回来我都没法交代了,师傅
师傅,还知道我是你师傅
还知道我是你师傅,你去找洪总干什么
你去找洪总干什么,我想弥补过失
我想弥补过失,那天晚上我怎么跟你说的
那天晚上我怎么跟你说的,你让我好好休息
你让我好好休息,洪总的事情别管了
洪总的事情别管了,但是
但是,但是什么
但是什么,我现在说的话 你也不听了
我现在说的话 你也不听了,自己想干什么就干什么
自己想干什么就干什么,是不是
是不是,原本呢 我跟洪总约好了
原本呢 我跟洪总约好了,我们后天要到大溪地去打个球
我们后天要到大溪地去打个球,我顺便把那个合同重新谈一次
我顺便把那个合同重新谈一次,你这一去 把我所有的计划都打乱掉了
你这一去 把我所有的计划都打乱掉了,球 不用打了
球 不用打了,合约 也不用谈了
合约 也不用谈了,大姐 你替我省了机票钱
大姐 你替我省了机票钱,但我得让人家5个百分点
但我得让人家5个百分点,我没答应他
我没答应他,我知道你没答应他
我知道你没答应他,但是你这么一去 就是在示弱
但是你这么一去 就是在示弱,你当洪总是谁呀
你当洪总是谁呀,道个歉说声对不起
道个歉说声对不起,把自己给灌醉就解决了
把自己给灌醉就解决了,那天我已经亲自接待他了
那天我已经亲自接待他了,一两个亿的生意摆在他面前
一两个亿的生意摆在他面前,他会因为你一个销售不来而被左右吗
他会因为你一个销售不来而被左右吗,你是怎么了
你是怎么了,你没带脑子是不是
你没带脑子是不是,师傅
师傅,我真的不知道你已经
我真的不知道你已经,你不知道我知道
你不知道我知道,我知道鎏金它根本吃不下这个盘子
我知道鎏金它根本吃不下这个盘子,他说他要跟鎏金合作
他说他要跟鎏金合作,那是在放烟雾弹
那是在放烟雾弹,知道那天我为什么要请他到公司里面来谈吗
知道那天我为什么要请他到公司里面来谈吗,我就是要让他感受一下 我们公司的实力
我就是要让他感受一下 我们公司的实力,业内一直盛传 洪总已经放弃跟我们合作
业内一直盛传 洪总已经放弃跟我们合作,我一直以为是我的过错
我一直以为是我的过错,那是我跟他在互相较劲
那是我跟他在互相较劲,谁都不能表态
谁都不能表态,谁表态谁就输了
谁表态谁就输了,你知道你这么一去 你不是在替我解决问题
你知道你这么一去 你不是在替我解决问题,你是在 替我竖白旗
你是在 替我竖白旗,告诉他我蒙某人已经输了
告诉他我蒙某人已经输了,今天早上人家喜滋滋地来跟我谈合约
今天早上人家喜滋滋地来跟我谈合约,腰杆可硬了
腰杆可硬了,直接砍了5个点
直接砍了5个点,我能说 不行不行
我能说 不行不行,那个是我们明总的想法 不算数
那个是我们明总的想法 不算数,我能这样做吗
我能这样做吗,我错了师傅
我错了师傅,对不起
对不起,你跟了我那么多年 我的心思
你跟了我那么多年 我的心思,你一向最了解的 为什么在这个节骨眼上 你就跟不上节奏
你一向最了解的 为什么在这个节骨眼上 你就跟不上节奏,摸不到我的心思呢
摸不到我的心思呢,你最近变蠢了
你最近变蠢了,你知道吗
你知道吗,不对
不对,你最近的状态不对
你最近的状态不对,你得好好休息一下
你得好好休息一下,从明天开始
从明天开始,你那儿所有的合同 都必须经过我这 让我先过一眼
你那儿所有的合同 都必须经过我这 让我先过一眼,你可算出来了
你可算出来了,你怎么在这儿
你怎么在这儿,找你有事
找你有事,你好
你 你是谁呀,我
爸 爸 爸,先别误会
先别误会,是这样
是这样,门坏了
门坏了,其实问题不大
其实问题不大,就缺一个内六方
就缺一个内六方,苏大叔去买了
你是物业的,我是给苏大叔送饭的
送饭你修门啊 你 你饭呢,饭在包里
用这包送饭啊 谁让你送的饭啊,丽丽
丽丽,我是她朋友
哦 是这样,先生
你先待会啊,是不是误会
我也吓得够呛,看来我猜的没错
看来我猜的没错,我们俩处境已经很危险了
我们俩处境已经很危险了,别又风声鹤唳了
别又风声鹤唳了,这回确实是我的错
这回确实是我的错,你这次去成都找洪总
你这次去成都找洪总,说到底也是为了公司利益
说到底也是为了公司利益,他老蒙凭什么把责任都往你一个人头上推
他老蒙凭什么把责任都往你一个人头上推,再说你还是西南地区的负责人呢
再说你还是西南地区的负责人呢,他私底下跟洪总有接触
他私底下跟洪总有接触,他为什么不告诉你这个负责人呢
他为什么不告诉你这个负责人呢,你没想过吗
你没想过吗,老蒙听信了孙副总的谗言
老蒙听信了孙副总的谗言,他不再相信我们俩
他不再相信我们俩,你别老把自己老板想那么弱好吗
你别老把自己老板想那么弱好吗,他能走到今天
他能走到今天,也不可能是那种轻易被别人左右的糊涂人
也不可能是那种轻易被别人左右的糊涂人,我当然知道他不糊涂了
我当然知道他不糊涂了,我是怕他太精明了
我是怕他太精明了,把你我都算计了
把你我都算计了,你什么意思吧
你什么意思吧,听线人报
听线人报,当晚孙蒙大战不像你说的那样
当晚孙蒙大战不像你说的那样,二人并无硝烟
二人并无硝烟,相反是老蒙做出了让步
相反是老蒙做出了让步,你看
你看,这两天孙副总在公司里耀武扬威的样子
这两天孙副总在公司里耀武扬威的样子,你能看明白吗
你能看明白吗,这回你再帮我判断一下他说的哪句话是真
这回你再帮我判断一下他说的哪句话是真,哪句话是假
哪句话是假,我看咱们俩就剩一条路可以选了
我看咱们俩就剩一条路可以选了,您给指条明路呗
您给指条明路呗,你别明知故问了行吗
你别明知故问了行吗,另找新主呗
另找新主呗,柳青啊柳青
柳青啊柳青,别每次听风就是雨了
别每次听风就是雨了,要真是你反应过度
要真是你反应过度,老蒙反而要治你一个不忠
老蒙反而要治你一个不忠,明玉
明玉,我跟你保证 这次没那么简单
我跟你保证 这次没那么简单,你就别执迷不悟了
你就别执迷不悟了,行不行
行不行,你说你都那么大岁数了
你说你都那么大岁数了,怎么一点明辨是非的能力都没有
这事不能怪我,不怪你怪谁
不怪你怪谁,我好心叫人给你送病号饭
我好心叫人给你送病号饭,你倒好 报警给人抓起来了
你倒好 报警给人抓起来了,真行啊你
不是我报的警 不是我,不是你报的警 谁报的警
不是你报的警 谁报的警,你有病啊
你有病啊,你凭什么觉得别人是骗子
你凭什么找一陌生人上我们家来,你还好意思说
你还好意思说,你才管爸几天啊 就把他管到医院去了
你才管爸几天啊 就把他管到医院去了,他要不病了 我能找人来送病号饭吗
你就冤枉我跟丽丽,你嚷什么呀 你冲爸嚷什么呀
你嚷什么呀 你冲爸嚷什么呀,就算是他要去买鸭脖子
就算是他要去买鸭脖子,你就不能拦着呀
还生苏明玉气呀,我才没工夫跟她生气呢
我才没工夫跟她生气呢,不过有个问题 我始终想不明白
不过有个问题 我始终想不明白,咱爸为什么那么怕去明玉家住啊
咱爸为什么那么怕去明玉家住啊,明玉刚说你跟爸都知道原因
明玉刚说你跟爸都知道原因,到底什么原因
到底什么原因,你跟我说说
哪有女儿这么跟爸说话的,不对呀
不对呀,我觉得她说得话里有话
明哲,你怎么样
你怎么样,还好吗
爸怕是在明成家住不下去了,这明成又怎么了
都动警察了,警察 不是 怎么警察也来了呀
你 你快点买机票吧 让我去美国吧,爸 你别着急啊
爸 你别着急啊,这样 你的签证信息啊 我都已经准备好了
这样 你的签证信息啊 我都已经准备好了,我现在就发给明成
我现在就发给明成,我已经安排好了
我已经安排好了,你到上海的面签
你到上海的面签,只要签证一拿到
只要签证一拿到,我立刻接你来美国
快点办吧快点办吧,好的 好的
好的 好的,明哲 你找到了吗
明哲 你找到了吗,找到了 找到了
找到了 找到了,我看咱爸的心啊 早就飞到美国去了
咱们熬到头了,我知道是好事儿
我知道是好事儿,但我这心里面就觉得怪怪的
但我这心里面就觉得怪怪的,你说 咱妈才走几天
你说 咱妈才走几天,妈伺候爸一辈子
妈伺候爸一辈子,爸就这么高兴
爸就这么高兴,这么着急去美国享福吗他
这么着急去美国享福吗他,来了
来了,你还好吧
你还好吧,想吃点什么吗
想吃点什么吗,今天不吃饭
今天不吃饭,我来给你道个歉
我来给你道个歉,这件事全是我们家人不对
这件事全是我们家人不对,没事
没事,误会嘛
误会嘛,我把这几天的账给你结一下
我把这几天的账给你结一下,这太多了
这太多了,除了菜钱
除了菜钱,还有你的送餐费
还有你的送餐费,我们店里是不外卖的
我们店里是不外卖的,就帮你送了几次
就帮你送了几次,你不用帮我特别开发业务
你不用帮我特别开发业务,我不是那意思 我就觉得给你添麻烦了
我不是那意思 我就觉得给你添麻烦了,所以是精神赔偿费 那太少
所以是精神赔偿费 那太少,上一次 我以为你有男朋友
上一次 我以为你有男朋友,这一次又差点误会你有老公
这一次又差点误会你有老公,受不了
受不了,很幸运 这两者我都没有
很幸运 这两者我都没有,我不喜欢有人来改变我的生活方式
我不喜欢有人来改变我的生活方式,走了
走了,我煲了汤
我煲了汤,帮个忙 试试看味道
帮个忙 试试看味道,好
好,喂大哥
喂大哥,明玉啊
明玉啊,咱爸又给我来电话了
咱爸又给我来电话了,说了今天的事
说了今天的事,今天这事啊 确实是你二哥不对
今天这事啊 确实是你二哥不对,大哥我现在在外边呢
大哥我现在在外边呢,而且我也觉得 你二哥和二嫂啊 没有能力照顾咱爸
而且我也觉得 你二哥和二嫂啊 没有能力照顾咱爸,我倒是觉得你应该多去去啊 跟咱爸沟通一下
我倒是觉得你应该多去去啊 跟咱爸沟通一下,也算是替你二哥二嫂分担一下嘛
也算是替你二哥二嫂分担一下嘛,咱们做儿女的不能让老人受罪
咱们做儿女的不能让老人受罪,对不对
对不对,大哥 我正在吃
大哥 我正在吃,而且我觉得 咱爸要是心情不好了
而且我觉得 咱爸要是心情不好了,那还会生病
那还会生病,这一生病 怎么办签证
这一生病 怎么办签证,怎么来美国
怎么来美国,大哥 我好不容易坐下来安静地吃顿饭
大哥 我好不容易坐下来安静地吃顿饭,你能不拿苏家这点破事再来给我添堵了吗
你能不拿苏家这点破事再来给我添堵了吗,其实 这事我好像也有点责任啊
其实 这事我好像也有点责任啊,我是不是应该要问清楚点再去送餐啊
我是不是应该要问清楚点再去送餐啊,你别生气
你别生气,我是想说
我是想说,会不会因为我 害得你和你家人闹不愉快
会不会因为我 害得你和你家人闹不愉快,你想多了
你想多了,好好做你的生意
好好做你的生意,别管别人家家事
好,谁的电话
谁的电话,谁的电话
谁的电话,苏明成
苏明成,你当时是怎么答应我的
你当时是怎么答应我的,是不是
是不是,说好了
说好了,等你找到工作之前先不让爸签证
等你找到工作之前先不让爸签证,你什么意思呀
你什么意思呀,如果我今天不接这个电话
如果我今天不接这个电话,是不是你已经背着我把你爸接过来了
是不是你已经背着我把你爸接过来了,我这 我爸迟早都要来的嘛
我这 我爸迟早都要来的嘛,签证早办也没有错
签证早办也没有错,而且签证的有效期很长
而且签证的有效期很长,等我爸要来了 再给他买张
等我爸要来了 再给他买张,机票就行了
机票就行了,我看你爸可不是这么想的
我看你爸可不是这么想的,又让我收拾房间
又让我收拾房间,又让你订机票
又让你订机票,我看他的心早就已经飞到美国了
我看他的心早就已经飞到美国了,我也没想到 签证这么快就办好了
我也没想到 签证这么快就办好了,苏明哲 你这就是先斩后奏
苏明哲 你这就是先斩后奏,对 你就是先斩后奏
对 你就是先斩后奏,你就是想好了没错
你就是想好了没错,我看你那工作一时半会也找不着了
我看你那工作一时半会也找不着了,你只能是硬着头皮先把爸接过来
你只能是硬着头皮先把爸接过来,到时候木已成舟
到时候木已成舟,我也只能硬着头皮接受
我也只能硬着头皮接受,是不是
是不是,我也好歹是名校毕业的高材生
我也好歹是名校毕业的高材生,请你相信我
请你相信我,我肯定会找到工作的
我肯定会找到工作的,说到工作
说到工作,我好言劝你一句
我好言劝你一句,能不能放下身段
能不能放下身段,什么意思
什么意思,人老张都脱下
人老张都脱下,实验室里的工装去送披萨了
实验室里的工装去送披萨了,还有你那个同学程大兆
还有你那个同学程大兆,人家不也去端盘子了吗
人家不也去端盘子了吗,都是为了生计
都是为了生计,你为什么就不可以跟人学学呢
你为什么就不可以跟人学学呢,你让我学他们 去当个蓝领
你让我学他们 去当个蓝领,去干体力活
去干体力活,你别瞧不起干体力活的
你别瞧不起干体力活的,人一个月挣的不比你原来少
人一个月挣的不比你原来少,行行行 不说了啊
行行行 不说了啊,下个月就是招聘季 我会成功的
下个月就是招聘季 我会成功的,你为什么就不能试一试
你为什么就不能试一试,有收入总比没收入强
有收入总比没收入强,因为我们还没有到山穷水尽的这一步啊
因为我们还没有到山穷水尽的这一步啊,为什么就不肯相信我呢
为什么就不肯相信我呢,因为现在的大环境已经不是你毕业的时候了
因为现在的大环境已经不是你毕业的时候了,作为一个程序员
作为一个程序员,你的年龄已经很大了
你的年龄已经很大了,我问你你学新东西有年轻人快吗
我问你你学新东西有年轻人快吗,再说以你的性格又做不了管理层
再说以你的性格又做不了管理层,我的性格怎么了
我的性格怎么了,我从一个小地方一步步努力到现在
我从一个小地方一步步努力到现在,我是不会轻易被淘汰的
我是不会轻易被淘汰的,我绝不放弃
我绝不放弃,我放弃
我放弃,我现在就给我爸妈打电话
我现在就给我爸妈打电话,我把宝宝送回国
我把宝宝送回国,让他们帮我带
让他们帮我带,你要干嘛
你要干嘛,为了你爸能来美国
为了你爸能来美国,为了你尽孝
为了你尽孝,我爸来美国 
我爸来美国 , 你把孩子送走干嘛
 你把孩子送走干嘛,因为我没法同时照顾你爸和宝宝两个人
因为我没法同时照顾你爸和宝宝两个人,那你就舍得孩子跟我们分开吗
那你就舍得孩子跟我们分开吗,舍得舍不得
舍得舍不得,不是我一个人说了算的
不是我一个人说了算的,是现实说了算
是现实说了算,是生活说了算
是生活说了算,谁让我嫁给你了呢
谁让我嫁给你了呢,你又不能改变
你又不能改变,我也不能因为此事和你离婚
我也不能因为此事和你离婚,我跟你说 孩子不能离开我们
我跟你说 孩子不能离开我们,孩子的成长只有一次 我们不能错过的
孩子的成长只有一次 我们不能错过的,而且孩子这么小就离开父母 会伤害她的感情
而且孩子这么小就离开父母 会伤害她的感情,会影响她的心理健康
会影响她的心理健康,你以为我不知道这些吗
你以为我不知道这些吗,你以为我愿意吗
你以为我愿意吗,现在有什么办法
现在有什么办法,你现在把你爸接过来
你现在把你爸接过来,我们承受不了
我们承受不了,让你去找个临时工干
让你去找个临时工干,你不愿意
你不愿意,我要把宝宝送回国
我要把宝宝送回国,你也不愿意
你也不愿意,你到底要怎么样
你到底要怎么样,你说
你说,我要把我爸接回来
我要把我爸接回来,好
好,你把你爸接过来
你把你爸接过来,我就把宝宝送走
你得满足爸,药我拿好了
药我拿好了,我来抱孩子吧
我来抱孩子吧,我来抱吧 孩子也没多大事
我来抱吧 孩子也没多大事,幸亏没多大事
幸亏没多大事,不然我就跟你拼了
不然我就跟你拼了,不是 当时孩子摔倒的时候咱们都不在身边
不是 当时孩子摔倒的时候咱们都不在身边,咱们都有责任的好吗
咱们都有责任的好吗,那要不是因为你们家的事情会这样吗
那要不是因为你们家的事情会这样吗,能不能讲点道理呀
能不能讲点道理呀,当时是你在跟我吵架
当时是你在跟我吵架,你自己
你自己,做主的时候
做主的时候,你有没有想过我们母女两个人
你有没有想过我们母女两个人,别在这样啊 再吵架
别在这样啊 再吵架,回头把孩子又吓着了
回头把孩子又吓着了,我告诉你
我告诉你,如果用我一个人的工资养活三代人
如果用我一个人的工资养活三代人,那我们就等着饿死吧
那我们就等着饿死吧,老公
老公,你不觉得今天那饭桌上气氛很奇怪吗
你不觉得今天那饭桌上气氛很奇怪吗,你看啊 我从嫁到你们家里来以后呢
你看啊 我从嫁到你们家里来以后呢,你爸就是一直躲在你妈后面的
你爸就是一直躲在你妈后面的,大气不敢出 大脚不迈的
大气不敢出 大脚不迈的,哪像今天这样啊 扬眉吐气
哪像今天这样啊 扬眉吐气,傲对群雄 他简直判若两人哪
钱花的也值,好什么呀
好什么呀,你没发现在饭桌上
你没发现在饭桌上,老爸满嘴都说的是老大如何如何老三如何如何 提你半个字没有
老爸满嘴都说的是老大如何如何老三如何如何 提你半个字没有,你说咱们照顾爸这么久了
你说咱们照顾爸这么久了,这算什么嘛
赶紧去美国,我跟你说
我跟你说,通过这段时间呢 我算是看明白了
通过这段时间呢 我算是看明白了,为什么妈在世的时候呢 把爸管的那么严厉
为什么妈在世的时候呢 把爸管的那么严厉,对爸呀 毫不留情面
对爸呀 毫不留情面,那就是因为妈太了解爸了
那就是因为妈太了解爸了,她知道爸有多能折腾
她知道爸有多能折腾,一旦没有人管爸
一旦没有人管爸,爸呢指不定做出什么
爸呢指不定做出什么,匪夷所思的事情
我妈管了我爸一辈子 我心疼,行了行了
行了行了,别想这些了
别想这些了,老公 加油
老公 加油,咱们呢 再坚持最后一下下
咱们呢 再坚持最后一下下,站好最后一班岗
站好最后一班岗,等爸去美国了
等爸去美国了,咱们就轻松了
一样宠着你,记住你说的话
永远忘不掉,这两份是项目策划
这两份是项目策划,这一份是销售战略调整计划
这一份是销售战略调整计划,您先过目
您先过目,要是没问题我就按这个执行了
要是没问题我就按这个执行了,你这一早来 就为了跟我说这些
你这一早来 就为了跟我说这些,昨天一宿没睡是吧
昨天一宿没睡是吧,师傅
师傅,我知道我之前的表现让您失望了
我知道我之前的表现让您失望了,我一定会努力地弥补过失
我一定会努力地弥补过失,您再相信我一次
您再相信我一次,我当然相信你
我当然相信你,但你也不应该把工作当作你生活的全部啊
但你也不应该把工作当作你生活的全部啊,别太给自己那么大的压力
别太给自己那么大的压力,该休息的时候你就要休息
该休息的时候你就要休息,美国还没去过吧
美国还没去过吧,正好
正好,今年企业家交流会轮到咱们公司做东
今年企业家交流会轮到咱们公司做东,我没法去
我没法去,你代我去
你代我去,这不合适吧师傅 现在正是布局西南战略的紧要关头
这不合适吧师傅 现在正是布局西南战略的紧要关头,当然了 这每一笔生意都很重要
当然了 这每一笔生意都很重要,但你一天能做的完吗
但你一天能做的完吗,好了
好了,好了
好了,你把你手边的工作都全放下
你把你手边的工作都全放下,出去开开眼界
出去开开眼界,然后充充电 换个脑子
然后充充电 换个脑子,我老了 跟不上时代
我老了 跟不上时代,只能指望你们这些年轻人
只能指望你们这些年轻人,哪有
哪有,不是我不领情
不是我不领情,只是我这一走 那江南一大摊事呢
只是我这一走 那江南一大摊事呢,这我会安排的
这我会安排的,你不用操心
你不用操心,别多想了
别多想了,让你去美国呢 是为你好
让你去美国呢 是为你好,明天我叫小汪把资料给你送过去
明天我叫小汪把资料给你送过去,你准备准备 正好趁这个机会 边学习边考察
你准备准备 正好趁这个机会 边学习边考察,然后边玩
然后边玩,回来的时候 有的你忙的呢
回来的时候 有的你忙的呢,去美国 企业家交流会
去美国 企业家交流会,这不明摆着支走你
这不明摆着支走你,然后一脚把我踢开吗
然后一脚把我踢开吗,想太多老得快啊
想太多老得快啊,我老了也很帅
我老了也很帅,你看你那没心没肺的样 你都被架空了
你看你那没心没肺的样 你都被架空了,你怎么还那么信任他呢
你怎么还那么信任他呢,你这叫愚忠 你知道吗
你这叫愚忠 你知道吗,我这条命都是人家给的
我这条命都是人家给的,必须愚忠到底
必须愚忠到底,打住
打住,你想愚忠 别拉着我陪葬啊
你想愚忠 别拉着我陪葬啊,真要冲我来
真要冲我来,大不了我不干了
大不了我不干了,此处不留爷
此处不留爷,自有留爷处
自有留爷处,如果要走
如果要走,现在绝不是好时机
现在绝不是好时机,你是我带来的
你是我带来的,即便要走 我也得替你争取一个讨价还价的资本
即便要走 我也得替你争取一个讨价还价的资本,你这些年没少替众诚做贡献
你这些年没少替众诚做贡献,我得去提醒一下老蒙
我得去提醒一下老蒙,兄弟就是兄弟啊 确实比妞强
兄弟就是兄弟啊 确实比妞强,这话说回来了
这话说回来了,这趟去美国
这趟去美国,万一还是老蒙跟姓孙的下的一盘棋
万一还是老蒙跟姓孙的下的一盘棋,你怎么办
你怎么办,想那么多干吗
想那么多干吗,不就去趟美国吗
不就去趟美国吗,我还真没去过
我还真没去过,等我回来一切就都清楚了
等我回来一切就都清楚了,喂 明成
为什么爸去不了美国了,明成
明成,大哥这边有些事情 暂时不方便让爸来美国
你有什么事啊,你就别问了
你就别问了,等爸能来的时候 我自然会通知你的
他很难受很伤心啊,我不是说了吗
我不是说了吗,咱爸暂时不能来美国
咱爸暂时不能来美国,你就不能暂时替我安顿一下爸吗
你想过爸的感受吗,没错 是我定的
没错 是我定的,我是看爸没有人管
我是看爸没有人管,你们就没责任吗
你们就没责任吗,你们要是把爸照顾得很好的话
你们要是把爸照顾得很好的话,爸至于这么着急来美国吗
你还有理了,明成 算大哥求你了好吗
明成 算大哥求你了好吗,你就帮大哥再管一阵子爸
你当面跟他解释清楚,你就不能实话实说吗
你就不能实话实说吗,你能不能别管
你能不能别管,你的面子就这么重要吗
你的面子就这么重要吗,你如果早跟爸说实话 能闹成今天这个样子吗
你如果早跟爸说实话 能闹成今天这个样子吗,那我来跟爸和明成说
那我来跟爸和明成说,我就不相信咱把话说清楚了
我就不相信咱把话说清楚了,他们能不理解你
我不受这罪,你脑子有问题是不是
你脑子有问题是不是,那是你亲爸
那是你亲爸,你买张机票把他就这么送走了
你买张机票把他就这么送走了,别人骂的是咱俩
别人骂的是咱俩,那到头来别人怎么说我呀
那到头来别人怎么说我呀,那肯定说我是个不懂事的儿媳妇
那肯定说我是个不懂事的儿媳妇,我不能这样
我不能这样,我怎么那么倒霉啊
我怎么那么倒霉啊,嫁给你 摊上这么个家 这妈才刚走
嫁给你 摊上这么个家 这妈才刚走,家里就乱成一锅粥了 你说妈在的时候多好啊
家里就乱成一锅粥了 你说妈在的时候多好啊,她把什么事都想得又周到又细心 什么时候让咱俩操过心啊
她把什么事都想得又周到又细心 什么时候让咱俩操过心啊,现在呢 什么事都堆到咱们俩这 我真的都快烦死了
根本就不会发生这样的事,后两周所有的会议都往后顺延吧
后两周所有的会议都往后顺延吧,还有什么
可能推不掉,想办法
想办法,没有推不掉的约会
那没事了,那你去吧
你们赶紧想想办法 想想办法,喂 哪位
喂 哪位,喂 明玉
喂 明玉,我是朱丽
我是朱丽,二嫂 什么事儿
二嫂 什么事儿,爸暂时去不了美国了
爸暂时去不了美国了,大哥也联系不上
大哥也联系不上,大嫂呢也不听电话
大嫂呢也不听电话,爸他不想搬回老宅去住
爸他不想搬回老宅去住,我们这儿吧 要住也行
我们这儿吧 要住也行,但我觉得你们兄妹之间是不是得有个说法呀
但我觉得你们兄妹之间是不是得有个说法呀,等会儿
等会儿,苏明成不是说苏家的事以后不需要我管了吗
苏明成不是说苏家的事以后不需要我管了吗,明玉 你别生气啊
明玉 你别生气啊,上次那事呢 是你二哥太冲动了
上次那事呢 是你二哥太冲动了,我先替他给你道个歉
我先替他给你道个歉,不过
不过,我觉得这过去的事就让它过去嘛
我觉得这过去的事就让它过去嘛,咱以后都不提了行吗
咱以后都不提了行吗,行 那这事不提了
行 那这事不提了,我就挂了
我就挂了,等等
等等,我今儿打给你
我今儿打给你,主要是爸想见你
主要是爸想见你,当然 你愿不愿意见爸
当然 你愿不愿意见爸,你愿不愿意给爸养老送终出一份力
你愿不愿意给爸养老送终出一份力,那是你的事情
那是你的事情,不过我是觉得 爸呢毕竟有你们三个子女
不过我是觉得 爸呢毕竟有你们三个子女,妈现在也不在了
妈现在也不在了,怎么给爸养老
怎么给爸养老,是不是应该你们苏家做子女的
是不是应该你们苏家做子女的,大家坐下来一块商量商量呀
大家坐下来一块商量商量呀,这事没什么好商量的呀
这事没什么好商量的呀,爸只要愿意可以随时到我这来住
爸只要愿意可以随时到我这来住,不是 你说这话什么意思
不是 你说这话什么意思,那你明知道爸不愿意去你那住
那你明知道爸不愿意去你那住,你还这样说
你还这样说,行
行,你要是真不想管爸
你要是真不想管爸,也可以
也可以,你给个说法
你给个说法,什么说法
什么说法,你给我们列个字据
你给我们列个字据,或者呢 你去登报
或者呢 你去登报,去电视上面做个声明
去电视上面做个声明,跟所有人说一下
跟所有人说一下,从现在开始你苏明玉跟苏大强再也没有任何关系
从现在开始你苏明玉跟苏大强再也没有任何关系,我为什么要这么做呀
我为什么要这么做呀,你必须这么做呀
你必须这么做呀,不然我们在这儿照顾爸
不然我们在这儿照顾爸,我们心里面怎么踏实啊
我们心里面怎么踏实啊,只有你说了
只有你说了,你跟爸呢 从此以后没有任何关系了
你跟爸呢 从此以后没有任何关系了,我们以后怎么养那就是我们的事情
我们以后怎么养那就是我们的事情,那至于以后有个什么三长两短的
那至于以后有个什么三长两短的,你也没有权利再过问
你也没有权利再过问,更没有什么理由来指责谁
更没有什么理由来指责谁,行了
行了,我该说的都说完了
我该说的都说完了,你自己看看怎么选择吧
你自己看看怎么选择吧,好啊
好啊,那咱们老宅见
那咱们老宅见,老宅
老宅,叫爸和苏明成都来
叫爸和苏明成都来,爸 我回来了
爸 我回来了,找我什么事儿
找我什么事儿,你不说话我走了啊
你们坐这儿说说吧,这有什么可说的呀
这有什么可说的呀,关键看您啊 您自己有什么想法
关键看您啊 您自己有什么想法,您这有仨选择
您这有仨选择,您喜欢哪个选哪个就好了呀
我有仨选择,第一跟我住啊 住我家
不去 不去,您要是嫌跟我住不自在
您要是嫌跟我住不自在,我城外还有一套房子
我城外还有一套房子,我给您找一保姆
我给您找一保姆,您自己住
那我也不去,这可是您自己说不去的啊
我说了 不去,行
行,看来您还是没忘记当初你们跟我立的协议
看来您还是没忘记当初你们跟我立的协议,账本我看完了
账本我看完了,我真的没有想到 这些年明成
我真的没有想到 这些年明成,还有我 竟然花了家里这么多钱
还有我 竟然花了家里这么多钱,我觉得很羞愧
我觉得很羞愧,二嫂
二嫂,今天算账呢
今天算账呢,也不是谁和谁过不去
也不是谁和谁过不去,就是想让咱们彼此心里都有个数 日后也不落埋怨
就是想让咱们彼此心里都有个数 日后也不落埋怨,那我就接着说了
那我就接着说了,刚才说第一条选择到我家住
刚才说第一条选择到我家住,被爸否决了
被爸否决了,我说第二条选择的时候
我说第二条选择的时候,是不是要把苏明成给叫出来啊
是不是要把苏明成给叫出来啊,咱们一起说
咱们一起说,不用叫他了
不用叫他了,也不用再说什么第二条第三条
也不用再说什么第二条第三条,既然今天账已经算清楚了
既然今天账已经算清楚了,明玉 你确实没有管爸的义务
明玉 你确实没有管爸的义务,从现在开始
从现在开始,爸的生活就由我和明成来照顾
爸的生活就由我和明成来照顾,我朱丽今天在你们苏家人面前
我朱丽今天在你们苏家人面前,脸算是丢尽了
而且咱俩还经常往家里买东西,你是真傻还是装傻呀
你是真傻还是装傻呀,你现在还没看明白吗
你现在还没看明白吗,那账本上面记得清清楚楚的
那账本上面记得清清楚楚的,爸妈最省的一个月才花了600块钱
爸妈最省的一个月才花了600块钱,你那个月从家里拿了六七千块钱
你那个月从家里拿了六七千块钱,这些钱哪来的
这些钱哪来的,从爸妈的牙缝里面省出来的
从爸妈的牙缝里面省出来的,我说得再不好听一点
我说得再不好听一点,从明玉头上刮下来的
这这 我们都记着对不对,你妈说 你妈说 你是幼儿园的小朋友啊
你妈说 你妈说 你是幼儿园的小朋友啊,我要整天跟你说
我要整天跟你说,我妈说
我妈说,我爸说 你不觉得很可笑吗
睡吧睡吧 明天再说,起来
那还没完了吗,我觉得很丢人
我觉得很丢人,你觉得一点感觉都没有 是吧
你觉得一点感觉都没有 是吧,你还要不要脸
算了,你真不要脸
我现在跑到妈坟前去 我跟她道歉,没这么简单
那你说一复杂的,用实际行动来弥补吧
我们好好对他 以后他说什么是什么 好好孝敬他不就完了吗不就,苏明成
苏明成,我跟你说中文你听不懂是吧
我跟你说中文你听不懂是吧,我的意思是还钱
再说我爸也没让我还,你就是仗着你爸妈对你偏心
你就是仗着你爸妈对你偏心,你就理所当然地啃老是吧
他也真是够无聊的 我觉得,我看你是当寄生虫啊
我看你是当寄生虫啊,当习惯了已经
当习惯了已经,我告诉你
我告诉你,今天我就把这话放这儿
今天我就把这话放这儿,这钱必须还
这钱必须还,你要是不愿意还呢
你要是不愿意还呢,我一个人还我也把它还了
慢慢还 哪有这么多钱,越快越好
越快越好,这钱一天不还清
这钱一天不还清,我一天在你们苏家人面前我抬不起头来
我一天在你们苏家人面前我抬不起头来,我今天给明玉打电话的时候
我今天给明玉打电话的时候,我还对他好不客气的
我还对他好不客气的,可最后呢 我真觉得我自己无地自容
你正中他下怀 她高兴得要命,苏明玉她没错
苏明玉她没错,如果不是你要找妈要钱
如果不是你要找妈要钱,妈把房子卖了 把钱给你了
妈把房子卖了 把钱给你了,苏明玉至于现在和家里的关系是这样吗
苏明玉至于现在和家里的关系是这样吗,你要不是老找家里要钱
你要不是老找家里要钱,爸至于老穿旧衣服吗
爸至于老穿旧衣服吗,妈还省吃俭用
妈还省吃俭用,这也不敢用
这也不敢用,那也不敢买的
那也不敢买的,最后有病拖着不敢去看
最后有病拖着不敢去看,然后才会
要不然我给你拿把刀 你砍死我,你耍无赖是吧
说的都是废话,你干嘛去
找找清楚的人说去,你在这干嘛
你在这干嘛,赚钱养活我自己
赚钱养活我自己,你故意气我是不是
你故意气我是不是,街坊邻居 亲戚朋友都知道你在这工作
街坊邻居 亲戚朋友都知道你在这工作,你不要脸 我还要脸
你不要脸 我还要脸,我已经不花你的钱了
我已经不花你的钱了,你管不着我
你管不着我,回去吧 18岁以前花你的钱
回去吧 18岁以前花你的钱,我会还你的
我会还你的,你觉得你这样很有志气
你觉得你这样很有志气,是不是
是不是,等你在外头混不下去了
等你在外头混不下去了,你可别回家求我
你可别回家求我,我在外面再苦再累
我在外面再苦再累,也比在那个家里受委屈的强
也比在那个家里受委屈的强,我再跟你说一遍
我再跟你说一遍,赶紧把这个工作给我辞了
赶紧把这个工作给我辞了,马上给我回家
马上给我回家,听见没有
听见没有,我不回去
我不回去,是你亲手把我赶出那个家的
是你亲手把我赶出那个家的,我和你 和苏家已经没有任何关系
我和你 和苏家已经没有任何关系,你不要再管我了
你不要再管我了,你已经有两个儿子
你已经有两个儿子,你不需要再有一个女儿
你不需要再有一个女儿,你就当从来没有过我这个人吧
你就当从来没有过我这个人吧,你跟我回去
你跟我回去,我不回去
你平时不看电视啊,今天想看啊
哦 你也看这个,这怎么了
没事 走了啊,错了没
错了没,嗯是什么意思
错了,还钱
还,欠多少还多少
行,什么时候还
你干嘛,我睡不着
我睡不着,你起来
你起来,你起来
干 干什么,开会
这么晚你 我 我尽力吧,唉呀 我说的是要做个规划
唉呀 我说的是要做个规划,从现在开始 咱们俩呢 节约开支给爸还账
这事你不是明天再说吗？,不行
不行,你现在就给我写个计划书
你现在就给我写个计划书,明天就要执行
我请你吃面,喂
老婆下楼了,老公 你是不是到楼下了呀
老公 你是不是到楼下了呀,这样 你稍等我一下
这样 你稍等我一下,我最后还有两个地方修改一下
我最后还有两个地方修改一下,很快就下来
很快就下来,你稍等我一下
给我一粒可否,你说的 就给你一粒啊
太抠门了,你怎么知道我饿了呀
你怎么知道我饿了呀,这真好吃
我也觉得这好吃,老公
老公,我今天加班呢 又被主任看到了
我今天加班呢 又被主任看到了,他还表扬我了
你说她是不是要重用我,那肯定是啊 老公我觉得这样特别好
那肯定是啊 老公我觉得这样特别好,咱们呢就应该把给爸还账这件事情呢 当成咱俩工作的一个动力
咱们呢就应该把给爸还账这件事情呢 当成咱俩工作的一个动力,好好工作
好好工作,好好挣钱 不能再让你爸 大哥 明玉 瞧不起咱们
是,你都不知道
你都不知道,自从看了你们家那账本以后
自从看了你们家那账本以后,我整个人每天都觉得愧得慌
我整个人每天都觉得愧得慌,羞得慌
借钱 又不是抢劫 你慌什么呀,我当然慌了
我当然慌了,我从小我就争强好胜
我从小我就争强好胜,我爱面子
我爱面子,你又不是不知道的
你又不是不知道的,你说出了这样的事情
你说出了这样的事情,我怎么可能 怎么可能让人家瞧不起我呢 我受不了的
你长得漂亮,那不行
那不行,嫁给你以后变成了啃老族
嫁给你以后变成了啃老族,我 我不能这样
我 我不能这样,我觉得特别丢人
我觉得特别丢人,特别内疚
特别内疚,我受不了
我受不了,我不能这样
我坑多 我不怕,钱虽然是你借的
钱虽然是你借的,但是咱俩一起花的呀
吃顿好的,你怎么回事啊
你怎么回事啊,昨天晚上咱们怎么定的规划你忘了
昨天晚上咱们怎么定的规划你忘了,节衣缩食给爸还账
咱 咱先庆祝一下啊,不行
不行,既然要还账
既然要还账,就从现在开始 改掉大手大脚花钱的毛病
就从现在开始 改掉大手大脚花钱的毛病,走 咱们去超市 买菜回家做饭去
挂了啊,怎么了
嫌我们饭开晚了,爸生气了
现在越来越过分了,那这么多菜谁吃啊
别动,干什么呀你 讨厌
干什么呀你 讨厌,还没有确定
还没有确定,但是呢 听我们人事部主管的口气呀 应该差不多吧
升了 那肯定升了,我还有更开心的事情呢
你说,我今天领了这个季度的奖金
我今天领了这个季度的奖金,一万二
咱们去庆祝一下,给爸买点好吃的吧
现在变成这样了,你小点声
你小点声,现在咱们不是还欠着爸钱吗
现在咱们不是还欠着爸钱吗,理不直气不壮的
理不直气不壮的,再说了 这段时间确实太忙了
再说了 这段时间确实太忙了,没把爸照顾好
嫌我们回来晚 可以自己出去吃,快一点 赶紧做饭去
你不能给他那么多现金,没事儿
没事儿,一次性给爸那么多钱
一次性给爸那么多钱,他不是高兴吗
我爸是不靠谱代言人,难得见爸高兴一次 没关系的
难得见爸高兴一次 没关系的,一会儿还能多吃点
一年得要,一年不到一万八
一年不到一万八,这钱你出 从你的零花钱里面扣
为什么,他是你爸呀
再扣下去 我只能挤公交车了,你挤公交车是合理的
你挤公交车是合理的,你是一个男人嘛
你是一个男人嘛,你是我老公
你是我老公,你应该疼我 惯着我
你应该疼我 惯着我,说明你爱我
说明你爱我,难道要从我的护肤品里面去挤吗
难道要从我的护肤品里面去挤吗,那不可以的
那不可以的,这样的话我会变成黄脸婆
这样的话我会变成黄脸婆,我不美了 我不美了
我不美了 我不美了,难道你还想去找别人
好吧,这不就结了吗
这不就结了吗,喂 明玉啊
喂 明玉啊,大哥 这周末你在家吗
大哥 这周末你在家吗,我想过去看看你和大嫂
我想过去看看你和大嫂,你来看我
你来看我,你现在人在哪啊
你现在人在哪啊,我到美国了
我到美国了,现在在洛杉矶呢
现在在洛杉矶呢,你来美国了
你来美国了,这是什么时候的事
这是什么时候的事,我怎么不知道
我怎么不知道,我跟商务考察团过来的
我跟商务考察团过来的,已经走了好几个城市
已经走了好几个城市,后天就到你们那了
后天就到你们那了,你们要是在家呢 我就去看看你们
你们要是在家呢 我就去看看你们,你们要是忙 咱们就下次再见
你们要是忙 咱们就下次再见,我当然在家了
我当然在家了,我的意思是说 你一定要来啊
我的意思是说 你一定要来啊,那行
那行,那你把地址发给我
那你把地址发给我,不用了
不用了,你到了这儿 你就给我来个电话
你到了这儿 你就给我来个电话,我亲自开车去接你 好吗
我亲自开车去接你 好吗,好
好,好拜拜
好拜拜,这个明玉呀
这个明玉呀,她怎么这个时候来
她怎么这个时候来,你说我该怎么办
你说我该怎么办,什么怎么办
什么怎么办,不能让明玉知道我失业的事情啊
不能让明玉知道我失业的事情啊,我觉得你就应该实事求是
我觉得你就应该实事求是,咱们得面对现实
咱们得面对现实,绝对不行
绝对不行,你知道别人是怎么看待失业者的吗
你知道别人是怎么看待失业者的吗,那就是人生的失败者
那就是人生的失败者,loser
loser,我是个loser吗
我是个loser吗,我只是暂时的没有工作罢了
我只是暂时的没有工作罢了,你希望我在明玉的眼中是个什么样的人
你希望我在明玉的眼中是个什么样的人,我在她面前已经丢够人了
我在她面前已经丢够人了,上次我妈走的时候
上次我妈走的时候,我作为苏家的老大
我作为苏家的老大,我原本应该承担起家里的一切
我原本应该承担起家里的一切,可是我做过什么吗
可是我做过什么吗,我妈的墓地
我妈的墓地,墓地 葬礼 都是明玉出的钱
墓地 葬礼 都是明玉出的钱,她这回要是知道我失业了
她这回要是知道我失业了,你看我这个大哥还有脸面吗
你看我这个大哥还有脸面吗,你们是亲兄妹
你们是亲兄妹,你干嘛要这么想呢 
你干嘛要这么想呢 ,再说你忘了 因为你上次的隐瞒 闹得他们之间有误会吗
再说你忘了 因为你上次的隐瞒 闹得他们之间有误会吗,这次不一样
这次不一样,明玉要是知道
明玉要是知道,我爸不能来美国
我爸不能来美国,是因为我失业了
是因为我失业了,你让我以后怎么面对家里人
你让我以后怎么面对家里人,还有 我爸要是知道这件事情 他再受点刺激
还有 我爸要是知道这件事情 他再受点刺激,出点什么事 你让我怎么办
出点什么事 你让我怎么办,我真是不明白你
我真是不明白你,不明白你
不明白你,老婆 算我求你好吗
老婆 算我求你好吗,千万别告诉明玉我失业的事
千万别告诉明玉我失业的事,算我求你了行吗
算我求你了行吗,洗碗
洗碗,我洗 你陪着孩子玩啊 我洗
我洗 你陪着孩子玩啊 我洗,我洗
我洗,大叔
大叔,小石
小石,您说
我想带客人去你那儿吃饭,没问题啊
我觉得爸有点问题,又有什么问题啊
在垃圾箱里边 发现好多废的彩票,我以为多大事呢 吓我一跳
我以为多大事呢 吓我一跳,玩彩票挺正常的
玩彩票挺正常的,老人家平时也没什么事干 打发打发时间嘛
我怕他脑子一热全买了,有这种事情
有这种事情,爸他不能这样
不是跟你说了吗,那现在怎么办啊 你 你想想办法 去试探试探他
那现在怎么办啊 你 你想想办法 去试探试探他,行了 别擦了 赶紧去
丽丽,爸 怎么了
给我那个钱 是还我账的钱是吧,是 就是还账给您的
你们不是想要回去吧,不是 爸
不是 爸,不是这个意思
不是这个意思,您误会了
您误会了,明玉啊 你现在做的不错呀
明玉啊 你现在做的不错呀,代表你们公司来美国商务考察
代表你们公司来美国商务考察,你在你们公司 地位是不是挺高的
你在你们公司 地位是不是挺高的,本来是我们集团公司老总的名额
本来是我们集团公司老总的名额,他临时有事来不了了
他临时有事来不了了,我就捡了一便宜
我就捡了一便宜,大哥你怎么样
大哥你怎么样,对
对,你上回说家里遇到一些麻烦事
你上回说家里遇到一些麻烦事,让爸暂时别来美国了
让爸暂时别来美国了,怎么回事啊
怎么回事啊,那事情解决了吗
那事情解决了吗,也没多大事
也没多大事,跟你大嫂商量着
跟你大嫂商量着,换个房子
换个房子,换大房子呀 行啊 大哥你现在也不错呀
换大房子呀 行啊 大哥你现在也不错呀,是这样的
是这样的,上回回来呀 跟你大嫂说了
上回回来呀 跟你大嫂说了,咱爸要来美国养老的事
咱爸要来美国养老的事,可不巧的是
可不巧的是,你大嫂的爸爸妈妈也提出来
你大嫂的爸爸妈妈也提出来,要来美国陪着女儿安度晚年
要来美国陪着女儿安度晚年,你大嫂家跟咱们家可不一样
你大嫂家跟咱们家可不一样,咱们家有三个孩子
咱们家有三个孩子,你大嫂可是独苗
你大嫂可是独苗,这没有任何理由不让他父母来美国
这没有任何理由不让他父母来美国,你说是不是
你说是不是,那肯定啊
那肯定啊,所以我跟你大嫂合计着
所以我跟你大嫂合计着,既然两边的老人都要来
既然两边的老人都要来,那现在的房子就有点小了
那现在的房子就有点小了,而且地段啊 也不是特别好
而且地段啊 也不是特别好,离商业区比较远
离商业区比较远,所以我们就合计着 干脆 换个大点的
所以我们就合计着 干脆 换个大点的,之前倒是看上一个 跟房东也谈得差不多了
之前倒是看上一个 跟房东也谈得差不多了,价格也能接受
价格也能接受,但是这房东啊 谈着谈着就开始犹豫了
但是这房东啊 谈着谈着就开始犹豫了,一会卖一会不卖
一会卖一会不卖,所以这事 一时半会停不下来
所以这事 一时半会停不下来,我想着等这边全办妥了
我想着等这边全办妥了,直接把咱爸接来
直接把咱爸接来,直接住新房子 这多好呀
直接住新房子 这多好呀,可没想到
可没想到,就因为这事 明成和爸还跟我急了
就因为这事 明成和爸还跟我急了,大哥 你真不能无底线地惯着咱爸
大哥 你真不能无底线地惯着咱爸,要我说他就不该来美国
要我说他就不该来美国,他语言又不通
他语言又不通,饮食也不习惯
饮食也不习惯,就他那狗脾气呀 未必能跟大嫂处一块去
就他那狗脾气呀 未必能跟大嫂处一块去,回头在美国待两天又闹着要回去
回头在美国待两天又闹着要回去,你还给他打一飞的送回去
你还给他打一飞的送回去,你这不纯粹给自己添乱吗
你这不纯粹给自己添乱吗,我这话都说出去了
我这话都说出去了,跟爸承诺过了
跟爸承诺过了,那我总不能食言吧
那我总不能食言吧,我必须得做到
我必须得做到,老话说的好
老话说的好,养儿防老
养儿防老,不就是为了养老送终吗
不就是为了养老送终吗,在妈在的时候 我没陪在身边
在妈在的时候 我没陪在身边,咱妈走的时候
咱妈走的时候,我也没送上最后一程
我也没送上最后一程,我这心里有愧
我这心里有愧,我可不希望在咱爸身上 再留有什么遗憾
我可不希望在咱爸身上 再留有什么遗憾,这房格局不错
这房格局不错,是吗
是吗,还行吧
还行吧,明玉 你比照片上还要漂亮
明玉 你比照片上还要漂亮,小时候我哥老说我嘴大太嫁不出去
小时候我哥老说我嘴大太嫁不出去,现在被他言中了
现在被他言中了,你先歇一会儿
你先歇一会儿,今天我下厨 坐上海菜
今天我下厨 坐上海菜,辛苦大嫂
辛苦大嫂,没想到宝宝这么喜欢明玉呀
没想到宝宝这么喜欢明玉呀,所以说血缘呀 就是一个神奇的东西
所以说血缘呀 就是一个神奇的东西,她们俩从来都没有见过面
她们俩从来都没有见过面,第一次见面就这么黏
第一次见面就这么黏,挺好
挺好,我要是没有失业多好
我要是没有失业多好,明玉来了
明玉来了,回头我再把爸和明成接过来
回头我再把爸和明成接过来,苏家就算齐了
苏家就算齐了,明玉
明玉,虽然咱两个人是第一次见面
虽然咱两个人是第一次见面,但我觉得我跟你挺投缘的
但我觉得我跟你挺投缘的,我觉得你挺好
我觉得你挺好,不像他们说的那样
不像他们说的那样,哪样啊
哪样啊,我这人吧 性子直啊
我这人吧 性子直啊,有时候说什么
有时候说什么,你大哥跟我说你在家其实挺厉害的
你大哥跟我说你在家其实挺厉害的,不过我没觉得 我觉得你挺好
不过我没觉得 我觉得你挺好,大哥说得没错啊
大哥说得没错啊,咱俩相处时间长了
咱俩相处时间长了,就能感受到我的厉害了
就能感受到我的厉害了,你还要在这呆几天
你还要在这呆几天,有空的时候来家里玩吧 宝宝那么喜欢你 多陪陪她
有空的时候来家里玩吧 宝宝那么喜欢你 多陪陪她,好啊
好啊,这个邀请我没法拒绝的
这个邀请我没法拒绝的,好
好,你有空了就给我打电话
你有空了就给我打电话,我去接你
我去接你,不用
不用,我自己过来
我自己过来,你干嘛呀
你干嘛呀,不是 我对不起你
不是 我对不起你,你说明玉来了
你说明玉来了,还要你帮我一块撒谎
还要你帮我一块撒谎,对不起
对不起,其实我今天挺高兴的
其实我今天挺高兴的,高兴
高兴,我觉得明玉不仅人长得漂亮
我觉得明玉不仅人长得漂亮,还大气
还大气,关键是还喜欢孩子 特别好
关键是还喜欢孩子 特别好,那你是只看到明玉这一方面
那你是只看到明玉这一方面,什么时候啊 让你看看你的另外一面
什么时候啊 让你看看你的另外一面,你就知道了
你就知道了,另外一面
另外一面,我觉得明玉 她是一个通情达理的人
我觉得明玉 她是一个通情达理的人,不像你说的那样
不像你说的那样,也真的想不明白 她怎么就和你的家里人闹成了那样
也真的想不明白 她怎么就和你的家里人闹成了那样,这话怎么说呢
这话怎么说呢,我很早就来美国了
我很早就来美国了,就算小时候在家里啊
就算小时候在家里啊,我也只忙着读书
我也只忙着读书,别的我什么都不管
别的我什么都不管,所以明玉和我妈 明玉和我爸
所以明玉和我妈 明玉和我爸,包括明玉和明成
包括明玉和明成,到底怎么回事我也不清楚
到底怎么回事我也不清楚,但是有一点我知道啊
但是有一点我知道啊,我们家要是论吵架
我们家要是论吵架,除了我妈以外
除了我妈以外,没有人是明玉的对手
没有人是明玉的对手,我记得有一年 我放暑假回来
我记得有一年 我放暑假回来,明玉应该是读初中吧
明玉应该是读初中吧,我一进门 就看到明玉和我妈在吵架
我一进门 就看到明玉和我妈在吵架,明成呢 站在一边骂明玉
明成呢 站在一边骂明玉,好像是为了什么复习资料
好像是为了什么复习资料,具体的我也不清楚
具体的我也不清楚,我记得我妈应该是刚刚下班回来
我记得我妈应该是刚刚下班回来,累了一天了
累了一天了,她不管三七二十一 直接把明玉打了一顿
她不管三七二十一 直接把明玉打了一顿,明玉当时就反抗了
明玉当时就反抗了,把我妈的手都给咬破了
把我妈的手都给咬破了,当天晚上啊 明玉离家出走了
当天晚上啊 明玉离家出走了,整整三天 也没回来
整整三天 也没回来,我妈急了
我妈急了,只能报警
只能报警,你猜警察是在哪找到她的
你猜警察是在哪找到她的,在我们那最偏的一个湖边
在我们那最偏的一个湖边,这个明玉啊
这个明玉啊,愣是三天三夜没吃饭
愣是三天三夜没吃饭,警察找到她的时候啊
警察找到她的时候啊,人都走不动路了
人都走不动路了,是警察把她给抬回来的
是警察把她给抬回来的,明玉挺可怜的
明玉挺可怜的,她可怜归可怜
她可怜归可怜,但是明玉后来干的那点事啊 也确实比较偏激
但是明玉后来干的那点事啊 也确实比较偏激,那年明玉考大学
那年明玉考大学,我妈为了省钱 就托关系 让她上我们市里的一个师范学校
我妈为了省钱 就托关系 让她上我们市里的一个师范学校,明玉觉得学校不好啊
明玉觉得学校不好啊,跟我妈又吵了起来
跟我妈又吵了起来,他还发誓 从今以后啊 不用苏家一分钱
他还发誓 从今以后啊 不用苏家一分钱,不登苏家的门
不登苏家的门,10年了
10年了,她真的做到了
她真的做到了,这回要不是我妈死啊
这回要不是我妈死啊,我估计我都见不着她
我估计我都见不着她,不过这回 我觉得明玉倒是干得不错
不过这回 我觉得明玉倒是干得不错,他竟然能够说服明成来照顾我爸
他竟然能够说服明成来照顾我爸,我还真想不通
我还真想不通,你说她用了什么方法说服明成了
你说她用了什么方法说服明成了,不管用的什么方法
不管用的什么方法,我觉得明玉能够走到今天
我觉得明玉能够走到今天,非常地不容易
非常地不容易,你这个做大
你这个做大,哥的
哥的,要多关心关心她
要多关心关心她,哪儿轮得着我啊 人家明玉在国内混的好着呢
哪儿轮得着我啊 人家明玉在国内混的好着呢,要钱有钱 要地位有地位
要钱有钱 要地位有地位,哪轮得着我这个当大哥的去关心她
哪轮得着我这个当大哥的去关心她,这话我就不爱听
这话我就不爱听,她是你亲妹妹
她是你亲妹妹,关心她怎么了
关心她怎么了,那是亲情
那是亲情,这跟钱跟地位没关系
这跟钱跟地位没关系,听见没有
听见没有,记住了
记住了,听见没有
听见没有,我听见了
我听见了,明哲 明玉来电话说晚上请咱们吃个饭
明哲 明玉来电话说晚上请咱们吃个饭,你没跟他说到家里来
你没跟他说到家里来,她明天就要离开旧金山了
她明天就要离开旧金山了,而且我也说了
而且我也说了,我说在美国吃中餐挺贵的
我说在美国吃中餐挺贵的,你猜她怎么说
你猜她怎么说,怎么说
怎么说,他说不是请咱俩吃饭
他说不是请咱俩吃饭,是请小咪吃饭
是请小咪吃饭,我们只是沾了小咪的光
我们只是沾了小咪的光,这个明玉啊 真是
这个明玉啊 真是,算了 她想请咱们吃饭咱们就去
算了 她想请咱们吃饭咱们就去,反正她现在很有钱 不吃白不吃
反正她现在很有钱 不吃白不吃,慢点喝大嫂
慢点喝大嫂,明玉
明玉,别怪你大哥
别怪你大哥,他就是这样的一个人
他就是这样的一个人,是我考虑不周 我不应该选在这个时间
是我考虑不周 我不应该选在这个时间,跑来打扰你们
跑来打扰你们,对不起啊
对不起啊,该说对不起的是我们
该说对不起的是我们,你不知道 为了这件事情
你不知道 为了这件事情,我跟你大哥在家里吵了几次了
我跟你大哥在家里吵了几次了,你大哥他这个人爱面子
你大哥他这个人爱面子,自尊心又强
自尊心又强,他怕你跟老二知道他失了业
他怕你跟老二知道他失了业,在美国过得不好 会瞧不起他
在美国过得不好 会瞧不起他,大哥这人真是
大哥这人真是,他怎么好端端就会失业了呢
他怎么好端端就会失业了呢,本来在妈去世之前
本来在妈去世之前,他们公司就要裁减科研中心的研发人员
他们公司就要裁减科研中心的研发人员,后来我们才知道
后来我们才知道,当时裁减人员的名单上没有你哥的名字
当时裁减人员的名单上没有你哥的名字,毕竟他是科研骨干
毕竟他是科研骨干,能力又强
能力又强,可是偏在这个时候妈去世了
可是偏在这个时候妈去世了,他请假回国奔丧
他请假回国奔丧,这一走呢 就有人在中间动了手脚
这一走呢 就有人在中间动了手脚,把他给挤掉了
把他给挤掉了,那以大哥的学历和能力 在美国再找一份工作应该不难吧
那以大哥的学历和能力 在美国再找一份工作应该不难吧,别把美国想得太好
别把美国想得太好,08年至今 美国的经济一直就不景气
08年至今 美国的经济一直就不景气,失业率又高
失业率又高,像你哥这样的IT
像你哥这样的IT,高端人才 要是丢了工作
高端人才 要是丢了工作,想找到一份理想的合适工作
想找到一份理想的合适工作,真的挺不容易的
真的挺不容易的,那还不如回国发展
那还不如回国发展,回国
回国,你以为混个绿卡容易吗
你以为混个绿卡容易吗,像我们在美国奋斗了这么多年
像我们在美国奋斗了这么多年,所有的青春汗水 还有高昂的税金 都撒在美利坚的土地上了
所有的青春汗水 还有高昂的税金 都撒在美利坚的土地上了,其实在美国像你哥这样的
其实在美国像你哥这样的,好不容易混上绿卡 立足了美国
好不容易混上绿卡 立足了美国,现在突然又宣布要撤出美国
现在突然又宣布要撤出美国,别说同事同学之间笑话
别说同事同学之间笑话,就连辛辛苦苦供你出来的二老亲戚朋友兄弟姐妹
就连辛辛苦苦供你出来的二老亲戚朋友兄弟姐妹,哪个能瞧得起你啊
哪个能瞧得起你啊,所以呀有时候 很多旅居美国的华人不得不打肿脸充胖子
所以呀有时候 很多旅居美国的华人不得不打肿脸充胖子,死活赖着不走
死活赖着不走,也不愿意
也不愿意,说美国不好
说美国不好,更别提回国的事了
更别提回国的事了,放心吧 大嫂
放心吧 大嫂,这事我不会跟任何人
这事我不会跟任何人,提起的
小石,哎 大叔
给我做个汤,汤啊 好
汤啊 好,要排骨汤还是鱼汤
随便 有肉就行,行
Yeah,怎么了
怎么了,怎么了
最好的最好的 今天大叔高兴,什么事这么高兴
挣钱,挣钱
你这个店一年能挣多少钱哪,啊不多 但就扣掉成本
啊不多 但就扣掉成本,正常生活的还 还过得去
正常生活的还 还过得去,怎么了
脑筋应该灵光一点,我脑筋不灵光啊？
这个套路不对,套路不对？
把你开店的钱 拿出一部分来做理财呀,做理财
那钱哗哗哗就进来了,不 这理财
不 这理财,我还真不懂
我还真不懂,没那么容易吧
嘿嘿,大叔 看样子你现在是在理财了
大叔 看样子你现在是在理财了,小石
大叔现在做的这个理财啊 公司叫豪富理财,豪富理财
不久你就发了,大叔 我能方便问一下
大叔 我能方便问一下,您大概
您大概,投了多少进去吗
1万出头,1万出头
1万出头,那也挺多的
有投好几万的呢 十几万的都有,你现在这理财
你现在这理财,家里人知道吗
大叔带你入入门,我，我真的就只会做菜
我，我真的就只会做菜,我没办法理财
饿了 饿了 饿了,行 大爷
行 大爷,明玉昨天告诉我
明玉昨天告诉我,她不会把那件事跟爸和明成说的
她不会把那件事跟爸和明成说的,我觉得你应该给明玉打个电话道个歉
我觉得你应该给明玉打个电话道个歉,你别为难我
你别为难我,有什么好道歉的
有什么好道歉的,这怎么能是为难你呢
这怎么能是为难你呢,是你们兄弟姊妹之间的感情重要
是你们兄弟姊妹之间的感情重要,还是你的面子重要
还是你的面子重要,昨天都已经闹成那样了
昨天都已经闹成那样了,我哪有脸见她呀
我哪有脸见她呀,明玉是你的亲妹妹
明玉是你的亲妹妹,我觉得你应该给他道个歉
我觉得你应该给他道个歉,我会给他道歉的
我会给他道歉的,但不是现在
但不是现在,什么时候
什么时候,总得等我找到工作再说吧
你说他不会做一些什么不正当的生意吧,我说你这脑子在想什么呀
我说你这脑子在想什么呀,两个老人在一起做什么不正经的生意
两个老人在一起做什么不正经的生意,怎么可能
他中彩票了,早上好 先生
早上好 先生,这是我的简历
昨天跟郭经理谈的那一单估计要黄了,什么情况
什么情况,老郭放我鸽子
因为孙副总不签字,他签什么字啊
要不然谁也没有权利调动工厂,我今天过来
我今天过来,也不想跟你废话
也不想跟你废话,咱们敞开了说啊
咱们敞开了说啊,就监理这事儿什么意思
和我无关啊,跟你无关
跟你无关,那我那批货呢 你凭什么不放呢
这种单子不做也罢了,有点意思啊
有点意思啊,说说吧 是不是因为amy的事
这不能因为这个 影响咱们两个的交情嘛,少套近乎啊
少套近乎啊,我跟你有什么交情啊
光靠兄弟你恐怕不行吧,明总去美国学习
明总去美国学习,是你给蒙总支的招吧
慎重点,明玉 我跟你讲啊
明玉 我跟你讲啊,你江南这边的事儿吧 我管不了了
你江南这边的事儿吧 我管不了了,我也干不下去了
我也干不下去了,又出什么事了
又出什么事了,我刚从老蒙办公室出来
我刚从老蒙办公室出来,他亲口跟我说的
他亲口跟我说的,他说他要安插监理
他说他要安插监理,安插什么
安插什么,监理
监理,我上次打电话 不是跟你说了吗
我上次打电话 不是跟你说了吗,支你去美国 他肯定有大动静
支你去美国 他肯定有大动静,现在真的要对咱们俩下手啊
现在真的要对咱们俩下手啊,不是 咱又不是工程公司 找监理来干嘛
不是 咱又不是工程公司 找监理来干嘛,我怎么知道啊 集团还没正式下通知呢
我怎么知道啊 集团还没正式下通知呢,这帮监理老爷们就开始欺负到我头上来了
这帮监理老爷们就开始欺负到我头上来了,整天什么事都不干
整天什么事都不干,就盯着我
就盯着我,你说我的每一笔销售事宜 都得经过他们的过目
你说我的每一笔销售事宜 都得经过他们的过目,同意签字才能实施
同意签字才能实施,我这销售怎么干
我这销售怎么干,这事儿跟姓孙的有关系吗
这事儿跟姓孙的有关系吗,我去找老蒙之前去找过他了
我去找老蒙之前去找过他了,我能感觉到这里面不光是我跟他的个人恩怨问题
我能感觉到这里面不光是我跟他的个人恩怨问题,这事不简单
这事不简单,你想啊
你想啊,安插监理 老蒙不点头
安插监理 老蒙不点头,谁能拿得下
谁能拿得下,你确定是我师傅
你确定是我师傅,我确定 我确定 要不是当面求证
我确定 我确定 要不是当面求证,我也不相信这是老蒙点头了
我也不相信这是老蒙点头了,不过 他之前
不过 他之前,之前不接我电话 也不见我
之前不接我电话 也不见我,这倒是能说得通了
这倒是能说得通了,明玉啊
明玉啊,你还是早点回来
你还是早点回来,我得把江南这边还给你
我得把江南这边还给你,我这边业绩下滑得太厉害了
我这边业绩下滑得太厉害了,你那边也好不到哪去
你那边也好不到哪去,更重要的是 鎏金这帮小子趁机大开杀戒
更重要的是 鎏金这帮小子趁机大开杀戒,吃了我不少客户
吃了我不少客户,行 我知道了
行 我知道了,怎么样
怎么样,有消息了吗
有消息了吗,还是没通过啊
还是没通过啊,没事啊 别放弃
没事啊 别放弃,我今天给我几个老同学也都发了你的简历
我今天给我几个老同学也都发了你的简历,我让他们也帮忙找找
我让他们也帮忙找找,也许过两天就有消息了呢
也许过两天就有消息了呢,这什么呀
这什么呀,送你的
送你的,你疯了
你疯了,都什么时候了你还买东西
都什么时候了你还买东西,明天退了啊
明天退了啊,你不是说了很久吗
你不是说了很久吗,你喜欢这个香水
你喜欢这个香水,我说了很久
我说了很久,我也不要 你工作都还没找到 你买什么香水
我也不要 你工作都还没找到 你买什么香水,哎呀 我有工作了 我有工作了
哎呀 我有工作了 我有工作了,我第一时间想给你打电话
我第一时间想给你打电话,但是我想给你个惊喜嘛
但是我想给你个惊喜嘛,所以我专门买了这个给你当礼物
所以我专门买了这个给你当礼物,你先别跟我说惊喜 真的假的
你先别跟我说惊喜 真的假的,真的
真的,你快说呀
你快说呀,LK集团 在网上看到了我的求职信息
LK集团 在网上看到了我的求职信息,就给我打电话了
就给我打电话了,让我去面试
让我去面试,一切都很顺利
一切都很顺利,我连工作合同都签了
我连工作合同都签了,合同都签了
合同都签了,LK公司
LK公司,薪金待遇怎么样
薪金待遇怎么样,比原来涨了1/3
比原来涨了1/3,年薪12万
年薪12万,涨了这么多
涨了这么多,来来来 看看看 喜欢吗
来来来 看看看 喜欢吗,喜欢 喜欢好久了
喜欢 喜欢好久了,怪不得你会舍得给我买香水
怪不得你会舍得给我买香水,什么时候去上班
什么时候去上班,通知我下周走
通知我下周走,走
走,因为这份工作需要我去上海 做上海分公司的技术支持
因为这份工作需要我去上海 做上海分公司的技术支持,当然不是永远待在上海了
当然不是永远待在上海了,我每隔三个月必须要回来一次的
我每隔三个月必须要回来一次的,干嘛呀
干嘛呀,不高兴了
不高兴了,你也知道现在找一个适合我的工作挺难的
你也知道现在找一个适合我的工作挺难的,再说了 我要回上海的话
再说了 我要回上海的话,我可以帮忙照顾你父母
我可以帮忙照顾你父母,上回你妈跟你视频的时候是不是说了 你爸腰腿不好
上回你妈跟你视频的时候是不是说了 你爸腰腿不好,干什么都不方便
干什么都不方便,对不对
对不对,你是想回家照顾你爸吧
你是想回家照顾你爸吧,没有
没有,你不是一直担心明成
你不是一直担心明成,他们 怕他们照顾不好爸吗
他们 怕他们照顾不好爸吗,这下挺好的
这下挺好的,你可以每周末回去看看他们了
你可以每周末回去看看他们了,老婆 其实我是这么想的啊
老婆 其实我是这么想的啊,你带着宝宝 跟我一块走
你带着宝宝 跟我一块走,你想让我辞职
你想让我辞职,我现在挣得足够多了
我现在挣得足够多了,足够养活你们了
足够养活你们了,你回归家庭
你回归家庭,你陪着宝宝 陪着我 我们永远不分开
你陪着宝宝 陪着我 我们永远不分开,我要是真的辞了职
我要是真的辞了职,万一你的工作再有什么
万一你的工作再有什么,不会有万一
不会有万一,这一次真的不会再有万一了
这一次真的不会再有万一了,你也知道现在适合我的工作很难
你也知道现在适合我的工作很难,整个LK公司 就这一
整个LK公司 就这一,一份职位适合我
一份职位适合我,我要是错过这个机会
我要是错过这个机会,不知道还要再等多久了
不知道还要再等多久了,再说了
再说了,我工作合同都已经签了
我工作合同都已经签了,那我还能说什么
那我还能说什么,我就知道你是最了解我的
捞个大偏财,也不知道给你买点什么
也不知道给你买点什么,想来想去还是买了瓶酒
谢谢了,该我谢谢你
该我谢谢你,以后有用着我的地方你也别客气
年薪12万美金,太好了
中国美国两头跑,那我哥应该去不了吧
那我哥应该去不了吧,他老婆孩子都在这
我看他倒是挺满意的,行啊 他满意就好 那还有个忙得请你帮忙 这事千万别跟我哥说是我找的你
你就别想别的了啊,这帮监理们一来
这帮监理们一来,所有销售合同
所有销售合同,每一笔出货
每一笔出货,包括回款 都得他们亲自审核盖章签字才能执行
包括回款 都得他们亲自审核盖章签字才能执行,你想想看 我们做销售工作 最重要的是什么
你想想看 我们做销售工作 最重要的是什么,灵活变通啊
灵活变通啊,就算客户大半夜打电话给我们
就算客户大半夜打电话给我们,那我们也得安排出货
那我们也得安排出货,可现在倒好 我还得等他们早上起床上班 审核盖章签字 才能批出货单来
可现在倒好 我还得等他们早上起床上班 审核盖章签字 才能批出货单来,一来二去 时间耽误了
一来二去 时间耽误了,客户就冲我发火呗
客户就冲我发火呗,发火也行
发火也行,我能忍
我能忍,但有些客户啊 见我们程序这么繁琐
但有些客户啊 见我们程序这么繁琐,直接换别家了
直接换别家了,这才一个多星期
这才一个多星期,我们两家公司就损失了好几单大生意
我们两家公司就损失了好几单大生意,咱们手里的员工都开始
咱们手里的员工都开始,抱怨了
抱怨了,你别絮叨了
你别絮叨了,我快搂不住了
我快搂不住了,这不回来了吗
这不回来了吗,你有对策了
你有对策了,没有
没有,我说句实话
我说句实话,你别不爱听
你别不爱听,监理机制
监理机制,姓孙的喊了这么久
姓孙的喊了这么久,一直没执行
一直没执行,为什么你一去美国 老蒙就拍板了呢
为什么你一去美国 老蒙就拍板了呢,我师傅这么做 肯定是有他的考量
我师傅这么做 肯定是有他的考量,什么考量啊 哪个老板肯拿自己企业的效益开玩笑啊
什么考量啊 哪个老板肯拿自己企业的效益开玩笑啊,肯定是被姓孙的洗了脑
肯定是被姓孙的洗了脑,你师傅是
你师傅是,老糊涂了吧
老糊涂了吧,你怎么说话呢
你怎么说话呢,明玉 你去美国是不是整了 变漂亮了
明玉 你去美国是不是整了 变漂亮了,我滚了谁帮你开车
我滚了谁帮你开车,说正经的啊
说正经的啊,见了老蒙以后
见了老蒙以后,你一定要问清楚
你一定要问清楚,到底是孙副总的政策重要
到底是孙副总的政策重要,还是企业效益重要
还是企业效益重要,小王 蒙总呢
蒙总现在正在跟孙总进行一次很重要的会谈,我有急事儿
要不今天您还是先请回吧,那你转告孟总
那你转告孟总,我就在这儿等他
我就在这儿等他,行了
行了,这汤差不多快好了
这汤差不多快好了,叫爸出来吃饭吧
人家天天要出去吃,你小点声音行不行
你小点声音行不行,别让爸听到了又不高兴
也不知道他在研究什么,还能研究什么呀
还能研究什么呀,研究他那彩票呗
研究他那彩票呗,我说这事咱们是不是得管管啊
我说这事咱们是不是得管管啊,万一爸以后在钱上面出了什么问题的话
万一爸以后在钱上面出了什么问题的话,咱们就说不清楚了
脾气这么大,我有一个办法
我有一个办法,但你得配合我
但你得配合我,老孙
老孙,这恒天财富下午有一个会员活动
这恒天财富下午有一个会员活动,咱们去打个球
咱们去打个球,听说你最近
听说你最近,破80了
没有没有,蒙总
蒙总,孙副总
孙副总,等您好久了
等您好久了,不是 你刚回来你不倒倒时差
不是 你刚回来你不倒倒时差,你在这儿等我干什么
你在这儿等我干什么,咱们借一步说话
你要有事 那咱们就改天吧,不用不用不用
不用不用不用,没事
没事,有什么事 赶紧说
有什么事 赶紧说,孟总 您对未来三个月的损失 有心理准备了吗
孟总 您对未来三个月的损失 有心理准备了吗,我大致估算了一下
我大致估算了一下,监理机制将会对公司未来三个月造成的损失
监理机制将会对公司未来三个月造成的损失,您过目一下
您过目一下,我以为什么事 这我不用看
我以为什么事 这我不用看,我知道你分析得没有错
我知道你分析得没有错,这是你的强项
这是你的强项,但是你看到的 这只是这三个月的问题
但是你看到的 这只是这三个月的问题,你的眼光会不会太浅了一点
你的眼光会不会太浅了一点,长远地来说
长远地来说,监理机制它不仅能规范公司管理制度
监理机制它不仅能规范公司管理制度,也能加强员工自身建设
也能加强员工自身建设,所以这事不用再议了
所以这事不用再议了,必须一竿子插到底
必须一竿子插到底,你和江北好好配合
你和江北好好配合,可是
可是,好 不要再说了
好 不要再说了,这老蒙明摆着跟你打太极呢
这老蒙明摆着跟你打太极呢,他不理你 却跟姓孙的打的火热
他不理你 却跟姓孙的打的火热,他什么意思你不明白吗
他什么意思你不明白吗,你能好好听我说话吗
你能好好听我说话吗,你自己也好好想想
你自己也好好想想,他支你去美国 让你交出职权
他支你去美国 让你交出职权,再用监理机制对付我
再用监理机制对付我,你突然间回国了
你突然间回国了,打乱了他的计划
打乱了他的计划,这才跟你玩拖延
这才跟你玩拖延,没准现在正跟老孙研究怎么对付咱们俩呢
没准现在正跟老孙研究怎么对付咱们俩呢,我师傅这么做肯定是另有打算呀
我师傅这么做肯定是另有打算呀,你甭天真了
你甭天真了,姐姐 行吗
姐姐 行吗,我告诉你啊
我告诉你啊,就因为监理机制
就因为监理机制,我丢的那几单生意 都被鎏金抢走了
我丢的那几单生意 都被鎏金抢走了,鎏金现在对江北市场的掌握已经超过众诚了
鎏金现在对江北市场的掌握已经超过众诚了,做生意嘛 风水轮转 正常
做生意嘛 风水轮转 正常,正常什么呀
正常什么呀,你不觉得姓孙的干的那事 就跟帮着鎏金对付咱们似的吗
你不觉得姓孙的干的那事 就跟帮着鎏金对付咱们似的吗,你别擦了
你别擦了,你还记得老樊吗
你还记得老樊吗,我可听说老樊 从我们这儿走了之后 直接进了鎏金
我可听说老樊 从我们这儿走了之后 直接进了鎏金,你是听说啊还是眼前为实啊
你是听说啊还是眼前为实啊,听说啊 但无风不起浪啊
听说啊 但无风不起浪啊,姐姐 我得提醒你啊
姐姐 我得提醒你啊,咱们俩在公司已经失宠了
咱们俩在公司已经失宠了,公司的天平已经偏向了姓孙的那边 一旦姓孙的大权在握
公司的天平已经偏向了姓孙的那边 一旦姓孙的大权在握,咱们俩再想反抗
咱们俩再想反抗,就都晚了
就都晚了,咱们俩面前就只有两条路
咱们俩面前就只有两条路,一 服输认怂 从众诚滚蛋
一 服输认怂 从众诚滚蛋,二 拼死一战
二 拼死一战,哪怕是两败俱伤也不计后果
哪怕是两败俱伤也不计后果,柳青你什么时候变得这么武断了
柳青你什么时候变得这么武断了,没看清一些事情的底幕之前
没看清一些事情的底幕之前,你能不轻易做决定吗
你能不轻易做决定吗,行
行,那这样啊 只要你愿意
那这样啊 只要你愿意,咱们俩联手给老孟发篇檄文
咱们俩联手给老孟发篇檄文,逼老蒙表个态
逼老蒙表个态,废了监理机制
废了监理机制,让咱们两家销售公司重回正轨
让咱们两家销售公司重回正轨,这行了吧
这行了吧,你再等等
你再等等,以我对我师傅的了解
以我对我师傅的了解,他要真想对付
他要真想对付,咱俩 根本就不是这个路数
咱俩 根本就不是这个路数,你相信我的直觉
你相信我的直觉,这事没你想的那么糟
这事没你想的那么糟,苏明玉
苏明玉,老蒙对你肯定不会太绝情
老蒙对你肯定不会太绝情,但像我这样的就不同喽
但像我这样的就不同喽,再这么耗下去 那就是死路一条
再这么耗下去 那就是死路一条,你再等我一天
你再等我一天,我去找老蒙
我去找老蒙,老蒙都不肯见你
老蒙都不肯见你,而且他明天就走了
而且他明天就走了,你能谈出什么来
你能谈出什么来,他上飞机之前我肯定能找到他
他上飞机之前我肯定能找到他,你不差这么一天吧
你不差这么一天吧,我再等你一天
我再等你一天,师傅
师傅,喂 明玉啊
喂 明玉啊,什么事
什么事,我想见您 单独
我想见您 单独,我明天要飞武汉
我明天要飞武汉,等我回来再说吧
等我回来再说吧,那 那我和您一块去
那 那我和您一块去,正好可以路上说
正好可以路上说,要是不行的话
要是不行的话,我去机场等您
我去机场等您,请您务必给我10分钟
请您务必给我10分钟,又要跟我谈孙副总的事 是不是
又要跟我谈孙副总的事 是不是,是的
是的,我知道你要说什么
我知道你要说什么,任何捕风捉影的事
任何捕风捉影的事,没有证据就别聊了
没有证据就别聊了,聊了也没意思
聊了也没意思,师傅
师傅,好 我在忙
好 我在忙,你要是心里有什么不舒服的
你要是心里有什么不舒服的,你去找你爸说去啊
你去找你爸说去啊,别在这跟这些碗什么的撒气
要不然爸能现原型吗,你这话什么意思
你这话什么意思,我是在想办法管你爸
我是在想办法管你爸,我是为他好
我是为他好,你呢 一个大男人就会抱怨 你还会干什么
有钱他就搂不住,你这什么态度
你这什么态度,这事怪我是吧
这事怪我是吧,行
行,全怪我
全怪我,那从现在开始啊 我不管了
那从现在开始啊 我不管了,你呢 自己给你爸去买菜做饭
你呢 自己给你爸去买菜做饭,你去管他的生活开销
你去管他的生活开销,这钱呀 你愿意就还
这钱呀 你愿意就还,不愿意还 你自己跟你爸说去
不愿意还 你自己跟你爸说去,累死了 累死了
明总 你可迟到了啊,各位领导
各位领导,事情太多太杂了
事情太多太杂了,不好意思
你明总 可是把公司利益放在第一位的哟,那必须 孙副总 您找我是那个 为了监理那事是吧
那必须 孙副总 您找我是那个 为了监理那事是吧,这事我知道的
这事我知道的,我肯定会遵守公司规则的
我肯定会遵守公司规则的,您放心
怎么是让我放心呢,您放心了
您放心了,他们不就都放心了吗
千万不能掉链子,说起这事我现在就头疼了
说起这事我现在就头疼了,这现在掉不掉链子 哪里是我说了算的呀
你说了不算谁说了算,这要搁以前 我可以说是我说了算
这要搁以前 我可以说是我说了算,但是现在不一样了嘛
但是现在不一样了嘛,公司实行监理机制
公司实行监理机制,我们所有的业务每一分钱都是要被监管和批准的
我们所有的业务每一分钱都是要被监管和批准的,是吧
是吧,那确切地说 以后江南的销售业绩得是监理说了算
还是质疑各位领导的决策呢,哪敢啊 我这不就跟领导撒个娇吗
好 就这样,领导 您这是
领导 您这是,逼死人的节奏啊
今儿必须得签字,今儿不给咱签 就不走了
今儿不给咱签 就不走了,孙副总 忙完了 忙完给我签几个字呗
审查以后我才能签字呢,您别老着急回办公室
您别老着急回办公室,先坐下喝口水
先坐下喝口水,坐下
坐下,我这不也没办法吗
我这不也没办法吗,您这刚给我下了军令状
您这刚给我下了军令状,这几个合同不签就逾期了
这几个合同不签就逾期了,我这也是为了公司利益着想
对不对,是是是
我以后工作怎么做,我知道
公司总有人说我的坏话,是吗
还要抵制我,不要理他们
你不能为了眼前利益 就不顾了规矩吧,懂
懂,那遵守合作方约定的时间不也是规矩吗
那遵守合作方约定的时间不也是规矩吗,回头传出去说众诚没诚信
回头传出去说众诚没诚信,随便拖延时间
随便拖延时间,那多糟心
那多糟心,再说了
再说了,我们都知道您是守规矩
我们都知道您是守规矩,那下面人不知道
那下面人不知道,不又该造您谣了
我审完了以后 我再给你签字好不好,别呀 我都跟下面人下军令状了
别呀 我都跟下面人下军令状了,我今天必须带签字的合同回去
我今天必须带签字的合同回去,要不我都没脸回去了
你还能追我家去,您家在哪儿啊
您家在哪儿啊,我定个位
好吧好吧 我给你签了,孙副总
孙副总,谁说撒娇没有用啊
谁说撒娇没有用啊,撒娇的女人最好命
下次还是要严审合同的,下次就提前给我签了呗
下次就提前给我签了呗,喂 师傅
喂 师傅,我昨天跟您说那件事已经找到实证了
我昨天跟您说那件事已经找到实证了,什么证据
什么证据,一会我去机场 当面跟您说吧
一会我去机场 当面跟您说吧,三点以前啊
三点以前啊,好的
好的,你好
你好,这里有一家投资理财公司
这里有一家投资理财公司,搬了吗
但是好几天都没人了,好几天没看到人
对的,这次谢谢你啊
这次谢谢你啊,辛苦了
辛苦了,下次记得接电话啊 姐
下次记得接电话啊 姐,叫仙女
叫仙女,走了
走了,师傅
师傅,你这一下午跑哪去了
你这一下午跑哪去了,怎么都不接电话呢
怎么都不接电话呢,不是说要见我吗
不是说要见我吗,对不起啊 师傅
对不起啊 师傅,我 我家里临时有点急事
我 我家里临时有点急事,什么事
什么事,所以又不能说是吧
所以又不能说是吧,你玩这个玩到我头上来了
你玩这个玩到我头上来了,对不起了 师傅
对不起了 师傅,明玉
明玉,今天可是你死乞白赖说非要跟我见个面的
今天可是你死乞白赖说非要跟我见个面的,你到底想跟我说什么
你到底想跟我说什么,你说清楚啊
你说清楚啊,我今天看到孙副总和老樊偷偷见面了
我今天看到孙副总和老樊偷偷见面了,问题是 老樊现在是鎏金的人
问题是 老樊现在是鎏金的人,这也不能说明什么
这也不能说明什么,见个老部下而已啊
见个老部下而已啊,可是他们见面的时候 是偷偷摸摸的
可是他们见面的时候 是偷偷摸摸的,看着好像是要去见什么人
看着好像是要去见什么人,所以我怀疑
所以我怀疑,和谁见面 在哪见面
和谁见面 在哪见面,有证据吗
有证据吗,我跟丢了
我跟丢了,所以没拍到证据
所以没拍到证据,跟丢了
跟丢了,你跟我说这些干什么啊
你跟我说这些干什么啊,没证据那就别说了
没证据那就别说了,等了你一下午 害我差点误机了
等了你一下午 害我差点误机了,对不起师傅
对不起师傅,但是我
但是我,我这一手带你呀
我这一手带你呀,就因为你有一颗赤子之心
就因为你有一颗赤子之心,你现在这个状态是越跑越偏了
你现在这个状态是越跑越偏了,整天搞那些勾心斗角的事儿
整天搞那些勾心斗角的事儿,你在干嘛你
你在干嘛你,真是
真是,我还有话要问你呢
我还有话要问你呢,你不存款只有4万多吗
你不存款只有4万多吗,哪来的6万
哪来的6万,你还有所隐瞒
我也没地儿搁呀,你全给投资了
我不就是想挣点钱嘛,你赚什么钱
你赚什么钱,你要养谁呀
你要养谁呀,人两口子管你吃管你喝 你赚什么钱
我这不是腰杆硬吗,你什么意思
你什么意思,他们俩给你脸色看了
有的时候给点,苏明成 我问你 你怎么管爸的
苏明成 我问你 你怎么管爸的,这么愚蠢的骗局 他没有判断力
这么愚蠢的骗局 他没有判断力,你也没有啊
这事我们也刚知道,他住你家 投资不是一天两天的事情了
他住你家 投资不是一天两天的事情了,你多关心关心他
你多关心关心他,你能不知道吗
我还要怎么关心,他就是用你那1万多投资的
我还还错了是吗,爸老毛病你不知道啊
爸老毛病你不知道啊,你给他那么多现金
你给他那么多现金,你不间接促成他犯错吗
你不间接促成他犯错吗,怎么样了呀
怎么样了呀,老蒙说什么了
老蒙说什么了,这酒不错
这酒不错,你不尝尝
你不尝尝,你没见老蒙啊
你没见老蒙啊,到底什么情况
到底什么情况,姐姐你跟我说一下行不行
姐姐你跟我说一下行不行,行了
行了,别喝了
别喝了,说事儿
说事儿,你今儿去哪了
你今儿去哪了,我突然有事给耽误了
我突然有事给耽误了,放了老蒙鸽子
放了老蒙鸽子,有事儿
有事儿,什么事
什么事,什么事能耽误这么大事
什么事能耽误这么大事,我能不说吗
我能不说吗,你说不上来吧你 你是不是忽悠我呢
你说不上来吧你 你是不是忽悠我呢,老蒙根本不想见你 是不是
老蒙根本不想见你 是不是,没有 师傅都答应见我了
没有 师傅都答应见我了,真的都是我的错
真的都是我的错,行了
行了,你别说了
你别说了,都这个节骨眼了
都这个节骨眼了,你还替老蒙找借口啊
你还替老蒙找借口啊,甭跟我耽误时间了
甭跟我耽误时间了,昨天我说的两条路 痛痛快快选一条
昨天我说的两条路 痛痛快快选一条,你能别老那么急躁吗
你能别老那么急躁吗,这事情又不是没有转机了
这事情又不是没有转机了,你再给我几天时间 行吗
你再给我几天时间 行吗,不行
不行,就现在 你就给我决定 是跟我一边还是跟老蒙一边
就现在 你就给我决定 是跟我一边还是跟老蒙一边,柳青
柳青,我不能支持你造反
我不能支持你造反,你又不是第一天工作
你又不是第一天工作,你应该知道这么做的后果是什么
你应该知道这么做的后果是什么,做法看起来是热血
做法看起来是热血,但你一旦做了
但你一旦做了,甭管结局是什么
甭管结局是什么,你都没法在公司立足
你都没法在公司立足,了
了,老子还差这份工作吗
老子还差这份工作吗,此处不留爷
此处不留爷,自有留爷处
自有留爷处,人活在世就活的一口气
人活在世就活的一口气,我现在都这样了
我现在都这样了,我还怕什么
我还怕什么,你 你安静一会
你 你安静一会,我算是看明白了
我算是看明白了,你就是对老蒙死忠到底呗
你就是对老蒙死忠到底呗,行 苏明玉
行 苏明玉,我算看错你了
你用粥了断自己吧,爸 怎么了
爸 怎么了,爸
爸,您呢 得有点耐心啊
您呢 得有点耐心啊,警察已经开始着手调查这个事情了
警察已经开始着手调查这个事情了,咱们现在就是等消息
比我吃10顿饭都强啊,你爸爸住院了
你爸爸住院了,你不要提我爸呀 我爸跟你有什么关系
你不要提我爸呀 我爸跟你有什么关系,我们家事情跟你有什么关系 我们家事情跟我也没有关系
我们家事情跟你有什么关系 我们家事情跟我也没有关系,我还是得告知一下你吧 那么大的事
我还是得告知一下你吧 那么大的事,你错了没有
你错了没有,我错了
我错了,那要怎么办
那要怎么办,你说怎么办呗
你说怎么办呗,去
去,给我拿两瓶酒过来
给我拿两瓶酒过来,你 你真的喝多了
你 你真的喝多了,别喝了
别喝了,你的微信号叫什么
你的微信号叫什么,我要把你拉黑
我要把你拉黑,小石
小石,哪个小石啊 小石 怎么那么多人姓石
那你别再敲门了啊,帅哥 贵姓啊
帅哥 贵姓啊,姓石
姓石,加个微信啊
加个微信啊,你有我微信啊
你有我微信啊,有吗
有吗,你叫什么名字
你叫什么名字,石天冬
石天冬,厨子
厨子,厨子怎么啦
厨子怎么啦,做菜不合你胃口啊
做菜不合你胃口啊,说实话 菜没有人好吃
说实话 菜没有人好吃,呵呵
呵呵,菜没有人好吃
菜没有人好吃,那你还天天来
那你还天天来,要不是看你长得帅
要不是看你长得帅,谁天天来吃同一家馆子
谁天天来吃同一家馆子,你好壮
你好壮,明天见
明天见,大 大姐
大 大姐,你又想怎么样
你又想怎么样,我想吐啊
我想吐啊,现在
现在,帅哥 回家好不好
帅哥 回家好不好,姐 我是代驾
姐 我是代驾,代驾
代驾,玉龙湾小区
玉龙湾小区,谢谢
谢谢,开车门
开车门,不要绕路啊
不要绕路啊,绕路我投诉你
绕路我投诉你,开车
开车,是 老板
你到底想出办法没有,买昨晚的单
买昨晚的单,醒了
醒了,昨晚的单就不用了
昨晚的单就不用了,反倒是我还要跟你收代驾费
反倒是我还要跟你收代驾费,你昨晚把我当代驾
你昨晚把我当代驾,我还送你回家你知道吗
我还送你回家你知道吗,你说这我还想起来了
你说这我还想起来了,你在我们家干嘛乱动东西啊
你在我们家干嘛乱动东西啊,你说那小房子啊
你说那小房子啊,对呀
对呀,我看它散在那
我看它散在那,手痒把它拼起来不行啊
手痒把它拼起来不行啊,大哥 我代购了三个月才到的货
大哥 我代购了三个月才到的货,你随手就给我拼了
你随手就给我拼了,你剥夺了别人乐趣 你知不知道啊
你剥夺了别人乐趣 你知不知道啊,行行行
行行行,你除了拼我的小屋
你除了拼我的小屋,你还干嘛了
你还干嘛了,我还能干嘛
我还能干嘛,你都那样了
你都那样了,我哪样了
我哪样了,那样
那样,也是啊 你们正经人是不会乘人之危的
也是啊 你们正经人是不会乘人之危的,怎么听起来有点失望
怎么听起来有点失望,好失望啊
好失望啊,要不你再给我一次机会
要不你再给我一次机会,没机会了
没机会了,行
行,那我做饭请你吃
那我做饭请你吃,不想吃
不想吃,也是 反正我这的菜不合你胃口
也是 反正我这的菜不合你胃口,谁说的
谁说的,你呀 你昨晚说来我这不是为了吃饭
你呀 你昨晚说来我这不是为了吃饭,是因为我长得帅
是因为我长得帅,我会说这么没水平的话
我会说这么没水平的话,正确来说
正确来说,你是讲
你是讲,人比菜好吃
人比菜好吃,对呀
对呀,这才是我原话
这才是我原话,喂 爸
帮爸把钱追回来呀,不是 爸
不是 爸,咱不已经报案了吗
咱不已经报案了吗,你得等消息
你得等消息,你现在人在哪呢
爸 爸都没法活了,爸 你冷静一点
爸 你冷静一点,你这 这一会血压又上去了
你这 这一会血压又上去了,又得进医院
爸这命也不能稳定,哎呀 你好好你哭什么呀 您这
那她就不是人,老人家一下损失那么多钱
老人家一下损失那么多钱,心里肯定不舒服的
心里肯定不舒服的,你要是为了他身体好
你要是为了他身体好,还是得替他想想办法
还是得替他想想办法,我想好了
我想好了,我给他6万块钱
我给他6万块钱,你给他钱也解决不了他的心病啊
你给他钱也解决不了他的心病啊,为什么呀
为什么呀,他现在得这病不就因为钱吗
他现在得这病不就因为钱吗,他的心病是因为他一直惦记他被人骗
他的心病是因为他一直惦记他被人骗,那我就没辙了
那我就没辙了,要不 要不你跟他说这案子破了
要不 要不你跟他说这案子破了,公安把钱追回来了
公安把钱追回来了,这么骗他有意义吗
这么骗他有意义吗,这样的话他不长教训
这样的话他不长教训,下次还得被骗
下次还得被骗,不是 每一个人都有犯糊涂的时候
不是 每一个人都有犯糊涂的时候,年轻人都会被骗了
年轻人都会被骗了,何况他还是老人家
何况他还是老人家,老年人通常被骗 都是因为孤独 挺可怜的
老年人通常被骗 都是因为孤独 挺可怜的,而且 父母卸下父母这个身份
而且 父母卸下父母这个身份,其实就普通人 每个人都会有这样那样的问题
其实就普通人 每个人都会有这样那样的问题,犯这样那样的错
犯这样那样的错,我们也不是完美的儿女啊 是吧
我们也不是完美的儿女啊 是吧,家人还是要互相地宽恕 体谅
家人还是要互相地宽恕 体谅,我怎么不完美
我怎么不完美,我是仙女啊
我是仙女啊,你是 你是仙女
你是 你是仙女,但你可以当一个 更有爱的仙女
但你可以当一个 更有爱的仙女,既然你要给他钱
既然你要给他钱,再用一些别的方法
再用一些别的方法,不是也能够顺便医到他的心病吗
不是也能够顺便医到他的心病吗,这不是挺好的吗
这不是挺好的吗,多此一举
多此一举,你就试试看嘛
你就试试看嘛,钱在这儿呢
钱在这儿呢,答应我一件事
答应我一件事,答应了就给你
你说,钱立刻存银行定期存存现在就存
生不如死啊,别数了 6万一分不少
老聂的钱也找回来了吧,你就别管别人了
老聂肯定也找回来了吧,存折放好了吗
一直在我手里攥着,赶紧回家锁好
赶紧回家锁好,以后还要是有那些推销上课搞活动什么的
以后还要是有那些推销上课搞活动什么的,你还去不去
谁也别想从我这再拿过去一分钱,行
行,我得把话给录下来
我得把话给录下来,你得再说一遍
你得再说一遍,怎么走了
她有事啊 那可不走了吗,那后面还俩菜 上不上
上啊,这吃得完吗
胃口就大开,什么事心情这么好
就我那案子破了,哦
哦,真的
真是不好意思啊,没有没有 虚惊一场
那俩菜呢 快点啊,好
好,真的啊 待会吃完啊
真的啊 待会吃完啊,谁给你的权利呀 撤销我的职务
你看看撤销你的职务 理由充分不充分,一直在整我的黑材料
不是跟蒙总 跟集团公司要对着干吗,行了
行了,别乱扣帽子了
别乱扣帽子了,你不就是想借着监理机制来报复我吗
你不就是想借着监理机制来报复我吗,你以为我看不出来呀
这是蒙总为了公司的利益作出的重大战略决策,本事不小啊
本事不小啊,你给蒙总灌了什么迷魂药
你不就想赶我走吗,你爷爷我还不想在这干呢
你爷爷我还不想在这干呢,我现在就打辞职报告
是你被撤职,你再说一遍
承担法律和经济上的责任,孙子 我告诉你你什么也决定不了
孙子 我告诉你你什么也决定不了,我今天必须见到蒙总
我今天必须见到蒙总,见不到蒙总我什么都不接受
不是你个人说了算,你算老几
你算老几,孙副总
孙副总,您没事吧
必须撤他的职,这个柳青旷工
这个柳青旷工,旷工 还对您动粗
旷工 还对您动粗,这种行为是不能姑息的
这种行为是不能姑息的,甭管是谁
甭管是谁,必须得罚 狠狠的罚
必须得罚 狠狠的罚,但是各位 我今天来是有更重要的事情来提醒大家
但是各位 我今天来是有更重要的事情来提醒大家,自打公司实行了这个监理机制
自打公司实行了这个监理机制,我们江南江北的销售业绩都受到了巨大影响
我们江南江北的销售业绩都受到了巨大影响,再这么玩下去
再这么玩下去,咱们这一屋子人都得跟着完蛋
你这话什么意思,孙副总
孙副总,得罪了
得罪了,我正式宣布 我向公司的监理机制发起挑战
你是要造蒙总的反哪,不是造反 是改变
你真当蒙总不敢动你呀,作为一个职业经理人
作为一个职业经理人,我有义务也有责任为公司的利益着想
我有义务也有责任为公司的利益着想,今天就算蒙总在场
今天就算蒙总在场,当面开了我
当面开了我,我也会这么做的
那你可要为你这番话负责任的呀,我说的话我负责
我说的话我负责,公司正是用人的时候
公司正是用人的时候,柳青不能撤
柳青不能撤,各位
各位,我一会就让秘书把上一周江北的销售清单发到大家手机上
我一会就让秘书把上一周江北的销售清单发到大家手机上,你们看看就知道了
你们看看就知道了,我也不是替柳青说话
我也不是替柳青说话,但他确实是因为监理机制对江北的销售业绩造成了巨大影响
但他确实是因为监理机制对江北的销售业绩造成了巨大影响,一时想不开才消极怠工的
一时想不开才消极怠工的,孙副总
孙副总,我们江南江北这些情况您应该都了解的呀
我怎么知道,好
好,情况呢 就是这么个情况
情况呢 就是这么个情况,江南江北 唇亡齿寒
江南江北 唇亡齿寒,你们真要撤柳总
你们真要撤柳总,那就把我一块撤了呗
你少跟我们来这套,孙副总 蒙总迟早都是要回来的
孙副总 蒙总迟早都是要回来的,您还是想想 怎么跟他解释这些事
您还是想想 怎么跟他解释这些事,明玉
明玉,真是太够哥们意思了
真是太够哥们意思了,索性咱们就跟他干
索性咱们就跟他干,柳青
柳青,你真够愚蠢的
你真够愚蠢的,你知不知道你现在这么干
你知不知道你现在这么干,姓孙的可以名正言顺的把你扫地出门
姓孙的可以名正言顺的把你扫地出门,我怕什么呀 大不了我走
我怕什么呀 大不了我走,你给我听好了
你给我听好了,没见到老蒙之前
没见到老蒙之前,就算是公司的末日到了
就算是公司的末日到了,你也给我好好上班
你也给我好好上班,站好你的最后一班岗
站好你的最后一班岗,什 什么叫 站好最后一班岗
挺好,你说明玉怎么这么大本事啊
你说明玉怎么这么大本事啊,这案子这么轻易就破了吗
这案子这么轻易就破了吗,钱那么容易要回来的
直接把钱给他垫上了,这么多钱
我 我也舒服,我不舒服
我不舒服,那人家有钱是有本事
那人家有钱是有本事,你看爸
你看爸,把们关上
把们关上,忙什么呢
忙什么呢,我在起草檄文
我在起草檄文,制定新的监理机制
制定新的监理机制,你想好了
你想好了,老蒙回来之前必须发给他
老蒙回来之前必须发给他,让他知道我们不是真的在造反
让他知道我们不是真的在造反,我们是在维护集团的利益
我们是在维护集团的利益,怪不得呢 你说要站好最后一班岗
怪不得呢 你说要站好最后一班岗,原来你早下定决心了
原来你早下定决心了,行
行,要干一块干
要干一块干,说吧 我干什么
说吧 我干什么,也行
也行,我起草 你修改
我起草 你修改,我负责发给老蒙
我负责发给老蒙,你负责发给每位副总
你负责发给每位副总,包括中层
包括中层,这么快
这么快,不快不行啊
不快不行啊,今天那件事以后
今天那件事以后,谁知道那个孙副总会跟老蒙怎么汇报
谁知道那个孙副总会跟老蒙怎么汇报,咱必须快人一步
咱必须快人一步,行
行,你放心
你放心,我这就去准备啊
我这就去准备啊,这都两天了吧
这都两天了吧,老蒙甭管在哪 都应该看见了吧
老蒙甭管在哪 都应该看见了吧,肯定看见了
肯定看见了,我今天给他打了好几个电话
我今天给他打了好几个电话,手机始终是关机的状态
手机始终是关机的状态,行了
行了,别想了
别想了,炮弹都打出去
炮弹都打出去,爱怎么着怎么着
爱怎么着怎么着,那孙副总和其他人现在什么反应
那孙副总和其他人现在什么反应,这两天我上班
这两天我上班,所有人看到我 跟看到瘟神似的 都躲着我
所有人看到我 跟看到瘟神似的 都躲着我,没一个人跟我说话
没一个人跟我说话,我那也差不多
我那也差不多,今儿还遇见老毛了
今儿还遇见老毛了,远远见到我 叹了口气掉头走了
远远见到我 叹了口气掉头走了,这只老狐狸
这只老狐狸,行了
行了,明玉
明玉,这回我们俩 真是在同一条船上 浮沉与共
这回我们俩 真是在同一条船上 浮沉与共,你要有什么后路想好了
你要有什么后路想好了,你得知会我一声
你得知会我一声,我昨晚还真是想明白了
我昨晚还真是想明白了,我这一次要是败了
我这一次要是败了,正好可以歇一歇 完成一个我的夙愿
正好可以歇一歇 完成一个我的夙愿,什么夙愿呢
什么夙愿呢,出国留学
出国留学,读名校
读名校,诓谁呢
诓谁呢,以你现在的资历 到哪家公司不得高薪聘请你
以你现在的资历 到哪家公司不得高薪聘请你,这钱不赚 了读书去
这钱不赚 了读书去,这些年钱没少赚
这些年钱没少赚,赚钱能是人生全部吗
赚钱能是人生全部吗,还不得赶紧趁着年富力强
还不得赶紧趁着年富力强,干点有意思的事情
干点有意思的事情,年富力强 有意思
年富力强 有意思,那你应该谈场恋爱
那你应该谈场恋爱,谈恋爱太麻烦了
谈恋爱太麻烦了,太麻烦了
太麻烦了,我倒是不麻烦
我倒是不麻烦,我也不会给你添麻烦
我也不会给你添麻烦,要不你试试我
要不你试试我,滚
滚,哼哼
哼哼,谢哥们不杀之恩
我回去合计合计啊,你要入股搞投资
绝不是省出来的,我就说刚才你在饭桌上面为什么说话怪怪的呢
我就说刚才你在饭桌上面为什么说话怪怪的呢,原来是在策划这个事情
原来是在策划这个事情,你用脑子想一想好不好
你用脑子想一想好不好,爸这理财刚被骗
爸这理财刚被骗,你又跟我说你要去搞投资
你又跟我说你要去搞投资,你们俩能不能让我省点心
你听一听行不行啊,好 我听听
你明白这个道理吗,我问你几个问题啊
我问你几个问题啊,你们准备怎么合作
你们准备怎么合作,第一笔投入的时间和数量是多少
第一笔投入的时间和数量是多少,有没有追加投资的可能性
有没有追加投资的可能性,年回报是多少
有什么好怀疑的 什么回报率啊,那你打算投多少钱
我低调点 30万,钱从哪来
这要跟你商量,用得着跟我商量吗
用得着跟我商量吗,我有这么多钱吗
我有这么多钱吗,咱俩有这么多钱吗
咱俩有这么多钱吗,咱俩现在一共只有3万块钱的一个应急款
咱俩现在一共只有3万块钱的一个应急款,我说过这笔钱呢 不能动
我说过这笔钱呢 不能动,你想都别想
所以你听听我的计划,好啊
缓一缓,不可以
你爸你妈那儿 咱们是不是能疏通一下,你啃老啃上瘾了是吧
你啃老啃上瘾了是吧,连我爸妈你都不放过
连我爸妈你都不放过,老公 你脑子能不能清醒一点呢
老公 你脑子能不能清醒一点呢,咱俩现在小日子经不起折腾了
咱俩现在小日子经不起折腾了,是赢得起输不起
是赢得起输不起,不要再做有任何风险的投资
我以后在公司里怎么混啊,你没有这些钱
你没有这些钱,你为什么要答应呢
你为什么要答应呢,你为什么不直接告诉她你没钱
你为什么不直接告诉她你没钱,好啊
好啊,要不这样吧
要不这样吧,你把责任推到我身上行不行
你把责任推到我身上行不行,你就说呢 你老婆特别能花钱 把所有钱都花了
你就说呢 你老婆特别能花钱 把所有钱都花了,没有钱投资
我只能去找别人借了,你敢
我敢啊,你再说一遍
你让我说的 我敢啊,喂 哪位
喂 哪位,明玉 是我 吴非
明玉 是我 吴非,大嫂
大嫂,最近怎么样
最近怎么样,挺好的
挺好的,我们现在准备去机场马上就回国了
我们现在准备去机场马上就回国了,北京的时间明天到
北京的时间明天到,怎么突然就回来了
怎么突然就回来了,是这样
是这样,你大哥呢
你大哥呢,找到工作了
找到工作了,但是要常驻上海
但是要常驻上海,所以我们打算送他去报到
所以我们打算送他去报到,正好回家看看大家
正好回家看看大家,那太好了呀
姑姑,你想姑姑了
想,姑姑也想你了
姑姑也想你了,等你回来 姑姑带你去好吃的 好不好
穿成这样给谁看啊这是,给你大哥看呀
给你大哥看呀,这不明摆的吗
这不明摆的吗,爸故意穿成这样 到你大哥面前去装可怜
这大哥看完以后不说我们虐待他吗,那又有什么办法
那又有什么办法,你又劝不住
带不带,我觉得没用
我觉得没用,爸你这是怎么了
你还知道回来啊,爸 你别这样
你是不是不想要你爸了,没有 爸
没有 爸,我前段时间在美国真的有点事儿
我前段时间在美国真的有点事儿,具体的咱们回头再说 好吗
具体的咱们回头再说 好吗,你负责联系一下明玉
你负责联系一下明玉,让她晚上务必回来
让她晚上务必回来,大家一块吃个饭
我觉得她不会来了,你就跟她说我回来了
你就跟她说我回来了,有事跟她商量
有事跟她商量,对了
对了,有件事还得麻烦你 你们对苏州熟悉
有件事还得麻烦你 你们对苏州熟悉,晚上你帮忙订个饭馆
晚上你帮忙订个饭馆,大哥放心吧 交给我
大哥放心吧 交给我,你还好吧
你还好吧,好得了吗
好得了吗,大哥那人吧 就是爱充面子
大哥那人吧 就是爱充面子,但其实他还是很看重家庭的
但其实他还是很看重家庭的,我觉得他看重的是你们苏家
我觉得他看重的是你们苏家,我没觉得他把我们小家看得有多重
我没觉得他把我们小家看得有多重,你让小咪都受委屈了
你让小咪都受委屈了,说实话我真的不知道 这个委屈我还能受得了多久
说实话我真的不知道 这个委屈我还能受得了多久,我们先上去了
我们先上去了,什么情况
什么情况,其实老蒙两天前就回来了
其实老蒙两天前就回来了,突发脑溢血 直接进医院了
突发脑溢血 直接进医院了,还下了病危通知书
还下了病危通知书,两天了才知道 你他妈干什么吃的你
两天了才知道 你他妈干什么吃的你,病情严重
病情严重,一直封锁消息
一直封锁消息,今天才把消息放出来
今天才把消息放出来,哪家医院
哪家医院,行了你别开车啊 把地址发我 我去接你
行了你别开车啊 把地址发我 我去接你,原本呢 我是想商量一下爸的事
原本呢 我是想商量一下爸的事,这明玉啊 她应该在场
这明玉啊 她应该在场,可她现在既然忙
可她现在既然忙,咱们就不管她了
咱们就不管她了,等把爸的事确定了
等把爸的事确定了,直接跟她说一声就行了
这不就是白眼狼吗,明成啊 你以后也少这么说明玉
明成啊 你以后也少这么说明玉,我这回回来 就是希望你们兄妹之间不要再因为以前的事而纠缠
我这回回来 就是希望你们兄妹之间不要再因为以前的事而纠缠,都是亲兄妹嘛 闹过来闹过去的对谁都不好
都是亲兄妹嘛 闹过来闹过去的对谁都不好,有些事啊 就过去了就算了
她把妈的骨灰都给摔了,那明玉为了咱妈的事
那明玉为了咱妈的事,不也出了不少钱呢吗
你等着,我怎么觉得 咱们俩不应该先去医院哪
我怎么觉得 咱们俩不应该先去医院哪,为什么
为什么,姓孙那小子吧
姓孙那小子吧,在公司里上上下下散步
在公司里上上下下散步,说是咱俩把老蒙气病了
说是咱俩把老蒙气病了,今天就是刀山火海
今天就是刀山火海,我也要去见我师傅
我也要去见我师傅,你知道在医院 等着咱俩的是什么吗
你知道在医院 等着咱俩的是什么吗,前方消息
前方消息,说是公司里上上下下能说上话的都到了
说是公司里上上下下能说上话的都到了,蒙太 小蒙也从英国回来了
蒙太 小蒙也从英国回来了,还有那个叫什么
还有那个叫什么,鎏金的一个副总
鎏金的一个副总,再有就是其他公司的几个眼线
再有就是其他公司的几个眼线,他们都在医院
他们都在医院,我们这一露面
我们这一露面,那没准就是刀山火海
那没准就是刀山火海,你说老蒙一直身体都 都挺不错的呀
你说老蒙一直身体都 都挺不错的呀,也没什么毛病啊
也没什么毛病啊,就算老蒙这病
就算老蒙这病,不是咱俩气的
不是咱俩气的,这可偏偏就在我们造反的时候
这可偏偏就在我们造反的时候,他就得了脑溢血了呢
他就得了脑溢血了呢,这也说不清楚啊
这也说不清楚啊,点也太背了
点也太背了,你怎么不说话呀
你怎么不说话呀,怎么了你这是
怎么了你这是,我真是个混蛋
我真是个混蛋,如果真是因为我们那封邮件
如果真是因为我们那封邮件,把我师傅气病
把我师傅气病,那说明
那说明,说明他心里一直很在意我们
说明他心里一直很在意我们,但我却在他不在的时候跟他对着干
但我却在他不在的时候跟他对着干,他一定伤透了心
他一定伤透了心,我师傅要是有什么三长两短
我师傅要是有什么三长两短,众诚要是再有什么事儿
众诚要是再有什么事儿,我苏明玉就是第一罪人
我苏明玉就是第一罪人,我真该死
我真该死,我怎么能不相信我师傅
我怎么能不相信我师傅,师傅呢
你还有脸来这里,对不起 师母
对不起 师母,我不该发那篇檄文
我不该发那篇檄文,我向你道歉
你是故意的 是不是,宝宝睡了
宝宝睡了,我给你打包了 赶紧吃饭
我给你打包了 赶紧吃饭,等你回来我们俩都饿晕了
等你回来我们俩都饿晕了,赶紧吃东西啊
赶紧吃东西啊,明玉已经叫过了
明玉已经叫过了,我跟宝宝吃完了
我跟宝宝吃完了,待遇不错呀
待遇不错呀,看来明玉啊 对你和宝宝是真上心
看来明玉啊 对你和宝宝是真上心,你这人怎么这样啊
你这人怎么这样啊,怎么了
怎么了,在你们家人面前你有必要那么装吗
在你们家人面前你有必要那么装吗,你就不怕明玉揭了你的底
你就不怕明玉揭了你的底,抖出你失业的事
抖出你失业的事,你好意思在他们面前装腔作势吗
你好意思在他们面前装腔作势吗,失业怎么了
失业怎么了,在美国失业很正常
在美国失业很正常,失业了 那就找份更好的工作
失业了 那就找份更好的工作,我有说错吗
我有说错吗,我看你就是一阔就变脸的那种人
我看你就是一阔就变脸的那种人,更何况还没阔起来
更何况还没阔起来,我怎么就变了啊
我怎么就变了啊,行了
行了,你别跟我说这些
你别跟我说这些,我就问你 我们的方案你说了吗
我就问你 我们的方案你说了吗,他们同意了吗
他们同意了吗,同意了
同意了,买3室1厅
买3室1厅,你疯啦
你疯啦,刚开始不是说好买两室吗
刚开始不是说好买两室吗,我想着 以后咱们肯定要给咱爸请个保姆的吧
我想着 以后咱们肯定要给咱爸请个保姆的吧,那咱爸一间 保姆一间
那咱爸一间 保姆一间,我们去了不就没地方住了
我们去了不就没地方住了,那卖老宅的事你说了吗
那卖老宅的事你说了吗,没说
没说,钱谁出
钱谁出,我们呀
我们呀,你说要买房 明成就没说帮着出一点
你说要买房 明成就没说帮着出一点,这是给爸养老住的
这是给爸养老住的,他也应当出份力啊
他也应当出份力啊,老二又没什么积蓄
老二又没什么积蓄,说了也白说
说了也白说,谁有积蓄呀
谁有积蓄呀,谁不是从牙缝里挤出来的
谁不是从牙缝里挤出来的,再说他俩收入又不差
再说他俩收入又不差,可是我看明成没有出钱的意思呀
可是我看明成没有出钱的意思呀,那什么意思
那什么意思,你一个人出啊 凭什么
你一个人出啊 凭什么,我们不是
我们不是,说好了由我们出钱去买这个房子的吗
说好了由我们出钱去买这个房子的吗,那我们出钱 房子自然是写我们的名字
那我们出钱 房子自然是写我们的名字,表面上是咱爸住
表面上是咱爸住,这不也是我们的一个投资吗
这不也是我们的一个投资吗,苏明哲
苏明哲,你别在这儿跟我断章取义
你别在这儿跟我断章取义,我是说了钱可以由我们出
我是说了钱可以由我们出,但前提是我们得把老房子卖了
但前提是我们得把老房子卖了,然后买两室一厅
然后买两室一厅,现在你老房子又不卖又换成了三室一厅
现在你老房子又不卖又换成了三室一厅,你什么意思啊你
你什么意思啊你,行了
行了,别生气 别生气嘛
别生气 别生气嘛,我一开始是想说卖老房子的事
我一开始是想说卖老房子的事,可是一提到老房子
可是一提到老房子,我心里面就特别不舒服
我心里面就特别不舒服,全是对以前的一种记忆
全是对以前的一种记忆,再说了 以后会在国内生活比较多
再说了 以后会在国内生活比较多,按照我现在一个月的工资
按照我现在一个月的工资,我只要节省一点开支
我只要节省一点开支,肯定可以还钱房贷的
肯定可以还钱房贷的,你的工资 扣去
你的工资 扣去,杂七杂八的税 再扣去
杂七杂八的税 再扣去,我们在美国的房贷 还要再扣去你在国内的开支 和给你爸爸雇保姆的钱
我们在美国的房贷 还要再扣去你在国内的开支 和给你爸爸雇保姆的钱,你有没有想过留给我和宝宝的有多少
你有没有想过留给我和宝宝的有多少,我算过了
我算过了,每个月可以给你寄1000美金
每个月可以给你寄1000美金,如果我在美国自己带宝宝时候
如果我在美国自己带宝宝时候,支持不住了
支持不住了,我得把我妈请过来照顾吧
我得把我妈请过来照顾吧,我的工资加上你给我的1000美金怎么够用啊
我的工资加上你给我的1000美金怎么够用啊,你还说让我辞了职跟你一块回国呢
你还说让我辞了职跟你一块回国呢,如果我要真辞了职
如果我要真辞了职,咱不还不得喝西北风去
咱不还不得喝西北风去,不至于 不至于这样嘛
不至于 不至于这样嘛,这种情况只是暂时的
这种情况只是暂时的,我一定会想办法 尽快把房贷还清的
我一定会想办法 尽快把房贷还清的,苏明哲
苏明哲,你喜欢充大 你好面子
你喜欢充大 你好面子,我相信你刚才你在饭桌上说 要付全部房款的时候
我相信你刚才你在饭桌上说 要付全部房款的时候,你心里肯定特爽
你心里肯定特爽,你不卖老房你也爽
你不卖老房你也爽,你擅自做主说买三室一厅你更爽
你擅自做主说买三室一厅你更爽,是不是
是不是,瞧你这话说的
瞧你这话说的,你别不承认
你别不承认,是 你是家里面的老大
是 你是家里面的老大,你应该帮着多承担一些
你应该帮着多承担一些,可问题是这次回来你也看到了
可问题是这次回来你也看到了,你的弟弟妹妹 哪一个过得不比我们好
你的弟弟妹妹 哪一个过得不比我们好,明玉咱们不用说了
明玉咱们不用说了,那是人家有本事 明成他们呢
那是人家有本事 明成他们呢,你今天看看朱丽 从上到下穿的全是名牌
你今天看看朱丽 从上到下穿的全是名牌,明显比我要好得多得多
明显比我要好得多得多,我们是什么呀
我们是什么呀,我们只是在国外可怜的打工仔
我们只是在国外可怜的打工仔,你这样做 只会降低我跟宝宝的生活水准
你这样做 只会降低我跟宝宝的生活水准,非非
非非,别生气 别生气
别生气 别生气,我绝对不会降低你和宝宝的生活水准
我绝对不会降低你和宝宝的生活水准,这样吧
这样吧,我回头想想办法
我回头想想办法,我跟明玉谈谈
我跟明玉谈谈,让她也出点
让她也出点,就算是我借的
就算是我借的,回头我再还她
回头我再还她,那就更离谱了
那就更离谱了,明玉上学的时候
明玉上学的时候,你妈妈都没怎么出钱供她 现在给你爸养老买房了
你妈妈都没怎么出钱供她 现在给你爸养老买房了,你想起明玉了
你想起明玉了,我告诉你
我告诉你,我要是她 你妈过世那20万我都不出
我要是她 你妈过世那20万我都不出,这事你必须听我的啊
这事你必须听我的啊,要想买房可以
要想买房可以,但前提是必须得把老宅卖了
但前提是必须得把老宅卖了,如果你不知道该怎么跟你爸去说
如果你不知道该怎么跟你爸去说,那我去说
那我去说,你不能去说
你不能去说,我为什么不能啊 兔子急了还咬人呢
我为什么不能啊 兔子急了还咬人呢,我就跟你爸说
我就跟你爸说,谁也不能降低我跟宝宝的生活质量
谁也不能降低我跟宝宝的生活质量,话都已经说出去了
话都已经说出去了,你再让我收回来
你再让我收回来,你这不是逼着我出尔反尔吗
你这不是逼着我出尔反尔吗,是你在逼我 
是你在逼我 ,我没办法
我没办法,行了行了 你别生气
行了行了 你别生气,我听你的还不行吗
我听你的还不行吗,你放心啊
你放心啊,卖老房子的事儿
卖老房子的事儿,我想办法解决
我想办法解决,买房子的事
买房子的事,你不能交给苏明成
你不能交给苏明成,因为我对他不放心
因为我对他不放心,他能想着帮你省钱吗
他能想着帮你省钱吗,他万一要是找一个豪华地段的高价房怎么办呀
他万一要是找一个豪华地段的高价房怎么办呀,咱别的不说
咱别的不说,就光那物业费就能把你给吃了
就光那物业费就能把你给吃了,要不然你就自己去办
要不然你就自己去办,要不然你就交给明玉
要不然你就交给明玉,交给苏明成
交给苏明成,我坚决反对
我坚决反对,你这人怎么这样呢
你这人怎么这样呢,我说出去的话 还让我收回来
我说出去的话 还让我收回来,我都跟明成谈好了
我都跟明成谈好了,他帮我去看房子
他帮我去看房子,我自然也会在网上看地段看价格的
我自然也会在网上看地段看价格的,我不会所有的事情都撒手不管的
我不会所有的事情都撒手不管的,你怎么变得这么小气呢
你怎么变得这么小气呢,你喊什么喊呀 我小气
你喊什么喊呀 我小气,我摊开手 让别人拿钱的时候就大方了吗
我摊开手 让别人拿钱的时候就大方了吗,你又不是不知道我们家里的状况
你又不是不知道我们家里的状况,行了 现在不想跟你说了
行了 现在不想跟你说了,我不想跟你吵架
我不想跟你吵架,我很累
我很累,我要倒时差
我要倒时差,但是苏明哲我告诉你 你能不能长点心
但是苏明哲我告诉你 你能不能长点心,能不能让我跟宝宝过得稍微宽裕一些
能不能让我跟宝宝过得稍微宽裕一些,能不能别老是让我们俩挣扎在温饱线上
能不能别老是让我们俩挣扎在温饱线上,行吗
行吗,想好要吃什么了吗
想好要吃什么了吗,你觉得我是个什么样的人
你觉得我是个什么样的人,你是一个
你是一个,漂亮的女人
漂亮的女人,成功又漂亮的女人
成功又漂亮的女人,我是个坏人
我是个坏人,一个人渣
一个人渣,一个坏人
一个坏人,一个人渣
一个人渣,不会说自己是坏人或人渣
不会说自己是坏人或人渣,我师傅 也是我的恩人
我师傅 也是我的恩人,一个比我的亲人还要亲的人
一个比我的亲人还要亲的人,我亲手害了他
我亲手害了他,他现在躺在医院里
他现在躺在医院里,可能快要不行了
可能快要不行了,你还敢说我不是个人渣吗
你还敢说我不是个人渣吗,那他现在怎么样
那他现在怎么样,不知道
不知道,你也先别往坏处想 这 事情先往好处想
你也先别往坏处想 这 事情先往好处想,好不了
好不了,公司已经乱了
公司已经乱了,那是我师傅最不想看到的情况
那是我师傅最不想看到的情况,但是它发生 等我师傅要醒过来了
但是它发生 等我师傅要醒过来了,看见公司垮了
看见公司垮了,我就是千古罪人了
我就是千古罪人了,一切都完了
一切都完了,你知道在意大利有一个小镇叫摩德纳
你知道在意大利有一个小镇叫摩德纳,专门产帕马森干酪的
专门产帕马森干酪的,在12年的时候
在12年的时候,意大利发生了一场很严重的地震
意大利发生了一场很严重的地震,有很多的钟楼啊 历史性的建筑都倒塌了
有很多的钟楼啊 历史性的建筑都倒塌了,包括很多的起司工厂
包括很多的起司工厂,那个时候起司工会去找了一个主厨
那个时候起司工会去找了一个主厨,跟他说 有将近36万个起司受到严重的损伤
跟他说 有将近36万个起司受到严重的损伤,后来这个主厨他想了一道菜叫做risotto captual pepper
后来这个主厨他想了一道菜叫做risotto captual pepper,他想用这道菜呢 让全世界所有的人都会做
他想用这道菜呢 让全世界所有的人都会做,当时从日本、伦敦到纽约
当时从日本、伦敦到纽约,全世界将近有4万人都在做这道菜
全世界将近有4万人都在做这道菜,那个时候
那个时候,卖出了36万个
卖出了36万个,然后呢
然后呢,没有人因为这件事失去掉工作
没有人因为这件事失去掉工作,那跟我的事情有什么关系啊
那跟我的事情有什么关系啊,这
这,没关系
没关系,我就想跟你说
我就想跟你说,我会做这道菜
我会做这道菜,先吃饱嘛
先吃饱嘛,身体是革命的本钱
身体是革命的本钱,好吗
好吗,好
好,我今天就做这道 risotto captual paper
什么都,你没有脸是不是
什么什么,苏明成
苏明成,我现在很严肃地告诉你一件事情
我现在很严肃地告诉你一件事情,我对你今天在饭桌上的表现非常地生气
我对你今天在饭桌上的表现非常地生气,今天大哥说要给爸买房的时候
今天大哥说要给爸买房的时候,你为什么不主动告诉大家你欠了妈二十万的事情
你为什么不主动告诉大家你欠了妈二十万的事情,为什么不说你要跟大哥一起出钱给爸买房
为什么不说你要跟大哥一起出钱给爸买房,你非要等着有一天爸跟明玉先把这事说出来
你非要等着有一天爸跟明玉先把这事说出来,啪啪地打咱俩脸
啪啪地打咱俩脸,你心里舒服了是吧
你心里舒服了是吧,我告诉你呀
我告诉你呀,你要是不早点去跟大哥把这事解释清楚了
你要是不早点去跟大哥把这事解释清楚了,从现在开始
从现在开始,我就再也不见你们苏家人
我就再也不见你们苏家人,我没脸见他们
你不要再来纠缠我了 睡觉吧,你还有脸睡觉啊
要不咱卖车,行啊 卖
一把还清,想的美
想的美,卖车是为了还钱
卖车是为了还钱,不是给你投资的
你性格缺陷 你知不知道,你胡说什么呢
你胡说什么呢,大哥怎么想是他的事情
大哥怎么想是他的事情,他欠家里钱了吗
他欠家里钱了吗,你欠了家里20万
你欠了家里20万,你在做什么
你在做什么,你有脸说别人
你有脸说别人,我就问你一句话
我就问你一句话,你什么时候去跟大哥坦白事情
你什么时候去跟大哥坦白事情,永远不会去
永远不会去,去不去
去不去,你出去
你出去,苏明成
苏明成,你给我回来
那就亲自问问你,传闻是真的
传闻是真的,是我向蒙总发的檄文
是我向蒙总发的檄文,对抗他的监理制度
好厉害,您是公司元老了
您是公司元老了,您帮我分析分析
您帮我分析分析,以蒙总的个性
以蒙总的个性,他会被我这一纸檄文就打倒了吗
他会被我这一纸檄文就打倒了吗,您不觉得太不像他了吗
他问过院长和主治大夫说,没有眼见为实
没有眼见为实,谁都没权利下定论
谁都没权利下定论,如果蒙总真是重病
如果蒙总真是重病,那我们更得替他守好众诚 您说呢
这回来 是怕我跟高层一样争权夺利 对吧,黄厂长
黄厂长,二分厂不能乱
多少是多少,我只关心您怎么想
但是 我下面的人那就说不定了,好
好,我今天来 就是跟您和您下面的人吃个定心丸
我今天来 就是跟您和您下面的人吃个定心丸,你跟大伙说
你跟大伙说,只要把事情做好了
只要把事情做好了,不管总公司有任何的变化 都不会少了大家一分钱
你说了算吗,有老毛在
有老毛在,我会控制好三个分厂的财务支出的
万一老毛的权利被交接了,不可能 我向您保证
不可能 我向您保证,我已经跟一分厂和三分厂都谈过了
我已经跟一分厂和三分厂都谈过了,他们也向我保证了 蒙总的病情还没有明朗之前 绝不会出意外
二分厂听你的,明玉 你去哪了呀 一直不接电话
明玉 你去哪了呀 一直不接电话,我刚从你办公室出来
我刚从你办公室出来,我在二分厂
我在二分厂,你去二分厂干嘛
你去二分厂干嘛,我得让各分厂安定下来
我得让各分厂安定下来,安定分厂有什么用
安定分厂有什么用,集团里都快炸锅了
集团里都快炸锅了,什么情况
什么情况,眼下咱们众诚的情况是啊 尸骨未寒
眼下咱们众诚的情况是啊 尸骨未寒,后院起火
后院起火,你说老蒙还在抢救呢
你说老蒙还在抢救呢,这各方势力就纷纷登场亮相了
这各方势力就纷纷登场亮相了,你是没看见
你是没看见,刚才那叫一个热闹
刚才那叫一个热闹,差点动起手来了
差点动起手来了,看来他们都知道蒙总是块肥肉
看来他们都知道蒙总是块肥肉,也都知道先下手为强这个道理
也都知道先下手为强这个道理,你说说具体情况
你说说具体情况,公司呢 分成三派
公司呢 分成三派,你和我算一派
你和我算一派,蒙太 小蒙 算一派
蒙太 小蒙 算一派,主打家庭亲情牌
主打家庭亲情牌,再有就是张副总
再有就是张副总,仗着自己是第二大股东的身份
仗着自己是第二大股东的身份,已经开始夺权了
已经开始夺权了,你说张副总 还是蒙太太的表哥呢
你说张副总 还是蒙太太的表哥呢,他怎么能这么干呢
他怎么能这么干呢,真是树倒猢狲散啊
真是树倒猢狲散啊,孙副总现在什么情况
孙副总现在什么情况,那家伙
那家伙,天天守在医院里
天天守在医院里,看看蒙总还能不能抢救过来
看看蒙总还能不能抢救过来,好像众诚落到谁手里都跟他没关系似的
好像众诚落到谁手里都跟他没关系似的,但据我了解的情况吧
但据我了解的情况吧,集团里传的那些流言蜚语呀 说什么
集团里传的那些流言蜚语呀 说什么,集团不可一日无主
集团不可一日无主,后蒙总时代 权利和股份该怎么分配
后蒙总时代 权利和股份该怎么分配,这些屁话都是姓孙的说的
这些屁话都是姓孙的说的,人还在医院呢
人还在医院呢,却能给公司制造恐慌
却能给公司制造恐慌,包括这个张副总 突然跳出来跟蒙太相争
包括这个张副总 突然跳出来跟蒙太相争,我估计都跟这个姓孙的脱不了干系
我估计都跟这个姓孙的脱不了干系,你是说 姓孙的跟张副总是站在一块的
你是说 姓孙的跟张副总是站在一块的,他哪边都不站
他哪边都不站,不管是蒙太赢还是张副总赢
不管是蒙太赢还是张副总赢,跟他们一点关系都没有
跟他们一点关系都没有,他只有一个目的 就是搞乱众诚
他只有一个目的 就是搞乱众诚,他是帮鎏金做事的
他是帮鎏金做事的,我没证据
我没证据,现在还不好判定
现在还不好判定,不管他是不是
不管他是不是,我们都只能保住众诚
我们都只能保住众诚,你要跟他斗啊
你要跟他斗啊,不是斗是防
不是斗是防,防得住吗
防得住吗,姐姐
姐姐,你又不是不清楚
你又不是不清楚,这么多年他培养的亲信 已经遍布整个集团各个部门
这么多年他培养的亲信 已经遍布整个集团各个部门,部门了
部门了,你我的团队都不干净
你我的团队都不干净,怎么防
怎么防,现在你师傅要醒了
现在你师傅要醒了,就没这么多破事了
就没这么多破事了,所以我们要想方设法地拖住孙副总
所以我们要想方设法地拖住孙副总,绝不能让他得逞
绝不能让他得逞,明玉啊
明玉啊,公司里上上下下都知道是我们俩把老蒙气病了
公司里上上下下都知道是我们俩把老蒙气病了,咱俩是罪人
咱俩是罪人,拿什么跟姓孙的斗啊
拿什么跟姓孙的斗啊,只要我师傅醒过来的时候
只要我师傅醒过来的时候,我们能完好无损的把众诚交回他手上
我们能完好无损的把众诚交回他手上,他们爱怎么想怎么想
他们爱怎么想怎么想,如果说啊
如果说啊,我是说如果 真的像姓孙的说的那样 老蒙就没挺过这一关呢
我是说如果 真的像姓孙的说的那样 老蒙就没挺过这一关呢,但是以后的事情 我是想眼前
但是以后的事情 我是想眼前,行吧行吧
行吧行吧,听你的
听你的,不过现在我最担心的就是老毛能不能扛得住
不过现在我最担心的就是老毛能不能扛得住,我可看见两拨人进他办公室了
我可看见两拨人进他办公室了,这两拨人 那只能是狗咬狗一嘴毛了
这两拨人 那只能是狗咬狗一嘴毛了,我已经想好应对措施了
我已经想好应对措施了,咱们老地方去
咱们老地方去,组建中层联盟
组建中层联盟,已经是没有办法的办法了
已经是没有办法的办法了,高层那边我们
高层那边我们,无依无靠
无依无靠,现在只有拉拢这些中层
现在只有拉拢这些中层,才有机会跟他们形成对峙
才有机会跟他们形成对峙,可这些中层靠谱吗
可这些中层靠谱吗,再说了这些高层老总 他也不是吃素的
再说了这些高层老总 他也不是吃素的,我们能想到 他们也能想到 肯定早就拉拢这帮人了
我们能想到 他们也能想到 肯定早就拉拢这帮人了,张副总和蒙太
张副总和蒙太,都有亲戚在中层队伍里
都有亲戚在中层队伍里,这帮人是拉不拢了也没必要拉拢 
这帮人是拉不拢了也没必要拉拢 ,那些外聘的职业经理人吧 个个插上尾巴比猴都精
那些外聘的职业经理人吧 个个插上尾巴比猴都精,现在都是保持中立的态度
现在都是保持中立的态度,我最担心的就是孙副总了
我最担心的就是孙副总了,他一定会拉拢这帮人来稳固自己的地位的
他一定会拉拢这帮人来稳固自己的地位的,所以我们得先下手为强
所以我们得先下手为强,让他们跟我们先形成统一战线
让他们跟我们先形成统一战线,行我知道了
行我知道了,集团临时会议啊 时间是明天早上9点
集团临时会议啊 时间是明天早上9点,所有中高层都要参加
所有中高层都要参加,这么突然
这么突然,孙副总通知的
孙副总通知的,蒙太出席吗
蒙太出席吗,监事会好像以她不是董事的身份拒绝她参加
监事会好像以她不是董事的身份拒绝她参加,那就有热闹看了
那就有热闹看了,怎么了
怎么了,你有办法
你有办法,你今晚抽空去找一趟蒙太呗
你今晚抽空去找一趟蒙太呗,我找蒙太
我找蒙太,那我不找死吗
那我不找死吗,你那么帅，蒙太怎么舍得让你死 
你那么帅，蒙太怎么舍得让你死 ,那我找她干什么呀
那我找她干什么呀,煽阴风 点鬼火
煽阴风 点鬼火,这蒙太来的太是时候了
这蒙太来的太是时候了,当时你说蒙太不知道这个会 我就猜那个孙副总做了两面人
当时你说蒙太不知道这个会 我就猜那个孙副总做了两面人,既然他能做
既然他能做,为什么我们不可以
为什么我们不可以,对对对 这姓孙的
对对对 这姓孙的,你说还想害人家兄妹相残
你说还想害人家兄妹相残,这要是被老蒙知道了
这要是被老蒙知道了,肯定要清理门户
肯定要清理门户,你大哥他去买菜去了
你大哥他去买菜去了,说要跟你做他最拿手的香辣炸鱼块
说要跟你做他最拿手的香辣炸鱼块,为了不砸他那牌子呀
为了不砸他那牌子呀,他特意要去超市买活鱼
他特意要去超市买活鱼,还得买那个葵花籽油
还得买那个葵花籽油,说炸鱼好吃
说炸鱼好吃,以前在苏家
以前在苏家,我还真是没享受过这样的待遇
我还真是没享受过这样的待遇,其实是你大哥
其实是你大哥,跟我说让我回美国之前再见你一面的
跟我说让我回美国之前再见你一面的,说上次你来美国他表现得不好
说上次你来美国他表现得不好,怕你生气
怕你生气,这事不都过去了吗
这事不都过去了吗,再说我也理解他当时的心情
再说我也理解他当时的心情,新工作怎么样 入职了吗
新工作怎么样 入职了吗,过两天就去上海 新工作挺好的
过两天就去上海 新工作挺好的,大公司 收入而且也挺稳定的
大公司 收入而且也挺稳定的,只是这一年 大概有好几个月要在国内
只是这一年 大概有好几个月要在国内,我们两个人也只能暂时地两地分居了
我们两个人也只能暂时地两地分居了,你不带着小咪一块过来啊
你不带着小咪一块过来啊,我不能放弃我在美国的工作
我不能放弃我在美国的工作,也是
也是,没关系
没关系,我可以白天把她送到托管所
我可以白天把她送到托管所,晚上下了班再回来接她
晚上下了班再回来接她,那要这样的话 你可太辛苦了
那要这样的话 你可太辛苦了,我不辛苦
我不辛苦,其实你大哥才辛苦呢
其实你大哥才辛苦呢,自从有了小咪以后
自从有了小咪以后,他一下子就知道担起养家糊口的重任了
他一下子就知道担起养家糊口的重任了,我大哥现在真是变了个人
我大哥现在真是变了个人,以前只知道学习 两耳不闻家务事
以前只知道学习 两耳不闻家务事,他累点也好
他累点也好,好什么
好什么,我觉得他自己一点都不觉得累
我觉得他自己一点都不觉得累,到处倾销他的责任感
到处倾销他的责任感,有点没有轻重缓急的意思了
有点没有轻重缓急的意思了,我今天请你吃饭啊 主要是想跟你道个歉
我今天请你吃饭啊 主要是想跟你道个歉,上回在美国呢
上回在美国呢,我不应该冲你发火
我不应该冲你发火,大哥 这事
大哥 这事,过去了
过去了,咱不提了好吗
咱不提了好吗,也行
也行,还有个事啊 应该让你知道一下
还有个事啊 应该让你知道一下,上回你走了以后啊
上回你走了以后啊,我跟你大嫂商量过了
我跟你大嫂商量过了,也跟你二哥
也跟你二哥,二嫂还有咱爸
二嫂还有咱爸,都敲定了
都敲定了,我准备
我准备,给咱爸买套房子
给咱爸买套房子,让他搬出来住
让他搬出来住,什么意思啊
什么意思啊,你买房
你买房,我买
我买,大哥
大哥,你知道眼下国内的房价很高吗
你知道眼下国内的房价很高吗,我知道
我知道,但是这该买还是得买
但是这该买还是得买,不能总让咱们爸住在
不能总让咱们爸住在,二哥那嘛 时间久了不方便
二哥那嘛 时间久了不方便,他可以回老宅住啊
他可以回老宅住啊,你也知道 咱爸触景生情
你也知道 咱爸触景生情,而且那房子老了
而且那房子老了,条件跟不上
条件跟不上,触景生情
触景生情,我看他是怕触霉头吧
我看他是怕触霉头吧,瞧你这话说的
瞧你这话说的,咱们做儿女的应该尽点孝心的
咱们做儿女的应该尽点孝心的,要说尽孝的话
要说尽孝的话,苏明成也有份儿啊
苏明成也有份儿啊,他没说跟你一块出钱
他没说跟你一块出钱,你二哥暂时拿不出那么多钱
你二哥暂时拿不出那么多钱,我这不是刚换了新工作吗
我这不是刚换了新工作吗,待遇不错
待遇不错,而且工资翻倍
而且工资翻倍,那你不攒点钱给孩子呀
那你不攒点钱给孩子呀,先把爸的事搞定再说
先把爸的事搞定再说,过几年手头自然就宽裕了
过几年手头自然就宽裕了,再说了
再说了,宝宝还小
宝宝还小,暂时呢 也没多大的开销
暂时呢 也没多大的开销,我劝你还是慎重考虑一下
我劝你还是慎重考虑一下,我不是不愿意给爸买房
我不是不愿意给爸买房,只是当时说好 了把老宅卖了买两室一厅
只是当时说好 了把老宅卖了买两室一厅,结果吃饭的时候 你大哥一上头直接说买三室
结果吃饭的时候 你大哥一上头直接说买三室,压根没提卖老宅的事儿
压根没提卖老宅的事儿,为这事我们俩大吵了一架
为这事我们俩大吵了一架,能不能帮我劝劝大哥啊
能不能帮我劝劝大哥啊,我只是希望 我们可以各退一步
我只是希望 我们可以各退一步,我答应买三室一厅
我答应买三室一厅,让他也好好的跟爸说说卖老宅的事儿
让他也好好的跟爸说说卖老宅的事儿,大嫂 我都理解
大嫂 我都理解,但你也看到了 苏家的事情我确实不便插手
但你也看到了 苏家的事情我确实不便插手,只是 明玉
只是 明玉,其实以我们现在的经济水平
其实以我们现在的经济水平,买两室都有些困难
买两室都有些困难,买三室会更影响我跟宝宝的生活
买三室会更影响我跟宝宝的生活,这样吧 大嫂
这样吧 大嫂,你让大哥回去问问清楚
你让大哥回去问问清楚,当时爸没去成美国
当时爸没去成美国,我们讨论过他的赡养问题
我们讨论过他的赡养问题,你让他问问苏明成和朱丽 当时是怎么跟爸保证的
你让他问问苏明成和朱丽 当时是怎么跟爸保证的,保证什么
保证什么,具体我就不多说了
具体我就不多说了,反正你转告大哥
反正你转告大哥,他别自作多情
他别自作多情,你们一家三口 节衣缩食 两地分居真不是什么好事情
你们一家三口 节衣缩食 两地分居真不是什么好事情,这苏明成对苏家造的孽
这苏明成对苏家造的孽,不能让小咪跟你一块承担
不能让小咪跟你一块承担,我大哥是被孝顺冲昏了头脑
我大哥是被孝顺冲昏了头脑,我先走了大嫂
我先走了大嫂,你跟小咪有事记得给我打电话
你跟小咪有事记得给我打电话,这个明玉啊
这个明玉啊,真是太让我失望了
真是太让我失望了,刚才你也听见了
刚才你也听见了,吃饭的时候她怎么说的
吃饭的时候她怎么说的,苏家的事 她不是我们苏家的人啊
苏家的事 她不是我们苏家的人啊,你现在就打电话给苏明成
你现在就打电话给苏明成,听说上次爸不能去美国
听说上次爸不能去美国,他们聚在一起给爸讨论过养老的事情
他们聚在一起给爸讨论过养老的事情,很有结论
很有结论,我们得问清楚这些
我们得问清楚这些,再说买房的事
再说买房的事,明玉跟你说的
明玉跟你说的,对啊
对啊,明玉什么意思
明玉什么意思,她刚才吃饭的时候干嘛不说
她刚才吃饭的时候干嘛不说,你以为她愿意跟我说这些吗
你以为她愿意跟我说这些吗,她能跟我说这些
她能跟我说这些,那都是看在宝宝的面子上
那都是看在宝宝的面子上,她不想让小咪吃苦
她不想让小咪吃苦,我说你怎么 一提到买房子的事就这么抗拒呢
我说你怎么 一提到买房子的事就这么抗拒呢,我现在不管明成明玉怎么样
我现在不管明成明玉怎么样,我需要解决的就是不能让我爸一直寄养在苏明成家
我需要解决的就是不能让我爸一直寄养在苏明成家,我这个当儿子尽点孝心怎么了
我这个当儿子尽点孝心怎么了,所以我现在需要把我爸接出来
所以我现在需要把我爸接出来,让他独立住
让他独立住,好
好,我不想跟你吵
我不想跟你吵,咱们讲道理
咱们讲道理,好吧
好吧,不是说我们不给你爸买房
不是说我们不给你爸买房,你爸就没地方住
你爸就没地方住,行 房子可以买
行 房子可以买,但是我们能不能稍微变通一下
但是我们能不能稍微变通一下,你们把老宅卖掉
你们把老宅卖掉,加上这次你带回来的钱
加上这次你带回来的钱,刚好可以付一个二手房的头款
刚好可以付一个二手房的头款,未来的月供由明成来负责
未来的月供由明成来负责,以他现在的收入 他负担得起
以他现在的收入 他负担得起,再说这是他应该负担的
再说这是他应该负担的,保姆的费用由我们来出
保姆的费用由我们来出,这也是你作为儿子应当替爸出的
这也是你作为儿子应当替爸出的,我还重申那句话
我还重申那句话,我只负担我们应当负担的那一部分
我只负担我们应当负担的那一部分,老房子不能卖
老房子不能卖,你怎么就不能体谅体谅我呢
你怎么就不能体谅体谅我呢,我妈走得很突然
我妈走得很突然,我还没有报答过父母的养育之恩
我还没有报答过父母的养育之恩,我妈就走了
我妈就走了,你说我心里难受不难受
你说我心里难受不难受,我不卖老宅就是给苏家留个念想嘛
我不卖老宅就是给苏家留个念想嘛,还有啊 我希望我爸过得好
还有啊 我希望我爸过得好,这有错吗
这有错吗,我很早就出国读书了
我很早就出国读书了,我一直待在美国 是明成陪在我父母的身边
我一直待在美国 是明成陪在我父母的身边,他给我父母带来的欢笑
他给我父母带来的欢笑,这不能用金钱来衡量吧
这不能用金钱来衡量吧,我现在只用这么一点点钱来做个补偿
我现在只用这么一点点钱来做个补偿,我已经很占便宜了
我已经很占便宜了,你这话倒是提醒我了
你这话倒是提醒我了,我也是大学毕业以后就出了国
我也是大学毕业以后就出了国,一直没有给我父母尽孝
一直没有给我父母尽孝,不说 生个孩子还得让我妈辞了职
不说 生个孩子还得让我妈辞了职,飞到美国来伺候
飞到美国来伺候,我得好好跟你学学这份孝心
我得好好跟你学学这份孝心,而且我得趁他们现在还年轻
而且我得趁他们现在还年轻,抓紧时间补偿
抓紧时间补偿,不能像你现在这样追悔莫及
不能像你现在这样追悔莫及,我的要求不高
我的要求不高,把我爸我妈现在两室一厅换成三室一厅
把我爸我妈现在两室一厅换成三室一厅,多一个房间给保姆住
多一个房间给保姆住,而且换房子的钱和保姆的钱得由我们来出
而且换房子的钱和保姆的钱得由我们来出,因为我是家里的独生子女
因为我是家里的独生子女,理所当然吧
理所当然吧,而且 为了减轻我们的负担
而且 为了减轻我们的负担,我会让我爸我妈把原来的房子卖掉
我会让我爸我妈把原来的房子卖掉,和你们家一样
和你们家一样,每月还房贷
每月还房贷,每年雇保姆
每年雇保姆,公平合理
公平合理,就像你所说的
就像你所说的,我也尽了我现在应该尽的本分
我也尽了我现在应该尽的本分,是 你提的要求合情合理
是 你提的要求合情合理,可两家人家一块买房子
可两家人家一块买房子,我们的日子还过不过
我们的日子还过不过,你还知道我们需要过日子
你还知道我们需要过日子,怎么一轮到我们家你就知道需要过日子了呢
怎么一轮到我们家你就知道需要过日子了呢,我看这日子就别过了
我看这日子就别过了,长痛不如短痛 一起换了挺好
长痛不如短痛 一起换了挺好,行
行,听你的
听你的,先把我爸的房子搞定了
先把我爸的房子搞定了,然后就给你们家换房子好吗
然后就给你们家换房子好吗,凭什么我们家就要往后放呀
凭什么我们家就要往后放呀,苏明哲 我还自己赚钱养活我自己
苏明哲 我还自己赚钱养活我自己,我还没有在你手底下讨饭吃呢
我还没有在你手底下讨饭吃呢,你真是自大得可以啊
你真是自大得可以啊,苏大爷
苏大爷,连明玉都看得出来
连明玉都看得出来,我回美国我的日子有多艰难
我回美国我的日子有多艰难,你却拼了命的把我往火坑里推
你却拼了命的把我往火坑里推,你还有没有良心呀你
你还有没有良心呀你,我终于知道苏明玉为什么会被你们逼出门
我终于知道苏明玉为什么会被你们逼出门,你就是不开窍的元凶之一
你就是不开窍的元凶之一,我成全你这个孝子
我成全你这个孝子,你爱怎么着就怎么着
你爱怎么着就怎么着,这日子没法过了
这日子没法过了,非非
非非,你现在怎么变成这个样子
你现在怎么变成这个样子,我变成什么样了
我变成什么样了,你把话跟我说清楚
你把话跟我说清楚,我不就给我爸买个房子吗
我不就给我爸买个房子吗,怎么了
怎么了,你至于整天算过来算过去的吗
你至于整天算过来算过去的吗,你真是变得不可理喻
你真是变得不可理喻,苏明哲 这就是你对我的评价
苏明哲 这就是你对我的评价,我告诉你
我告诉你,不可理喻的
不可理喻的,不是我
不是我,而是你
而是你,喂 爸 怎么了
你陪我去吧,行 爸
行 爸,我马上过来陪你去看房子
我马上过来陪你去看房子,好好好
好好好,你不能走
你不能走,咱俩还没说清楚呢
咱俩还没说清楚呢,我吵不过你
我吵不过你,我躲你还不行吗
我躲你还不行吗,这事就这么定了
这事就这么定了,这附近的配套设施怎么样
出门就是公交站 离地铁1号线4号线也都不远,我怕你哥担心
我怕你哥担心,不行 我晚上还是带她先回去
不行 我晚上还是带她先回去,我也不知道你们之间具体发生什么事了
我也不知道你们之间具体发生什么事了,但我哥那人脾气我还是知道的 倔起来像头牛一样
但我哥那人脾气我还是知道的 倔起来像头牛一样,还是先冷静冷静再沟通吧
还是先冷静冷静再沟通吧,非非 你带着宝宝去哪了
非非 你带着宝宝去哪了,你是不是把我钱包里的卡都拿走了
你是不是把我钱包里的卡都拿走了,你赶紧回来
你赶紧回来,大哥 我是明玉
大哥 我是明玉,明玉啊
明玉啊,你们怎么在一块
你们怎么在一块,我看你们那酒店设施也一般
我看你们那酒店设施也一般,我就把大嫂和小咪接到我家来住了
我就把大嫂和小咪接到我家来住了,正好我想跟小咪多待几天
正好我想跟小咪多待几天,她去你那不是给你添乱吗
她去你那不是给你添乱吗,这样
这样,你让她接个电话
你让她接个电话,大嫂洗澡去了
大嫂洗澡去了,她不接电话是吧
她不接电话是吧,那行
那行,那你帮我转告一下
那你帮我转告一下,有什么事不能好好说吗
有什么事不能好好说吗,动不动就搞离家出走
动不动就搞离家出走,还带上宝宝
还带上宝宝,还把我钱包里的卡都拿走了
还把我钱包里的卡都拿走了,这么大人了至于吗
这么大人了至于吗,喂 明玉
喂 明玉,看完了吗
看完了吗,看完了
看完了,有什么意见
有什么意见,好
好,那我就发出去了
那我就发出去了,明天下午2点 集体碰个头
明天下午2点 集体碰个头,你好
你好,我是给你们送餐的
我是给你们送餐的,这个是大人的
这个是大人的,这给你的
这给你的,这是孩童餐
这是孩童餐,应该是给小咪的
应该是给小咪的,你知道她叫小咪
你知道她叫小咪,我常听明玉说
我常听明玉说,石老板
石老板,你好
你好,你好 我也经常听明玉说起你
你好 我也经常听明玉说起你,说她经常在你那吃饭
说她经常在你那吃饭,这几天我都会来给你们送
这几天我都会来给你们送,如果有什么需要你再跟我说
如果有什么需要你再跟我说,谢谢
谢谢,好 拜拜
好 拜拜,你要说什么
你要说什么,这边说
这边说,你长话短说
你长话短说,你脑子坏了
你脑子坏了,那么多人不干的事
那么多人不干的事,你为什么要出头
你为什么要出头,众诚现在这个局面 我不出头
众诚现在这个局面 我不出头,谁敢出头啊
谁敢出头啊,那这个中层联盟还有什么意义啊
那这个中层联盟还有什么意义啊,你今天签了这个字
你今天签了这个字,明天所有人都会拿你当靶子
明天所有人都会拿你当靶子,你知道后果吗
你知道后果吗,我知道啊
我知道啊,所以我必须担这个责任
所以我必须担这个责任,我必须替我师傅守住他几十年的心血
我必须替我师傅守住他几十年的心血,你师傅未必会这么想
你师傅未必会这么想,我们的本意是好的
我们的本意是好的,我们是想维护集团生产销售的安定局面
我们是想维护集团生产销售的安定局面,但你要想清楚
但你要想清楚,谁当了这个主导者
谁当了这个主导者,谁就触犯了老板最大的忌讳
谁就触犯了老板最大的忌讳,那就是主导者 可以拉起班子掌控公司了
那就是主导者 可以拉起班子掌控公司了,老孟一旦从医院里出来
老孟一旦从医院里出来,你交出大权的同时
你交出大权的同时,也就是你卷铺盖走人的时候
也就是你卷铺盖走人的时候,柳青
柳青,只要能保住众诚
只要能保住众诚,我随时都可以走人
我随时都可以走人,你保护好自己
你保护好自己,你想当主导人
你想当主导人,你怎么不早点跟我通个气呢
你怎么不早点跟我通个气呢,明玉 你这事做得确实欠考虑
明玉 你这事做得确实欠考虑,你师傅什么人呢
你师傅什么人呢,任何人都猜不到他在想什么
任何人都猜不到他在想什么,包括你在内
包括你在内,你根本想象不到他一旦醒过来 会怎么处理你这个主导人
你根本想象不到他一旦醒过来 会怎么处理你这个主导人,你看人家老毛多滑头啊
你看人家老毛多滑头啊,这个位置就应该也只有他才适合去做
这个位置就应该也只有他才适合去做,老蒙再狠
老蒙再狠,对他这个财务总监也不会怎么样
对他这个财务总监也不会怎么样,可人家为什么不把这笼头往自己脑袋上套呢
可人家为什么不把这笼头往自己脑袋上套呢,你想不明白吗
你想不明白吗,我发现你今天特有逻辑
我发现你今天特有逻辑,特帅
特帅,我每天都帅
我每天都帅,我倒是想让人家坐上去
我倒是想让人家坐上去,人家也得愿意呀
人家也得愿意呀,老毛这人啊 性格谨小慎微 也开不了大铁
老毛这人啊 性格谨小慎微 也开不了大铁,现在都已经吹响冲锋号了
现在都已经吹响冲锋号了,得有人往上冲
得有人往上冲,这角色除了我 无人替代
这角色除了我 无人替代,行吧
行吧,反正哥们也签字了
反正哥们也签字了,要死一块死
要死一块死,我跟你大嫂的事 你都知道了
我跟你大嫂的事 你都知道了,这个非非呀 真是让我太失望
这个非非呀 真是让我太失望,她就是不想让我出钱给咱爸买房子
她就是不想让我出钱给咱爸买房子,可是你知道这事我在饭桌上跟大家都拍板了
可是你知道这事我在饭桌上跟大家都拍板了,她怎么就不能理解我一下呢
她怎么就不能理解我一下呢,换我我也不能理解
换我我也不能理解,做儿女的尽孝心是不是应该的
做儿女的尽孝心是不是应该的,所以不管你大嫂说什么
所以不管你大嫂说什么,别听她的
别听她的,大哥
大哥,这钱凭什么你一个人出啊
这钱凭什么你一个人出啊,你出国留学这些年
你出国留学这些年,苏家的钱都堆在苏明成头上
苏家的钱都堆在苏明成头上,他们两口子买房子
他们两口子买房子,爸妈卖了一间老宅付的首付
爸妈卖了一间老宅付的首付,他买车也是花了咱妈积蓄
他买车也是花了咱妈积蓄,再加上这些年他陆陆续续找家里借的钱
再加上这些年他陆陆续续找家里借的钱,要我说 这一次给爸买房
要我说 这一次给爸买房,这钱他应该全出了才是
这钱他应该全出了才是,这些事 多少我也知道一些
这些事 多少我也知道一些,可老二现在不是没钱吗
可老二现在不是没钱吗,那我要是再不出钱的话
那我要是再不出钱的话,让咱爸怎么办
让咱爸怎么办,让咱爸继续住在明成家
让咱爸继续住在明成家,咱爸不能再受罪了
咱爸不能再受罪了,大哥 我奉劝你一句
大哥 我奉劝你一句,别大包大揽
别大包大揽,苏明成两口子但凡学会节约过日子
苏明成两口子但凡学会节约过日子,他们多的是给咱爸买房的钱
他们多的是给咱爸买房的钱,你这样做只会让他变得更懒惰
你这样做只会让他变得更懒惰,更加不负责任
更加不负责任,你重新找份工作 赚点钱不容易
你重新找份工作 赚点钱不容易,你还是应该把钱留下来
你还是应该把钱留下来,给自己的小家抵御风险
给自己的小家抵御风险,你想想小咪
你想想小咪,孩子多可爱
孩子多可爱,你忍心让她受委屈吗
你忍心让她受委屈吗,谁不希望把钱花在自己的小家呢
谁不希望把钱花在自己的小家呢,但我是苏家的长子
但我是苏家的长子,苏家的
苏家的,担子我不担谁担
担子我不担谁担,苏家的担子也不应该你一个人来担
苏家的担子也不应该你一个人来担,你要是
你要是,非问我的意见 我还是那句话
非问我的意见 我还是那句话,这房不该买
这房不该买,你还要给他找保姆 简直可笑
你还要给他找保姆 简直可笑,他老到那份上了吗
他老到那份上了吗,咱妈在的时候 哪顿饭不是他烧菜啊
咱妈在的时候 哪顿饭不是他烧菜啊,他明明有生活能力
他明明有生活能力,你们为什么要惯他当傻瓜呢
你们为什么要惯他当傻瓜呢,大哥 你先别插话
大哥 你先别插话,你先听我说完
你先听我说完,你在美国的近况 我不是不了解
你在美国的近况 我不是不了解,为什么要打脸充胖子
为什么要打脸充胖子,我告诉你
我告诉你,你现在对咱爸做的事情 那叫亡羊补牢
你现在对咱爸做的事情 那叫亡羊补牢,同时你还在亲手扒开自家的羊圈
同时你还在亲手扒开自家的羊圈,我不是危言耸听
我不是危言耸听,你别等到哪一天你回美国去亡羊补牢
你别等到哪一天你回美国去亡羊补牢,那才是非常被动非常伤感情的事情
那才是非常被动非常伤感情的事情,当然 除非你另有打算了
当然 除非你另有打算了,苏家 个个都是有经济实力的成年人
苏家 个个都是有经济实力的成年人,包括咱爸 用不着你一个人逞强
包括咱爸 用不着你一个人逞强,更用不着你自我牺牲
更用不着你自我牺牲,甚至还要牺牲自己妻子女儿的生活
甚至还要牺牲自己妻子女儿的生活,来树立你个人的道德标杆
来树立你个人的道德标杆,大哥 恕我直言
大哥 恕我直言,在我看来 这才是不道德的
在我看来 这才是不道德的,明玉 你听我说
明玉 你听我说,你还是跟你太太说去把 我们家在玉龙湾小区4001 找不到再给我打电话
谢谢啊,明玉家
明玉家,挺豪华的
挺豪华的,你跟小咪住在这儿我也就放心了
你跟小咪住在这儿我也就放心了,但是明玉工作挺忙的
但是明玉工作挺忙的,你别总在这打扰别人
你别总在这打扰别人,要不然你跟我回宾馆吧
要不然你跟我回宾馆吧,现在只有明玉关心我
现在只有明玉关心我,你们苏家我也就能指望她了
你们苏家我也就能指望她了,干嘛呀 还生气
干嘛呀 还生气,不是我爱生气
不是我爱生气,是你必须清楚 婚姻中男女双方的平等地位
是你必须清楚 婚姻中男女双方的平等地位,哪怕只是你们苏家的事
哪怕只是你们苏家的事,你也没有权力私自做主
你也没有权力私自做主,我知道错了
我知道错了,我知道问题的严重性
我知道问题的严重性,所以我这不是买这礼物 过来给你赔礼道歉吗
所以我这不是买这礼物 过来给你赔礼道歉吗,你放心
你放心,以后 以后有任何事情
以后 以后有任何事情,我一定第一时间跟你商量
我一定第一时间跟你商量,你说我每一次得折腾出多大的声音
你说我每一次得折腾出多大的声音,你才自己能够有点意识
你才自己能够有点意识,意识到我跟小咪也要活命啊
意识到我跟小咪也要活命啊,折腾一次一次地在升级
折腾一次一次地在升级,吵架 出走
吵架 出走,然后呢
然后呢,你不要总是逼我
你不要总是逼我,你口口声声地说跟我好好商量
你口口声声地说跟我好好商量,可是你什么时候把我的意见听进去过
可是你什么时候把我的意见听进去过,你跟我好好商量过吗
你跟我好好商量过吗,所以啊 我这不是知道错了吗
所以啊 我这不是知道错了吗,我这不是来跟你承认错误了吗
我这不是来跟你承认错误了吗,我真的是已经厌烦了
我真的是已经厌烦了,我真的已经厌烦了 一次次在家中为自己争一点蝇头小利
我真的已经厌烦了 一次次在家中为自己争一点蝇头小利,我也厌烦了拿哭哭啼啼来换取你的怜悯
我也厌烦了拿哭哭啼啼来换取你的怜悯,我更厌烦了我在家中的权利被你漠视
我更厌烦了我在家中的权利被你漠视,我希望你可以自己好好地斟酌一下我们俩未来的关系
我希望你可以自己好好地斟酌一下我们俩未来的关系,不至于 不至于啊 非非 没那么严重
不至于 不至于啊 非非 没那么严重,我这个人你又不是不了解
我这个人你又不是不了解,咱们认识又不是一天两天了
咱们认识又不是一天两天了,对吗
对吗,再说了 咱们的孩子都这么大了
再说了 咱们的孩子都这么大了,你说这么多年了
你说这么多年了,我什么时候不尊重过你了
我什么时候不尊重过你了,对不对
对不对,只 只是 就是我妈走以后
只 只是 就是我妈走以后,我就觉得我这个苏家的长子应该承担起责任
我就觉得我这个苏家的长子应该承担起责任,把苏家弄好
把苏家弄好,只是我忽略了一点
只是我忽略了一点,我不光是苏家的长子
我不光是苏家的长子,我同时还是你的丈夫
我同时还是你的丈夫,还是孩子的父亲
还是孩子的父亲,其实正因为你们是我生命当中最重要的人
其实正因为你们是我生命当中最重要的人,所以我就总觉得吧 你们应该跟我在一块吃苦
所以我就总觉得吧 你们应该跟我在一块吃苦,你怎么会这么想
你怎么会这么想,你是哪个年代的人啊
你是哪个年代的人啊,所 所以
所 所以,所以这么想是错的呀
所以这么想是错的呀,你说谁生下来 天生就要跟着别人吃苦啊
你说谁生下来 天生就要跟着别人吃苦啊,你说你嫁给我 就得跟着我享福
你说你嫁给我 就得跟着我享福,你早这么想就好了
你早这么想就好了,原谅我了
原谅我了,你说
你说,那接下来我们到底怎么办
那接下来我们到底怎么办,你一说这事 我就头疼
你一说这事 我就头疼,我这在饭桌上都说好了
我这在饭桌上都说好了,给爸买房子
给爸买房子,你说怎么办
你说怎么办,你现在不能让我反悔呀
你现在不能让我反悔呀,你没有让你反悔
你没有让你反悔,我一直都说让你量力而行
我一直都说让你量力而行,再说买房的钱
再说买房的钱,明成他们也应当出一部分
明成他们也应当出一部分,是 他们是应该出钱
是 他们是应该出钱,但是你又不是不了解我
但是你又不是不了解我,你让我怎么好意思跟他们去开口呢
你让我怎么好意思跟他们去开口呢,我 我这当大哥的面子往哪放
我 我这当大哥的面子往哪放,我看你还是没有明白
我看你还是没有明白,你的面子永远比任何东西都值钱
你的面子永远比任何东西都值钱,我不想跟你说了
我不想跟你说了,你走吧
你走吧,你怎么又生气了呀
你怎么又生气了呀,我告诉你 苏明哲 要么就把老房子卖了
我告诉你 苏明哲 要么就把老房子卖了,买新房子 要么
买新房子 要么,就去跟明成说他们也应当出一部分钱
就去跟明成说他们也应当出一部分钱,不然的话我就自己去找爸 去找明成他们 你看着办吧
待蒙总抢救过来,等一下
等一下,这个地方改成 待蒙总康复过来
特此奉告,发给联盟的所有人看一遍
发给联盟的所有人看一遍,没有异议的话 就发给所有的高层和副总
没有异议的话 就发给所有的高层和副总,包括蒙总的家人
就在桌上,小新
小新,辛苦了
辛苦了,刚给你大嫂送饭去了
刚给你大嫂送饭去了,给宝宝做了一个海鲜土豆泥
给宝宝做了一个海鲜土豆泥,你吃了吗
你吃了吗,还没呢
还没呢,刚开完会
刚开完会,主要是也不饿 也不知道吃什么好
主要是也不饿 也不知道吃什么好,要不你下班来我这吧
要不你下班来我这吧,我还没
我还没,先吃吧 吃完再打
先吃吧 吃完再打,我真的不饿啊
我真的不饿啊,喝汤 喝汤
喝汤 喝汤,喝汤行了吧
喝汤行了吧,想想我刚进公司那会儿
想想我刚进公司那会儿,11点吃饭
11点吃饭,12点就饿
12点就饿,现在不行
现在不行,一累一忙
一累一忙,什么都吃不下
什么都吃不下,我是不是老了呀
我是不是老了呀,是
是,是啊 知道老了就好
是啊 知道老了就好,你是不是嫌我老
你是不是嫌我老,多吃点
多吃点,补充一下营养
补充一下营养,说起来也挺逗的啊
说起来也挺逗的啊,咱俩是两个世界的人
咱俩是两个世界的人,两种不同的生活方式
两种不同的生活方式,咱俩怎么就凑一块了呢
咱俩怎么就凑一块了呢,可能看上我外表吧
可能看上我外表吧,你这个理由倒是很充分
你这个理由倒是很充分,你说以你的
你说以你的,颜值和头脑
颜值和头脑,你要来干销售
你要来干销售,估计也是一把好手
估计也是一把好手,谢了啊
谢了啊,我可不想像你这么累
我可不想像你这么累,忙的连饭都吃不上
忙的连饭都吃不上,也是
也是,那你就想干一辈子厨子
那你就想干一辈子厨子,当厨子怎么不好了
当厨子怎么不好了,人生这么短
人生这么短,用自己喜欢的
用自己喜欢的,方式过一生 不是挺好的吗
方式过一生 不是挺好的吗,这个想法听上去很美
这个想法听上去很美,但很不切实际呀
但很不切实际呀,不过你要真能做到也算有智慧啊
不过你要真能做到也算有智慧啊,像我这样的俗人
像我这样的俗人,这辈子只有一件事
这辈子只有一件事,为了养家糊口
为了养家糊口,努力赚钱
努力赚钱,姐 你缺钱吗
姐 你缺钱吗,叫仙女
叫仙女,仙女
仙女,你现在做的 已经不只是养家糊口了
你现在做的 已经不只是养家糊口了,何必为了钱放弃你的生活
何必为了钱放弃你的生活,我为了梦想啊
我为了梦想啊,什么梦想
什么梦想,躺在一堆钱上数钱
躺在一堆钱上数钱,好无聊
好无聊,好有趣
好有趣,有钱人也是有有钱人的烦恼的
有钱人也是有有钱人的烦恼的,对我来讲
对我来讲,钱可比男朋友 更能给我带来安全感
钱可比男朋友 更能给我带来安全感,人啊 还是要活在当下
人啊 还是要活在当下,开心最重要
开心最重要,你这么说 是因为你没穷过
我什么时候搬,不搬
不搬,那个 爸 买房子的事能不能再过几个月
那个 爸 买房子的事能不能再过几个月,爸 爸 你别生气
爸 爸 你别生气,我的意思就是你在明成家再多住一段时间就行了
我不在这住,爸 你 你别生气
爸 你 你别生气,你要是不想在明成家住
你要是不想在明成家住,你就回老宅住
不是 明哲 你什么意思,爸 我没什么意思
爸 我没什么意思,我都说了要给你买房子
我都说了要给你买房子,我就肯定给你买
我就肯定给你买,就是我现在的资金状况出了点问题
就是我现在的资金状况出了点问题,宝宝刚给她买了一个保险
宝宝刚给她买了一个保险,再加上我上海的工作我也没去报到啊
再加上我上海的工作我也没去报到啊,我也没领到薪水啊
我也没领到薪水啊,所以这个买三房一厅的首付啊 还差一点
所以这个买三房一厅的首付啊 还差一点,你要是现在非想出去住的话
你要是现在非想出去住的话,那我就给你买个两房一厅
这钱不够啊,爸 对不起
爸 对不起,买三房一厅
买三房一厅,这首付确实有点困难
把老宅卖了 填补进去不就行了,这老宅怎么能说卖就卖呢
这老宅怎么能说卖就卖呢,这是咱们一家人的念想
你也减少点压力,不是 真卖
我说卖就卖,行
行,那 那我去跟明成说一下
那 那我去跟明成说一下,让他抓紧时间 把老房子卖了
你 你等等,怎么了
钱的事绝对不能经过明成,为什么呀
我怕经过他手 会出问题,哎呀 爸 有什么问题
怎么到我这就不行了呢,那个 明成
那个 明成,其实事情是这样的
其实事情是这样的,他大哥我 最近经济上出了点状况
他大哥我 最近经济上出了点状况,买一个三房一厅的首付啊
买一个三房一厅的首付啊,我还差那么一点
我还差那么一点,所 所以这爸不是想帮帮我吗 就想起来卖老房的事
所 所以这爸不是想帮帮我吗 就想起来卖老房的事,其实别说是你了
其实别说是你了,我心里也不舒服
他一个人住三居室有这个必要吗,好了好了 别送了啊
这事我是同意的,行啊
行啊,只要你能理解就好
剩下的钱作为投资,可是这事吧 已经跟咱爸说好了
可是这事吧 已经跟咱爸说好了,现在把老房子一卖
现在把老房子一卖,买个三居不是刚好吗
多幸福啊,明成啊 这个主意 你就不要再打了
明成啊 这个主意 你就不要再打了,这个钱是给爸买房子用的 专款专用
这个钱是给爸买房子用的 专款专用,你一分钱都不能动
你凭什么支配我那份,明成啊
明成啊,既然你把话说到这了
既然你把话说到这了,那咱就把话挑明白啊
那咱就把话挑明白啊,你以为我不知道这些年来你拿了父母多少钱
你以为我不知道这些年来你拿了父母多少钱,你买房买车
你买房买车,哪样不是父母凑钱给你买的
哪样不是父母凑钱给你买的,你说你这些年来 问父母伸手要了这么多钱
你说你这些年来 问父母伸手要了这么多钱,你什么时候还过
你什么时候还过,你都这么大个人了 还啃老
你都这么大个人了 还啃老,你好意思吗
是不是苏明玉,你别管谁跟我说的
你别管谁跟我说的,反正这个钱你不能动
你就说是不是苏明玉,这个钱是给爸买房子的钱
老是这么固执,老婆 我爸这边的事情啊 我已经处理完了
老婆 我爸这边的事情啊 我已经处理完了,我爸愿意卖老宅
我爸愿意卖老宅,真的 爸没有不高兴吧
真的 爸没有不高兴吧,没有
没有,他非常愿意帮我们分担负担
他非常愿意帮我们分担负担,好
好,那我就放心了
那我就放心了,老婆 对了 我现在就去接你和宝宝
老婆 对了 我现在就去接你和宝宝,我们也该收拾回去的东西了
我们也该收拾回去的东西了,你跟那个明玉一下
你跟那个明玉一下,我知道了
我知道了,挂了啊
可以听我解释吗,你还有什么好解释的
你还有什么好解释的,你刚说了什么
你刚说了什么,你自己心里不清楚啊
你自己心里不清楚啊,我真是没想到啊 我上次怎么跟你说的
我真是没想到啊 我上次怎么跟你说的,你居然还敢贼心不死
你居然还敢贼心不死,还要去挪用房款来投资
他也没把钱给我,你怎么还有脸去问哪
你怎么还有脸去问哪,刚才大哥说了什么话
刚才大哥说了什么话,现在在大哥眼里 我们俩成了什么人
现在在大哥眼里 我们俩成了什么人,你不要脸 我还要脸哪
肯定是苏明玉那王八蛋又跟大哥说什么坏话了,你自己没有做错在先
你自己没有做错在先,人家有理由告你黑状啊
人家有理由告你黑状啊,我是不是早跟你说过
我是不是早跟你说过,让你去跟大哥解释清楚了
让你去跟大哥解释清楚了,你为什么不去
这是,是
是,人家都有缺陷
人家都有缺陷,人家都有问题
人家都有问题,就你没问题
就你没问题,我发现我跟你这种人啊 真的说什么都没用
我发现我跟你这种人啊 真的说什么都没用,你听不明白
你听不明白,我今儿不想跟你吵架
我今儿不想跟你吵架,你给我出去
行,你那么着急找我干嘛
给王媛买礼物,早干吗去了
早干吗去了,他的生日礼物我早就买好了
我说的是升职礼物,王媛升了
你说你现在脑子里除了结婚还有别的事吗,噔噔瞪 两张飞巴黎的机票
噔噔瞪 两张飞巴黎的机票,后天就走
真结呀,当然了
当然了,我理想中的婚礼就是这样的
我理想中的婚礼就是这样的,两家人在一起简简单单吃个饭
两家人在一起简简单单吃个饭,把办酒席的钱拿出来去国外旅行
还旅行结婚 傻到国外去了,去国外结婚怎么了
去国外结婚怎么了,我当初还想去国外教堂
非得昭告天下路人皆知,韩文静你话别说的太早
韩文静你话别说的太早,你早晚也得有这么一天
为什么连个像样的戒指都没有,樊斌本来说要买
樊斌本来说要买,可我觉得一个石头那么多钱
可我觉得一个石头那么多钱,我觉得太不值了
我觉得太不值了,后来我就用买戒指的钱
后来我就用买戒指的钱,订了巴黎最好的酒店
要不然我建议你去看精神科你 傻瓜,小姐 这款拿出来我看看
我拿出来给你看看,行 就这条
行 就这条,麻烦你给包起来
您太太可真幸福,怎么了
春心荡漾的,王媛怎么下来了
你告诉她了,我怎么会告他
我怎么会告他,不是说给他个惊喜吗
你等会儿别激动,生日快乐
生日快乐,每年都有礼物
每年都有礼物,真幸福
真幸福,恭喜你升职
恭喜你升职,还没宣布
还没宣布,宣不宣布不就是个形式吗
宣不宣布不就是个形式吗,你要是我老板该多好
你要是我老板该多好,努力总会有回报
努力总会有回报,接下来好好干
接下来好好干,那我先走了
那我先走了,晚上一起吃饭
晚上一起吃饭,还有我两个好朋友
还有我两个好朋友,今天吗 好吧
今天吗 好吧,我尽量
我尽量,我给你电话
我给你电话,好
好,我先走了
我先走了,电话联系
又没吃饭呢,还没呢
男朋友送的,女朋友送的
你说彭永辉今天晚上会来吗,说不好
有什么好尽量的,看你刚刚那样
看你刚刚那样,今晚卢川也不来了吧
你少给我提他,不都说好了吗
不都说好了吗,今天晚上带过来见见
今天晚上带过来见见,又抽什么风吵什么
要我抱着他大腿说 求你别离开我 可能吗,说实话
说实话,你们俩到底谁先提的分手
当然是我甩的他了,韩文静 我真是挺可怜你的
韩文静 我真是挺可怜你的,我以为你这回时间能长点
我以为你这回时间能长点,还是没超过一个月
什么机会都没有了,我看你就是嘴硬
我看你就是嘴硬,我看你挺喜欢卢川的
拜拜,他就是传说中80D，老抢你男朋友
他临走的时候拍拍我 什么意思,估计觉得你可怜 没那么大岁数还没嫁出去
我靠 随大流随了那么多年 还随出优越感来,你俩斗这么多年还没斗够
跟他斗 是一个量级嘛,你是不是看人拖家带口的
你是不是看人拖家带口的,你特别羡慕
看来这事儿得列到日程上了,你不结婚生什么小孩
今年我就生个给你看看,别胡说八道
别胡说八道,我以后就不打算要小孩
我以后就不打算要小孩,我得丁克
丁克你结哪门子婚呀,我爸我妈老催我
我爸我妈老催我,再说我跟樊斌在一起那么多年了
再说我跟樊斌在一起那么多年了,不结不太合适
尤其是老公 不生孩子还结婚纯属自找麻烦,又没让你麻烦
又没让你麻烦,没让你结
没让你结,你快点吃
你快点吃,待会去我家帮我看看婚礼礼服
这事我得好好帮你看看,总算你有点良心
得穿得好一点冲冲喜,吃不着葡萄说葡萄酸
吃不着葡萄说葡萄酸,你怎么让他走了
现在可好 傻了,你说怎么办
比这强多了,我就要这家酒店
那就换个房间,我就要这个房间
你怎么的呀,我就要这家酒店的房间
为什么,我跟樊斌在一起7年了
我跟樊斌在一起7年了,每年的纪念日都是在这过的
纪念什么呀,你别管
你别管,反正我不管
反正我不管,我提前一个月就订好的酒店
我提前一个月就订好的酒店,凭什么告诉我没房了
凭什么告诉我没房了,他们酒店总得注重信誉
我去帮你搞定,晚上吃什么
你是不是有毛病,对不起 我从现在开始我都听你的
对不起 我从现在开始我都听你的,你说我去哪结我就去哪结
你说我去哪结我就去哪结,你说在哪就在那
必须在这给我结,我错了
我错了,你原谅我这一次 你多会找 你找的地儿肯定比这好
你原谅我这一次 你多会找 你找的地儿肯定比这好,你说你是谁
你说你是谁,你是名媛韩呀
你给我一刀,你怎么来了
都快10点了,我昨天晚上一晚上都没睡
赶紧起来 走了,去哪儿
你都馊了,王媛
王媛,我想跟你说件事
我想跟你说件事,我也有事想跟你说
我也有事想跟你说,那你先说
那你先说,我辞职了
我辞职了,辞职 不是升
辞职 不是升,这事儿千万不能让文静知道
这事儿千万不能让文静知道,不然又不知道整出什么幺蛾子
不然又不知道整出什么幺蛾子,不是 怎么回事
不是 怎么回事,空降了一个人才
空降了一个人才,老板的小舅子 刚刚留学回来的
老板的小舅子 刚刚留学回来的,你打算怎么办
你打算怎么办,最近要不然先休息着
最近要不然先休息着,我哪有这心思
我哪有这心思,我接着找工作
我接着找工作,换一家从头干起
换一家从头干起,没事
没事,车到山前必有路
车到山前必有路,待会咱们三个想想办法
待会咱们三个想想办法,甜甜呢
睡了,早点休息吧
我看电视了,全中国的人
全中国的人,全中国的人估计都看到了
真惬意,你还好意思说
记者怎么一开始说是你女朋友过生日,你问我
你问我,我还想问你呢
早晚有一天我会把这事弄明白的,周芳 不就是一条项链吗
周芳 不就是一条项链吗,弄成现在这个样子你很开心吗
弄成现在这个样子你很开心吗,老婆 咱俩好好谈谈好吗
谈什么你想干什么,你看看你
你看看你,为什么总是这个样子
为什么总是这个样子,咱们俩是夫妻 两口子
咱们俩是夫妻 两口子,我们之间需要必要的沟通和交流
我们之间需要必要的沟通和交流,为什么总是要吵架呢
为什么总是要吵架呢,说真的 最近我总是想起以前我们一起租住在十几平米的小平房里的日子
说真的 最近我总是想起以前我们一起租住在十几平米的小平房里的日子,那个时候多开心
那个时候多开心,咱俩一下班什么事都不干
咱俩一下班什么事都不干,第一时间都是回到家里
第一时间都是回到家里,一起买菜
一起买菜,一起做饭
一起做饭,一起刷碗
一起刷碗,那个时候我们过得多幸福
那个时候我们过得多幸福,你看看现在
你看看现在,我们什么都不缺
我们什么都不缺,大房子
大房子,我们还有宝贝女儿
我们还有宝贝女儿,但是我们之间像原来那样子的 相濡以沫的夫妻感觉 反而倒越来越少了
但是我们之间像原来那样子的 相濡以沫的夫妻感觉 反而倒越来越少了,你有没有想过这是为什么
我心里就特难受,找到病根了
你说我该怎么办,这很好办
这很好办,你看你现在也不用工作是吧
你看你现在也不用工作是吧,每天在家里你可以看看书
每天在家里你可以看看书,听听音乐
听听音乐,学插花
学插花,或者报个书法班学学画画
或者报个书法班学学画画,既可以打发时间
既可以打发时间,也可以陶冶情操
也可以陶冶情操,还能提高自己的个人修养
还能提高自己的个人修养,这不好吗
是不是,不可理喻
不可理喻,还好你刚刚出现了
还好你刚刚出现了,那场面真让人尴尬
那场面真让人尴尬,我都不知道该怎么办
我都不知道该怎么办,你提前来也不说一声
你提前来也不说一声,我接你
我接你,昨天是我跟樊斌结婚的日子
昨天是我跟樊斌结婚的日子,我知道
我知道,那你也知道我为什么来了吧
那你也知道我为什么来了吧,昨天一切还好
昨天一切还好,你觉得还能顺利吗
你觉得还能顺利吗,你们单位最近体检了
你们单位最近体检了,体检了
体检了,你身体怎么样
你身体怎么样,特别好
特别好,我身体好着
我身体好着,身体要坏了还能治
身体要坏了还能治,心眼要坏了
心眼要坏了,那可就不好治了
那可就不好治了,小北 你这说话夹枪带棒的
小北 你这说话夹枪带棒的,喝吧
喝吧,一个说休假了
一个说休假了,一个说出差了
一个说出差了,还有一个说快死了
还有一个说快死了,你说我该信谁
你说我该信谁,谁快死了
谁快死了,樊斌 你跟他一块体检的你能不知道
樊斌 你跟他一块体检的你能不知道,怎么 不好意思开口
怎么 不好意思开口,小北
小北,我跟樊斌是朋友
我跟樊斌是朋友,我跟你也是朋友
我跟你也是朋友,然后呢
然后呢,我要知道他在哪
我要知道他在哪,我一定告诉你
我一定告诉你,这么说你不知道
这么说你不知道,我真不知道
我真不知道,你能拿到他的体检报告吗
你能拿到他的体检报告吗,拿不到 拿不到
拿不到 拿不到,是拿不到还是不想拿
是拿不到还是不想拿,他早晚会回来的
他早晚会回来的,你
你,行
行,我就在这等他
我就在这等他,你也跟我一块等
你也跟我一块等,周小北
周小北,你是望夫石
你是望夫石,还让我跟你一块等 我一会还上班
还让我跟你一块等 我一会还上班,你听我的
你听我的,你回去把自己的日子过好了
你回去把自己的日子过好了,把自己收拾好了
把自己收拾好了,比什么都强
比什么都强,我不用收拾
我不用收拾,我挺好的
我挺好的,你还跟以前一样
你还跟以前一样,你为什么不听劝
你为什么不听劝,那也得分什么事儿
那也得分什么事儿,你不相信我是吗
你不相信我是吗,行
行,他跟谁一块出的差
他跟谁一块出的差,你把他电话给我
你把他电话给我,干嘛呀
干嘛呀,我真不知道他和谁出的差
我真不知道他和谁出的差,你们公司保密局 他跟谁一块出差不知道
你们公司保密局 他跟谁一块出差不知道,周小北你要相信我
周小北你要相信我,我真不知道他和谁出的差
我真不知道他和谁出的差,李理
李理,我一直把你当好朋友
我一直把你当好朋友,现在连你都不跟我说实话
现在连你都不跟我说实话,我现在觉得自己真傻
我现在觉得自己真傻,所有人都知道
所有人都知道,就我不知道
就我不知道,小北
小北,我就说一句话
我就说一句话,水至清则无鱼
水至清则无鱼,这世界上不靠谱的事多了去了
这世界上不靠谱的事多了去了,你能每件事情都弄得很清楚吗
你能每件事情都弄得很清楚吗,你就回去把自己的日子过好了不就得了吗
你就回去把自己的日子过好了不就得了吗,你这么说我还不同意了
你这么说我还不同意了,别人心里想什么我可以弄不明白
别人心里想什么我可以弄不明白,明白
明白,但这个人是
但这个人是,死是活我得知道吧
死是活我得知道吧,要不然这在医学上叫医学事故
要不然这在医学上叫医学事故,在法律上叫悬疑案件
在法律上叫悬疑案件,李理
李理,要你女朋友跟别人跑了
要你女朋友跟别人跑了,你能当他死了吗
你能当他死了吗,周小北 我再说最后一句
周小北 我再说最后一句,你记住了
你记住了,与其两个人都痛苦
与其两个人都痛苦,你不如让对方痛苦
你不如让对方痛苦,喂 妈
喂 妈,干啥子 出啥子事情了
干啥子 出啥子事情了,妈 你不要哭
妈 你不要哭,你慢慢说
后来警察把他抓了,王义呢
王义呢,他有没得事
媛媛哪 妈现在就指望你了,妈 那个 人没得事就好
妈 那个 人没得事就好,那个人啥子情况
人家家长喊我赶快把钱拿过去,他要好多钱吗
我哪里拿得出来,妈你不要着急
妈你不要着急,钱的事情我来想办法
钱的事情我来想办法,你千万不要着急
你千万不要着急,你一着急
你一着急,你血压就高了
你血压就高了,王义不会有事的
王义不会有事的,咱们把钱给他
咱们把钱给他,咱们私了就可以了
我最爱你了么么哒,怎么了
怎么了,没事
没事,我弟弟又在外面惹事了
我弟弟又在外面惹事了,我妈跟我抱怨几句
我妈跟我抱怨几句,是不是又跟你要钱了
是不是又跟你要钱了,你别管
你别管,我这有钱
我这有钱,我妈留给我结婚用的
我妈留给我结婚用的,我给你拿去
我给你拿去,我用不着 你自己的事情都乱七八糟的
我用不着 你自己的事情都乱七八糟的,别管我的事了
别管我的事了,我那还有钱
我那还有钱,回家了
回家了,别胡思乱想
别胡思乱想,放心
放心,我可不会干那些轻者痛仇者快的事
我可不会干那些轻者痛仇者快的事,那就好
那就好,吃饭啊
吃饭啊,他辞职了
他辞职了,升职的事没成
升职的事没成,难怪他给我打电话说他心情不太好
难怪他给我打电话说他心情不太好,他最近是挺失落的
他最近是挺失落的,这样
这样,我今天
我今天,我找他聊聊去
我找他聊聊去,你今天还是别去找他了
你今天还是别去找他了,让他冷静一下
让他冷静一下,其实我今天来找你是有别的事
其实我今天来找你是有别的事,你说
你说,小北
小北,我知道你是王媛最好的朋友
我知道你是王媛最好的朋友,你是王媛的朋友
你是王媛的朋友,就是我的朋友
就是我的朋友,尽管说不管什么事情
尽管说不管什么事情,只要我能做到的
只要我能做到的,我一定尽力
我一定尽力,王媛他弟弟好像在老家出事了
王媛他弟弟好像在老家出事了,他现在挺需要钱
他现在挺需要钱,王媛家的生活情况我比较了解
王媛家的生活情况我比较了解,我以前想过在经济上资助他
我以前想过在经济上资助他,但是王媛挺倔
但是王媛挺倔,我只要一跟他提钱
我只要一跟他提钱,他就跟我急
他就跟我急,我知道
我知道,他上大学你给他垫的学费
他上大学你给他垫的学费,他到现在还有压力
他到现在还有压力,听说他每个月都会拿一部分钱存到一张卡上
听说他每个月都会拿一部分钱存到一张卡上,准备攒够一块还你
准备攒够一块还你,我们都说要借他 他都不要
我们都说要借他 他都不要,更别说你了
更别说你了,你说怎么办
你说怎么办,王媛现在 正在着急找工作
王媛现在 正在着急找工作,这个事情我以前考虑过
这个事情我以前考虑过,我也跟他提过
我也跟他提过,我希望他大学毕业之后来我公司工作
我希望他大学毕业之后来我公司工作,我的公司缺人
我的公司缺人,而且王媛工作能力强
而且王媛工作能力强,办事很认真
办事很认真,但我跟他提了好多次
但我跟他提了好多次,也都被他拒绝了
也都被他拒绝了,是 我就是因为知道这件事我才来找你的
是 我就是因为知道这件事我才来找你的,王媛现在工作丢了
王媛现在工作丢了,家里又需要钱
家里又需要钱,没准现在你跟他提他会答应
没准现在你跟他提他会答应,我试试看
我试试看,希望她能同意
希望她能同意,王媛这个人就是太要强了
王媛这个人就是太要强了,前年有一次他生病去医院检查
前年有一次他生病去医院检查,说要做一个小手术
说要做一个小手术,他当时手里没钱
他当时手里没钱,他都没告诉我们
他都没告诉我们,自己去外面找了一份兼职
自己去外面找了一份兼职,给一个初中生当家教
给一个初中生当家教,一个月下来挣了2000多块钱
一个月下来挣了2000多块钱,去医院自己把手术给做了
去医院自己把手术给做了,小北
小北,谢谢你
谢谢你,这些事情如果你不提
这些事情如果你不提,我压根就不知道
我压根就不知道,按理说
按理说,我不应该插进你们俩的事
我不应该插进你们俩的事,可是有时候我看他那么要强
可是有时候我看他那么要强,我都替他着急
我都替他着急,在这个城市
在这个城市,除了我跟文静
除了我跟文静,他最信任的人就是你 你也算他最亲的人了
他最信任的人就是你 你也算他最亲的人了,小北 你放心
小北 你放心,我会尽力帮助他
我会尽力帮助他,还有今天我来找你的事儿
还有今天我来找你的事儿,你千万别告诉他
你千万别告诉他,要不然他会生气
要不然他会生气,我知道
我知道,我不会告诉他的
我不会告诉他的,妈
那事情办的怎么样,我现在确实没那么多现金
我现在确实没那么多现金,我再想想办法
我再想想办法,争取早点把钱发给你
你弟弟就少受一点苦,你不要太操心了
你不要太操心了,注意身体
你在哪里 怎么那么吵,我在路边等人呢
我就挂了,怎么 心情不太好
怎么 心情不太好,你不是说有事找我吗
你不是说有事找我吗,说呀
说呀,还是以前我们提过的事情
还是以前我们提过的事情,我想让你来我的公司帮我的忙
我想让你来我的公司帮我的忙,小北找过你吧
小北找过你吧,没有
没有,是我的一个朋友说的
是我的一个朋友说的,大家都离得很近
大家都离得很近,职场上有什么消息
职场上有什么消息,就会传开的
就会传开的,我知道你在原来的公司
我知道你在原来的公司,干的很不开心
干的很不开心,我辞职了
我辞职了,我最近也是公司里头一团糟
我最近也是公司里头一团糟,怎么了
怎么了,跑了很多大客户
跑了很多大客户,跑单
跑单,怎么会跑单呢
怎么会跑单呢,你们没有引进 c r m系统吗
你们没有引进 c r m系统吗,Customer relationship management简称CRM就是一种客户关系的维护系统
Customer relationship management简称CRM就是一种客户关系的维护系统,我不知道 我这几年 充电严重不够
我不知道 我这几年 充电严重不够,知识结构都很落伍
知识结构都很落伍,王媛 来我的公司帮我 顺便把我的公司的管理系统做下改革
王媛 来我的公司帮我 顺便把我的公司的管理系统做下改革,真的希望我去你公司吗
真的希望我去你公司吗,当然了
当然了,你人这么好
你人这么好,工作态度认真
工作态度认真,能力又强
能力又强,像这样的人才我上哪去找
像这样的人才我上哪去找,好
好,你不用着急做决定
你不用着急做决定,先考虑考虑
先考虑考虑,还有一件事情我必须得跟你说
还有一件事情我必须得跟你说,但是你不能生气
但是你不能生气,你说
你说,那天你们公司
那天你们公司,火锅和足疗的事件
火锅和足疗的事件,是文静和小北他们俩搞的鬼
是文静和小北他们俩搞的鬼,别生他们的气
别生他们的气,如果给你造成什么麻烦
如果给你造成什么麻烦,我替他们向你赔礼道歉
我替他们向你赔礼道歉,不用 你转告他们俩
不用 你转告他们俩,我想请他两吃饭
我想请他两吃饭,真的 你不知道 就从那天以后 我的公司变了
真的 你不知道 就从那天以后 我的公司变了,公司上下空前团结
公司上下空前团结,干劲十足
干劲十足,以前员工上班每个人都愁眉苦脸的
以前员工上班每个人都愁眉苦脸的,就从那天之后都变了
就从那天之后都变了,每个人上班都是眉开眼笑
每个人上班都是眉开眼笑,替我转达他们俩
替我转达他们俩,说真心诚意的想聘请他们俩作为我们公司的高级顾问
说真心诚意的想聘请他们俩作为我们公司的高级顾问,你干脆把他们俩弄你公司得了
你干脆把他们俩弄你公司得了,肯定比我干得好
肯定比我干得好,不行
不行,那样的话 我的公司会变成足疗城火锅城
那样的话 我的公司会变成足疗城火锅城,吃啊
吃啊,最近家里还挺好的
最近家里还挺好的,王媛
王媛,我希望你什么事情都不要瞒着我
我希望你什么事情都不要瞒着我,好吗
好吗,没什么
没什么,我比你大
我比你大,我是你的哥哥
我是你的哥哥,我有责任帮你分担一切
我有责任帮你分担一切,我答应你
我答应你,答应我什么
答应我什么,去你公司啊
去你公司啊,真的
真的,这次怎么这么痛快就答应了
这次怎么这么痛快就答应了,以前我请过你很多次
以前我请过你很多次,你都下不了决心的
你都下不了决心的,突然之间想开了
突然之间想开了,庆祝一下
庆祝一下,我明天就到公司报到
我明天就到公司报到,王媛
王媛,不用这么着急
不用这么着急,你好几年没有休年假了
你好几年没有休年假了,休息几天
休息几天,不用
不用,明天是周一
明天是周一,我正好可以去熟悉一下环境
我正好可以去熟悉一下环境,好吧
好吧,随你了
随你了,我先回去了
我先回去了,等一下 这个给你
等一下 这个给你,什么
什么,你这是干什么
你这是干什么,拿着
拿着,我不能随便拿你的钱
我不能随便拿你的钱,这个钱不算我借给你的
这个钱不算我借给你的,也不是我给你的
也不是我给你的,就算是你提前从我公司预支的工资
就算是你提前从我公司预支的工资,先拿回家应急用
先拿回家应急用,你怎么知道我家里
你怎么知道我家里,我可是个消息灵通人士 你记着
我可是个消息灵通人士 你记着,凡是钱能解决的问题都不是什么大问题
凡是钱能解决的问题都不是什么大问题,谢谢
谢谢,别客气
别客气,早点回家休息
早点回家休息,我会好好干的
我会好好干的,开车小心
开车小心,好了
好了,拜拜
还有啥想的,文静
文静,你这寻人启事是你的
你这寻人启事是你的,你登的吗
我是不是很厉害,小北知道这事吗
我又不找他,不是
不是,这谁你出的馊主意
不这样怎么能又快又好,你可真是想起一出是一出
一会儿 我接电话接的手都酸了,你就胡闹吧你
你就胡闹吧你,你这纯属于是钱多了烧的
还不都为了周小北,你这不是帮倒忙吗
我有电话进来了,妈
妈,我把钱给你打过去了
我把钱给你打过去了,你查一下
你没得存款的,我没得那么多钱 你晓得的
我没得那么多钱 你晓得的,我每个月就是那么多的工资
我每个月就是那么多的工资,我还要交房租、水电费、管理费
我还要交房租、水电费、管理费,这都去了一大半
这都去了一大半,我总得吃饭
我总得吃饭,我总要有一定的社会交往 身边的人满月 生娃 再说
我总要有一定的社会交往 身边的人满月 生娃 再说,我当年上学的时候
我当年上学的时候,还欠了人家好多钱
你弟弟的伤也不用治了,你这招真够贱
我接电话接的手都酸了,活该
活该,谁让你说重金悬赏
谁让你说重金悬赏,那么大一个版面 你花了
那么大一个版面 你花了,多少钱
不征婚,怎么了
能不能行,你下次应该换张难看点的照片
明天我就该换号码了,都是你自找的
都是你自找的,你登报纸的时候
你登报纸的时候,报纸的时候 为什么不跟我商量一下
你请我吃饭,凭什么
没想到看的人还那么多,没胃口
没胃口,给你吃
给你吃,干吗
孩子他爹,你有孩子了
没有才要征啊,你又想干吗
然后看当单亲妈妈是什么感觉,你认真的
可是没有合适的人选,我倒是有一主意
你说,你不是擅长发小广告吗
你不是擅长发小广告吗,你就把自己照片印在传单上
你就把自己照片印在传单上,满大街散去
满大街散去,上面就写上一行字
上面就写上一行字,香港富家女 体貌端正
香港富家女 体貌端正,风韵犹存
风韵犹存,苦于丈夫无法生育
苦于丈夫无法生育,现重金聘请青年男子代替 非诚勿扰
现重金聘请青年男子代替 非诚勿扰,再加一标题
再加一标题,借种
发小传单的事你都知道了,天网恢恢疏
天网恢恢疏,疏而不漏
知道就知道呗我身正不怕影子斜,你家里不是给你介绍好几个了吗
你家里不是给你介绍好几个了吗,你去见见
倒是接电话 干嘛不接 女的吧,周芳
周芳,你别成天疑神疑鬼的好吗
你别成天疑神疑鬼的好吗,一有女的给我打电话
一有女的给我打电话,发短信 就神经兮兮刨根问底的
发短信 就神经兮兮刨根问底的,这样干有意思吗
这样干有意思吗,周芳 你能不能正常点
周芳 你能不能正常点,别把自己整的跟泼妇一样
别把自己整的跟泼妇一样,好不好
你把电话给我,你想打电话是吗
你想打电话是吗,给 你打
给 你打,你打
你打,你打
你打,你打
你打,樊斌
樊斌,你现在这样去演癌症病人连妆都不用化
这到底什么意思,我给你解释
我给你解释,我还没问你
我还没问你,你先来问我
换成是你什么感受,这巴掌就是替你爸你妈打
这巴掌就是替你爸你妈打,这巴掌是替
这巴掌是替,我爸我妈打的
我爸我妈打的,就凭一条莫名其妙短信就消失了
就凭一条莫名其妙短信就消失了,是死是活都不知道
是死是活都不知道,你知道你爸你妈准备了多长时间
你知道你爸你妈准备了多长时间,为办这婚宴
为办这婚宴,你考虑过你爸你妈吗
你考虑过你爸你妈吗,你考虑过我爸爸妈妈 你考虑过我吗
你考虑过我爸爸妈妈 你考虑过我吗,还有脸笑
改打了,说 体检的事儿 得的什么病
医院误诊,走
去哪儿,去医院
去医院干什么呀,问问他们怎么检查的
问问他们怎么检查的,差点把你弄自杀了
差点把你弄自杀了,这么草菅人命合适吗
这不是回来了吗,不敢去是吧
你觉得去有意义吗,你告诉我什么才叫有意义
你让我说什么,这就是你的回答
可你不能拿登报这种方式来报复我,我报复你
我报复你,樊斌
樊斌,我们俩在一起多少年了
我们俩在一起多少年了,就算你得了绝症
就算你得了绝症,我都无权知道你死活是吧
我都无权知道你死活是吧,我在你心里算什么
我在你心里算什么,我还算你女朋友
我还算你女朋友,你在乎过
你在乎过,在乎过我的感受吗
是你不在乎我,你为什么不想跟我结婚
我什么时候说过我不想跟你结婚了,这么说你想
当然,樊斌你敢证明吗
我敢,你找我
你找我,坐
坐,怎么样
怎么样,挺好的
挺好的,我正在抓紧一切时间看资料
我正在抓紧一切时间看资料,争取早点开始工作
争取早点开始工作,慢慢来
慢慢来,别着急
别着急,下周艾瑞公司的提案交给我来做
下周艾瑞公司的提案交给我来做,这个客户很难缠
这个客户很难缠,这也是我们公司最后一次机会
这也是我们公司最后一次机会,你刚来对工作还不熟悉
你刚来对工作还不熟悉,时间恐怕有点紧
时间恐怕有点紧,我有信心
我有信心,回去认真研究一下
回去认真研究一下,王媛
王媛,家里怎么样
家里怎么样,有什么困难尽管跟我提
有什么困难尽管跟我提,中午一起吃饭
中午一起吃饭,不了
不了,我中午还要出去办点事
我中午还要出去办点事,我们现在是同事关系
我们现在是同事关系,还是少接触比较好
还是少接触比较好,好吧
好吧,我先出去了
我恨你,醒醒吧
醒醒吧,你
你,你怎么
你怎么,怎么回事
怎么回事,电话怎么关机了呢
找我什么事了,樊斌回来了
病了吗,没病
走,去哪
我会会他去,你干什么去
解释不清楚我就打 打到有病为止,打什么打
打什么打,我来就是要告诉你
我来就是要告诉你,周小北同志
周小北同志,跟樊斌结婚了
结婚了,刚才打电话说证都领了
领证了,他自己都迷迷糊糊的 说什么吵着吵着就领了证了
他怎么还吵结婚了,他说 他真的是没说太清楚
他说 他真的是没说太清楚,但是 我觉得是他自己都搞不明白
但是 我觉得是他自己都搞不明白,一时糊涂 冲动
一时糊涂 冲动,冲动
不行我要去找他,你找什么找啊 都已经结了婚了
你找什么找啊 都已经结了婚了,你过后再说不行吗
这么大的事 过后说你觉得来得及吗,你去找他有用吗
你去找他有用吗,你比法律还有用
停车,韩文静吧
你怎么胖成这样了,伙食太好了
太可怕了,我在这等朋友的 谁知道你开门你就上来了
谁还没个朋友等,咱两多少年没见了
太巧了,太巧了
太巧了,你这个
你这个,现在行啊
牙套早摘了,真是女大十八变越好看
我一直就很好看好吗,你去哪我送你去
你去哪我送你去,对不起接个电话
对不起接个电话,对不起
对不起,我在开会
我在开会,怎么着去哪吧
怎么着去哪吧,我在开会 不懂事
手机怎么扔了,坏了
坏了,去哪我送你
去哪我送你,怕男朋友不高兴啊
谁有男朋友啊 吹了,这么漂亮的美女还 还有空窗期啊
怎么着你想补上啊,好啊
我再也不会上你的当了,谁能承想你长成这样
谁能承想你长成这样,早知道你长这么漂亮
早知道你长这么漂亮,我再也不敢骗你了
少给我这一套,怎么着 去哪
太讨厌了,跟我们家一样
走,好吧
好吧,今天陪我见了一天的客户累了吧
今天陪我见了一天的客户累了吧,我不累
我不累,你赶紧回去
你赶紧回去,我等你上去我就走
我等你上去我就走,以后你不要经常送我回来了
以后你不要经常送我回来了,万一让同事看见会误会的
万一让同事看见会误会的,别这么敏感好吗
别这么敏感好吗,放轻松一点
放轻松一点,不要给自己那么大压力
不要给自己那么大压力,我知道了
我知道了,开车小心点
开车小心点,再见
去哪了,跟朋友喝了点酒聊聊天
跟朋友喝了点酒聊聊天,对
你刚才给我打电话不是说是跟客户吗,其实我的朋友也是我的客户
其实我的朋友也是我的客户,甜甜呢
做作业呢,我困了 先睡了
你到底想先听哪个,随便 你按顺序来
结果公司不放人,这有什么可过瘾的
我们俩都不干了,你们领导同意了
这一次李理还挺够意思的,对 李理是挺够意思的
我先去忙去了,来 文静 坐这
来 文静 坐这,你干嘛去
我们就是普通朋友,你怎么了这是
刚才为什么不跟人介绍我是你的女神 女朋友,女朋友
听力障碍啊 女朋友,你答应做我女朋友了
滚犊子,那你生什么气啊
我刚才可是搀着你,你搀着我进来怎么了
你搀着我进来怎么了,搀着我进来不代表你就是我女朋友
搀着我进来不代表你就是我女朋友,再说你还没答应我
谁说我没答应你,答应我了
我面子往哪搁,别生气了
别生气了,我错了
我错了,我是这么想的
我是这么想的,我是不会逼你的
我是不会逼你的,我愿意等你
我愿意等你,直到你心甘情愿愿意做我女朋友那天为止好吗
那咱说好了 我要考察你一段时间,没问题呀
没问题呀,我保证以良好的态度接受组织的考察
我们就是好朋友了,而且还是亲密无间的好朋友
嘿好朋友,怎么着朋友
你帮我一个忙嘛,你说
请问您需要点什么,我什么也不需要
我什么也不需要,我是搞市场调研的
我是搞市场调研的,听说苏菲这个牌子卖的不错
听说苏菲这个牌子卖的不错,我怎么没看见
您是给女朋友买的吧,我不是
我不是,我不是跟你说我是搞市场调研的吗
我不是跟你说我是搞市场调研的吗,苏菲有一个那么长的
这样我给你介绍一款别的,不用了你忙你的
不用了你忙你的,谢谢
谢谢,还在想那个提案
还在想那个提案,下班了
下班了,一起吃点东西
一起吃点东西,不了
不了,我想今天晚上把它改出来
我想今天晚上把它改出来,你在这坐着干嘛
你在这坐着干嘛,监督工作
监督工作,你这样坐在这就跟监考一样
你这样坐在这就跟监考一样,我怎么安心工作
我怎么安心工作,这就对了
这就对了,下班了
下班了,别太辛苦了
别太辛苦了,明天上班接着干
明天上班接着干,不行
不行,我预支了那么多工资
我预支了那么多工资,如果不干出点成绩
如果不干出点成绩,那我成什么了
那我成什么了,别太晚了
别太晚了,开车小心点
开车小心点,拜拜
可是要是爸爸不高兴了怎么办呢,你知道你那天把我一个人扔在那
你知道你那天把我一个人扔在那,我是怎么回来的吗
该,坐
坐,请坐
你这可够乱的 不如你家,想喝点什么姑奶奶
随便,好勒
你跟王媛什么关系,谁叫王媛啊
我的好姐妹 王媛,不认识啊
你看这还写着王媛呢,还真是
还真是,这男的你认识吗
没打过啵都不算熟,要那么说咱俩也不熟
这耳环为什么会在你这儿,那天来两个女的
那天来两个女的,其中一个我认识
其中一个我认识,然后跟她一块来的 怀疑他老公出轨了
然后跟她一块来的 怀疑他老公出轨了,就让我帮忙查一查
就让我帮忙查一查,我哪管得了这事
我哪管得了这事,我说我不管
我说我不管,人把东西放这儿人家跑了
这些是她给你的,怎么了
快点,是这样的啊
是这样的啊,就是说
就是说,这女的过生日
这女的过生日,她想要一条项链
她想要一条项链,结果她老公送给她一支钢笔
结果她老公送给她一支钢笔,她觉得很奇怪
她觉得很奇怪,然后在家里边翻出一张发票来
然后在家里边翻出一张发票来,上面赫然写着 项链
上面赫然写着 项链,最后她在车里边又发现了这只耳环
最后她在车里边又发现了这只耳环,然后那个女的就疯了
然后那个女的就疯了,疯了
疯了,疯疯癫癫
疯疯癫癫,你说什么样的人才会派人去调查自己的丈夫
就别怨狗跟着,现在怎么办
现在怎么办,要不然你去跟刘炎说说让他别查了
你说是吧,怎么办
怎么办,要不然咱给王媛打个电话告诉她
你可别了 她最近烦心事够多的了,要不你顶上吧
什么意思,你代替王媛去见彭永辉老婆
你叫我冒充王媛,对啊 就王媛那样 去了不得让人给欺负死啊
为什么是我去不是你去呢,我长这样也不像威胁别人家庭的呀
我像,不是
你真行 周小北,我是说你年轻貌美
我是说你年轻貌美,我长得其貌不扬的去了也没效果
我长得其貌不扬的去了也没效果,像你这样气场就不一样了
像你这样气场就不一样了,真的
侠胆母狮 我才不怕她呢,你说彭永辉真行啊
你说彭永辉真行啊,找了一福尔摩斯
别跟王媛说,知道了
你们家有兄弟姐妹吗,就我一个
你79年的 那家里人没逼你结婚生孩子,逼啊 天天催
我们家也催,催你相亲吧
但我不想结婚,我也不想结婚
我也不想结婚,最起码我现在不想结
你父母身体怎么样,挺好的
你大爷什么的呢,也挺好的
没有家族病史,你问这干嘛呀
你过来,你干什么
你不脱发吧,你才脱发
是不是烤瓷的,韩文静 你到底要干嘛呀你
韩文静 你到底要干嘛呀你,你是不是要把我给遗体捐献了
你说人活着到底是为了什么,你说的这个问题吧 它 它是个问题
你说的这个问题吧 它 它是个问题,但是人活着
但是人活着,人活着就是活着呗
你有可能成为乔布斯吗,不能
有可能成为爱因斯坦吗,不能
那你活着干嘛,活着挣钱呗
挣好几个亿花完了怎么办,那你说人活着为什么
我跟你说个正经事啊,你说
那个彭永辉他老婆那边怎么样了,你说怎么样就怎么样呗
你就这么答复她,不行不行
不行不行,你这不是骗人吗
不答应咱两绝交,你要干嘛呀你
出了事我兜着,别理她们
别理她们,她们就这样
她们就这样,不好意思 刚才误会了
不好意思 刚才误会了,没事
没事,她们故意逗你的
她们故意逗你的,我都习惯了
我都习惯了,小北她们从小就老欺负我
小北她们从小就老欺负我,我知道
我知道,你跟小北什么时候认识的
你跟小北什么时候认识的,我们是发小 你们呢
我们是发小 你们呢,我们是大学同学
我们是大学同学,我要当初跟你们一个学校该多好
我要当初跟你们一个学校该多好,为什么
为什么,要不点歌吧
要不点歌吧,好
好,吃点东西
吃点东西,东哥快去
东哥快去,别叫东哥 叫胖子就行了
别叫东哥 叫胖子就行了,你什么情况靠不靠谱
你什么情况靠不靠谱,你差点说漏了 你知不知道
你差点说漏了 你知不知道,王媛要追问下去 咱露馅了
走嘴走嘴,事办的怎么样
他就得往那儿发展,你现在就是幕后那只黑手
你现在就是幕后那只黑手,贼黑贼黑
不过好像瞒不住,真瞒不住了
告诉那娘们查着了,电话清单上谁的号码
她还当面谈,不是 不是
不是 不是,你听她那意思
你听她那意思,他到底想不想离婚
我现在就等他给我打电话了,你让刘炎把电话号码给他了
给了,刘炎不是挺不情愿的
刘炎不是挺不情愿的,你怎么让他给的
再不情愿能有我重要吗,那是
那是,你现在准备以身饲虎了
你以为我去给她当出气筒啊,你总得有个立场
你总得有个立场,你不能去找人打一架
说不定王媛还能少奋斗两年了,韩文静
韩文静,我发现你自从认识刘炎以后思维缜密不少
我发现你自从认识刘炎以后思维缜密不少,简直现在就是女版的超人
请把我的红裤衩拿来,行送给你
行送给你,我回来了
今天回来的够早,累得很
累得很,昨天晚上没休息好
回家就喊累,怎么我回来早倒不对了
我们娘俩睡的还安稳些,老婆
老婆,最近是怎么了
最近是怎么了,神经兮兮的
你把这当家还是当旅馆,你是不是快到更年期了
你是不是快到更年期了,怎么现在说话越来越冲
怎么现在说话越来越冲,而且话越来越多
而且话越来越多,我在外面吃饭
我在外面吃饭,那都是跟客户的应酬
那都是跟客户的应酬,这本身就是我工作的一部分
这本身就是我工作的一部分,你说我如果不工作不做事
你说我如果不工作不做事,你们娘俩吃什么喝什么
情人、二奶、小三,无理取闹
无理取闹,怎么了
你猜刚才谁给我打电话,谁 彭永辉他老婆 他说什么了
我接他电话说我的心就快跳出来了,你快说他说什么了
就是说 问我有没有时间约我见面,你现在准备去啊
要不然呢,他打电话来没说什么
他打电话来没说什么,他不是兴师问罪的
哪能啊,我觉得你得慎重 把你平常那套得收一收
我觉得你得慎重 把你平常那套得收一收,人家保卫自己家庭没什么错
人家保卫自己家庭没什么错,你可别再添出什么乱子来
又不是他的错,我就一直
我就一直,一直觉得咱们也不了解这人
一直觉得咱们也不了解这人,他万一是一个侠胆母狮型的 把你约到一个偏僻的地儿
他万一是一个侠胆母狮型的 把你约到一个偏僻的地儿,卸掉一只手 石沉大海
卸掉一只手 石沉大海,这话不投机干脆直接抱着你一块儿同归于尽
不都7天之内无理由退换吗,见完了 赶紧回来找我
杀他个片甲不留,你不吹能死
谁吹了,那后来呢
我现在看他怎么办,韩文静
韩文静,你这怎么不听指挥
你这怎么不听指挥,怎么不按套路出牌
再说你也没有给我什么方向,你背着我把银行卡办
你背着我把银行卡办,为什么不告诉我一声
这要搁你去能像我一样 临危不惧视死如归吗,不能
气势上直接败下阵来,不是 我们得做两手准备
不是 我们得做两手准备,要么给钱了
要么给钱了,要么没给
要么没给,先想想要是没给怎么办
从此以后就不要再找王媛的麻烦,要是给了呢
顺便再劝劝他,像他们这种家庭
像他们这种家庭,这钱也不是天上掉下来的
这钱也不是天上掉下来的,都是自己一手挣出来的
都是自己一手挣出来的,我觉得20万不会一下就拿出来
一会去银行查一下不就知道了吗,最好别给 王媛可不是好劝的主
你觉得王媛做得到吗,她要能做到他能走到今天吗
凭什么不要 我还嫌少,你说王媛是谈钱的主吗
你说王媛是谈钱的主吗,他只谈感情不谈钱
你觉得他能离婚吗,不知道
站住,怎么了
收拾桌子,你又发什么神经
凭什么 我是保姆,你如果不愿意干
你如果不愿意干,我们可以去请个保姆
明儿我就把他送孤儿院去,你有病吧
你有病吧,你才有病
狗屁都不是,你刚说什么呢
你刚说什么呢,什么20万
什么20万,你把谁给打发了
你问王媛去吧,待会咱们一定得面带微笑
待会咱们一定得面带微笑,感情真挚
感情真挚,就问王媛
就问王媛,你说人生在世
你说人生在世,草木一秋
草木一秋,最重要的是什么
你们怎么突然问,然后咱们就接着说 错
然后咱们就接着说 错,感情分很多种
感情分很多种,爱情算个屁
爱情算个屁,告诉你最重要的是亲情、友情和金钱
接下来就好办了,对
对,然后我们俩再兵分两路
然后我们俩再兵分两路,一路就谈感情
一路就谈感情,痛斥彭永辉不是人
痛斥彭永辉不是人,这么多年也没意识到他的一片真情
这么多年也没意识到他的一片真情,青春就在他身上消耗殆尽
青春就在他身上消耗殆尽,不说 还落了个满地伤心
好,别打岔
别打岔,再一路就谈现实
再一路就谈现实,你看现在大环境 经济危机了
你看现在大环境 经济危机了,物价飞涨了
物价飞涨了,到最后理想都得兑换成车子、房子和银子
到最后理想都得兑换成车子、房子和银子,以此来表现金钱在当今社会的重要性
你说这事是办成了还是办z砸了,估计是砸了
估计是砸了,你见过王媛对谁说滚吗
好好跟他谈谈,现在时机还没到
法院都疯了,王媛都
王媛都,没让彭永辉离成婚
没让彭永辉离成婚,你谈就管用
你说王媛怎么这么能忍,这彭永辉还算好的
这彭永辉还算好的,我一哥们前段时间闹离婚闹的心惊胆战的
我一哥们前段时间闹离婚闹的心惊胆战的,每天回家第一件事开门就看见老婆在不在家
每天回家第一件事开门就看见老婆在不在家,要是四处找的还没在
要是四处找的还没在,立马冲到窗口看有没有人跳楼
该,男人都这样
男人都这样,离婚说起来特简单
离婚说起来特简单,做起来比登天还难
做起来比登天还难,再说如果彭永辉要是抛弃他老婆跟王媛好
再说如果彭永辉要是抛弃他老婆跟王媛好,他难保以后不跟别人好
他难保以后不跟别人好,你愿意看着王媛以后变的生活跟福尔摩斯一样
问道于盲,有一次我在一本书上看见一句话
有一次我在一本书上看见一句话,说我有老婆了
说我有老婆了,你还喜欢我 一年两年
你还喜欢我 一年两年,那是作风问题
那是作风问题,3年4年那是道德问题
3年4年那是道德问题,要是10年8年了
要是10年8年了,那就是爱情
那就是爱情,我立马就想到王媛了
继续想办法,今天别喝了等等消息
今天别喝了等等消息,我是来还钱的
我是来还钱的,什么钱
什么钱,这是你昨天说的
这是你昨天说的,你老婆的钱 不过不是给我的
你老婆的钱 不过不是给我的,是给韩文静的
是给韩文静的,请你还给他
请你还给他,我老婆给韩文静钱
我老婆给韩文静钱,什么意思
什么意思,你不知道
你不知道,我不知道
我不知道,回去问你老婆
回去问你老婆,他都清楚
他都清楚,昨天我给你打电话其实
昨天我给你打电话其实,还有这个 这是我上大学的时候
还有这个 这是我上大学的时候,你资助给我的学费
你资助给我的学费,我现在攒够了
我现在攒够了,还给你
还给你,我不欠你了
我不欠你了,谢谢你胖子
谢谢你胖子,千万别谢 再说了
千万别谢 再说了,我也没帮你什么忙
我也没帮你什么忙,你能陪我去帮了挺大的忙了
你能陪我去帮了挺大的忙了,你别这么说
你别这么说,其实我觉得陪着你我也挺开心
其实我觉得陪着你我也挺开心,你说你刚下飞机我就把你拉出来了
你说你刚下飞机我就把你拉出来了,真的不好意思
真的不好意思,坐了两天的飞机累坏了吧
坐了两天的飞机累坏了吧,不累不累
不累不累,我就说你别因为这事生气
我就说你别因为这事生气,气大伤身
气大伤身,万一气坏身体 不值当
万一气坏身体 不值当,你也看到了
你也看到了,这就是我这几年的感情生活
这就是我这几年的感情生活,让你见笑了
让你见笑了,你以后打算怎么办
你以后打算怎么办,能怎么打算
能怎么打算,其实你们在一个公司抬头不见低头见的会不会尴尬
其实你们在一个公司抬头不见低头见的会不会尴尬,我不知道
我不知道,这世上好男人不止彭永辉一个
这世上好男人不止彭永辉一个,我没谈过恋爱
我没谈过恋爱,就只喜欢过这么一个男的
就只喜欢过这么一个男的,而且一直以来 都觉得他对我挺好
而且一直以来 都觉得他对我挺好,能告诉我你跟他怎么认识的
能告诉我你跟他怎么认识的,你真想听
你真想听,彭太太
彭太太,来
混蛋 骗子,你看有话好好说
好好说的了吗,你干什么 彭太太
为什么,什么两个人 我不知道
你,镜头 这镜头
镜头 这镜头,你冷静
冷静得了吗我,彭太太 你
彭太太 你,是打算回去以后跟他离婚吗
我是不会离婚的,我跟他认识其实挺偶然的
我跟他认识其实挺偶然的,那个时候我还在上大学
那个时候我还在上大学,我爸爸在我很小的时候就去世了
我爸爸在我很小的时候就去世了,是我妈一个人拉扯我跟弟弟
是我妈一个人拉扯我跟弟弟,所以家境不好
所以家境不好,但是我不想放弃学业
但是我不想放弃学业,那个时候正好学校搞了一个活动
那个时候正好学校搞了一个活动,一些有钱的企业家来资助一些贫困生
一些有钱的企业家来资助一些贫困生,他就是其中的一个企业家
他就是其中的一个企业家,有一次学校搞了一个类似于歌功颂德的答谢会
有一次学校搞了一个类似于歌功颂德的答谢会,因为是他资助的我
因为是他资助的我,所以就认识了
所以就认识了,那个时候他就开始追求你了
那个时候他就开始追求你了,他经常打电话约我吃饭
他经常打电话约我吃饭,但我总是说学业紧 没有时间 都推掉了
但我总是说学业紧 没有时间 都推掉了,只有一次
只有一次,我跟他喝了杯咖啡
我跟他喝了杯咖啡,在那个过程中我没有跟他说过一句话
在那个过程中我没有跟他说过一句话,直到他把我送回学校的时候
直到他把我送回学校的时候,我才跟他说了一句话
我才跟他说了一句话,再见
再见,你不喜欢他吗
你不喜欢他吗,喜欢
喜欢,从一开始就喜欢了
从一开始就喜欢了,你为什么不表白
你为什么不表白,怎么可能
怎么可能,他有家庭
他有家庭,我从来没想过要得到什么
我从来没想过要得到什么,那其实可以像普通朋友一样交往
那其实可以像普通朋友一样交往,也许是心里觉得自卑
也许是心里觉得自卑,因为拿了他的钱
因为拿了他的钱,我明白
我明白,其实我上大学的时候家里条件也不是特别好
其实我上大学的时候家里条件也不是特别好,后来
后来,两年后我毕业了
两年后我毕业了,分到一家外企
分到一家外企,薪水很高
薪水很高,说到这个我都觉得挺对不起小北跟文静
说到这个我都觉得挺对不起小北跟文静,不是你工资高跟他们俩有什么关系
不是你工资高跟他们俩有什么关系,我的工资
我的工资,工资比他们俩都高
工资比他们俩都高,但是每次出去吃饭我都不买单
但是每次出去吃饭我都不买单,他们俩天天骂我 说我小气 抠
他们俩天天骂我 说我小气 抠,我记得有一次文静过生日
我记得有一次文静过生日,我花了7块钱买了套QQ秀送给他当生日礼物
我花了7块钱买了套QQ秀送给他当生日礼物,他挺生气的
他挺生气的,他一个星期都没理我
他一个星期都没理我,别看
别看,看我在外企工作挺风光的
看我在外企工作挺风光的,但其实回到家以后
但其实回到家以后,我只吃方便面跟咸菜
我只吃方便面跟咸菜,我从来不买衣服
我从来不买衣服,只有三套衣服轮着穿
只有三套衣服轮着穿,其中两套还是小北跟文静送给我的
其中两套还是小北跟文静送给我的,省下来的钱
省下来的钱,我不是寄回家
我不是寄回家,就是存下来
就是存下来,存了不少钱把
存了不少钱把,存了这么多年
存了这么多年,总算存够了
总算存够了,我刚才一起还给他了
我刚才一起还给他了,我现在什么都不欠他
我现在什么都不欠他,你也别太苦了自己
你也别太苦了自己,一眨眼
一眨眼,这么多年就过去了
这么多年就过去了,你知道吗
你知道吗,我那次跟他喝咖啡就是在这
一片狼藉呀,还说呢
还说呢,刚才彭永辉的老婆来了
刚才彭永辉的老婆来了,二话不说把这一通砸
侠胆母狮来了,你以为 你看
你以为 你看,你瞧 都逛荡了
你是不是特后悔帮我,后悔
后悔,不能够 砸坏了再换新的
你看看你的手,文静
文静,流血了
快去洗洗吧,好勒
我的大作家又在搞什么宏伟巨作,你吃饭了吗
没,我也没吃
要不咱们出去吃,算了
算了,领完证咱俩还没回家吃过饭
领完证咱俩还没回家吃过饭,我妈打电话说让我们有空回去吃饭什么
是咱妈,咱妈
老板 舒服吗,不太舒服
那么入迷,围城
围城,城里的人都想出来
城里的人都想出来,城外的人都想进去
你都看了好多遍了,重新温习一下
今天晚上好好庆祝庆祝,王媛最近刚换了新工作
王媛最近刚换了新工作,我估计他没空
咱们俩单独去吃,可以
你想吃什么,吃什么都行
吃什么都行,你定
樊斌回来了,你怎么跟猎犬似的
你怎么跟猎犬似的,你被刘炎同化了
人呢 又跑了,去打包去了
打什么包 在家附近随便吃点就得了,在家附近 我可没那么大胆
在家附近 我可没那么大胆,在家附近吃
在家附近吃,万一你心情不好
万一你心情不好,加上酒精上头 把我们俩事抖搂出去
加上酒精上头 把我们俩事抖搂出去,我以后还用不用在这边混了
你什么都没说,待会你也不许提
快进入无性婚姻阶段了吧,你问我爸我妈
我说你和樊斌,吓死我了
吓死我了,我还说你要真问关于二老这问题
我还说你要真问关于二老这问题,我还真不知道怎么回答你
你们俩现在属于哪一种,斋睡
哈哈,我们俩在一起同居那么多年
我们俩在一起同居那么多年,斋的跟荤的有什么区别吗
你不恶心吗,你管老子
怎么突然一下进入到中老年阶段,你的思维还停留在咱们大学毕业那会儿
你的思维还停留在咱们大学毕业那会儿,现在人90后都出来混了
现在人90后都出来混了,都有人管我叫阿姨了
都有人管我叫阿姨了,我认识了好几个80后离婚都离两次了
我认识了好几个80后离婚都离两次了,起步早的人小孩都上小学了
不爱听,又戳心窝子了
胖子,不可能 你从哪听来的
不可能 你从哪听来的,胖子当天晚上跟我们吃完饭第二天就走了
第二天就回来了,他回来怎么没告诉我呢
他回来怎么没告诉我呢,王媛私底下还跟胖子有联系
遍地是奸情,那胖子知道王媛跟彭永辉的事
所有事都告诉胖子了,一场苦恋又即将开始
那可不一定,胖子这畜生
胖子这畜生,重色轻友这词用在他身上算是应验了
重色轻友这词用在他身上算是应验了,回来都没告诉我
回来都没告诉我,直接去给人当替身去了
直接去给人当替身去了,对了
对了,这事得好好谢谢刘炎
这事得好好谢谢刘炎,改天请他吃饭
我们俩分手了,你还有什么事你能一口气全部告诉我吗
你着什么急,你跟刘炎怎么了
你跟刘炎怎么了,是不是
是不是,他不愿意当你未来孩子的
搞定,搞定
叫死定,刘炎太有才了
刘炎太有才了,搞定
你还笑你气死我了,你怎么起那么早
我给你个惊喜,什么惊喜呀
这是你最爱吃的王记烧卖,咱们家附近开分店了
还是原来那家,不挺远的吗
我去帮你热一下,挺好的
那快吃,我记得上大学那会儿咱们
我记得上大学那会儿咱们,老吃
老吃,后来好久都没吃了
好吃吗,特别好吃
惯着你,是吗
是吗,怎么听着跟阴谋似的
无条件去服从,你瞧你一身臭汗
你瞧你一身臭汗,赶紧洗澡去
赶紧洗澡去,王媛
王媛,我不会批准辞职的
我不会批准辞职的,我用不着你批准
我用不着你批准,我现在自动离职了
我现在自动离职了,昨天的事情 在之前我真的是不知情的
昨天的事情 在之前我真的是不知情的,已经过去了不要再提了
已经过去了不要再提了,总之我希望你能冷静的想一想
总之我希望你能冷静的想一想,真的 昨天的事情是个误会
真的 昨天的事情是个误会,你在电话里问我是不是收了他钱的时候
你在电话里问我是不是收了他钱的时候,你怎么就没有想过这是个误会呢
你怎么就没有想过这是个误会呢,是我错了
是我错了,对不起
对不起,我今天正式向你赔礼道歉
我今天正式向你赔礼道歉,昨天在电话里头
昨天在电话里头,我不应该那么问你
我不应该那么问你,别走
别走,好吗
好吗,我留下来还有什么意思
我留下来还有什么意思,你根本就不相信我
你根本就不相信我,王媛
王媛,你冷静两天
你冷静两天,认真的考虑
认真的考虑,没什么可考虑的
没什么可考虑的,王媛
王媛,我都已经说对不起了
我都已经说对不起了,昨天的事情真的是个误会
昨天的事情真的是个误会,你一直都在说误会误会
你一直都在说误会误会,就算是误会
就算是误会,那是你的误会
那是你的误会,不是我的误会
不是我的误会,我承认我喜欢你
我承认我喜欢你,这么多年我一直都喜欢你
这么多年我一直都喜欢你,那又怎么样
那又怎么样,我从来没想过从你这得到什么
我从来没想过从你这得到什么,更没有想过要破坏你的家庭
更没有想过要破坏你的家庭,懂吗
懂吗,你喜欢我
你喜欢我,对
对,王媛
王媛,从我认识你的第一天起
从我认识你的第一天起,我就把你当做我的妹妹
我就把你当做我的妹妹,真的
真的,你在我的心目中就跟我的亲妹妹是一样一样的
你在我的心目中就跟我的亲妹妹是一样一样的,我知道
我知道,但
但,你刚才说的话 我不知道什么意思
你刚才说的话 我不知道什么意思,我从来没想过让你知道
我从来没想过让你知道,你怎么来了
你怎么来了,你不会不让我进去
你不会不让我进去,就知道你在家 一个人你还
就知道你在家 一个人你还,开火做饭 煲的什么
开火做饭 煲的什么,闻着真香 我来检验一下
闻着真香 我来检验一下,大厨的手艺真贤惠
大厨的手艺真贤惠,不然 你给我做
不然 你给我做,小姐喝茶吗
小姐喝茶吗,我们家没茶
我们家没茶,你还生我气
你还生我气,我生你什么气
我生你什么气,我当天晚上回去就后悔了
我当天晚上回去就后悔了,这事儿我还得感谢你跟文静
这事儿我还得感谢你跟文静,如果不是你们两个
如果不是你们两个,我到现在还傻乎乎的认为自己是无公害食品
我到现在还傻乎乎的认为自己是无公害食品,你本来就无公害绿色的
你本来就无公害绿色的,别安慰我了
别安慰我了,事情都已经闹成这样了
事情都已经闹成这样了,你心里还难受
你心里还难受,我就是生自己的气
我就是生自己的气,还有觉得彭永辉那个老头不够了解我
还有觉得彭永辉那个老头不够了解我,事情已经是这样了
事情已经是这样了,就别想了
就别想了,接下来怎么办
接下来怎么办,还能怎么办
还能怎么办,要么赶紧去死
要么赶紧去死,要么就好好活着
要么就好好活着,文静都告诉我了
文静都告诉我了,你去找过彭永辉了
你去找过彭永辉了,我把钱还给他当面说清楚了
我把钱还给他当面说清楚了,我现在觉得特别轻松
我现在觉得特别轻松,能放下
能放下,以前一直告诉自己喜欢他
以前一直告诉自己喜欢他,只是喜欢他 什么都不要
只是喜欢他 什么都不要,时间长了
时间长了,我都不知道喜欢一个人是什么滋味的
我都不知道喜欢一个人是什么滋味的,就这样由着自己 已经成惯性了
就这样由着自己 已经成惯性了,我看你都快成宗教信仰了
我看你都快成宗教信仰了,心里嘴上不时的提醒自己不图什么
心里嘴上不时的提醒自己不图什么,可是年纪越来越大了
可是年纪越来越大了,越来越希望对方能够回应点什么
越来越希望对方能够回应点什么,我一旦这么想了
我一旦这么想了,就觉得特别对不起自己的良心
就觉得特别对不起自己的良心,我就压使劲往下压
我就压使劲往下压,时间久了
时间久了,觉得很累
觉得很累,特别累
特别累,不是你说 难道彭永辉一点都不知道吗
不是你说 难道彭永辉一点都不知道吗,要么不知道
要么不知道,要么就是不想知道
要么就是不想知道,他要不知道的话他也太迟钝了
他要不知道的话他也太迟钝了,今天不是周末吗
今天不是周末吗,你怎么没跟樊斌在一起
你怎么没跟樊斌在一起,他跟他们分公司的人吃饭去
他跟他们分公司的人吃饭去,他调回来之后是不是好多了
他调回来之后是不是好多了,不太好
不太好,怎么了
怎么了,今天上午他看见那张字条了
今天上午他看见那张字条了,夹在体检表里的那张纸条
夹在体检表里的那张纸条,他什么反应
他什么反应,当时好像挺惊讶的
当时好像挺惊讶的,看完那张纸条再看我
看完那张纸条再看我,跟见了鬼一样
跟见了鬼一样,你们两个当时在一起
你们两个当时在一起,他在找东西不小心抖出来了
他在找东西不小心抖出来了,估计他也不知道
估计他也不知道,然后 然后就闷闷不乐
然后 然后就闷闷不乐,不知道他心里在想什么
不知道他心里在想什么,我估计他之前也不知道这张纸条
我估计他之前也不知道这张纸条,看样子是
看样子是,不过现在他知道
不过现在他知道,那你没跟他聊聊吗
那你没跟他聊聊吗,我跟他说了
我跟他说了,他给岔过去了
他给岔过去了,后来我就没再问了
后来我就没再问了,然后你就装作不知道 你可真行
然后你就装作不知道 你可真行,要换作是我肯定忍不住
要换作是我肯定忍不住,其实我就想看看他会不会主动告诉我
其实我就想看看他会不会主动告诉我,他可能主动告诉你吗
他可能主动告诉你吗,试试
试试,这事要是让韩文静知道
这事要是让韩文静知道,肯定杀到你们家去当面质问樊斌
肯定杀到你们家去当面质问樊斌,你可不能告诉韩文静
你可不能告诉韩文静,那得看你怎么表现了
那得看你怎么表现了,想在这吃晚饭吗
想在这吃晚饭吗,想
想,洗菜去
洗菜去,为什么我洗
为什么我洗,韩文静
韩文静,我洗就我洗 干嘛呀
我洗就我洗 干嘛呀,洗什么
洗什么,番茄、茄子
番茄、茄子,我洗
我洗,你就不是好人
你就不是好人,行吧
行吧,咱两扯平了
咱两扯平了,听说你这次回来就不回去了
听说你这次回来就不回去了,是啊 我刚从上海回来
是啊 我刚从上海回来,不是北京吗
不是北京吗,怎么变上海了
怎么变上海了,我一朋友听说我回国内发展
我一朋友听说我回国内发展,然后在上海给我介绍了一个工作
然后在上海给我介绍了一个工作,我去看了看不太满意
我去看了看不太满意,什么不太满意
什么不太满意,是职务不够高还是工资不高
是职务不够高还是工资不高,不够高
不够高,职务工资其实都不错
职务工资其实都不错,有什么不太满意的
有什么不太满意的,我跟你说上海女孩长得还挺漂亮的
我跟你说上海女孩长得还挺漂亮的,我就是不太适应上海女人
我就是不太适应上海女人,别说 上海那写字楼里
别说 上海那写字楼里,刚一打眼望去挺赏心悦目的
刚一打眼望去挺赏心悦目的,可是看着就不对劲了
可是看着就不对劲了,哪儿不太对劲儿
哪儿不太对劲儿,我也不知道说不出来
我也不知道说不出来,是不是感觉一个个都在那装冷艳
是不是感觉一个个都在那装冷艳,对
对,就是装冷艳
就是装冷艳,这漂亮的也装冷艳
这漂亮的也装冷艳,丑的
丑的,也装冷艳
也装冷艳,有点冷酷了
有点冷酷了,他们为什么跟你装冷艳啊
他们为什么跟你装冷艳啊,我也不知道
我也不知道,我也不想知道
我也不想知道,郑远东
郑远东,死胖子
死胖子,我告诉你鬼迷心窍了
我告诉你鬼迷心窍了,我现在跟你说什么 你都提不起兴趣
我现在跟你说什么 你都提不起兴趣,除了说王媛 你还有点出息没有
除了说王媛 你还有点出息没有,没有
没有,我问你 你一从非洲回来的
我问你 你一从非洲回来的,凭什么让我们都哄着你宠着你笑
凭什么让我们都哄着你宠着你笑,我知道这上海女人为什么装冷艳了
我知道这上海女人为什么装冷艳了,因为他们喜欢外国男人
因为他们喜欢外国男人,我记得我一同事跟我说过
我记得我一同事跟我说过,这上海女人和塔利班男人有一个共同的特点
这上海女人和塔利班男人有一个共同的特点,你知道是什么吗
你知道是什么吗,不知道
不知道,那就是绝不放过美国人
那就是绝不放过美国人,行了你别贫了
行了你别贫了,别的事我不管
别的事我不管,但是你要是想追求王媛
但是你要是想追求王媛,王媛的话
王媛的话,我坚决支持
我坚决支持,点 可贵的点
点 可贵的点,我请
我爸又逼我去相亲,我估计这要搁古代 这韩大员外还不得建个绣楼
我估计这要搁古代 这韩大员外还不得建个绣楼,让你平时就在里面绣花
让你平时就在里面绣花,差不多的时候就出来抛个绣球什么的
谁见着谁挨一顿臭骂,你要搁古代 你要搁谁家 就是谁家
你要搁古代 你要搁谁家 就是谁家,家门不幸
我就冲上去打他一顿,你这身残志坚 真让人感动
完了我喜欢上他了,你这才见人几分钟就喜欢人家
人都说了最不可靠的就是一见钟情,因为你见他第一面的时候不知道他会挣多少钱
你说我要跟他生个小孩是不是挺漂亮的,你疯了 见个男的就想跟人生小孩
你疯了 见个男的就想跟人生小孩,你喜欢他不是因为想跟他生个小孩
你赶紧走吧,我去哪儿啊
你在这我不好意思找他聊天,你不出院了
我待会打石膏去,总得有人照顾你
总得有人照顾你,就像刚刚上厕所
就像刚刚上厕所,你让你男医生陪你去
有的是女护士,站住
站住,我的包还在你病房
我的包还在你病房,干嘛呀
干嘛呀,我知道你恨我 那你也不能挂我电话
我知道你恨我 那你也不能挂我电话,李理 你tmd 高兴了就帮朋友打掩护骗我
李理 你tmd 高兴了就帮朋友打掩护骗我,不高兴打电话来骂我
不高兴打电话来骂我,你有病吧
你有病吧,你怎么在这儿
你怎么在这儿,我家在这
我家在这,你还不让我回来了
你还不让我回来了,干嘛走这条路
干嘛走这条路,周小北
周小北,你还讲不讲理
你还讲不讲理,真是人倒霉
真是人倒霉,喝凉水都塞牙
喝凉水都塞牙,不是 咱们俩别这样
不是 咱们俩别这样,你不觉得咱们俩在马路上生气
你不觉得咱们俩在马路上生气,看起来特暧昧吗
看起来特暧昧吗,你这不知道的人以为咱俩啥关系
你这不知道的人以为咱俩啥关系,你还记恨我
你还记恨我,找我什么事
找我什么事,小北
小北,其实我早就想把你约出来跟你谈谈 樊斌上次的事儿
其实我早就想把你约出来跟你谈谈 樊斌上次的事儿,李理 我明白
李理 我明白,毕竟你是樊斌的兄弟
毕竟你是樊斌的兄弟,不是我的兄弟
不是我的兄弟,我凭什么指望你在关键时候帮我
我凭什么指望你在关键时候帮我,你放心
你放心,我不恨你
我不恨你,真的
真的,真的
真的,我连樊斌都不恨了
我连樊斌都不恨了,怎么可能恨你
怎么可能恨你,那就好
那就好,那这事儿过去了
那这事儿过去了,小北 今天我找你真有急事
小北 今天我找你真有急事,在这个世界上除了你没人能帮我
在这个世界上除了你没人能帮我,你一定要帮我
你一定要帮我,行吗
行吗,求你了
求你了,请我喝咖啡去
请我喝咖啡去,喝走喝
喝走喝,我负责的项目请了合伙人的领导
我负责的项目请了合伙人的领导,他是个法国老头
他是个法国老头,他说来中国考察
他说来中国考察,顺便参加一个酒会
顺便参加一个酒会,为期一个礼拜
为期一个礼拜,坐那儿吧
坐那儿吧,他除了在北京
他除了在北京,还要去周围的几个城市转转
还要去周围的几个城市转转,你们公司事跟我有什么关系
你们公司事跟我有什么关系,得
得,你听我把话说完
你听我把话说完,我们公司之前安排一个翻译
我们公司之前安排一个翻译,结果嫁给一个法国理事跑了
结果嫁给一个法国理事跑了,撂挑子不干了
撂挑子不干了,我们现在急需一个随同翻译
我们现在急需一个随同翻译,所以你就想到我了
所以你就想到我了,我周围所有的朋友就你会法语
我周围所有的朋友就你会法语,你得帮我
你得帮我,傻了吧
傻了吧,现在外国语学院学法语专业的学生一抓一大把
现在外国语学院学法语专业的学生一抓一大把,你去找个学生不就完了吗
你去找个学生不就完了吗,要真那么容易
要真那么容易,我就不请您老出山了
我就不请您老出山了,我之前找过一个学生
我之前找过一个学生,没有工作经验不说
没有工作经验不说,关键时候怯场
关键时候怯场,最重要的是什么
最重要的是什么,行内相关术语一窍不通
行内相关术语一窍不通,这件事可是关系到我们公司的脸面
这件事可是关系到我们公司的脸面,绝对不能丢脸
绝对不能丢脸,我想来想去你太合适了
我想来想去你太合适了,你就求求你帮帮我行吗
你就求求你帮帮我行吗,你怎么知道我会专业术语
你怎么知道我会专业术语,樊斌说的
樊斌说的,樊斌当时说 他有一些法语资料都是你翻译的
樊斌当时说 他有一些法语资料都是你翻译的,帮帮我
帮帮我,行吗
行吗,小北
小北,我知道
我知道,因为上次的事你还恨我
因为上次的事你还恨我,你嘴上不说
你嘴上不说,你心里肯定有个坎
你心里肯定有个坎,我不解释
我不解释,我错了我承认
我错了我承认,对不起
对不起,但今天这事小北是我求你了
但今天这事小北是我求你了,当然你答应也好
当然你答应也好,你不答应也好
你不答应也好,不重要
不重要,这都是其次的
这都是其次的,关键是你内心有气
关键是你内心有气,你憋着火 你释放出来
你憋着火 你释放出来,你冲我来
你冲我来,你骂 我听着 你骂
你骂 我听着 你骂,你骂吧
你骂吧,你看你不舍得
你看你不舍得,好了
好了,过了这个事咱们就过了
过了这个事咱们就过了,从明天开始
从明天开始,你要认我这个朋友
你要认我这个朋友,咱们俩继续接触
咱们俩继续接触,你要不认
你要不认,我打扰你了
我打扰你了,对不起
对不起,站住
站住,李理你知道我最生气在哪吗
李理你知道我最生气在哪吗,有什么事你从来都不解释
有什么事你从来都不解释,解释有
解释有,有用吗
有用吗,有没有用这不是你说了算的
有没有用这不是你说了算的,再说了
再说了,要走也是我先走
要走也是我先走,凭什么你先走
凭什么你先走,上次就让你跑了是吧
上次就让你跑了是吧,小北 那我这事你答应吗
小北 那我这事你答应吗,我考虑再说
我考虑再说,你答应吧 小北
你答应吧 小北,喂
我睡不着一个人,我现在没时间
我现在没时间,樊斌又喝多了
他老喝醉吗,也不是经常就这两天
是不是觉得婚姻不幸,有可能
有可能,要不然你过来问问他
成晓峰有没有女朋友,我哪看得出来
我哪看得出来,不过就他那样的
不过就他那样的,估计不能被剩下来
估计不能被剩下来,你不会打算真把他培养成你未来孩子的爹
不是打算 已经决定了就他了,得了吧
得了吧,你还是老老实实相亲去
你说我得多喜欢一个人才会这样,万一人家有女朋友呢
有女朋友可以公平竞争,你当初还说王媛喜欢彭永辉不道德
你当初还说王媛喜欢彭永辉不道德,你忘了
以后你们可以管他叫准爸,樊斌好像吐了
樊斌好像吐了,我过去看看先不跟你说了
我跟你商量人事大计,你今天怎么起那么早
今天我们家成成早班,都你们家成医生了
都你们家成医生了,看来你跟刘炎彻底没戏了
2b,你确定成医生喜欢残疾人
用一个星期的时间化同情为爱情,我从来没
我从来没,听说过同情能变化成爱情的
王媛今天也去北京,是吗
是吗,他也今天走我问问他
明天还有,不好意思
我腿疼,怎么又疼了
晚上在这种地方睡觉真的好恐怖,你怎么不给家里人打个电话
我一直都是报喜不报忧的,挺孝顺的
我腿疼走不了,来
来,我帮你
我帮你,来
谢谢啊,你坐这来
我坐这合适吗,合适合适
合适合适,慢点
好,其实你的腿没那么严重
其实你的腿没那么严重,明天再看看其他的片子
明天再看看其他的片子,如果没有什么问题的话就可以出院了
如果没有什么问题的话就可以出院了,回去好好休息就可以了
这么快,不是你这怎么好像还不想走
不是你这怎么好像还不想走,没住够
我这好像也好的也太快了点了,你这个就是轻微的骨裂
你这个就是轻微的骨裂,没那么严重
没那么严重,回去好好休息就行了
回去好好休息就行了,然后千万记住不能让他再受伤了
实在不行再拍个X光 ct什么的,我还真没见过像你这么爱住院的病人
尤其是医生对病人真的是太好了,行
行,你先坐着
你先坐着,我去跟护士交代点事情
好好你快回来,请进
我来还你的书,这么快就看完了
我这人看书比较快,请坐
谢谢,还没好
还行好多了,你找我有什么事情
找个人说说话,想出院了
不是不是,又想找我借书
又想找我借书,我这书可全都被你看完了
想跟你聊聊,怎么了
你说这事 你对相亲怎么看,相亲我觉得挺好的
相亲我觉得挺好的,因为我跟我女朋友就是家里人介绍认识的
你们在一起几年了,没多久
没多久,现在还处于互相了解的阶段
是不是问的太多了,没事
没事,两三次
有没有过,好像是没有过
好像是没有过,因为我属于那种比较慢热型的
你喜欢那种小鸟依人的女孩,男人十有八九应该都喜欢这种类型
我也觉得,你问问这么多干嘛
走了,你慢点
再给我看啊,你慢点
我跟你说那个男的肯定喜欢你,怎么可能
肯定没错的,得了
你看他那眼神对你多紧张,那是因为我们是很多年的朋友
这个紧张跟朋友跟这一点关系都没有,你就是说破天我也不相信
我试给你看,怎么试
来吧,刚回来
刚回来,摔了疼啊 我来保护他
摔了疼啊 我来保护他,这回谈的怎么样
这回谈的怎么样,合同签了
合同签了,又在客户公司了解了一下情况
又在客户公司了解了一下情况,算差不多了
算差不多了,这两天还有一些后续的工作要做
这两天还有一些后续的工作要做,累坏了
累坏了,还行
还行,这次多亏小北帮我
这次多亏小北帮我,不然还不一定能谈下来
不然还不一定能谈下来,小北 他还能谈业务
小北 他还能谈业务,他的一个朋友是公关的
得空我就来看你,我单独请你喝一杯
我单独请你喝一杯,咱们俩聊聊
咱们俩聊聊,不行
不行,领导 你就放过我
领导 你就放过我,我现在真的巨困
我现在真的巨困,我现在就想回家好好睡觉
我现在就想回家好好睡觉,我知道
我知道,知道你有家 不 有家了不起吗
知道你有家 不 有家了不起吗,有家也可以喝东西
有家也可以喝东西,天色这么晚了
天色这么晚了,明儿早走吧
明儿早走吧,我要是不去呢
我要是不去呢,不去证明你小心眼
不去证明你小心眼,你还记恨我
你还记恨我,我说你帮了我那么大忙
我说你帮了我那么大忙,喝一杯很正常吗
喝一杯很正常吗,走吧就喝一杯就喝一个就没关系
走吧就喝一杯就喝一个就没关系,一杯一杯
一杯一杯,说什么事
说什么事,不干嘛
不干嘛,没事
没事,不能请你喝点东西
不能请你喝点东西,李理
李理,我现在真的特别困
我现在真的特别困,我一沾枕头就能着
我一沾枕头就能着,有事你快点说
有事你快点说,小北
小北,我知道你因为上次的事还生我气
我知道你因为上次的事还生我气,我那是有自己的难处
我那是有自己的难处,是 我现在就是说什么话你都不会往心里去
是 我现在就是说什么话你都不会往心里去,你认为我装腔作势
你认为我装腔作势,我流氓假仗义
我流氓假仗义,但是如果你让这件事情重来一遍
但是如果你让这件事情重来一遍,我还会那么做
我还会那么做,我还会和你说那些话
我还会和你说那些话,我明白
我明白,哥们义气
哥们义气,不是什么哥们义气
不是什么哥们义气,跟樊斌没关系
跟樊斌没关系,那跟谁有关系
那跟谁有关系,咱们俩
咱们俩,咱们俩算是好朋友
咱们俩算是好朋友,我看你难受
我看你难受,我心里不高兴
我心里不高兴,我宁愿说一些假话让你高兴点
我宁愿说一些假话让你高兴点,我也不想让你
我也不想让你,行了
行了,李理 我知道你对我特关心 我领情
李理 我知道你对我特关心 我领情,可这事儿已经过去了
可这事儿已经过去了,我也不想再提起来了
我也不想再提起来了,那你
那你,我毕竟跟樊斌都结婚了
我毕竟跟樊斌都结婚了,你这事老放心上合适吗
你这事老放心上合适吗,要不咱俩喝点
要不咱俩喝点,我祝你万事如意
我祝你万事如意,谢谢
谢谢,祝你新年快乐
祝你新年快乐,新年都还没有
新年都还没有,到呢
到呢,我提前祝了
我提前祝了,怎么了
怎么了,我祝你生日
我祝你生日,生日快乐
生日快乐,李理
李理,你怎么还不找女朋友
你怎么还不找女朋友,不急 急什么真是
不急 急什么真是,不急
不急,你都多大了还不急
你都多大了还不急,周小北同志我告诉你
周小北同志我告诉你,以后不要再问我什么 李理为什么不找女朋友
以后不要再问我什么 李理为什么不找女朋友,告诉你我喜欢的是你
告诉你我喜欢的是你,笑什么
笑什么,我说的可是实话
我说的可是实话,我喜欢的是你
我喜欢的是你,你别 严肃点 你干嘛
你别 严肃点 你干嘛,你不是一直把我当男的看吗
你不是一直把我当男的看吗,吗
吗,周小北我告诉你
周小北我告诉你,没有任何
没有任何,男的会把女人当成一个男的
男的会把女人当成一个男的,都扯淡
都扯淡,什么
什么,别拿我打岔我告诉你 拿我打什么岔
别拿我打岔我告诉你 拿我打什么岔,等着
等着,回头我就给你介绍一个合适的
回头我就给你介绍一个合适的,小北
小北,咱们俩这辈子
咱们俩这辈子,男女朋友肯定是当不成了
男女朋友肯定是当不成了,但只要你有事说话
但只要你有事说话,哥们 咱们办 完了呗 干 你慢点 回来
哥们 咱们办 完了呗 干 你慢点 回来,你慢点
你慢点,人刘炎不就来看你吗
人刘炎不就来看你吗,你至于对人发那么大火吗
我就前功尽弃了,不是
不是,你这不打算出院了
我就一天不出院,你腿总得好吧
闷死我了,我没良心
我没良心,我一下火车就来看你咱俩到底谁没良心
我一下火车就来看你咱俩到底谁没良心,不是
不是,你快跟我说说
你快跟我说说,你都是怎么对成医生展开攻势的
我跟他借书来着,借书
借书,这招挺高明的
这招挺高明的,难怪围城里说男人宁愿买书送给女人也不借书
难怪围城里说男人宁愿买书送给女人也不借书,这一借一还就有两次可以亲密接触的借口
这一借一还就有两次可以亲密接触的借口,而且还不着痕迹
而且还不着痕迹,这是男女恋爱必经的初步
这是男女恋爱必经的初步,一借书问题就大了
我听说你有一个特别好的朋友叫万婕,怎么了
这么好玩的朋友为什么不介绍给我认识你什么意思,估计你们俩合不来
为什么,人做公关的
这么好玩的朋友为什么不介绍给我认识,你俩要是搁古代估计武林里会掀起一场血雨腥风
你俩要是搁古代估计武林里会掀起一场血雨腥风,估计武林盟主就是你俩的
估计武林盟主就是你俩的,没事
没事,等你腿好了
等你腿好了,我带你过去引见
我带你过去引见,说好了好吧
我不去我熟,你混的不错
你混的不错,怎么才混这几天
怎么才混这几天,全医院都认识你了
我是干嘛的,名媛韩 社交女
主要是太无聊了,坐会儿
老婆药来了快吃快吃快吃,是不错
是不错,就怕她还没活到
就怕她还没活到,她老公良心发现就给
她老公良心发现就给,气死了
你以为你们家樊斌能比他强多少,这有什么的
这有什么的,我当年住院的时候
我当年住院的时候,樊斌天天在病床前守着
樊斌天天在病床前守着,不是端茶递水就是买饭买药比月嫂还强
那是当年 你现在再病一个试试,我不病
你假装有事,我不是假装有事
我不是假装有事,我真有事
什么事,我去见个导演
我去见个导演,我那剧本好像通过了
我陪你去,你去不太方便
你放心不到关键时刻我肯定不张嘴说话,我可不相信你的人品
白白浪费我那么多时间,我答应了
为什么你疯了,我为什么不答应
我为什么不答应,这也是一个入行的机会
你图什么 你贱呐,我反正也是新人
我反正也是新人,也没什么代表作
也没什么代表作,就当练手了
周小北你没操守,请进
请进,我的辞职报告批了吗
我的辞职报告批了吗,没批
没批,那现在批
那现在批,怎么又提辞职
怎么又提辞职,你签的那份合同给我解决了一个大难题
你签的那份合同给我解决了一个大难题,我还准备给你加薪
我还准备给你加薪,跟薪水没有关系
跟薪水没有关系,上次你给我提的事情
上次你给我提的事情,跟上次一件事也没有关系
跟上次一件事也没有关系,你为什么一定要辞职
你为什么一定要辞职,我说了
我说了,我不在办公室谈私人话题
我不在办公室谈私人话题,好吧
好吧,下班之后我们来好好谈一谈
下班之后我们来好好谈一谈,不太舒服
不太舒服,王媛
王媛,咱俩今天必须认真谈一谈
咱俩今天必须认真谈一谈,这样
这样,你先回家
你先回家,我放点东西回家过去找你
我放点东西回家过去找你,你干嘛吓我一跳
等你啊,等我
等我,甜甜呢
送姥姥家去了,你怎么又把孩子送姥姥家
你怎么又把孩子送姥姥家,他不上学了
我要跟你谈谈,说
家你到底要不要了,当然要了
当然要了,我什么时候说过不要
你就做一个要的样子,这样 你告诉我我该怎么做
我不想要你那点可怜的生活费,可以我答应
不许跟他有一丁点联系,还是这点事
你的真面目终于暴露了,别发神经了
你的良心都让狗吃了,周芳
周芳,我请你冷静一点
我请你冷静一点,你少拿离婚的事情来威胁我
你少拿离婚的事情来威胁我,我不怕
甜甜 他爸死了,你混蛋
今天晚上乖乖的坐在那看电视,你今天怎么了
一条龙服务包你满意,樊斌
樊斌,你看见遥控器了吗
你在沙发底下看看,告诉你件事
告诉你件事,今天有人让我给他当枪手
呵呵,我这不刚入行吗
我这不刚入行吗,就当学习了
这是什么,咱们家来人了
没有,这是谁的
我跟他真的没什么真的,是谁的送去给别人的 当心人家等用
我跟他真的,对不起
对不起,我又迟到了
我又迟到了,我们吵架了
我们吵架了,我过够了
我过够了,我每天就像生活在监狱里一样
我每天就像生活在监狱里一样,每天下班
每天下班,不是盘问
不是盘问,就是争吵
就是争吵,他知道我特别讨厌榴莲
他知道我特别讨厌榴莲,居然还特意跑到超市买了两大盒子
居然还特意跑到超市买了两大盒子,榴莲放在冰箱里
榴莲放在冰箱里,我半夜睡觉的时候睡着睡着我突然闻到了一股榴莲味
我半夜睡觉的时候睡着睡着我突然闻到了一股榴莲味,我打开灯一看
我打开灯一看,他正跪在床上
他正跪在床上,恶狠狠的看着我捧着一大块榴莲
恶狠狠的看着我捧着一大块榴莲,咬牙切齿的一口一口的咬着吃
咬牙切齿的一口一口的咬着吃,眼神就跟在咬我一样
眼神就跟在咬我一样,我不是听你来倾诉的
我不是听你来倾诉的,那天
那天,我听了你跟我说的那些话
我听了你跟我说的那些话,我非常吃惊
我非常吃惊,我现在心里真的很乱
我现在心里真的很乱,王媛我来找你
王媛我来找你,就是希望你能给我一点点时间
就是希望你能给我一点点时间,不可能
不可能,以前我真的以为自己是把你当做妹妹看了
以前我真的以为自己是把你当做妹妹看了,直到最近
直到最近,你不必觉得内疚
你不必觉得内疚,你说彭永辉离婚娶王媛吗
放把火把家烧了一家三口同归于尽,火烧太监啊
火烧瘸太监,怎么是瘸太监
怎么是瘸太监,腿打折了
咱们也不知道,胖子人挺好
他配不上王媛,是
是,可是他知道对王媛好
可是他知道对王媛好,最重要的他是单身
比跟彭永辉在一起强,樊斌带别的女人回家了
樊斌带别的女人回家了,我今天回家的时候在沙发底下发现一个钥匙扣
我今天回家的时候在沙发底下发现一个钥匙扣,粉红色的
粉红色的,他说有可能是你和王媛的
王媛的 你信吗,我发现我现在越来越不了解樊斌了
结婚还给人当炮灰,刚起步吗
刚起步吗,不就没署名吗
不就没署名吗,以后会有的
这都谁说的,油炸圈饼
油炸圈饼,我从来都没有遇到过像你这样的女孩
我从来都没有遇到过像你这样的女孩,那么让我心疼
那么让我心疼,从认识你的那天起
从认识你的那天起,我就告诉我自己一定要好好待她
我就告诉我自己一定要好好待她,不要让她受委屈
不要让她受委屈,但是我真的没想到最后让你受委屈
但是我真的没想到最后让你受委屈,那个人恰恰是我
那个人恰恰是我,我从来都没有怪过你
我从来都没有怪过你,要怪
要怪,就怪我们相遇的时候不对
就怪我们相遇的时候不对,我是真的想要改变这一切
我是真的想要改变这一切,我和他结婚十几年了
我和他结婚十几年了,这段婚姻就跟我经营公司一样
这段婚姻就跟我经营公司一样,让我让我精疲力尽
让我让我精疲力尽,差不多
差不多,该是说分手的时候了
该是说分手的时候了,你千万不要这么说
你千万不要这么说,我从来都没有想过要告诉你我喜欢你
我从来都没有想过要告诉你我喜欢你,我只是想默默的喜欢你
我只是想默默的喜欢你,以前我一直是站在很远的地方注视着你的背影
以前我一直是站在很远的地方注视着你的背影,后来我们两个越走越近
后来我们两个越走越近,直到有一天你出现在我面前的时候
直到有一天你出现在我面前的时候,我才发现我自己陷得太深了
我才发现我自己陷得太深了,我不想再继续下去
我不想再继续下去,王媛
王媛,请你再给我一点点时间好吗
请你再给我一点点时间好吗,打破一个再去重建一个
打破一个再去重建一个,本来就不是很容易的事情
本来就不是很容易的事情,你知道我现在是什么感觉吗
你知道我现在是什么感觉吗,以前我就像在爬山
以前我就像在爬山,我走在前面
我走在前面,手里拿着一根绳子拖着自己对你的感情
手里拿着一根绳子拖着自己对你的感情,我就这样慢慢的往上走
我就这样慢慢的往上走,我走一步
我走一步,停一下
停一下,歇一会
歇一会,我怀疑自己是不是走错了
我怀疑自己是不是走错了,无数次的想要回头
无数次的想要回头,可是我舍不得
可是我舍不得,所以我一次次的又坚持下来
所以我一次次的又坚持下来,可是我现在太累了
可是我现在太累了,我真的太累了
我真的太累了,我感觉有一样东西
我感觉有一样东西,浑身上下都在被一样东西抽空你知道吗
浑身上下都在被一样东西抽空你知道吗,我现在一点力气都没了
我现在一点力气都没了,我实在是爬不动
我实在是爬不动,那就让我带着你一起走
那就让我带着你一起走,不管以后多苦多累
不管以后多苦多累,多难
多难,我向你保证
我向你保证,不会让你再受一点点委屈
不会让你再受一点点委屈,好吗
好吗,太晚了
太晚了,你该回去了
你该回去了,走吧
走吧,回家
我都快急死了,那你怎么没死
我跟他真的没什么,你不用解释了樊斌
你不用解释了樊斌,不是你错了
不是你错了,是我错了
是我错了,从结婚那天起我就错了
小北 小北,有话快说
我想跟你聊聊,有什么聊吧
有什么聊吧,我还着急出门
他看我来了,是叫蕊蕊
是叫蕊蕊,结婚当天你躲着我不肯回来
结婚当天你躲着我不肯回来,就是因为他 你当时跟我玩失踪
就是因为他 你当时跟我玩失踪,我忍了
我忍了,领证当天我看见他给你写的字条
领证当天我看见他给你写的字条,我又忍了
我又忍了,现在你把人都领回家了
现在你把人都领回家了,你还要我忍吗
小北 我真的跟他没什么,我知道了
我知道了,喂
喂,妈
上班没得,没得
没得,我在家里
你怎么不上班要被扣工资的,家里没得啥子事
你这个月还没给家里头寄钱,我最近手头有点紧
我最近手头有点紧,等再过两个月我把钱一起给你汇过去
莫把那些钱花到这些东西身上,我就是想花也没得那么多钱
我就是想花也没得那么多钱,下个月的房租还不知道从哪弄来
你工资呢,还没发
圆圆你不要骗我,妈我跟你说实话
妈我跟你说实话,韩总
你怎么来了,你不是老做培训
你不是老做培训,擅长立志 我来
擅长立志 我来,是想听听你的意见
好 这事我擅长 说,我有个朋友
我有个朋友,他最近都快陷入绝境了
他最近都快陷入绝境了,工作生活家庭是样样都不顺
工作生活家庭是样样都不顺,都不知道自己该怎么办了
都不知道自己该怎么办了,他觉得内心很挣扎
他觉得内心很挣扎,很无助
很无助,所以 所以他来找我倾诉来了
凡是以我有一个朋友开说的99.9%都是自己,真不是 我至于吗
真不是 我至于吗,我现在正在找工作
找着没有,有几个正选着
你说的人是谁,我以前的一个同事
我以前的一个同事,我是真不知道该怎么去安慰他了
脑子里就一个念头求生存吃饱饭,还没到吃不上饭的地步
以毒攻毒就当拓展训练了,哪有拿失败当拓展
但是却能给你的人生增添一份尊严,停
停,你别再跟我背什么名人名言了
你别再跟我背什么名人名言了,好好说话行吗
朱坚强,别说还挺有道理
别说还挺有道理,再坏的都已经经历了
再坏的都已经经历了,都已经跌到谷底了
都已经跌到谷底了,还能差到哪去
我怎么还是觉得你在说你自己,你要不信我有什么办法
我就是不信,行
行,我就像现在这样回复他去好吗
我就像现在这样回复他去好吗,谢谢你宝贝
谢谢你宝贝,王媛 王媛
王媛 王媛,你怎么来了
你怎么来了,你一个人我顺便我看看
你一个人我顺便我看看,没事吧
没事吧,怎么气色不太好
怎么气色不太好,有吗
有吗,可能是昨天晚上没睡好吧
可能是昨天晚上没睡好吧,是不是因为工作的事着急
是不是因为工作的事着急,其实不用咱不缺工作
其实不用咱不缺工作,咱缺一个合适的工作
咱缺一个合适的工作,我没着急
我没着急,我有点累了
我有点累了,我先回去了
我先回去了,拜拜
拜拜,Hello 樊斌呢
Hello 樊斌呢,怎么 不让一个人来 怕我非礼你
怎么 不让一个人来 怕我非礼你,哟哟哟 站好了
哟哟哟 站好了,平时都是你们两个人
平时都是你们两个人,今儿怎么你自己
今儿怎么你自己,我走了
我走了,周小北
周小北,干嘛
干嘛,喝傻了吧
喝傻了吧,是不给我打电话说要过来喝酒
是不给我打电话说要过来喝酒,我以为你跟樊斌一起过来
我以为你跟樊斌一起过来,酒跟菜我都准备好了
酒跟菜我都准备好了,这哪来的
这哪来的,托人从杭州带的
托人从杭州带的,楼外楼的
楼外楼的,必须 刚拿回来就让你赶上了
必须 刚拿回来就让你赶上了,你不是最爱吃鸭舌头吗
你不是最爱吃鸭舌头吗,以前总让我朋友帮你带
以前总让我朋友帮你带,前两天刚回来我让他买了点
前两天刚回来我让他买了点,打包带走
打包带走,不行
不行,不是刚才电话里头能耐哪去了
不是刚才电话里头能耐哪去了,打电话跟我说喂 李理等着我跟你喝酒
打电话跟我说喂 李理等着我跟你喝酒,是不是让我在北京给你喝傻了
是不是让我在北京给你喝傻了,以后不敢一个人跟我喝酒了
以后不敢一个人跟我喝酒了,我平声最大的弱点就讨厌别人威胁我
我平声最大的弱点就讨厌别人威胁我,我最恨激将法
我最恨激将法,别人要是激将我
别人要是激将我,明知道是火坑
明知道是火坑,我也得往里跳
我也得往里跳,来吧
来吧,小北
小北,我问你个事儿
我问你个事儿,你说樊斌当年风流倜傥
你说樊斌当年风流倜傥,英俊潇洒
英俊潇洒,为人低调又有才华
为人低调又有才华,怎么就看上你了
怎么就看上你了,肯定是你追的
肯定是你追的,放屁
放屁,你看的都是假象
你看的都是假象,樊斌特别会装
樊斌特别会装,他以前泡妞都一套以退为进
他以前泡妞都一套以退为进,什么叫以退为进
什么叫以退为进,你真想知道
你真想知道,我给你学一学
我给你学一学,他一般都是这样的
他一般都是这样的,我不在乎女孩子
我不在乎女孩子,我不需要婚姻
我不需要婚姻,我就享受现在的独身
我就享受现在的独身,因为我能我行我素
因为我能我行我素,我自由我用自由换取了孤独
我自由我用自由换取了孤独,孤独的人是崇高的人
孤独的人是崇高的人,当然对于女性来说就不同了
当然对于女性来说就不同了,男人永远是女人进步的工具
男人永远是女人进步的工具,而我愿意作为女人进步的
而我愿意作为女人进步的,阶梯来
阶梯来,从我身上
从我身上,踏过去
踏过去,要狠
要狠,对
对,要狠、稳、准、狠
要狠、稳、准、狠,李理 你不是说
李理 你不是说,你喜欢我吗
你喜欢我吗,什么时候说的
什么时候说的,在北京喝多那次
你是,我是来应聘的
正发愁,我家就在隔壁小区
你好,羽墨你好
就是多一个接他放学,为什么过了今天不能干
你身份证带了吗,带了
有事随时给我打电话,放心
这是文静啊,我们俩是不是该考虑离婚的事了
离婚我不同意,你觉得现在我们俩过成这样有意思吗
反正我就是不同意,你想想 想好了再说
周小北,来了
你跟樊斌现在到底什么情况,冷战
为什么不离婚,今天不是周末吗
什么都没有发生nothing,你就消失吧
你接着过你的狗日子,王媛 你这是血吗
王媛 你这是血吗,不是 红墨水
不是 红墨水,怎么弄
怎么弄,我自己不小心弄的
我自己不小心弄的,你怎么在这
你怎么在这,我正好遛到这
我正好遛到这,我先回去了
我先回去了,我跟你讲个故事
我跟你讲个故事,有一个人
有一个人,他生长在一个贫穷的家庭里
他生长在一个贫穷的家庭里,从小到大他淡漠
从小到大他淡漠,却又出奇的争强好胜
却又出奇的争强好胜,骨子里有自卑
骨子里有自卑,又有倔强的骄傲
又有倔强的骄傲,家里人都不支持他读大学
家里人都不支持他读大学,可是他想尽一切办法在筹学费
可是他想尽一切办法在筹学费,他学习很用功
他学习很用功,工作也很努力
工作也很努力,似乎只要比别人强了
似乎只要比别人强了,别人就不至于瞧不起他
别人就不至于瞧不起他,然而
然而,一切都事与愿违
一切都事与愿违,周围的人每天都阳光明媚的
周围的人每天都阳光明媚的,而他每天灰头土脸的 那种心灵上的对比
而他每天灰头土脸的 那种心灵上的对比,真的很让人难受
真的很让人难受,我也是穷人家的孩子
我也是穷人家的孩子,你说这些我都明白
你说这些我都明白,可是要克服这些需要时间不是一天两天的事
可是要克服这些需要时间不是一天两天的事,不管别人说什么
不管别人说什么,首先得对自己有信心
首先得对自己有信心,尊严都快没了
尊严都快没了,还说什么信心
还说什么信心,王媛 我问你一句话
王媛 我问你一句话,别生气
别生气,其实我知道刚才讲的就是你自己
其实我知道刚才讲的就是你自己,你是不是
你是不是,到别人家当保姆去了
到别人家当保姆去了,对
对,我是去当保姆了
我是去当保姆了,我连保姆都做不好
我连保姆都做不好,小孩捉弄我
小孩捉弄我,小孩的妈妈误会我
小孩的妈妈误会我,我的尊严都扫地了
我的尊严都扫地了,捡都捡不起来了
捡都捡不起来了,你还没吃饭
你还没吃饭,没胃口也得吃点东西
没胃口也得吃点东西,走吧
走吧,我带你吃点东西
我带你吃点东西,人是铁饭是钢
人是铁饭是钢,哪有不吃东西的 走
哪有不吃东西的 走,走吧
走吧,杨老师
这是 这么晚回来,我回来住一段
怎么就突然回来住了 樊斌呢,他出差去了
你们俩吵架了,没吵
没吵,他下午就出差去了
去哪了,去新疆了
去多久,怎么着也得个把月
怎么着也得个把月,王媛 吃点菜
王媛 吃点菜,别光喝酒
别光喝酒,趁热吃
趁热吃,王媛
王媛,你再怎么着也犯不着去当保姆吗
你再怎么着也犯不着去当保姆吗,本来
本来,我是跟我妈赌气
我是跟我妈赌气,后来我就想看看我说我看看我自己承受能力到底有多大
后来我就想看看我说我看看我自己承受能力到底有多大,这就是我给自己定的拓展训练
这就是我给自己定的拓展训练,不是
不是,哪有这样拓展的
哪有这样拓展的,这不自个跟自己过不去吗
这不自个跟自己过不去吗,再说了
再说了,这能用钱解决都不算什么大事
这能用钱解决都不算什么大事,胖子
胖子,你给我保密
你给我保密,这事儿千万不能让文静跟小北知道
这事儿千万不能让文静跟小北知道,为什么 大家伙都能帮你
为什么 大家伙都能帮你,我不希望他们两个帮我
我不希望他们两个帮我,怎么了
怎么了,小北他根本就不用为生活发愁
小北他根本就不用为生活发愁,他就负责做他的文艺女青年就行了
他就负责做他的文艺女青年就行了,文静就更不用说了
文静就更不用说了,我就是不喜欢他们帮我
我就是不喜欢他们帮我,他们帮我的已经够多了
他们帮我的已经够多了,我就希望有一天我成功了
我就希望有一天我成功了,我有能力了
我有能力了,我可以去帮他们
我可以去帮他们,你慢点儿喝
你慢点儿喝,王媛
王媛,我知道你委屈
我知道你委屈,你想哭就哭出来
你想哭就哭出来,哭 哭是最没用的
哭 哭是最没用的,哭爱哭的人都没出息
哭爱哭的人都没出息,我不哭
我不哭,不喜欢哭
不喜欢哭,我如果哪天能捐献器官
我如果哪天能捐献器官,我第一个捐出去的就是我的泪腺
我第一个捐出去的就是我的泪腺,王太太
没打扰你吧,没有 有什么事吗
我想当面跟你谈一下,怎么了
怎么了,王羽墨没事吧
要是方便的话你过来一下好吗,行 半个小时以后过来好吗
待会见,这么早
这么早,怎么样
怎么样,昨天不要紧
昨天不要紧,没事
没事,我喝多了
我喝多了,我得赶着出门
我得赶着出门,去哪了
我让你盯着王媛你盯了吗,大姐我盯着
都怎么盯的,我每天偷偷跟着他身后
我每天偷偷跟着他身后,那是走哪盯哪
没发现他有什么不正常,没有 没发现哪不正常
她干嘛呢,忙着找工作
忙着找工作,那是焦头烂额的
那是焦头烂额的,不过看着也挺正常的
不过看着也挺正常的,除了有点心烦以外都正常
他还没找着工作,找一靠谱工作哪那么容易
王媛至于成现在这样吗,你说这话我真愿意听
你说这话我真愿意听,谁娶了你那是一辈子幸福
谁娶了你那是一辈子幸福,我跟你说我也是这么觉着的
是一般心烦还是特别心烦,很心烦
这孩子从小被惯坏的,小孩
小孩,特别是男孩子都淘气
都是羽墨不好,既然都已经解释清楚了就不要再提了
你先拿着,谢谢
谢谢,没什么事的话我就先走了
让我怎么说,有什么话你就直说
你看行不行,行
行,我就再试试
阿姨你会功夫,这样的小毛贼算什么比他厉害的我都见过
这样的小毛贼算什么比他厉害的我都见过,都被我给打趴下了
你怎么不还击呢,我从来不跟小孩子打架
我可想学功夫了,不行
不行,你太小了
阿姨求求你了,好吧
好吧,等你再长大一点吧
等你再长大一点吧,不过我有个条件
什么条件,从现在开始
从现在开始,你一切都要听从我的命令
好听你的,拉勾
上吊,成交
成交,走 我们到那边玩
走 我们到那边玩,周芳
周芳,你干嘛呢
没干嘛,还说没干嘛
还说没干嘛,什么意思
什么意思,为什么把我通讯录里的所有联系人电话都删掉
删了就可以不用联系了,你说的轻巧
你说的轻巧,你知不知道这里头全是我公司的重要客户
你知不知道这里头全是我公司的重要客户,你什么意思
该联系你的自然会联系你不联系你的也不用联系,周芳 你简直是不可理喻
干嘛去呀,管不着
管不着,怎么了
怎么了,唉声叹气的
看起来都一样,其实记单词并没有那么难的
其实记单词并没有那么难的,只要你掌握了技巧就很容易了
只要你掌握了技巧就很容易了,这样阿姨教你一个记单词的技巧
这样阿姨教你一个记单词的技巧,记单词的时候就像玩游戏一样好玩的
记单词的时候就像玩游戏一样好玩的,其实词与词之间是有一些联系的
其实词与词之间是有一些联系的,有一些单词的读音都是很相似的
有一些单词的读音都是很相似的,你可以一起来背
你可以一起来背,比如说鸟是bird 裙子是skirt
skirt,女孩是 girl
女孩是 girl,衬衫是shirt
Shirt,来跟我一起念鸟是bird
来跟我一起念鸟是bird,裙子是skirt
裙子是skirt,女孩是girl
女孩是girl,衬衫是
衬衫是,Right. 我说对了
Right. 我说对了,你看是不是像顺口溜一样
你真厉害,嘘
嘘,羽墨功夫这个事是咱们俩的秘密
羽墨功夫这个事是咱们俩的秘密,不可以告诉任何人
不可以告诉任何人,包括你妈妈记住了
为什么,古往今来
古往今来,大侠都是很低调的
大侠都是很低调的,要保持一定的神秘感
要保持一定的神秘感,你想如果大家都知道
你想如果大家都知道,我会功夫了
我会功夫了,他们都让我来教
他们都让我来教,我还有时间教你吗
他今天没捣乱吧,没有 可好了
那天我有事就先走了,你在给人家当保姆
你在给人家当保姆,找我有事吗
找我有事吗,我听说你最近很不顺利
我听说你最近很不顺利,但是我真没想到会是这样
但是我真没想到会是这样,我的事情不用你管
我的事情不用你管,你管好自己的事情就行了
你管好自己的事情就行了,自从你离开公司之后
自从你离开公司之后,我一直很担心你的生活
我一直很担心你的生活,一直想过来看看你
一直想过来看看你,还有这是你上次还给我的钱
还有这是你上次还给我的钱,你不用还给我
你不用还给我,我帮你是应该的
我帮你是应该的,我从来没想过要回去
我从来没想过要回去,天底下没有谁是应该帮别人的
天底下没有谁是应该帮别人的,谁都要靠自己的力量
谁都要靠自己的力量,这钱本来就是你借给我的
这钱本来就是你借给我的,拿回去
拿回去,这钱你得收下
这钱你得收下,你听着你不要再给别人当保姆了
你听着你不要再给别人当保姆了,我当保姆怎么了
我当保姆怎么了,我是靠自己的力量来赚钱的
我是靠自己的力量来赚钱的,以后
以后,没有什么事就别来找我了
没有什么事就别来找我了,我不需要任何人可怜
ok,就知道跟我厉害
就知道跟我厉害,有本事你找他算账去
有本事你找他算账去,窝里横
不是觉得他可怜吗,行了
行了,这两年我也没看你管过工作室什么事儿
这两年我也没看你管过工作室什么事儿,都是小丽在忙前忙后的
都是小丽在忙前忙后的,你这甩手掌柜当的痛快
你这甩手掌柜当的痛快,人家自立门户也很正常
越想越生气,行了
行了,别生气了
别生气了,以后多上点心
还好最近我有更重要的事,什么事情
你今天为什么不让我去你家找你,我怕你打扰我创作氛围
还在写你的狗屁剧本,闭关呢
快点啦,文静 我真的不想去
文静 我真的不想去,我好累
我好累,你自己去好了
买过淑女的衣服,你为什么要买淑女的衣服
因为我觉得成晓峰可能会喜欢我淑女的样子,你真的是为了他无所不用其极
你真的是为了他无所不用其极,可我真的是没心情逛街
可我真的是没心情逛街,我在这坐着等你好吗
帮我出主意也好,你用不着我出主意
你用不着我出主意,你自己眼光那么好
你自己眼光那么好,听话乖拜拜
我一会回来找你,我不会到大马路上自杀的
我本来就想找你出来谈谈,找我谈什么
找我谈什么,我和彭永辉结婚那么多年
我和彭永辉结婚那么多年,可是有时候我发现我其实一点都不了解他
可是有时候我发现我其实一点都不了解他,也许男人也觉得不了解女人呢
我今天又和彭永辉吵架了,我对你们两个人的事不感兴趣
可是我劝你还是趁早死了这条心吧,你误会了
你误会了,我从没有过这样的念头
我从没有过这样的念头,而且一直以来我都没有向他提过任何要求
哪怕他只是为了孩子,我对你们两个人的事不感兴趣
我走,再见
脸色为什么那么差,我昨天晚上没睡好
我昨天晚上没睡好,买了吗
买了,都穿上了
都穿上了,就买了一套
我淑不淑女,你衣服挺淑女的
你衣服挺淑女的,你们怎么还没睡
你跟樊斌是不是吵架了,你们就为这事
我跟你爸都不放心,没有 没吵
没有 没吵,我们俩感情可好了
我们俩感情可好了,我想跟他吵
我想跟他吵,他都不跟我吵
他都不跟我吵,老是让着我 我打
老是让着我 我打,他都不跟我吵
这都连续喝了好几天了,你不是之前说 你一个人在家闷
你不是之前说 你一个人在家闷,让我回来陪陪
这么大酒味,陪陪你
陪陪你,然后我一个人就过来陪陪你
然后我一个人就过来陪陪你,想着写剧本
想着写剧本,怎么了
怎么了,你现在开始嫌我烦了
让他自己跟我说,他刚才给我打电话
他刚才给我打电话,那么晚了
那么晚了,估计是睡了
估计是睡了,呃
呃,叫起来 问个明白
快来尝一尝我亲手为你煲的汤,好谢谢
好不好喝,好喝
对身体多不好得补一补是吧,谢谢你
好喝就行,文静
文静,以后不用总给我来送汤了
你嫌稀呀,不是这个意思
不是这个意思,我是怕太耽误你的时间和精力
我是怕太耽误你的时间和精力,我不太好意思
你用不用这么早打电话,你别装了
你别装了,都知道你们猎头起得比鸡还
都知道你们猎头起得比鸡还,还早
还早,我问你王媛工作那事怎么样了
你都快把我逼疯了你知道吗,什么叫破工作
什么叫破工作,破工作你到现在没找着呢
破工作你到现在没找着呢,我跟你说咱们哥们这么多年了
我跟你说咱们哥们这么多年了,你别蒙我
马上给你打电话好吧,好勒谢谢
好勒谢谢,早王媛
早王媛,起得够早的嘛你
起得够早的嘛你,我也没睡懒觉习惯
我也没睡懒觉习惯,你打工家小孩老实了吧
你打工家小孩老实了吧,言听计从
言听计从,百依百顺
百依百顺,你这差不多也该撤了
你这差不多也该撤了,为什么要撤
为什么要撤,你不是说是给自己来拓展培训
你不是说是给自己来拓展培训,这都好几天了
这都好几天了,也该走了
也该走了,还不到时候
还不到时候,我现在觉得干这份工作挺有成就感的
我现在觉得干这份工作挺有成就感的,不像以前觉得那么丢人了
不像以前觉得那么丢人了,等到找到合适的工作再撤
等到找到合适的工作再撤,工作找的顺利吗
工作找的顺利吗,递了好多简历了
递了好多简历了,就是没有回音
就是没有回音,其实找工作你也别着急
其实找工作你也别着急,你条件这么好
你条件这么好,不愁找一个好的
不愁找一个好的,要是有一天咱们都老了
要是有一天咱们都老了,跑不动了
跑不动了,也能像他们一样打拳吗
也能像他们一样打拳吗,你会吗
你会吗,这有什么不会的
这有什么不会的,看我的
看我的,大西瓜
大西瓜,中间分两半
中间分两半,你一半
你一半,我一半 又来个大西瓜
我一半 又来个大西瓜,中间再分两半
中间再分两半,笑了
笑了,你知道我笑什么吗
你知道我笑什么吗,笑什么
笑什么,大西瓜
大西瓜,你不能再胖了胖子
你不能再胖了胖子,这两天怎么没看到小北
这两天怎么没看到小北,他跟樊斌分居了
他跟樊斌分居了,搬回他妈家住了
搬回他妈家住了,分居了
分居了,小北
小北,今天主要跟你说说你跟樊斌的事
今天主要跟你说说你跟樊斌的事,王媛告诉你的吧
王媛告诉你的吧,你别管这消息来源不重要
你别管这消息来源不重要,重要的是出了问题怎么解决
重要的是出了问题怎么解决,好
好,我听着你说
我听着你说,坐
坐,小北
小北,我跟你讲这是关于男女关系问题
我跟你讲这是关于男女关系问题,你不能用大陆法系的有罪推论
你不能用大陆法系的有罪推论,一开始就设定他有罪了
一开始就设定他有罪了,你怎么证明他无罪的更难了
你怎么证明他无罪的更难了,是不是
是不是,你怎么觉得他都是犯罪嫌疑人
你怎么觉得他都是犯罪嫌疑人,你是应该用英美法系的无罪推论
你是应该用英美法系的无罪推论,在没有确凿证据之前
在没有确凿证据之前,大家都是清白的
大家都是清白的,这样才能好好过日子
这样才能好好过日子,不就是一把钥匙吗
不就是一把钥匙吗,你说这能说明什么问题
你说这能说明什么问题,对于胖子的言论
对于胖子的言论,我不置可否 抛弃我对他信不信任的因素
我不置可否 抛弃我对他信不信任的因素,我觉得樊斌最不切实际的一点就是在我们的感情世界里
我觉得樊斌最不切实际的一点就是在我们的感情世界里,他一直扮演的角色是一个30来岁的婴儿
他一直扮演的角色是一个30来岁的婴儿,人越大
人越大,生活中产生惊喜的可能性就越小
生活中产生惊喜的可能性就越小,即使是那些忽略时光
即使是那些忽略时光,忽略皱纹
忽略皱纹,忽略一切自然条件不想长大的琼瑶式人物
忽略一切自然条件不想长大的琼瑶式人物,也很难每时每刻真正相信自己只有16岁
也很难每时每刻真正相信自己只有16岁,不过樊斌可以
不过樊斌可以,总的来说这是一个心境问题
总的来说这是一个心境问题,对于樊斌来说
对于樊斌来说,直接追随自己最本能的情感走向就够了
直接追随自己最本能的情感走向就够了,仔细想想也未尝不是一种
仔细想想也未尝不是一种,幸福
幸福,小北
小北,这生活就是起起伏伏的
这生活就是起起伏伏的,现在出了问题不代表以后就一定有问题
现在出了问题不代表以后就一定有问题,这否定过去就是否定自己
这否定过去就是否定自己,咱都往后看
咱都往后看,从前圣者克里斯多夫背着一个孩子渡河 那个孩子非常沉重
从前圣者克里斯多夫背着一个孩子渡河 那个孩子非常沉重,他历经千辛万苦终于到达彼岸
他历经千辛万苦终于到达彼岸,克里斯多夫问
克里斯多夫问,孩子你叫什么名字
孩子你叫什么名字,为什么那么沉重
为什么那么沉重,孩子说我是未来的日子
孩子说我是未来的日子,你这说得哪跟哪也不搭
你这说得哪跟哪也不搭,成 我说了半天对牛弹琴了
成 我说了半天对牛弹琴了,就这样你也听不懂
就这样你也听不懂,算了
算了,别说我了
别说我了,说说你跟王媛
说说你跟王媛,幸亏你告诉她有每天跑步的习惯
幸亏你告诉她有每天跑步的习惯,不然我还不知道怎么约他
不然我还不知道怎么约他,第一天跑步就碰上他了
第一天跑步就碰上他了,我们约好了每天早上一块跑步
我们约好了每天早上一块跑步,胖子你知道吗
胖子你知道吗,其实我一直特别羡慕那些从父母身边出来就直接投奔到一个好学校
其实我一直特别羡慕那些从父母身边出来就直接投奔到一个好学校,从一个好学校出来就直接投奔到一个好丈夫怀里的女人
从一个好学校出来就直接投奔到一个好丈夫怀里的女人,他们没吃过什么苦
他们没吃过什么苦,也没受过太大委屈
也没受过太大委屈,对社会上的黑暗面看的多
对社会上的黑暗面看的多,经历的少
经历的少,单纯的近乎幼稚
单纯的近乎幼稚,你说的反话吧
你说的反话吧,没有
没有,我是说真的
我是说真的,其实我在想要是我能决定
其实我在想要是我能决定,我希望他们一辈子都别谈恋爱
我希望他们一辈子都别谈恋爱,永远怀着向往跟敬畏的心情
永远怀着向往跟敬畏的心情,停留在美好爱情的憧憬
停留在美好爱情的憧憬,永远都别出来
永远都别出来,不用说想想我已然都这样了
不用说想想我已然都这样了,干脆放过王媛
干脆放过王媛,跟韩文静 有什么事都冲我来吧
跟韩文静 有什么事都冲我来吧,你也不能自暴自弃
你也不能自暴自弃,破罐子破摔吗
破罐子破摔吗,你也觉得我是破罐子
你也觉得我是破罐子,我也觉得我是破罐子
我也觉得我是破罐子,要不咱们改天摔摔吧
要不咱们改天摔摔吧,我是开玩笑的
我是开玩笑的,别玩真的
王媛,你们也在这啊
是 你干嘛 找工作,不是
不是,我过来帮一个朋友递资料
我过来帮一个朋友递资料,他在找工作
你走以后 我们都挺想你得 你最近在哪高就,我在一个公司
如果可以今天就可以签了,不用面试吗
你看这样满意吗,满意满意
明天就来上班,谢谢您刘总
谢谢您刘总,说实话我还是第一次找工作
说实话我还是第一次找工作,遇到不用面试的
我们绝对放心,彭总
我也不知道你哪天回来,不用
不用,其实我也不知道我哪天该回来
你什么意思,就这个意思
你给谁看呢你,我三四天不回来怪谁 怪我吗
我三四天不回来怪谁 怪我吗,还不都是因为你把我电话通讯录全清空了
还不都是因为你把我电话通讯录全清空了,所以我才出差这么长时间
所以我才出差这么长时间,我得一个一个再把我客户找回来
我得一个一个再把我客户找回来,你知道你给我添了多少麻烦吗
找回来了吗,找回来了
找回来了,怎么了
怎么了,你什么意思
你什么意思,还想删是吧
还想删是吧,行
行,拿去 删
拿去 删,接着删
接着删,把它全删了
把它全删了,全删了我也清静了
全删了我也清静了,公司也不用干了
公司也不用干了,大家都散伙
刚才那是怎么回事,我之前在一个朋友的公司工作
我之前在一个朋友的公司工作,他太太就误会我们之间有什么
他太太就误会我们之间有什么,后来我就辞职了
后来我就辞职了,今天我那个朋友又给我介绍了份工作
今天我那个朋友又给我介绍了份工作,所以他太太又误会了
你找到工作了,我放弃了
为什么不去,我就是不想让他帮我
我就是不想让他帮我,本来误会就挺多的了
本来误会就挺多的了,我如果再去他介绍的这份工作
我如果再去他介绍的这份工作,就更说不清了
就更说不清了,王太太
王太太,谢谢你替我解围
谢谢你替我解围,不然我都不知道自己该怎么办了
不然我都不知道自己该怎么办了,太丢人了
你原来在公司是做什么的,销售经理
你听说过合创集团吗,当然听说过
当然听说过,我上大学的时候
我上大学的时候,老师讲案例就是用的合创的
你想没想过去合创工作,我不敢想 他们公司招聘挺严的
我不敢想 他们公司招聘挺严的,而且要求特高
而且要求特高,我估计三年之后可能会有资格去应聘
你有信心能干好吗,如果职位适合的话
如果职位适合的话,我当然有信心了
你感兴趣吗,您是在说笑吗
要是感兴趣就先过来做一段时间试试,王太太你是
等你的好消息,哥们跟你说那事可交给你了
哥们跟你说那事可交给你了,咱说好了来喝一个
咱说好了来喝一个,我跟你说
我跟你说,这事只要你办成了
这事只要你办成了,今晚哥们这100多斤肉交给你了
今晚哥们这100多斤肉交给你了,走哪陪哪
说实话,200来斤
喝酒,你正常人
你正常人,有事要问你
有事要问你,彭永辉给你介绍工作
彭永辉给你介绍工作,为什么不去
为什么不去,他那份工作不适合我
他那份工作不适合我,再说了离开彭永辉我就找不着工作
再说了离开彭永辉我就找不着工作,你干嘛这么看着我
你干嘛这么看着我,我就觉得人活在世上真挺不公平的
我就觉得人活在世上真挺不公平的,胖子那么对你 你估计都比不上彭永辉在你心里的地位
胖子那么对你 你估计都比不上彭永辉在你心里的地位,你怎么可以这样说
你怎么可以这样说,难道我说的不对吗
难道我说的不对吗,你心里要是没什么的话
你心里要是没什么的话,你不就去了吗
你不就去了吗,心里怎么想是一回事儿
心里怎么想是一回事儿,但是该怎么做是另一回事儿
但是该怎么做是另一回事儿,我就是不想看你受委屈
我就是不想看你受委屈,你放心
你放心,我不会自我折磨的
怎么还堵我家门口来了,我这也没办法
我这也没办法,你手机也打不通
你手机也打不通,我只能到这逮你
我说你得有多喜欢那姑娘这么帮他忙活,两码事
两码事,我大话都说出去了
我大话都说出去了,你让我怎么办
你让我怎么办,我给交代那事有眉目没
就是薪酬方面你的要求少点,什么职位
销售经理,又是销售
人才把面试的名额空出来的,我没说不愿意
不行再换人 应该没问题,行
行,把联系方式给我
哥们好几年没干过这种事了,谢谢
谢谢,什么时候面试
后天上午,这么急 我赶紧走
这么急 我赶紧走,通知人家 谢了 回头请你吃饭
通知人家 谢了 回头请你吃饭,你笑什么到底什么事那么神神秘秘的
你笑什么到底什么事那么神神秘秘的,我给你带来一个好消息
我给你带来一个好消息,什么好消息
只要你后天拿上简历过去 肯定行,你帮我找工作了
你帮我找工作了,对
对,那边公司规模虽然不大
那边公司规模虽然不大,但是职位规划非常好
但是职位规划非常好,胖子 我找到工作了
胖子 我找到工作了,你找着工作了
你找着工作了,我打工的那家女主人
我打工的那家女主人,她是合创的老总
她是合创的老总,他们缺一个推广部经理
他们缺一个推广部经理,我就去了
我就去了,今天第一天上班
今天第一天上班,找着工作就好
找着工作就好,就好
就好,胖子实在不好意思
胖子实在不好意思,我 我真的不知道你一直在帮我找工作
我 我真的不知道你一直在帮我找工作,没事
没事,那就是我一哥们 跟他说一声就行
那就是我一哥们 跟他说一声就行,来了
来了,来了
来了,来 赶紧坐
答谢宴啊,有些话真不知道该怎么跟你说
怎么了,王媛自己找着工作了
王媛自己找着工作了,明天你跟公司说一声面试取消
不是你说我怎么跟人说,我知道这让你为难了
我知道这让你为难了,所以我今天请你吃饭
所以我今天请你吃饭,给你赔礼道歉是吧
我没地儿吃饭了,好了
好了,你消消气我错了
你消消气我错了,我对不起你好吗
我对不起你好吗,再说那么多人抢
再说那么多人抢,你随便给他们安排一下
有你这么办事的吗,要不这样行吗
要不这样行吗,你下次给我安排职务的时候
你下次给我安排职务的时候,除了工资提成
除了工资提成,年薪我给你8%
年薪我给你8%,这行吗
说以后你说话我得琢磨琢磨,我说话算话
我说话算话,来点菜来
我点是吧,妈我出去一下
人可是个风风火火的,他就那样 多动症
整天的不着家,还是有点区别的
还是有点区别的,晚上等我吃我一会就回来了
我演的怎么样,太不错了
太不错了,愤怒、悲伤
愤怒、悲伤,各种情绪被表现得淋漓尽致
看他表情了没,看见 人孩子脸都吓白跑了
你说我是不是太过分了,你也知道啊
还是不死不活的,要么你死我活
要么你死我活,要么不死不活
要么不死不活,还能怎么样
是不是,实在是不想回家住
逃避解决不了问题,算了先不说这些了
算了先不说这些了,你送我回去吧
我不能送你,这么急找我干嘛
这么急找我干嘛,怎么 新公司干的不顺利
怎么 新公司干的不顺利,挺好的
挺好的,是胖子的事
是胖子的事,胖子
胖子,胖子得罪你了
胖子得罪你了,没有
没有,他这段时间一直都在偷偷的帮我找工作
他这段时间一直都在偷偷的帮我找工作,昨天突然告诉我说找着了
昨天突然告诉我说找着了,可怜的胖子
可怜的胖子,他给你找什么工作 好不好
他给你找什么工作 好不好,还行
还行,比我现在的职位稍差一点
比我现在的职位稍差一点,一个小公司的销售经理
一个小公司的销售经理,是不如你现在的工作
是不如你现在的工作,不是好与坏的问题
不是好与坏的问题,关键是我现在已经在这个公司做了
关键是我现在已经在这个公司做了,我总不能说不干
我总不能说不干,我觉得胖子现在全身心全扑你身上了
我觉得胖子现在全身心全扑你身上了,可怜的胖子
可怜的胖子,胖子
胖子,他为了帮我找工作
他为了帮我找工作,什么招都使了
什么招都使了,我是真觉得挺对不住他的
我是真觉得挺对不住他的,放心没事
放心没事,我待会就去劝劝他
我待会就去劝劝他,安慰他
安慰他,都怪我自己没出息
都怪我自己没出息,让他这么费心
让他这么费心,你干嘛这么说
你干嘛这么说,谁还没
谁还没,一个需要帮助的时候
一个需要帮助的时候,是谁都需要帮助
是谁都需要帮助,怎么了
怎么了,给人王媛介绍工作人没去
给人王媛介绍工作人没去,特伤心
特伤心,不光是很伤心
不光是很伤心,钱也很受伤
钱也很受伤,钱受什么伤
钱受什么伤,我今天被那猎头狠狠宰了一顿
我今天被那猎头狠狠宰了一顿,宰的我肉都疼
宰的我肉都疼,行了
行了,别生气了
别生气了,等王媛有了钱
等王媛有了钱,让他给你报销
让他给你报销,不是钱的事
不是钱的事,我就是总感觉有劲使不出来
我就是总感觉有劲使不出来,心里很无力
心里很无力,你知道吗
你知道吗,我特别能理解
我特别能理解,但估计王媛心里也不好受
但估计王媛心里也不好受,他跟你说什么了
他跟你说什么了,他就说你给他介绍工作
他就说你给他介绍工作,他特别感动
他特别感动,后来也没去成
后来也没去成,他觉得特别对不起你
他觉得特别对不起你,那他真的很感动
那他真的很感动,当然人心都是肉长的
当然人心都是肉长的,能不感动吗
能不感动吗,有时候我老感觉离王媛很远
有时候我老感觉离王媛很远,谁让你喜欢王媛了
谁让你喜欢王媛了,我告诉你王媛可不是那种两三天就能追到手的姑娘
我告诉你王媛可不是那种两三天就能追到手的姑娘,你要是想追他就得一直对他这么好
你要是想追他就得一直对他这么好,他也许有一天就会感动
他也许有一天就会感动,你说
你说,我有希望吗
我有希望吗,这可是你说的我记住了
这可是你说的我记住了,这么快就不受伤了
这么快就不受伤了,伤是伤 追不还是得追嘛
伤是伤 追不还是得追嘛,我跟你说 我碰上前程无忧的人了
我跟你说 我碰上前程无忧的人了,他们说他们是网上招聘什么职位都有
他们说他们是网上招聘什么职位都有,王媛这资历上网直接发简历
王媛这资历上网直接发简历,什么职务都能选上
什么职务都能选上,如果下次 你看我这乌鸦嘴
如果下次 你看我这乌鸦嘴,我告诉你胖子你别好了伤疤忘了疼
我告诉你胖子你别好了伤疤忘了疼,这次这么好的事都让你给岔过去了
这次这么好的事都让你给岔过去了,下次有什么事提前跟人沟通一下
下次有什么事提前跟人沟通一下,知道吗
知道吗,我记住了 血淋淋的伤疤
我记住了 血淋淋的伤疤,这样你请我吃饭补偿我一下
这样你请我吃饭补偿我一下,凭什么我请
凭什么我请,为什么不能你请
为什么不能你请,你见过有女的请男的的吗
你见过有女的请男的的吗,我请你买单
我先走了,妈 做饭哪
妈 做饭哪,樊斌什么时候来的
今儿回来你都给忘了,这两天事太多忘了
毕竟是夫妻了对吧,小北 我妈身体不太好
小北 我妈身体不太好,我想带他到医院检查一下 你有认识的医生吗
我想带他到医院检查一下 你有认识的医生吗,韩文静不是认识成晓峰吗
韩文静不是认识成晓峰吗,我不好意思麻烦他
我不好意思麻烦他,我跟他又不熟
我跟他又不熟,再说我想去大一点的医院
再说我想去大一点的医院,对了
对了,我妈有个老同学在医院
我妈有个老同学在医院,要不然我帮你问问
要不然我帮你问问,看能不能约个专家
看能不能约个专家,对
对,还是把他带过来检查一下
还是把他带过来检查一下,比较放心一点
比较放心一点,我约好告诉你
我约好告诉你,好
好,谢谢
谢谢,好久不见了
好久不见了,忙什么 最近
忙什么 最近,忙着从事文艺工作
忙着从事文艺工作,成果怎么样
成果怎么样,目前看来还不错
目前看来还不错,恭喜
恭喜,那一天的事不好意思
那一天的事不好意思,什么事不好意思
什么事不好意思,就趁你喝多了对你进行骚扰
就趁你喝多了对你进行骚扰,不带你这样的
不带你这样的,在我们家狂吐
在我们家狂吐,我可换了好几次衣服
我可换了好几次衣服,换一次你吐一次换一次你吐一次
换一次你吐一次换一次你吐一次,吐完了说磕 我是又递水又擦脸
吐完了说磕 我是又递水又擦脸,我又拖地忙一晚 累死我了
我又拖地忙一晚 累死我了,我没干什么别的缺德的事
我没干什么别的缺德的事,你还想干什么
你还想干什么,你那么吐
你那么吐,你还不缺德吗
你还不缺德吗,以后叫你周三吐吧
以后叫你周三吐吧,你今天约我出来就是为了讨伐我
你今天约我出来就是为了讨伐我,真不是
真不是,我买辆车颜色拿不定主意
我买辆车颜色拿不定主意,帮我看看
帮我看看,有参谋费吗
有参谋费吗,干洗费抵了
干洗费抵了,就这个
就这个,不 这个颜色有点张扬
不 这个颜色有点张扬,不是你让我选的吗
不是你让我选的吗,我觉得红色挺好的
我觉得红色挺好的,特别适合你的气质
特别适合你的气质,闷骚的气质
闷骚的气质,听你的
听你的,你跟樊斌怎么样
你跟樊斌怎么样,关你啥事
关你啥事,一会哥们带你兜一圈
一会哥们带你兜一圈,无事献殷勤
无事献殷勤,非奸即盗
非奸即盗,我是为了挽救失足女青年
我是为了挽救失足女青年,减少社会自杀率
减少社会自杀率,行吧
行吧,那就给你个面子
那就给你个面子,待会儿送我去超市
待会儿送我去超市,美女
美女,就这台了
就这台了,你从你妈那搬出来了
你从你妈那搬出来了,你那天喝成那样
你那天喝成那样,是不是有什么心事
是不是有什么心事,没有
没有,我突然想起你在北京跟我说的那段话
我突然想起你在北京跟我说的那段话,与其双方痛苦
与其双方痛苦,不如让对方痛苦
不如让对方痛苦,我说的可是结婚之前
我说的可是结婚之前,有什么不一样吗
有什么不一样吗,当然不一样
当然不一样,哪不一样
哪不一样,我又没结过婚
我又没结过婚,你问我我说不清楚
你问我我说不清楚,你把我放在前头路口
你把我放在前头路口,前面那十字路口
前面那十字路口,好
这房子好多钱一个月,1800
不就睡个觉嘛,妈 你坐了一天的火车 肯定是累了
妈 你坐了一天的火车 肯定是累了,来坐
来坐,明天我带你到医院检查身体
明天我带你到医院检查身体,人我都联系好了
人我都联系好了,晚上我带你出去吃
在家做 省钱一些,好
好,我都好久没得吃过家乡菜了
我不是来给你做饭的,不用你动手
不用你动手,我来做
我来做,我让你尝尝我的手艺
我让你尝尝我的手艺,等一下我就去买菜
这还差不多,妈 不是还有王义陪你来吗
妈 不是还有王义陪你来吗,他咋个没来
你爱他是吧,我爱谁
你以为我不知道,我们都是朋友
我们都是朋友,原来还是同事 都不容易 给他介绍一份工作
原来还是同事 都不容易 给他介绍一份工作,不是什么过分的事情
你怎么不说给我找份工作,你能干吗
你能干吗,想干可以
想干可以,明天我就给你找工作
你默认了吧,我默认什么
我不想跟你吵架,谁跟你吵架
谁跟你吵架,我说话也不对
我说话也不对,不说话也不对
不说话也不对,你看看你 你这分明是要找我吵架
实话,什么实话
我想要你句实话就这么难吗,你到底想要什么实话
你到底想要什么实话,想听实话是不是
想听实话是不是,现在我就告诉你
现在我就告诉你,我的实话就是这么过日子太没劲了
你干嘛去,我睡沙发了
请问您办理什么业务,汇款
请问收款方您认识吧,认识 我朋友
欢迎您再次光临,好
好,你还为你爸你妈生生气呢
就为了问我这事,出大事了
出大事了,王媛她妈得淋巴癌了
这可是花钱的病,我身上不多 你要有就多给王媛打点
我身上不多 你要有就多给王媛打点,你爸你妈真要离婚了
老头立马就搬了出去 净身出户,我总觉得老爷子突然这么做有点说不过去
春了,不是
不是,你想想你爸这么毫无征兆的第二春
你想想你爸这么毫无征兆的第二春,你觉得可能吗
你觉得可能吗,就没有从生活中的蛛丝马迹中找到一点线索
就没有从生活中的蛛丝马迹中找到一点线索,比如说突然会玩微信了
比如说突然会玩微信了,锻炼的时间明显比以前长了
锻炼的时间明显比以前长了,即使鬼迷心窍
即使鬼迷心窍,也不至于这么短
那就丧失理智了都,哪有这么说自己亲爸的
哪有这么说自己亲爸的,你妈呢
走了,妈
检查结果怎么样,没得啥子事了
没得啥子事了,都是小毛病
都是小毛病,可能要住几天院
要住院,怎么 怎么是你
我能不能在你这借宿两晚,我这倒是有一间客房
我这倒是有一间客房,但是你住在我这确实也不太方便
求求你 就几个晚上,你先进来吧
你先进来吧,我去穿件衣服
我去穿件衣服,韩文静
韩文静,韩文静
早上好,我准备上班去了
祝你一路平安,那你呢
你不是要轰我走吧,我不是这个意思
我不是这个意思,冰箱里有点吃的
冰箱里有点吃的,你要是饿了你就自己做点
你要是饿了你就自己做点,别客气
别客气,钥匙我留了一把在茶几上
多不好意思,那我先走了
行等你回来,好再见
好再见,阿姨您有什么需要您就说您喝点什么吃点什么
阿姨您有什么需要您就说您喝点什么吃点什么,我帮你弄去
你跟我们媛媛是啥子关系,朋友
本地人,我是刚从国外回来
我是刚从国外回来,有事吗 张总
你到时候跟一下,没问题
你回去准备一下,好
好,我这就去
我这就去,效率够快
我住这个屋,什么情况
什么情况,你俩室友
你知道是什么吗,什么
流行性感冒,可以的
可以的,胖子
胖子,下班了
下班了,今天辛苦你了
今天辛苦你了,没事我呆着也没事
没事我呆着也没事,你要忙这就交给我了
你要忙这就交给我了,那怎么行
那怎么行,跟我瞎客气啥
跟我瞎客气啥,床头水果是你买的吗
床头水果是你买的吗,买那么多干什么
买那么多干什么,他能吃的完吗
他能吃的完吗,摆着不也挺好的吗
摆着不也挺好的吗,我妈要的
我妈要的,不是是我
不是是我,说什么不是
说什么不是,我妈这人就是要面子
我妈这人就是要面子,肯定看到他们都有
肯定看到他们都有,他非得要 他以后要是要什么
他非得要 他以后要是要什么,你告诉我一声
你告诉我一声,行了你赶紧回去
行了你赶紧回去,你看你热的
你看你热的,没事
没事,对
对,明早你不用来了
明早你不用来了,我来就行
我来就行,你也别熬太晚了
你也别熬太晚了,我走了
我走了,看什么呢
看什么呢,这么高兴 还不让看
秘密邮件 你吃饭了没,你这么一说
你这么一说,我还真有点饿了
那我请你吃饭,算了
算了,你都无家可归了
你都无家可归了,我哪好意思让你请我吃
你可以请我,我请 可以
我请 可以,但这点 好吃的都排队 再说
但这点 好吃的都排队 再说,我都累了一天了
我都累了一天了,也不想动了
那,对了
对了,阿姨您就吃一点
阿姨您就吃一点,一会凉了不好吃了
这些菜一点味都没有,医生都说了
医生都说了,生病期间要忌口
生病期间要忌口,不能吃辛辣
他那个书咋个还要出声,那是电脑不是书
我看到过那么大,阿姨
阿姨,这叫平板电脑
这叫平板电脑,这为了便于携带用得
这为了便于携带用得,而且里面电影电视剧什么都有
而且里面电影电视剧什么都有,一点就能看可方便了
那么好的东西肯定很贵,阿姨
阿姨,要不咱俩说条件
啥条件,你要是把饭吃了
你要是把饭吃了,明天我也给你买个平板电脑
明天我也给你买个平板电脑,你也能想看什么就看什么
你也能想看什么就看什么,好不好
真的呀,赶紧吃饭
好吧,电脑的事你千万别跟王媛说
其中一个公司 告状告到张总那去了,告我什么
排挤另外一个公司,怎么可能
你之前在彭程公司做过吧,我是在那做过
我是在那做过,可是这次招标我完全是站在咱们公司的角度上考虑的
可是谁能证明呢,这还需要证明吗
这还需要证明吗,这两份提案摆在一起
这两份提案摆在一起,换做谁都会选择彭程的
张总最忌讳在工作中掺杂个人感情,我知道
我知道,我刚进公司的时候张总就说过了
我刚进公司的时候张总就说过了,我去跟张总说
我去跟张总说,张总
张总,我想跟你解释一下这次招标的事情
说,两份提案我是经过仔细对比的
两份提案我是经过仔细对比的,彭程的方案无论是从思路方式
彭程的方案无论是从思路方式,还有价格等等方面都很适合我们的具体情况
彭程的老板就是你之前说的朋友,但我不是因为考虑到我跟他之前的关系才用他们方案的
但我不是因为考虑到我跟他之前的关系才用他们方案的,正因为我在他们公司工作过
正因为我在他们公司工作过,我对他们比较了解
我对他们比较了解,他们的执行力还是不错的
你之前怎么没跟我说,我想避免不必要的误会
我会派别人跟这个项目的 结果可能就不是这样了,可我的的确确是站在客观的角度来处理工作的
可我的的确确是站在客观的角度来处理工作的,我没有别的意思
我没有别的意思,更没有掺杂什么私人感情
让我很被动,对不起
这个地方你注意到了吗,我注意到了 两边的数字对比很明显
我注意到了 两边的数字对比很明显,这应该是个小小的失误
这应该是个小小的失误,落了个小数点
落了个小数点,正常情况下数字是交圈的自动计算的
正常情况下数字是交圈的自动计算的,但在导入Excel表之后
但在导入Excel表之后,修订并生成图片的话就容易出现这样的情况
就可能酿成无法弥补的悲剧,在这个问题上是我的不对
在这个问题上是我的不对,我应该及时通知他们进行修改的
今后怎么让我相信他的执行能力,张总
张总,我希望你能够再给我一次机会
我希望你能够再给我一次机会,让我继续跟进这个项目
让我继续跟进这个项目,我一定会证明给你看
我一定会证明给你看,我所做的一切都是为了公司考虑
你可以去财务领钱了,王媛 是我
王媛 是我,听说是你帮助我的公司拿到了这个项目
听说是你帮助我的公司拿到了这个项目,我给你打个电话向你表示感谢
我给你打个电话向你表示感谢,你误会了
你误会了,我不是有意要用你们公司的提案
我不是有意要用你们公司的提案,而是比较合适而已
而是比较合适而已,还是要谢谢你的
还是要谢谢你的,等有机会我去你的公司
等有机会我去你的公司,你不用来了
你不用来了,我已经不在那个公司了
我已经不在那个公司了,还有你们的提案也被否了
还有你们的提案也被否了,为什么
为什么,胖子
胖子,我辞职了
我辞职了,为什么
为什么,怎么了
怎么了,我可能不大适应那的工作环境
我可能不大适应那的工作环境,要不我再让那些猎头再帮你留意一下
要不我再让那些猎头再帮你留意一下,不用
不用,上次那事都已经挺对不住人家的了
上次那事都已经挺对不住人家的了,挺好
挺好,我正好照顾我妈
我正好照顾我妈,你也不用那么辛苦了
你也不用那么辛苦了,你一个人也忙不过来
你一个人也忙不过来,我帮你换班
我帮你换班,谢谢啊
谢谢啊,瞎客气啥呀
你不去看你妈了,这少来 你不就想早点回家 早点回去看你的成成
讨厌,阿姨
阿姨,你怎么坐这了
心烦,阿姨
阿姨,你是不是不舒服
你是不是不舒服,我给你叫医生去
不想进去的,阿姨
阿姨,我给您买一耳塞
我给您买一耳塞,吵的时候您塞到耳朵里
吵的时候您塞到耳朵里,这样听不见就可以休息好了
这样听不见就可以休息好了,行吗
舒服啊 我不要,阿姨
阿姨,您说怎么办
一个人住的那种,我正好打水
我正好打水,我问问大夫
我问问大夫,我妈这又发什么脾气呢
我妈这又发什么脾气呢,她觉得人多休息不好
她觉得人多休息不好,想换个单间
想换个单间,前两天不是休息挺好的吗
前两天不是休息挺好的吗,可能是他自己溜达的时候看有人住单间了
可能是他自己溜达的时候看有人住单间了,我妈这个人就是爱折腾
我妈这个人就是爱折腾,单价多少钱
单价多少钱,300
300,顶这儿三天
顶这儿三天,其实也不是钱的事
其实也不是钱的事,主要真没单间
主要真没单间,你找林大夫了吗
你找林大夫了吗,小北她妈介绍那个
小北她妈介绍那个,找了
找了,他说单间本身就没几个
他说单间本身就没几个,都是有关系预定的
都是有关系预定的,实在是没法照顾
实在是没法照顾,我知道了
我知道了,赶紧回去休息
赶紧回去休息,说好了先走了
说好了先走了,辛苦了
辛苦了,没事
彭总 你让我帮你问的事 我给你打听清楚了,到底为什么
接着把你们的提案也给否定了,原来是这么回事
不是你安插在合创的商业间谍吧,别胡说八道
别胡说八道,他之前去合创工作过这事我根本就不知道
这姑娘可太冤了,行我知道了
行我知道了,谢谢你
谢谢你,改天请你喝酒
改天请你喝酒,拜拜
什么是候面包树,猴面包树啊
猴面包树啊,猴面包树是一种植物
猴面包树是一种植物,它的果实大概像足球那么大
它的果实大概像足球那么大,形状有点像面包
形状有点像面包,猴子特别爱吃这种树上结的果实
猴子特别爱吃这种树上结的果实,就像
就像,甜甜最爱吃面包一样
甜甜最爱吃面包一样,所以这种树就叫猴面包树
所以这种树就叫猴面包树,甜甜
甜甜,爸爸问你个问题好不好
好,如果有一天如果有一天爸爸和妈妈不在一起了
如果有一天如果有一天爸爸和妈妈不在一起了,你想跟谁住
爸爸妈妈要离婚吗,你知道什么是离婚吗
我知道我们幼儿园的小朋友有好几个的爸爸妈妈都离婚了,那些小朋友
那些小朋友,他们开心吗
您有真实的证据吗,什么事这么着急呢
什么事这么着急呢,我正在公司跟客户谈事了
我有话跟你说,什么话不能下班回家再说
你跟王媛有不正当的男女关系,周芳
周芳,我再跟你说一遍
我再跟你说一遍,我没有跟任何人发生过不正当的男女关系
你跟王媛有婚外情,我有什么不好意思的
我有什么不好意思的,你别无中生有好不好
你现在想清楚你到底说不说,周芳
周芳,我是想离婚
我是想离婚,但是我要告诉你
但是我要告诉你,婚姻的问题是咱们俩之间的事情
婚姻的问题是咱们俩之间的事情,跟别的任何人没有其他的关系
跟别的任何人没有其他的关系,你到今天还想不清楚这一点
你到今天还想不清楚这一点,我们之间
我们之间,根本就没有这种可能
根本就没有这种可能,那是什么
那是什么,给我 那是什么
我成全你,周芳用这种办法对付我
周芳用这种办法对付我,太小儿科了
太小儿科了,我跟你说我读EMBA的时候
我跟你说我读EMBA的时候,我什么都没记住
我什么都没记住,我就记住了婚姻法
我就记住了婚姻法,胖子有人给你发短信了
胖子有人给你发短信了,你今天生日
你今天生日,好几年都没过了
好几年都没过了,没事
没事,没事
没事,这样我给你庆祝生日
这样我给你庆祝生日,不用
不用,生日快乐
生日快乐,你怎么来了
你怎么来了,你喝多了
你喝多了,王媛
王媛,我有话要对你说
我有话要对你说,我们之间该说的不该说的都已经说完了
我们之间该说的不该说的都已经说完了,我跟你没有任何话可以说
我跟你没有任何话可以说,我们两个从来都没有开始过
我们两个从来都没有开始过,所以根本谈不上结束
所以根本谈不上结束,你放开我
你放开我,你怎么喝那么多酒
你怎么喝那么多酒,你等我 等我 我要离婚
你等我 等我 我要离婚,你喝多了
你喝多了,我是喝多了
我是喝多了,但是我说的话每句话都不是醉话
但是我说的话每句话都不是醉话,都是我想跟你说的话
都是我想跟你说的话,你因为我把工作都丢了
你因为我把工作都丢了,对不起
对不起,我欠你的
我欠你的,但你放心
但你放心,从今往后你的事就是我的事
从今往后你的事就是我的事,你的生活事业所有的一切
你的生活事业所有的一切,我管
我管,我跟你说过
我跟你说过,我真的不是因为你
我真的不是因为你,而且没有任何人让我等过谁
而且没有任何人让我等过谁,我也从来没有想过要等谁
我也从来没有想过要等谁,真的没关系
真的没关系,我来想告诉你
我来想告诉你,我已经打定主意要和我老婆离婚
我已经打定主意要和我老婆离婚,他太过分了
他太过分了,他居然他居然用录音笔把我和他说过的话全都录下来了
他居然他居然用录音笔把我和他说过的话全都录下来了,他想干什么
他想干什么,我们这么多年的夫妻
我们这么多年的夫妻,这么长时间的一段感情
这么长时间的一段感情,他居然用这种方法对付我
他居然用这种方法对付我,你来跟我倾诉你们两个之间吵架的细节吗
你来跟我倾诉你们两个之间吵架的细节吗,我就是想跟你说说话
我就是想跟你说说话,说话
说话,不然我跟谁去说
不然我跟谁去说,你太太怎么对你不关我的事
你太太怎么对你不关我的事,我也没有兴趣掺和到你们夫妻之间去
我也没有兴趣掺和到你们夫妻之间去,我现在
我现在,已经有男朋友了
已经有男朋友了,你信不信我无所谓的
你信不信我无所谓的,但是我现在没有任何时间可以陪你说话
但是我现在没有任何时间可以陪你说话,我希望你可以从我家离开
我去医院了,你生病了
我去看看他,什么病严重吗
什么病严重吗,噔噔瞪
噔噔瞪,给你拿瓶酒
给你拿瓶酒,这么多菜
这么多菜,我知道你要喝马天尼起泡酒
我知道你要喝马天尼起泡酒,顺便给你买了一瓶 红烧鱼
顺便给你买了一瓶 红烧鱼,胖子
胖子,你别误会
你别误会,他喝多了
他喝多了,我不知道他为什么会来我这儿
我不知道他为什么会来我这儿,这生日礼物啊
这生日礼物啊,我也不知道他为什么会突然的出现在我家
我也不知道他为什么会突然的出现在我家,而且还喝了这么多的酒
而且还喝了这么多的酒,要不我们出去吃吧
要不我们出去吃吧,好
好,王媛
王媛,你要是不方便
你要是不方便,咱们就改天
咱们就改天,胖子
胖子,今天是为了给你过生日
今天是为了给你过生日,怎么可以为了他改天呢
怎么可以为了他改天呢,再说我也不知道他会出现的
再说我也不知道他会出现的,他找你是不是有什么事
他找你是不是有什么事,应该没什么事
应该没什么事,反正就是喝多了糊里糊涂说了一堆的话
反正就是喝多了糊里糊涂说了一堆的话,我也没听懂
我也没听懂,你看他都这样了
你看他都这样了,要不
要不,在家吃
在家吃,如果你不介意的话
如果你不介意的话,咱们就在家吃
咱们就在家吃,你看我做了这么多的菜
你看我做了这么多的菜,一会他醒了让他走
一会他醒了让他走,我不介意 这么多菜不吃才可惜来
我不介意 这么多菜不吃才可惜来,我有点饿了要咱们先吃点菜
我有点饿了要咱们先吃点菜,对来你尝尝
对来你尝尝,好
好,好吃吗
好吃吗,辣子鸡 地道 味绝了
辣子鸡 地道 味绝了,这鱼也应该挺好
这鱼也应该挺好,凉了吧
凉了吧,没事
没事,不好意思
不好意思,胖子
胖子,又拿你当挡箭牌了
又拿你当挡箭牌了,你千万别这么讲
你千万别这么讲,能帮你做点事
能帮你做点事,其实我挺开心的
其实我挺开心的,还有今天的事
还有今天的事,都怪我
都怪我,怎么能怪你
怎么能怪你,都是我的错
都是我的错,是我不好你知道我
是我不好你知道我,行了
是不是一夜没睡,还算顺利
快过来吃早餐,这不会又是你做的
手术成功的话成功率也只有50%,还有其他办法吗
得你们家属自己决定,大夫如果是做手术的话
大夫如果是做手术的话,要多少钱
那就先这样,谢谢大夫
先走了,这医生是怎么说的
这医生是怎么说的,这手术康复的几率怎么样
这手术康复的几率怎么样,50%
50%,你是怎么想的
你是怎么想的,如果是你你会怎么办
如果是你你会怎么办,这事搁在谁身上都挺矛盾的
这事搁在谁身上都挺矛盾的,不做感觉不尽心
不做感觉不尽心,可是做 老人家又这么大年纪了
可是做 老人家又这么大年纪了,万一 其实得了这种病 情绪很重要
万一 其实得了这种病 情绪很重要,有的患者一看诊断书是绝症
有的患者一看诊断书是绝症,干脆就不治了
干脆就不治了,到处游山玩水
到处游山玩水,该吃什么吃什么就过半年回来检查好了
该吃什么吃什么就过半年回来检查好了,你说的那是极特殊的例子
你说的那是极特殊的例子,其实你已经决定了是吧
其实你已经决定了是吧,我觉得要做
我觉得要做,你看这事你要不要跟小北他们再商量一下
你看这事你要不要跟小北他们再商量一下,我从小就没爸爸
我从小就没爸爸,就这么一个妈了
就这么一个妈了,就算是10%的希望我也不会放弃
就算是10%的希望我也不会放弃,胖子
胖子,我想求你件事儿
我想求你件事儿,求什么
求什么,你说吧
你说吧,我可能要找份兼职
我可能要找份兼职,最好是晚上的
最好是晚上的,这样的话
这样的话,我可能照顾不了我妈了
我可能照顾不了我妈了,你看你要是不忙的话
你看你要是不忙的话,照顾照顾我妈行吗
照顾照顾我妈行吗,这个没问题
这个没问题,王媛
王媛,你是不是有什么心事
你是不是有什么心事,你要有心事可以跟我讲
你要有心事可以跟我讲,真的没什么
真的没什么,我就是怕我忙起来照顾不了我妈
我就是怕我忙起来照顾不了我妈,我刚才和医生聊过了
恐怕不是啥子好病,你不要胡思乱想
你不要胡思乱想,肚子里面长了个囊肿
医生咋个说吗,医生说你这个病
医生说你这个病,要是做手术的话好的快点
要是做手术的话好的快点,不过做手术也有一定的风险
啥子风险,万一
万一,万一手术做的不彻底的话
万一手术做的不彻底的话,病灶残留 有恶化的可能 是可能啊
你该不是不想花钱给妈妈做手术,妈你想到哪去了
妈你想到哪去了,我这不是
我这不是,在征求你的意见
那就做嘛,我们就做
你在哪呢,我在北京写剧本
那你什么时候回来,明天吧 改完就回来
明天吧 改完就回来,怎么了
怎么了,有事啊
明儿见,万婕 你好
万婕 你好,我是王媛
你有事吗,我就直说了
我就直说了,我想请你帮我个忙
有什么事直说,是这样
是这样,我老家来了个朋友想找份工作
我老家来了个朋友想找份工作,晚上的 你看你有没有什么合适的介绍的
你的朋友 长的怎么样,长得还行吧
身材喝酒怎么样,能喝一点
卖酒去吧,我找了份兼职
我找了份兼职,待会儿得去面试
待会儿得去面试,什么工作
什么工作,这都几点了
这都几点了,你还去面试
你还去面试,我给一个夜校上外语课
我给一个夜校上外语课,今天可能还要试讲一节
今天可能还要试讲一节,夜校 辛不辛苦
夜校 辛不辛苦,晚上上课得上到几点去
晚上上课得上到几点去,每天两节课
每天两节课,下课
下课,怎么着得12点多了
怎么着得12点多了,我看还是算了
我看还是算了,这挺辛苦的
这挺辛苦的,这工作的事也不能着急
这工作的事也不能着急,你要是着急用钱
你要是着急用钱,我这有你就跟我讲就行
我这有你就跟我讲就行,这有什么辛苦的
这有什么辛苦的,每天就几个小时
每天就几个小时,这比上班时间短多了
这比上班时间短多了,关键是
关键是,我要是去上这个课
我要是去上这个课,我晚上就没有时间照顾我妈了
我晚上就没有时间照顾我妈了,我打算找个陪护
我打算找个陪护,你一会帮我留意一下
你一会帮我留意一下,不是 你花这钱干嘛
不是 你花这钱干嘛,我闲着也没事
我闲着也没事,晚上有我在不就行了吗
晚上有我在不就行了吗,这怎么行
这怎么行,我妈这并不是一天两天的事
我妈这并不是一天两天的事,你这段时间在这忙里忙外的已经很辛苦了
你这段时间在这忙里忙外的已经很辛苦了,你说这不就见外了
你说这不就见外了,这不是不见外的事
这不是不见外的事,这是两码事
这是两码事,这事就这么定了
这事就这么定了,你赶紧面试去
你赶紧面试去,不是胖子我
不是胖子我,快去吧
快去吧,快走吧
快走吧,迟到了
迟到了,行
行,这几天先这样
这几天先这样,等我妈手术完以后我再请陪护好吧
等我妈手术完以后我再请陪护好吧,辛苦你了
辛苦你了,对了
对了,我妈这个人她嘴上不饶人
我妈这个人她嘴上不饶人,你可得多担待点
你可得多担待点,实际上老人家说两句又少不了几块肉
实际上老人家说两句又少不了几块肉,再说生病了
再说生病了,我晚上就不过来了
我晚上就不过来了,我一大早过来替你好吗
我一大早过来替你好吗,这就对了
这就对了,下课以后赶紧休息
下课以后赶紧休息,这不有我的吗
这不有我的吗,我先走了
以前干过吗,没有
以前是干什么的,做销售的
不想做的再深一点,什么叫做得再深一点
那不容易破坏社会稳定了,违法犯罪的事我不做的
你要有这个思想准备,我明白
在这里客人永远是对的,晓雯
姐姐不打扰你吧,不打扰
不打扰,进来吧
你写的可真快,杨总怎么说
我们俩都挺满意的,太好了
太好了,晓雯 你找我有事
我想跟你聊聊,行
行,那你坐吧
你一定有些看不上我,为什么会这么说
你是不是觉得像我这么小的年纪就这么豁得出去,我有一个好朋友他也在北京
我有一个好朋友他也在北京,不过不是你娱乐圈的
不过不是你娱乐圈的,他的情况跟你有些像
他的情况跟你有些像,不过我从来没有觉得看不起他
不过我从来没有觉得看不起他,甚至有些时候我觉得我挺崇拜他的
甚至有些时候我觉得我挺崇拜他的,说白了现在的人都是用自己的某一部分在和别人的某一部分在交往
说白了现在的人都是用自己的某一部分在和别人的某一部分在交往,只不过有的人用真情
只不过有的人用真情,有的人用假意
有的人用假意,没有谁比谁更高尚
你真这么觉得,咱俩素昧平生
咱俩素昧平生,我有必要骗你吗
我请你吃宵夜去吧,今晚 今晚不行
今晚 今晚不行,我约了个朋友
我约了个朋友,我刚刚跟你说的
我刚刚跟你说的,要不这样
要不这样,咱俩下次
咱俩下次,等你大红大紫了
等你大红大紫了,肯定有很多人要请你吃宵夜
肯定有很多人要请你吃宵夜,你到时候一定给我插个队
我先走了,好
好,再见晓雯
但是我真没想到樊斌也是这样的,所以我觉得婚姻就是爱情的坟墓
但是话说回来能够入土为安的婚姻总比暴尸街头强,万姐
万姐,你有没有想过以后的日子
你有没有想过以后的日子,有没有想过上岸
昨天王媛给我打电话了,王媛给你打电话了
王媛给你打电话了,干嘛
你说现在这帮老板一点敬畏心都没有,怎么了
你是不是很少来酒吧,我当然很少来
我当然很少来,你是不是常来啊
我才不常来,有一个同事家里有急事
有一个同事家里有急事,让我帮他换个夜班
你不许走,已经答应人家了
已经答应人家了,不去不合适
你再陪我喝两杯,喝一杯
你走吧,啊
岂不是 你到了医院给我打电话,好 你少喝点 早点回家
你走了我就走了,来 抱
我先上个洗手间,王媛来
王媛来,吃点早饭吧
吃点早饭吧,我吃不下
我吃不下,王媛
王媛,晚上工作你别去了
晚上工作你别去了,太熬人了
太熬人了,没事儿
没事儿,我昨天讲了一晚上挺好的
我昨天讲了一晚上挺好的,王媛
王媛,我刚才查了一下
我刚才查了一下,里面还有点钱
里面还有点钱,密码我改过了
密码我改过了,是你生日
是你生日,胖子
胖子,我不能收您的钱
我不能收您的钱,你就拿着吧
你就拿着吧,不是应急吗
不是应急吗,再说我也没地方花钱
再说我也没地方花钱,这点钱够你跟阿姨用一阵了
这点钱够你跟阿姨用一阵了,那工作你别去了
那工作你别去了,有你这样的吗 求着要借钱给别人
有你这样的吗 求着要借钱给别人,你不是着急用钱
你不是着急用钱,我真不用赶紧收起来
我真不用赶紧收起来,你照顾我妈
你照顾我妈,我都不知道该怎么感谢你呢
我都不知道该怎么感谢你呢,我现在这工作挺好
我现在这工作挺好,能挣点钱
能挣点钱,再说小北跟文静偷偷往我卡里打了钱
再说小北跟文静偷偷往我卡里打了钱,我目前够用
我目前够用,可是天天晚上看你这样
可是天天晚上看你这样,我是不忍心
我是不忍心,没事
没事,习惯就好了
习惯就好了,我白天可以抽空眯一会儿
我白天可以抽空眯一会儿,等我实在缺钱的时候
等我实在缺钱的时候,我再管你要行吗
我再管你要行吗,赶紧收起来
赶紧收起来,快点
快点,对了
对了,关于阿姨的病我查了一些资料
关于阿姨的病我查了一些资料,其实很多人不建议淋巴癌做手术放化疗
其实很多人不建议淋巴癌做手术放化疗,说这样容易扩散和转移
说这样容易扩散和转移,反倒很多人建议用中医的保守治疗
反倒很多人建议用中医的保守治疗,这样愈后不容易复发
这样愈后不容易复发,我妈也想要做手术
我妈也想要做手术,决定能不能别太仓促了
决定能不能别太仓促了,你再考虑考虑
你再考虑考虑,我妈这病不能再拖了
我妈这病不能再拖了,必须要做手术
必须要做手术,我还是那句话
我还是那句话,只要有一线希望
只要有一线希望,我也得试一下
我到处找你呢,你找我干嘛
昨天晚上我是跟韩文静在这喝酒 可我喝,我已经签了 你也签吧
小北 你听我说,我这几天会出去住
我这几天会出去住,你别去我爸我妈家找我
你别去我爸我妈家找我,我也不会在我妈那 离婚的事儿
我也不会在我妈那 离婚的事儿,一个字都别提
你听我说呀,不用说了
不用说了,这不可能
这不可能,我不相信
我不相信,这里面肯定有误会
这里面肯定有误会,我也希望是我看错了
我也希望是我看错了,文静 他怎么可能啊
文静 他怎么可能啊,我一直觉得韩文静说话虽然刻薄了一点
我一直觉得韩文静说话虽然刻薄了一点,但办事还是挺靠谱的
但办事还是挺靠谱的,性格嚣张
性格嚣张,但人是善良的
但人是善良的,我真傻
我真傻,韩文静平时虽然是咋咋呼呼的
韩文静平时虽然是咋咋呼呼的,可是他是一个挺有原则的人
可是他是一个挺有原则的人,而且他特别懂得去体谅别人
而且他特别懂得去体谅别人,现在我不这么想了
现在我不这么想了,他在我这的印象彻底被推翻了
他在我这的印象彻底被推翻了,怎么可能呢
怎么可能呢,你知道我为什么不能原谅他
你知道我为什么不能原谅他,喂
喂,你别收拾了
你别收拾了,一会我来收拾 你吃饭吧
一会我来收拾 你吃饭吧,我没胃口
我没胃口,你别把自己给饿出病来
你别把自己给饿出病来,坐下
坐下,离婚的事儿
离婚的事儿,你不要急着做决定
你不要急着做决定,还是再好好想想
还是再好好想想,就这么定了
就这么定了,你们两个好不容易结的婚就这么离了
你们两个好不容易结的婚就这么离了,这次我是铁了心了
这次我是铁了心了,小北
小北,你不能因为一件事情而否定一个人
你不能因为一件事情而否定一个人,提他干嘛
提他干嘛,都过去了
都过去了,你吃饭 我出去一趟
你吃饭 我出去一趟,你去哪
你去哪,我上班
我上班,你现在在干什么工作
你现在在干什么工作,回头再聊
回头再聊,这段时间你就在我这好好住着
这段时间你就在我这好好住着,什么都别想
什么都别想,哪都别去
哪都别去,能睡你就去多睡会儿
能睡你就去多睡会儿,等我回来聊
等我回来聊,吃饭、吃饭
吃饭、吃饭,王媛
王媛,等等
等等,怎么回事
怎么回事,你怎么跑着卖酒来了
你怎么跑着卖酒来了,我是在这卖酒怎么了
我是在这卖酒怎么了,你是不是最近家里又碰到什么事了
你是不是最近家里又碰到什么事了,没什么
没什么,也没人逼我
也没人逼我,是我自己喜欢
是我自己喜欢,你们这房间我不做了
你们这房间我不做了,你还有事吗
你还有事吗,如果没事的话
如果没事的话,我到别的房间去了
我到别的房间去了,这酒端着挺累的
这酒端着挺累的,小北 你在这儿
小北 你在这儿,你找王媛把
你找王媛把,他在睡觉
他在睡觉,我帮你去叫他
我帮你去叫他,不用了
不用了,让他接着睡
让他接着睡,你找他有什么事
你找他有什么事,也没什么事
也没什么事,我就想过来看看他最近过得怎么样
我就想过来看看他最近过得怎么样,他最近挺不好的
他最近挺不好的,他妈生病了
他妈生病了,现在在住院
现在在住院,他又找了一份晚班的活
他又找了一份晚班的活,所以每天不是在上班
所以每天不是在上班,就是在医院照顾他妈
就是在医院照顾他妈,他妈生病了
他妈生病了,你好
你好,请问您是王媛的母亲
是,阿姨好
坐,谢谢阿姨
谢谢阿姨,我是王媛的朋友
我是王媛的朋友,听说您身体不舒服
听说您身体不舒服,过来看看您怎么样好点了吗
过来看看您怎么样好点了吗,在这还适应
是啥子关系,我们认识好多年了
我们认识好多年了,老朋友了
你干啥子工作,我开公司
大老板,阿姨 我不是大老板
阿姨 我不是大老板,我那公司很小
我那公司很小,小公司
小公司,王媛呢
她们两个出去吃饭去了,他跟谁
女朋友,这是我一点心意
这是我一点心意,请你收下
请你收下,我也不知道你喜欢吃什么
我也不知道你喜欢吃什么,您喜欢吃什么
您喜欢吃什么,让王媛给你买
不好意思,拿着吧
谢谢你了,别客气
别客气,阿姨
阿姨,这是我的名片
这是我的名片,有什么需要的话有什么麻烦尽管给我打电话
好谢谢,那行
那行,我就不打扰您休息了
我就不打扰您休息了,我先走了
我先走了,安心养病
好好,再见
媛媛 回来了,哪个来了
彭总 人家来看我 他是你朋友,他咋会晓得你在这儿
胖子呢,我让他回去睡了
这不是你想要的吗,他们俩离婚了
真的,证都已经办了
证都已经办了,你跟樊斌离婚的事儿
你跟樊斌离婚的事儿,我跟文静说了
我跟文静说了,什么时候说的事
什么时候说的事,刚才
刚才,她怎么说
她怎么说,她说 晚上和你见面谈谈
她说 晚上和你见面谈谈,你今天没事啊
你今天没事啊,陪你说说话
陪你说说话,你妈情况怎么样了
你妈情况怎么样了,做手术
做手术,医生说有风险吗
医生说有风险吗,医生也说不好
医生也说不好,只能手术切除后看情况
只能手术切除后看情况,我妈这一病我是第一次觉得后悔
我妈这一病我是第一次觉得后悔,后悔什么
后悔什么,后悔没早点把我妈接到身边来
后悔没早点把我妈接到身边来,多陪陪他
多陪陪他,北方这个气候
北方这个气候,他们说不定来了也不适应
他们说不定来了也不适应,总比见不着强
总比见不着强,你想就算我每年都能回去一次
你想就算我每年都能回去一次,每次能呆10天
每次能呆10天,10年也就100天
10年也就100天,咱们仨喝酒的时间都比这长
咱们仨喝酒的时间都比这长,不过我刚刚看阿姨气色挺好的
不过我刚刚看阿姨气色挺好的,事情已经这样了
事情已经这样了,你也别太上火
你也别太上火,能不着急上火吗
能不着急上火吗,我现在想让我妈过得好点
我现在想让我妈过得好点,想给他买点好吃的
想给他买点好吃的,他吃不下
他吃不下,想带他出去走走逛逛 她又动不了
想带他出去走走逛逛 她又动不了,我现在唯一能做的让他开心一点
我现在唯一能做的让他开心一点,尽量不惹他生气
尽量不惹他生气,是
是,老人开心比什么都重要
老人开心比什么都重要,我之前一直拖着不跟樊斌离婚
我之前一直拖着不跟樊斌离婚,也就是不想让我爸妈伤心
也就是不想让我爸妈伤心,他们还不知道
他们还不知道,这事迟早得知道
这事迟早得知道,我知道
我知道,我不就想
我不就想,能多瞒一天是一天吗
能多瞒一天是一天吗,阿姨还在上面
阿姨还在上面,你赶紧上去 我没事
我的钱呢,还了
凭啥子,本来就不该拿
你还把它拿起走,以后没有经过我的同意
以后没有经过我的同意,你不要随便收人家钱
你还把它拿走,好
好,回头一起补给你
回头一起补给你,你让一下我铺床
你让一下我铺床,你认识我吗
娜娜嘛,我是说你真认识我吗
不认识,那你干嘛总买我的酒
要不连朋友都没得做了,彭永辉
行了行了不说了,你今天怎么没去兼职
你今天怎么没去兼职,他们今天停课一天
他们今天停课一天,你现在到底在干吗
你现在到底在干吗,我不跟你说了吗 一个夜校给别人讲课
我不跟你说了吗 一个夜校给别人讲课,讲什么课
讲什么课,就是一个旅行团专做法国那条线的
就是一个旅行团专做法国那条线的,让我过去跟他们培训
让我过去跟他们培训,挣多少钱啊
挣多少钱啊,没多少钱
离婚了是不是一身轻,你要是来看笑话的
你要是来看笑话的,那就不必了
干嘛还不让进,我们俩现在都不是朋友了
我们俩现在都不是朋友了,有什么话就在这说
你要因为一个樊斌跟我绝交是吗,不然呢
不然呢,我们俩坐下来讨论讨论樊斌的床上功夫是吗
你别后悔,我后什么悔呀
就樊斌这种东西 人嫌狗不待见 送给我我都不要,小北 你没事吧
小北 你没事吧,小北
小北,要不我下楼去问问他
要不我下楼去问问他,随她去吧
随她去吧,我再也不想见她
我再也不想见她,你别这样
你别这样,我去问问他
我去问问他,你在这儿待着 我很快就回来
你在这儿待着 我很快就回来,你等我
你等我,文静
文静,你不是说找他好好谈谈 你这是干什么
他想跟我谈吗,你能不能换到他角度想一想
你能不能换到他角度想一想,如果换作是你不生气吗
他生气他活该,你怎么能这么说话
彭总来了 来 快坐,都能下床了
快坐,以后你就别老叫我彭总彭总了
以后你就别老叫我彭总彭总了,叫我小彭就行了
小彭这小彭,身体怎么样
就是这里,这不舒服
这不舒服,心脏 是现在吗
心脏 是现在吗,要不要
要不要,我去叫大夫
像咋子话吗,儿孙自有儿孙的福气
儿孙自有儿孙的福气,你老不用操心
你老不用操心,安心养病就好了
不要一天到晚都忙到工作应酬,不好意思
不好意思,麻烦你大老远跑一趟
麻烦你大老远跑一趟,我妈她误会了
我妈她误会了,你挺忙的 赶紧回去吧
你挺忙的 赶紧回去吧,我也该回去照顾我妈了
我也该回去照顾我妈了,既然都出来了
既然都出来了,也到饭点了 去吃饭吧
也到饭点了 去吃饭吧,再说了
再说了,你现在进去你妈更得误会了
你现在进去你妈更得误会了,她会生气的
她会生气的,走吧吃饭去
让你多吃点嘛,你哪来他的电话
彭总给我留的名片,拿来
拿来,给我嘛
给我嘛,以后我的事你不要管
咋个嘛,你睡会儿午觉
你睡会儿午觉,我到外面透透气
胖子 你认识彭总不,彭总
彭总,您是说彭永辉
昨天小彭跟媛媛出去吃饭去了,他们俩一起去的
要是安排一个人是不是一句话的事吗,是 阿姨 我出去趟
是 阿姨 我出去趟,有什么事您给我打电话
有什么事您给我打电话,王媛呢
我们这没有叫王媛的,对
对,他在这应该叫娜娜
换地了,怎么了
怎么了,他是不是在这出什么事了
回家种地去,好 谢谢你
公司也归你,女儿呢
所以我要跟甜甜过以前的日子去,我什么都可以给你
我什么都可以给你,我只要女儿 你考虑
以后你别想再见甜甜 也别想让甜甜叫你一声爸,只有这条路可以走
只有这条路可以走,没别的办法了吗
你自己做决定,你干嘛 电话怎么不接
你干嘛 电话怎么不接,你觉得怎么不开灯
你觉得怎么不开灯,成天在家躲着不见人 看恐怖片呢
成天在家躲着不见人 看恐怖片呢,你不是最怕鬼吗
你不是最怕鬼吗,昨天王媛来我家非得看
昨天王媛来我家非得看,看一半人走了
看一半人走了,把我一个人留家里了
把我一个人留家里了,我一晚上没敢上厕所
我一晚上没敢上厕所,干脆接着看
干脆接着看,你家怎么连水都没有
你家怎么连水都没有,恐怖片到饭吃了
恐怖片到饭吃了,这什么
这什么,你赶紧放回去
你赶紧放回去,放冰箱里安全 快快
放冰箱里安全 快快,你再看你就走火入魔了
你再看你就走火入魔了,你看你批头散发这样
你看你批头散发这样,你再看你都能演了
你再看你都能演了,不用化妆
不用化妆,我说你不至于 躲着人都不敢见
我说你不至于 躲着人都不敢见,这不见你了吗
这不见你了吗,你这婚离的是不是有点草率
你这婚离的是不是有点草率,不然怎么样
不然怎么样,我还得一哭二闹三上吊
我还得一哭二闹三上吊,我都听说了
我都听说了,男人心里面多少都有点小姨子情节
男人心里面多少都有点小姨子情节,你就说现在这女孩出生都是80年代的
你就说现在这女孩出生都是80年代的,对吧
对吧,独生子女
独生子女,所以男人的目光不由自主的要转向你们周边的闺蜜
所以男人的目光不由自主的要转向你们周边的闺蜜,这是小姨子情节的变种
这是小姨子情节的变种,瞧把你明白的
瞧把你明白的,就跟你多懂似的
就跟你多懂似的,你这婚离了感觉怎么样
你这婚离了感觉怎么样,挺好的
挺好的,哎哟
哎哟,真挺好
真挺好,真的
真的,我都不知道当初自己干嘛非得结婚
我都不知道当初自己干嘛非得结婚,就为了让我爸我妈高兴
就为了让我爸我妈高兴,我以前觉得婚姻挺简单的
我以前觉得婚姻挺简单的,就两个人搭伙一起过日子
就两个人搭伙一起过日子,一起吃饭
一起吃饭,说说话 偶尔吵吵闹闹
说说话 偶尔吵吵闹闹,可后来发现婚一结 俩人连话都没有
可后来发现婚一结 俩人连话都没有,冰凉的
冰凉的,怎么想怎么难受
怎么想怎么难受,樊斌找过你吗
樊斌找过你吗,离婚以后樊斌给我打的电话
离婚以后樊斌给我打的电话,比这些年加起来还多
比这些年加起来还多,说什么
说什么,除了嘘寒问暖
除了嘘寒问暖,假装表示关心以外
假装表示关心以外,时不时转弯抹角的就打听我跟你的进展
时不时转弯抹角的就打听我跟你的进展,经常打着打着电话就说一句
经常打着打着电话就说一句,你跟李理最近怎么样
你跟李理最近怎么样,你怎么说
你怎么说,我一开始还说实话
我一开始还说实话,后来问烦了
后来问烦了,我干脆就告诉他
我干脆就告诉他,联系 总联系 我们俩都同居了
联系 总联系 我们俩都同居了,你这不是成心的吗
彭总 您在呀,早上送孩子上学校
早上送孩子上学校,所以提前过来了
所以提前过来了,怎么了
您看一下,谢谢
那我工作去了 彭总,行了 这些东西够你吃一个礼拜的了
行了 这些东西够你吃一个礼拜的了,这些碟片我先拿回去看
这些碟片我先拿回去看,要不你陪我出去转转
要不你陪我出去转转,我不想见人
我不想见人,不想见人
不想见人,对了
对了,我这两天回趟老家 有一样东西不方便带
我这两天回趟老家 有一样东西不方便带,先放你这几天
先放你这几天,我一会找人给你送过来
我一会找人给你送过来,什么东西啊
什么东西啊,送过来你不就知道了吗
送过来你不就知道了吗,周芳
周芳,我想清楚了
我想清楚了,咱们以后好好过
咱俩就算离婚,咱们
咱们,别当着孩子的面说这些事好不好
你还知道有孩子,周芳
周芳,以后约法三章
以后约法三章,谁也不许在家里提离不离婚的事情
谁也不许在家里提离不离婚的事情,尤其是不能当着孩子的面儿
尤其是不能当着孩子的面儿,这样会伤害到他
是谁在伤害这个家,咱俩就不能心平气和的聊聊天
咱俩就不能心平气和的聊聊天,干嘛非得吵架
你昨天去哪了,我睡在办公室了
谁能证明,没人能证明
我就知道,周芳 有一件事情我一直搞不清楚
周芳 有一件事情我一直搞不清楚,我到底做错了什么
我到底做错了什么,让你这么猜疑我
你自己知道,我知道
我知道,我知道我自己从来没有做过任何对不起你和对不起家庭的事情
臭鸡蛋,周芳你看看你自己现在的言行举止
周芳你看看你自己现在的言行举止,简直就像一个村妇
看不顺眼你滚,所有家长电话都打过了
甜甜,别哭了
别哭了,别哭
别哭,放心
放心,不会有事的
不会有事的,别哭了
别哭了,我们现在赶紧想一想
我们现在赶紧想一想,我们赶紧想一想
我们赶紧想一想,孩子有可能去哪儿
我害怕,不会得
不会得,周芳
周芳,是不是就是因为我们平时很少带他出去玩
是不是就是因为我们平时很少带他出去玩,所以他一个人出去玩了
所以他一个人出去玩了,我们现在想想他最有可能去哪去
你就别给我回来,你这有车不开
你这有车不开,每天陪我走路上班
每天陪我走路上班,快走烦了吧
没有,拌我干吗
晓峰,怎么听着这么别扭
怎么听着这么别扭,你平时不是叫我成医生的吗
周五出去喝一杯,喝酒
以后常来,挺奇怪的
挺奇怪的,挺奇怪的今儿
以前没来过,没有 我很少泡吧的
把鞋换了,妈睡了
坐下,我不吃了
吃一口,真不想吃
你心情不好,没什么
没什么,最近有一个同事有点不太正常
什么意思,同性恋
太正常了,关键他觉得我也是
为什么觉得你也是,我怎么知道最近医院的人见了我的态度都特别奇怪
我怎么知道最近医院的人见了我的态度都特别奇怪,以前都特别尊敬
现在,说不上来
说不上来,是不是
是不是,他们觉得我跟他一样
我是你女朋友,说不定就是因为他们知道我有女朋友才这么看我
说不定就是因为他们知道我有女朋友才这么看我,你想你都这样了
你想你都这样了,你还有女朋友
你还有女朋友,你这不是祸害人家姑娘的吗
你这不是祸害人家姑娘的吗,是吧
还说什么,说这些还不够吗
出来的,我怎么会知道
我怎么会知道,不是
不是,我总不能挨个去问
我总不能挨个去问,倒显得我气急败坏
你缺钱 缺成这样,我就是缺钱
缺钱也不能到夜场来卖酒,我卖酒怎么了
我卖酒怎么了,我杀人放火了
我杀人放火了,我坑蒙拐骗了
拿着,我不要
我不要,怎么回来了
怎么回来了,这两天过得怎么样
这两天过得怎么样,挺好的
挺好的,我来接狗的
我来接狗的,你怎么那么快就回来了
你怎么那么快就回来了,你不是要走好几天吗
你不是要走好几天吗,我着急
我着急,我怕你们俩互相虐待
我怕你们俩互相虐待,起名了吗
起名了吗,起了
起了,叫小七
叫小七,小七
小七,走吧
走吧,小七
小七,他还没吃饭
他还没吃饭,吃饭了啊
吃饭了啊,来
来,小七
小七,李理. 咱俩认识多长时间了
李理. 咱俩认识多长时间了,问这干嘛
问这干嘛,得有七八年了
得有七八年了,李理要不这样
李理要不这样,咱们俩各养一个星期
咱们俩各养一个星期,那不行 你太残忍了
那不行 你太残忍了,小七跟爸妈离婚了似的
小七跟爸妈离婚了似的,多可怜
多可怜,你要怎么办
你要怎么办,要不然你跟小七都去我那
要不然你跟小七都去我那,你方便我也方便
你方便我也方便,你还想人狗两得
你还想人狗两得,怎么的
怎么的,狗都送给你了
狗都送给你了,出来陪我转转
出来陪我转转,你就那么不愿意
你就那么不愿意,没有
没有,愿意
愿意,我就好久没出门了
我就好久没出门了,出来的有点不太适应
出来的有点不太适应,不是 你不至于
不是 你不至于,我不在大连这段时间连门都不敢出
我不在大连这段时间连门都不敢出,你是不是觉得自己离婚了没脸见人
你是不是觉得自己离婚了没脸见人,走在马路上看见谁都想起来自己失败的婚姻特自卑
走在马路上看见谁都想起来自己失败的婚姻特自卑,是吧
是吧,其实那条狗本来就是送给你的
其实那条狗本来就是送给你的,你为什么送我狗啊
你为什么送我狗啊,怕你一个人在家呆着想瞎想
怕你一个人在家呆着想瞎想,想哭就别忍着
想哭就别忍着,哭吧
哭吧,好了
好了,没事了
没事了,吓着你了吧
吓着你了吧,没有
没有,比起那天在我们家 这哪
比起那天在我们家 这哪,哪算吓人
哪算吓人,哭够了
哭够了,差不多了
差不多了,见你哭的人特少吧
见你哭的人特少吧,除了我父母
除了我父母,还有几个
还有几个,不过都不是人
不过都不是人,骂我呢
骂我呢,我没骂人
我没骂人,又哭又笑 丢人啊
又哭又笑 丢人啊,行了
行了,我真后悔把你带上来
我真后悔把你带上来,多亏周围没人
多亏周围没人,要不然以为我劫持精神病院了
要不然以为我劫持精神病院了,你跟韩文静和好没
你跟韩文静和好没,你别跟我提韩文静
你别跟我提韩文静,谁要再劝我跟他和好
谁要再劝我跟他和好,我就跟谁绝交
我就跟谁绝交,气这么大
气这么大,越生气越证明你在乎他
越生气越证明你在乎他,李理你以为你是我什么人
李理你以为你是我什么人,随便把我拉出来一个地方就开始教训我跟韩文静怎么着
随便把我拉出来一个地方就开始教训我跟韩文静怎么着,我跟樊斌怎么着
我跟樊斌怎么着,那是我自己的事儿
那是我自己的事儿,你以为你谁
你以为你谁,这个问题本来我想先提
这个问题本来我想先提,既然你说了
既然你说了,是这样
是这样,周小北从今天开始你就是我女朋友了
周小北从今天开始你就是我女朋友了,反正你现在也没人要了
反正你现在也没人要了,我就先接手过来
我就先接手过来,我先照顾一段时间
我先照顾一段时间,我就当扶贫了
我就当扶贫了,照顾你要觉得好就继续
照顾你要觉得好就继续,你要觉得不好
你要觉得不好,你愿意跟谁 跟我也没关系
你愿意跟谁 跟我也没关系,不过你看你现在还有人样吗
不过你看你现在还有人样吗,你敢转过来看着我的眼睛再说一遍吗
你敢转过来看着我的眼睛再说一遍吗,这样
这样,跑什么
跑什么,这样够近吗
这样够近吗,周小北你听好了
周小北你听好了,从今天开始不管你愿意不愿意
从今天开始不管你愿意不愿意,我就是你男朋友了
我就是你男朋友了,你就是我女朋友
你就是我女朋友,清楚了吗
清楚了吗,没清楚
没清楚,我再清楚一点
我再清楚一点,能耐哪去了
能耐哪去了,那天在我们家脱得给我吓坏了
那天在我们家脱得给我吓坏了,前尘往事
前尘往事,如梦似幻
如梦似幻,想起来还挺后悔的
想起来还挺后悔的,人生在世
人生在世,全靠健忘
胖子你怎么在这儿,是 你怎么也在这
是 你怎么也在这,身体不舒服
你干嘛,王媛他妈不是要手术了吗
王媛他妈不是要手术了吗,我心里老觉得不踏实
我心里老觉得不踏实,所以我来这咨询一下
所以我来这咨询一下,看咱们中医有什么办法没有
行啊你 二十四孝女婿,你别乱说
你别乱说,小庄
小庄,小庄
别碰我,你干嘛躲着我
不想再见到你,不至于吧
不至于吧,虽然我们分手了
虽然我们分手了,就算做不了朋友也不见得是敌人了
就算做不了朋友也不见得是敌人了,再说我在你眼里就这么吓人吗
再说我在你眼里就这么吓人吗,怎么样
怎么样,你最近
你最近,过得好吗
不好,当初可是你一句话没跟我说就分手了
当初可是你一句话没跟我说就分手了,我都没有机会去问你
还好意思问我,算了
算了,都过去了不说了
都过去了不说了,你现在已经有新男朋友了
是你有新的男朋友了吧,我
猜对了对吧,怪不得最近医院所有的人见我的眼神都不对
怪不得最近医院所有的人见我的眼神都不对,原来是你跟他们说了什么
我没有,你怎么在这
你怎么在这,你是不是去找中医了
你是不是去找中医了,你怎么知道
你怎么知道,文静告诉我的
文静告诉我的,我主要是咨询一下中医的治疗方法
我主要是咨询一下中医的治疗方法,老中医说可以用保守治疗
老中医说可以用保守治疗,这样病人的痛苦少
这样病人的痛苦少,经济上也好承受
经济上也好承受,你不要再去咨询了
你不要再去咨询了,我都已经决定的事情了
我都已经决定的事情了,你为什么非要反对我
你为什么非要反对我,主要想看一看哪种方式更稳妥
主要想看一看哪种方式更稳妥,我建议你试一试
我建议你试一试,要是实在不行咱们再说
要是实在不行咱们再说,实在不行我妈还在吗
实在不行我妈还在吗,我不是这意思
我不是这意思,我的意思是
我的意思是,我不相信中医能够治好我妈的病
我不相信中医能够治好我妈的病,韩文静 咱们俩在一起这么久
韩文静 咱们俩在一起这么久,我成晓峰有没有对不起你的地方
你可不能听信什么谣言,就算是谣言
谁都不能动摇我们俩,韩文静
韩文静,你不装能死
你不装能死,我装什么了
你这哪根筋搭错了,你到底还想我耍到什么时候
你到底还想我耍到什么时候,我喜欢男人是吧
我喜欢男人是吧,我跟你结过婚对吗
你这都听谁说的,你还好意思问我听谁说的
是掌握在少数人手里的,我真没想到你会做出这样的事情
我真没想到你会做出这样的事情,你简直就是卑鄙无耻
你简直就是卑鄙无耻,你过分你
这个人简直就是造谣诽谤,要想人不知你除非己莫为
不是 你要听我解释,你有什么好解释的
你有什么好解释的,我就问你
我就问你,这些事情到底是不是你做的
是,行了
倒霉,小北
小北,小北我正找你呢
小北我正找你呢,我这不来跟你坦白来了吗
我这不来跟你坦白来了吗,坦白什么
坦白什么,我跟李理在一起了
我跟李理在一起了,怎么了
怎么了,这不是模仿你的做事风格吗
这不是模仿你的做事风格吗,先斩后奏
先斩后奏,不是 我找你不是因为这事 
不是 我找你不是因为这事 ,那是什么事
那是什么事,韩文静给我打电话说他跟成晓峰分手了
韩文静给我打电话说他跟成晓峰分手了,跟我有什么关系吗
跟我有什么关系吗,他在电话里对我一通嚷嚷
他在电话里对我一通嚷嚷,说什么一定要卷土重来
说什么一定要卷土重来,要嫁给成晓峰让你看看
要嫁给成晓峰让你看看,让我看看
让我看看,跟我有半毛钱关系
跟我有半毛钱关系,他就这么说的 他还说 
他就这么说的 他还说 ,还说什么
还说什么,韩文静我还没追究你跟樊斌上床的事
韩文静我还没追究你跟樊斌上床的事,你别给我蹬鼻子上脸得寸进尺
谁让你不听我解释的,你有什么好解释的
你有什么好解释的,我亲眼都看见了
亲眼看见的也不一定是真的,我不相信我看见的
我不相信我看见的,我相信你 我和你相处这么多年
我相信你 我和你相处这么多年,我真没发现你就是个两面三刀的东西
到头来还不因为个贱男人误会我跟我绝交,你好意思说吗
你好意思说吗,你都跟樊斌上床 都被捉奸在床了
你都跟樊斌上床 都被捉奸在床了,这人不要脸天下无敌
你跟成晓峰告的密,成晓峰跟你分手就对啦
成晓峰跟你分手就对啦,小北
小北,人家刚才文静要给跟你解释
人家刚才文静要给跟你解释,你为什么不听
你为什么不听,你别再跟我提韩文静了
你别再跟我提韩文静了,不提
不提,那提李理 说说怎么突然跟他好
那提李理 说说怎么突然跟他好,他对我好
他对我好,怎么对你好了
怎么对你好了,他送我狗
他送我狗,笑什么呢
笑什么呢,都说要么找一男朋友
都说要么找一男朋友,要么就养条狗
要么就养条狗,你倒好两样都占了
你倒好两样都占了,我现在觉得狗挺好的
我现在觉得狗挺好的,至少不会背地里害人
至少不会背地里害人,不像韩文静
不像韩文静,谁说不提他的
谁说不提他的,你也别这么说文静
你也别这么说文静,归根结底这伤害你的人是樊斌
归根结底这伤害你的人是樊斌,我可告诉你
我可告诉你,你别为了气樊斌才跟李理好
你别为了气樊斌才跟李理好,你别以己推人
你别以己推人,我跟李理跟你跟胖子不一
我跟李理跟你跟胖子不一,你跟胖子怎么样
你跟胖子怎么样,就那样
就那样,他对我太好了
他对我太好了,其实有时候我也想对他好一点
其实有时候我也想对他好一点,可就是不知道该怎么做
可就是不知道该怎么做,你这明显的是带着补偿得心理谈恋爱
你这明显的是带着补偿得心理谈恋爱,也许 我们俩算是谈恋爱吗
也许 我们俩算是谈恋爱吗,你跟胖子聊聊
你跟胖子聊聊,再说
再说,我觉得我们两个人根本就聊不到一块去
我觉得我们两个人根本就聊不到一块去,有很多观点也不一样
有很多观点也不一样,你就说我妈这事
你就说我妈这事,我都已经决定给我妈做手术了
我都已经决定给我妈做手术了,他为什么要背着我去找中医呢
他为什么要背着我去找中医呢,人家还不是关心你吗
人家还不是关心你吗,明白 其实我知道这样对胖子确实很不公平
明白 其实我知道这样对胖子确实很不公平,可是我控制不了自己
可是我控制不了自己,我这段时间
我这段时间,好
好,心里特别烦
心里特别烦,怎么了
怎么了,看你情绪不高涨
看你情绪不高涨,是不是最近太累了
是不是最近太累了,心里有点闷
心里有点闷,是不是还是因为王媛她妈要不要做手术的事
是不是还是因为王媛她妈要不要做手术的事,其实我老觉得王媛决定给他妈做手术
其实我老觉得王媛决定给他妈做手术,有点仓促
有点仓促,人家毕竟不是你亲妈
人家毕竟不是你亲妈,再说了手术的结果
再说了手术的结果,我们谁也不能预料怎么样
我们谁也不能预料怎么样,王媛就是想尽份孝心
王媛就是想尽份孝心,我特别能理解他
我特别能理解他,王媛今天
王媛今天,把我给骂了
把我给骂了,人都是冲自己最亲近的人才发火
人都是冲自己最亲近的人才发火,真的
真的,当然了
当然了,你平时见过王媛冲谁发火吗
你平时见过王媛冲谁发火吗,还真见过
还真见过,谁
谁,彭永辉
彭永辉,不一样
不一样,肯定是真生气了
肯定是真生气了,他对你吧最多是一种情绪上的宣泄
他对你吧最多是一种情绪上的宣泄,一种依赖
一种依赖,知道吧
知道吧,王媛她妈马上就要做手术了
王媛她妈马上就要做手术了,他心情肯定特别压抑
他心情肯定特别压抑,就让着点他
就让着点他,其实我也知道他工作忙压力也大
其实我也知道他工作忙压力也大,我也是人我也有情绪
我也是人我也有情绪,你有情绪就冲我发
你有情绪就冲我发,你我可不敢
你我可不敢,那就得了
那就得了,这就是你找的工作
这就是你找的工作,彭永辉知道
彭永辉知道,知道
知道,他有一次带客户去喝酒碰上
他有一次带客户去喝酒碰上,你为什么不告诉我呢
你为什么不告诉我呢,我这事谁都没告诉
我这事谁都没告诉,小北跟文静都不知道
小北跟文静都不知道,有困难可以跟大家讲
有困难可以跟大家讲,大家可以帮你出主意
大家可以帮你出主意,你干嘛自己死扛呢
你干嘛自己死扛呢,我自己能解决的问题
我自己能解决的问题,我不会找任何人帮忙
我不会找任何人帮忙,我不想麻烦
我不想麻烦,我又不是别人
我又不是别人,你也瞧不起我卖酒是吧
你也瞧不起我卖酒是吧,我不是这意思
我不是这意思,你愿意干什么我都支持你
你愿意干什么我都支持你,可是卖酒是你愿意的吗
可是卖酒是你愿意的吗,人生不如意十之八九
人生不如意十之八九,哪有那么多愿意不愿意的
哪有那么多愿意不愿意的,这活你别干了
这活你别干了,阿姨的医药费我出
阿姨的医药费我出,我最不喜欢听的就是这种口气
我最不喜欢听的就是这种口气,什么这个你别干了那个你别干了
什么这个你别干了那个你别干了,我连选择自己想干的权利都没有吗
我连选择自己想干的权利都没有吗,既然你已经知道了
既然你已经知道了,我也没必要再瞒你
我也没必要再瞒你,我卖酒 这是我目前赚钱最快的一种办法
我卖酒 这是我目前赚钱最快的一种办法,胖子
胖子,你能帮我照顾我妈
你能帮我照顾我妈,就已经足够了
就已经足够了,我不需要你再做任何事情
我不需要你再做任何事情,还没睡
我能睡着,几个哥们喝酒打起来了
几个哥们喝酒打起来了,我去看一眼
没事吧,没事
没事,不是说不让你来找我吗
不是说不让你来找我吗,这个给你
这个给你,你这又是干什么
你这又是干什么,这是你上次赔的医药费
这是你上次赔的医药费,他还回来了
他还回来了,你不相信你可以打电话问他
你不相信你可以打电话问他,我那朋友酒醒之后
我那朋友酒醒之后,觉得很对不起你
觉得很对不起你,他想让我当面向你赔礼道歉
他想让我当面向你赔礼道歉,算了都过去了
算了都过去了,王媛 过去这段时间是我不好
王媛 过去这段时间是我不好,我原本是想帮你的忙
我原本是想帮你的忙,结果帮的全是倒忙
结果帮的全是倒忙,给你添了很多麻烦
给你添了很多麻烦,对不起
对不起,不管怎么说
不管怎么说,我们还是朋友 以后
我们还是朋友 以后,只要有我能帮得到你的地方
只要有我能帮得到你的地方,你尽管开口我尽量做到
你尽管开口我尽量做到,不帮倒忙好吗
不帮倒忙好吗,谢谢
谢谢,我先走了
我先走了,甜甜玩多开心
我也很开心,老婆
老婆,以前我对你和甜甜关心的都不够
以前我对你和甜甜关心的都不够,对不起
对不起,我一直以为作为一个男人
我一直以为作为一个男人,最重要的任务就是要挣钱
最重要的任务就是要挣钱,只要赚够了足够的钱
只要赚够了足够的钱,有了经济基础
有了经济基础,家庭一定会幸福的
家庭一定会幸福的,现在看来我的想法太简单了
我也有很多做的很过分的地方,老婆
老婆,真的
真的,咱两以后别闹了好不好
咱两以后别闹了好不好,太累人了
太累人了,我跟那个王媛我们俩之间什么关系都没有
我跟那个王媛我们俩之间什么关系都没有,我就是觉得这个小姑娘挺不容易的
我就是觉得这个小姑娘挺不容易的,而且我的心里
而且我的心里,确实有一个特别奇怪的心理
确实有一个特别奇怪的心理,我总想去帮帮他就这么简单
你还生气,生什么气呀
你听我解释,还有什么好解释的
还有什么好解释的,韩文静
韩文静,你对你最好的
你对你最好的,朋友都能这样 对别人能怎么样
朋友都能这样 对别人能怎么样,可想而知
再说 我跟樊斌什么事都没有,那你对小庄的手段我也领教了
那你对小庄的手段我也领教了,令人发指
我怎么知道这个玩笑会对你们造成那么大的影响,别说了行吗
别说了行吗,韩文静
韩文静,之前我对你是半点都不了解
之前我对你是半点都不了解,现在我可是对你一清二楚
现在我可是对你一清二楚,你就是属于那种为了达到目的不择手段的人
再说我这么做都是因为 都是因为我喜欢你,行了
行了,我真不敢当
我真不敢当,像你这种满嘴谎言的人
像你这种满嘴谎言的人,千万不要轻易说出喜欢两个字
你当初不是跟我说你喜欢我吗,现在不是了
现在不是了,你所做的一切
你所做的一切,让我觉得不齿
让我觉得不齿,好好 轻点
好好 轻点,键盘都让你给敲瘪了
键盘都让你给敲瘪了,还为韩文静的事生气
还为韩文静的事生气,别给我提韩文静
别给我提韩文静,你说他是不是有病
你说他是不是有病,她自己跟成晓峰分手
她自己跟成晓峰分手,说我告的密
说我告的密,说我给搅黄的
说我给搅黄的,我还没追究他跟樊斌 凭什么说我 这不是疯狗吗
我还没追究他跟樊斌 凭什么说我 这不是疯狗吗,你们这是
你们这是,狗咬狗嘛
狗咬狗嘛,不许骂狗
不许骂狗,再给我倒一杯
再给我倒一杯,别生气
别生气,看什么
看什么,你看那房顶上那些纹路像不像一张张蜘蛛网
你看那房顶上那些纹路像不像一张张蜘蛛网,悄无声息
悄无声息,把这个房间发生的所有猫腻全看在眼里
把这个房间发生的所有猫腻全看在眼里,这墙该刷了
这墙该刷了,都裂了
都裂了,你现在是思虑过度
你现在是思虑过度,你现在把自己弄到死胡同里了
你现在把自己弄到死胡同里了,当务之急 马上别写了
当务之急 马上别写了,跟我出去转转
跟我出去转转,你去吧
你去吧,我不想去
我不想去,你写不出来就现在别写了
你写不出来就现在别写了,时间也不早了
时间也不早了,你早点回去
你早点回去,我想一个人待会
我想一个人待会,真不出去
真不出去,听话别写了
听话别写了,早点休息
早点休息,走了
我有话想跟你说,我最讨厌借酒装疯
小北,你怎么还有钥匙
你怎么还有钥匙,咱两出去庆祝一下
咱两出去庆祝一下,咱们两个人一人一杯奶茶
咱们两个人一人一杯奶茶,再来一盒甜甜圈怎么样
咱们再来一笼小笼包,好
你吃,你吃吧莹莹
我就活得不用那么斤斤计较了,要不你考试试
就变成理所当然的了,我也是
我也是,我妈今天刚跟我说说给我买了几件秋装
我妈今天刚跟我说说给我买了几件秋装,我都没敢吱声
我都没敢吱声,你也别太难过了
你也别太难过了,等你通过了注会考试就会不一样了
等你通过了注会考试就会不一样了,到时候月薪起码
到时候月薪起码,翻倍
情何以堪,我查查这是什么
好看死了,我倒是没看出来是什么牌子的
我倒是没看出来是什么牌子的,但我认出他那包上的毛球了
但我认出他那包上的毛球了,那毛球是芬迪的
那毛球是芬迪的,我妈也有个那个牌子的包 可贵了
我妈也有个那个牌子的包 可贵了,不过能送这么好的巧克力
不过能送这么好的巧克力,别的东西肯定也便宜不了
太没节操了我,可不是 我就刚才听他们说那些话
可不是 我就刚才听他们说那些话,我心里挺不高兴的
我心里挺不高兴的,不过我看到小曲那么热情的跟咱打招呼
不过我看到小曲那么热情的跟咱打招呼,我顿时就不生气了
我顿时就不生气了,再说了还有这么好吃的巧克力
再说了还有这么好吃的巧克力,再来一个
就我和你妈两个人住怪冷清的,爸爸你坐会好不好
爸爸你坐会好不好,唠唠叨叨的没完
唠唠叨叨的没完,这房子哪有你说这么不好
这房子哪有你说这么不好,我一个人住这么大房子完全够住
我一个人住这么大房子完全够住,再说了哪有长我这么大的孩子还跟父母住在一起的
再说了哪有长我这么大的孩子还跟父母住在一起的,我是回来工作的
我是回来工作的,就得自己养活自己
就得自己养活自己,对吧
对吧,我这么大了
我这么大了,还仗着你跟我妈买别墅
还仗着你跟我妈买别墅,那不打我自己嘴吗
可是爸爸舍不得你这个宝贝女儿吃苦,人家哪有这
人家哪有这,么娇气
么娇气,俗话说得好
俗话说得好,有多大本事
有多大本事,享多大的福
享多大的福,要想花钱就得是自己赚的
要想花钱就得是自己赚的,什么事啊
你是回来帮忙的还是回来拖后腿的,当然是回来帮忙的
当然是回来帮忙的,不是你教唆的 让我回来帮忙争家产吗
你唱的哪一出啊,这你就不懂了吧
这你就不懂了吧,我回来了
看样子有戏,没戏
没戏,你们说我是不是应该降低一下标准 比如说小破车一辆 普通住宅一套 就像咱们隔壁两居室
而且是个超级白富美 我在她面前一站 就跟凤凰前面的草鸡似的 也就樊姐能和她比一比了,我怎么跟人家比 人家有房有车 我就一堆破衣服
我怎么跟人家比 人家有房有车 我就一堆破衣服,喂 老谭
喂 老谭,我要换房子
我要换房子,不是吧
不是吧,周六一大早就为了这事找我
周六一大早就为了这事找我,怎么了
怎么了,地方不行吗
地方不行吗,我可是按照你的要求找的
我可是按照你的要求找的,房子没问题
房子没问题,邻居太烂
邻居太烂,那帮小女生闹腾的很
那帮小女生闹腾的很,你说换就换
你说换就换,本来也就是临时给你找一个落脚点
本来也就是临时给你找一个落脚点,既然这样的话
既然这样的话,索性就以公司的名义在江边买一套房子给你
索性就以公司的名义在江边买一套房子给你,算是投资 你住着也方便
算是投资 你住着也方便,记得我要安静一点
记得我要安静一点,人少一点
人少一点,还有照样离公司不能太远
还有照样离公司不能太远,20分钟车程 ok
20分钟车程 ok,爸
爸,你给我辆车呗
你要什么车 你说 只要你看中的爸爸给你买,买什么呀 家里不有一辆买菜用的小POLO吗
买什么呀 家里不有一辆买菜用的小POLO吗,你把那个给我就好啦 反正就是一代步工具
你把那个给我就好啦 反正就是一代步工具,花那么多钱干嘛 一堵车啊 甭管是什么玛莎拉蒂呀 兰博基尼呀 统统歇菜 跟小POLO一回事
花那么多钱干嘛 一堵车啊 甭管是什么玛莎拉蒂呀 兰博基尼呀 统统歇菜 跟小POLO一回事,万一要是撞车还贼贵贼贵的 我可养不起
万一要是撞车还贼贵贼贵的 我可养不起,对了，爸
对了，爸,我这次可是下定了天大的决心回来工作的
我这次可是下定了天大的决心回来工作的,明天我就要去公司上班了 你可要一视同仁 不许欺负我哟
爸爸盼你有出息还来不及呢 怎么会欺负你啊,那行 你把最好的公司给我
那行 你把最好的公司给我,我要去当分公司的老总
你要去当老总,对啊
你什么都不懂怎么管理公司啊,不懂我可以学
不懂我可以学,谁赢了
谁赢了,当然是我了
当然是我了,我这么舍得下本钱
我这么舍得下本钱,再加上我妈在旁边煽风
再加上我妈在旁边煽风,我爸不可能不买账 过不了三天 他肯定给我个老总当
晚上我朋友酒吧开业要不要一起去耍耍,正好昨天大家都没有玩儿尽兴
正好昨天大家都没有玩儿尽兴,这样你帮我攒个局
这样你帮我攒个局,晚上我请大家喝酒
晚上我请大家喝酒,还有 有谁的朋友想来的尽管来
还有 有谁的朋友想来的尽管来,正是结交人脉的好时候
还有我几个朋友以后做生意肯定用得着,把地址发给我
把地址发给我,晚上我们见
晚上8点 MINT酒吧,今天有个酒吧开业
今天有个酒吧开业,我一朋友带我去他们的开业酒会
我一朋友带我去他们的开业酒会,穿什么
穿你上次十点在唯品会抢的那件衣服,那件
那件,是这件吗
高端大气上档次,低调奢华有内涵
bingo,姐姐我要换衣服了
姐姐我要换衣服了,也不知道几点才能睡上觉
没法弄了,你信不信我们老板能在一分钟之内给出100种解决办法
你信不信我们老板能在一分钟之内给出100种解决办法,条件好点去星巴克
条件好点去星巴克,条件差点去网吧
条件差点去网吧,实在不想花钱
实在不想花钱,你就抱着你的电脑满小区转悠蹭网
你就抱着你的电脑满小区转悠蹭网,我还是老老实实的工作
我还是老老实实的工作,这次实习结束
这次实习结束,我要是考评不佳的话
我要是考评不佳的话,我就会被刷下去
我就会被刷下去,可是我太绝望了
可是我太绝望了,啊啊啊
我每天工作16个小时 是完全不可能的,还有10分钟
还有10分钟,我得提前5分钟接上线
我得提前5分钟接上线,不跟你说
不跟你说,今天晚上没什么意思
今天晚上没什么意思,都是圈内人
都是圈内人,谁都认识
谁都认识,谁不会有什么惊喜的
谁不会有什么惊喜的,我觉得挺有意思的
我觉得挺有意思的,今天晚上的DJ就挺好
今天晚上的DJ就挺好,得了
得了,今天晚上这种场合只认衣服不认人
今天晚上这种场合只认衣服不认人,美女是拿来调戏的
美女是拿来调戏的,那美女你呢
那美女你呢,我今天不是女人
我今天不是女人,我是来认识人的
我是来认识人的,樊姐 你身边那个男的的旁边都是鲜嫩的小妹妹
樊姐 你身边那个男的的旁边都是鲜嫩的小妹妹,估计是顾不上你了
估计是顾不上你了,你要是想走的话
你要是想走的话,给我打电话
给我打电话,我给你安排
我给你安排,不会让你走的太落单的
不会让你走的太落单的,第一
第一,请不要叫我姐
请不要叫我姐,第二我跟他只是普通的朋友
第二我跟他只是普通的朋友,第三我还没有玩尽兴
第三我还没有玩尽兴,玩尽兴了我自己会走
这两件衣服哪个好看 这件好看 还是这件,你不是去上注会课吗
你不是去上注会课吗,穿那么好看干嘛呀
所以我想穿的漂漂亮亮的去吸引他,我看看 我感觉这套好看点
我看看 我感觉这套好看点,感觉这套比较成熟
感觉这套比较成熟,比较职业一点
比较职业一点,这套就有点太可爱了
这套就有点太可爱了,比较幼稚
比较幼稚,我不跟你说了 他们又上线了
谈恋爱吸引男生也要成熟吗,樊姐
樊姐,你想不想吃宵夜
你想不想吃宵夜,我请你
我请你,这是干什么呢
这是干什么呢,莹莹他喜欢那白主管说是他俩明天一起上注会课
莹莹他喜欢那白主管说是他俩明天一起上注会课,然后莹莹就不知道穿哪套衣服能吸引他的注意
然后莹莹就不知道穿哪套衣服能吸引他的注意,所以请樊姐帮忙做个主意
所以请樊姐帮忙做个主意,给她挑衣服
给她挑衣服,这是小丘的手机
这是小丘的手机,白主管发的
白主管发的,小丘
小丘,明天我顺路接你
明天我顺路接你,请短信我地址
请短信我地址,顺路
顺路,不对啊
不对啊,你说连地址都不知道
你说连地址都不知道,怎么能说顺路呢
怎么能说顺路呢,原来这两个人是郎情妾意
原来这两个人是郎情妾意,这要是小邱刚才看到这条短信肯定兴奋的睡不着觉了
这要是小邱刚才看到这条短信肯定兴奋的睡不着觉了,关关
关关,姐姐教你几个做人的道理
姐姐教你几个做人的道理,如果心诚 邀请短信就应在适当的时间提前发出
如果心诚 邀请短信就应在适当的时间提前发出,要给女孩一个思考矜持的时间
要给女孩一个思考矜持的时间,怎么会选择深更半夜呢
怎么会选择深更半夜呢,其次
其次,如果是不帅的白主管发这样的短信
如果是不帅的白主管发这样的短信,你会不会认为这是一种性骚扰
你会不会认为这是一种性骚扰,那么请你一视同仁
那么请你一视同仁,再帅的白主管发这种短信都是性骚扰
再帅的白主管发这种短信都是性骚扰,哪家公司都不允许办公室恋情
哪家公司都不允许办公室恋情,如果被发现倒霉的就是小邱这种最底层的女员工知道吗
如果被发现倒霉的就是小邱这种最底层的女员工知道吗,可如果他俩是真心相爱
可如果他俩是真心相爱,这未来有什么问题都可以努力克服
这未来有什么问题都可以努力克服,什么努力克服
什么努力克服,未来都是一清二楚的
未来都是一清二楚的,要么就是小邱辞职 
要么就是小邱辞职 ,要么就是白帅哥辞职
要么就是白帅哥辞职,你怎么删了
你怎么删了,大晚上不睡觉你干什么
大晚上不睡觉你干什么,樊姐
樊姐,我知道你说的有道理
我知道你说的有道理,可我总觉得就这么把短信删了不太好
可我总觉得就这么把短信删了不太好,而且万一白主管是真的喜欢莹莹的
而且万一白主管是真的喜欢莹莹的,我这么做都是为了小邱
我这么做都是为了小邱,好 你跟小邱还年轻
好 你跟小邱还年轻,千万不要把自己的大好时光浪费在这种不合适的男人身上
千万不要把自己的大好时光浪费在这种不合适的男人身上,这样的道理
这样的道理,等到你们30岁以后就明白了
等到你们30岁以后就明白了,樊姐
樊姐,我还是留张纸条让莹莹自己选择
我还是留张纸条让莹莹自己选择,不过我会把你的意见转达给他
不过我会把你的意见转达给他,而且我会注明那条短信是我不小心误删的
而且我会注明那条短信是我不小心误删的,年轻的时候 难免会为爱冲动 做出一些不计后果的事情
年轻的时候 难免会为爱冲动 做出一些不计后果的事情,可是等你反应过来
可是等你反应过来,理智清醒了之后你才发现 自己都已经老大不小 摆在你面前的机会所剩无几 到时候怎么办
理智清醒了之后你才发现 自己都已经老大不小 摆在你面前的机会所剩无几 到时候怎么办,吃后悔药吗
吃后悔药吗,哪儿有
哪儿有,我就是不忍心看到小丘后悔我才这么做的
我就是不忍心看到小丘后悔我才这么做的,懂吗
懂吗,行 行 你留条 留吧
行 行 你留条 留吧,但是一定要把话说透了
但是一定要把话说透了,不要让爱情蒙蔽了他的眼睛
不要让爱情蒙蔽了他的眼睛,樊姐
樊姐,你真好
你真好,我好
我好,我好吗
我好吗,千万不要发好人牌给我
你一个都不接,你是接我回来战斗的
你是接我回来战斗的,还是接我回来坐牢的
还是接我回来坐牢的,昨天我朋友酒吧开业 我捧场去了 顺便结实几个新朋友
喝醉了没有,离醉还远呢
离醉还远呢,明天我不还要上班
明天我不还要上班,正好我爸把公司交给我之前
正好我爸把公司交给我之前,我肯定表现的像个有志青年 不会给你掉链子的
我肯定表现的像个有志青年 不会给你掉链子的,放心 
没忘记就好,别光顾着看白主管 要适当的听听课
怎么样樊姐 我这身 好看吗,好看 再配一条夸张点的项链应该会更好看
樊姐 我没有那种夸张的项链,那就算了
樊姐 周六干啥去,在家梳头发玩
ok走了,会不会开车呀你
连abc都分不清楚的妹妹吗,这不是我刚买了豪宅跑车天天只知道伸手要钱的哥哥吗
总比一些一分钱都没赚过闲散人员强,怎么
怎么,不用哄女朋友吗
不用哄女朋友吗,听说上次吵架
听说上次吵架,你买了个普拉达包包才安抚下来
你买了个普拉达包包才安抚下来,这次要是去晚了
这次要是去晚了,可不是一个包不能解决的事
你来干什么,是我爸妈一手创办的公司
是我爸妈一手创办的公司,你说我来干什么
省得添麻烦,咱俩谁添乱还不一定
咱俩谁添乱还不一定,妈我今天去公司开例会了
妈我今天去公司开例会了,完全两眼一抹黑
完全两眼一抹黑,什么都听不懂
什么都听不懂,都听天书似的
一开始都这样,人家在那吧唧吧唧说一大堆
人家在那吧唧吧唧说一大堆,我一句都插不上嘴
我一句都插不上嘴,生怕一张嘴就露馅
到嘴的肥肉你可千万不能让给别人,我没有打退堂鼓
我没有打退堂鼓,我觉得人家都是商场里的老手
我觉得人家都是商场里的老手,就我一个生瓜蛋
就我一个生瓜蛋,什么都不懂
什么都不懂,跟个傻子似的
跟个傻子似的,就算当了副总
就算当了副总,也不过是个傀儡
也不过是个傀儡,对了
对了,今天曲连杰在会上发言了
今天曲连杰在会上发言了,提到一个叫GI的项目
提到一个叫GI的项目,这是干什么的
别的事情以后再说,挂了 拜拜
是不是对我特别好,他要真对你好
他要真对你好,就不会让你坐地铁了
我们俩可以近距离接触一下吗,真是有情饮水饱啊
真是有情饮水饱啊,我在你这儿算是服了
我在你这儿算是服了,你看这是什么
白开水,这如果是白主管给你的就变成巧克力了
GI代理 ,你让我去王总当副总
你让我去王总当副总,那些问题还没有到我这儿来
那些问题还没有到我这儿来,他就已经解决完了
他就已经解决完了,到头来我什么都学不到
到头来我什么都学不到,不如你借200万给我
不如你借200万给我,让我只做gi品牌
让我只做gi品牌,在中国代理这一块
怎么突然就变了呢,不突然
不突然,我昨天开会以后回去仔细想一下
我昨天开会以后回去仔细想一下,我觉得这个项目很有挑战
我觉得这个项目很有挑战,而且前景很好
而且前景很好,200万对你来说又不是什么大事
200万对你来说又不是什么大事,而且我要是做成了最好
而且我要是做成了最好,做不成的话对公司也没有什么影响
做不成的话对公司也没有什么影响,反正曲连杰在推进这个项目的时候也遇到问题了
反正曲连杰在推进这个项目的时候也遇到问题了,而且他提的那些条件比200万多了
而且他提的那些条件比200万多了,你就当是死马当活马医
你就当是死马当活马医,万一我要是成了
你跟着王总先学着,我不 爸
我不 爸,我需要压力
我需要压力,压力之下活学活用比什么都管用
压力之下活学活用比什么都管用,我想像你当初一样吃苦学本事
我想像你当初一样吃苦学本事,把公司上上下下大大小小的事情亲自做一遍
把公司上上下下大大小小的事情亲自做一遍,我与其像个草包一样坐在会议室的上座
我与其像个草包一样坐在会议室的上座,不如一个办公室和一个办公桌从头做起
这什么意思,这你给我哥的
这你给我哥的,从去年开始
从去年开始,我哥担任了集团下面两个公司老总的位置
我哥担任了集团下面两个公司老总的位置,手下员工47人
手下员工47人,下属供应商7家
下属供应商7家,之前三年年利润都是在500万以上
之前三年年利润都是在500万以上,哥接手之后跟进的项目7个
哥接手之后跟进的项目7个,做砸了3个
做砸了3个,年利润直接锐降到200万
年利润直接锐降到200万,也就是说光这一年就亏损300万
也就是说光这一年就亏损300万,你能把公司交给他
你能把公司交给他,为什么我就不可以 爸 你不能这么偏心
别一天到晚给我瞎折腾,行
行,我答应你
我答应你,资料呢
资料呢,你得让我哥把资料给我
你得让我哥把资料给我,是因为我们的车敞篷吗
是因为我们的车敞篷吗,今天已经好几辆车拿大灯晃我了
今天已经好几辆车拿大灯晃我了,双美同乘
双美同乘,男人征服欲爆棚
男人征服欲爆棚,你看你旁边那辆车已经跟了我们三个红绿灯了
你看你旁边那辆车已经跟了我们三个红绿灯了,他们想干嘛
他们想干嘛,很简单
很简单,他们想证实虽然车没有你好
他们想证实虽然车没有你好,但是他们技术过硬
但是他们技术过硬,压了咱们一路
压了咱们一路,寻求合适的时机
寻求合适的时机,看看能不能勾搭上
看看能不能勾搭上,樊姐
樊姐,樊姐 你不愧是资深的hr
樊姐 你不愧是资深的hr,这么一点点小心思都逃不过你的法眼
这么一点点小心思都逃不过你的法眼,当然 男人 不怕没有脑子
当然 男人 不怕没有脑子,就怕脑子进水
就怕脑子进水,你旁边那辆灰色的车里面有4个进水的脑袋都快把头伸到咱们车上来了
你旁边那辆灰色的车里面有4个进水的脑袋都快把头伸到咱们车上来了,脑袋进水
脑袋进水,我觉得有时候中文的形容词还真的是很有趣
我觉得有时候中文的形容词还真的是很有趣,我觉得你也是个很有趣的人
我觉得你也是个很有趣的人,我有点点开始佩服你了
我有点点开始佩服你了,一会我有一个问题想要请教一下你
一会我有一个问题想要请教一下你,随时
随时,要不是今天晚上这几只兴奋的猫
要不是今天晚上这几只兴奋的猫,我都快不记得这世界上有荷尔蒙这种东西了
我都快不记得这世界上有荷尔蒙这种东西了,哪里有猫
哪里有猫,大灯晃
大灯晃,我们的都是猫
我们的都是猫,你刚才在车上问我 想请教我一些问题
你刚才在车上问我 想请教我一些问题,什么问题
什么问题,有个网友
有个网友,我不知道我该不该见
我不知道我该不该见,网友
网友,他叫奇点
他叫奇点,我们是在一个科幻网站上认识的
我们是在一个科幻网站上认识的,他很幽默
他很幽默,我关注他一年多了
我关注他一年多了,之前我们论坛在讨论一个有关虫洞的问题
之前我们论坛在讨论一个有关虫洞的问题,我与人争论
我与人争论,他屡屡发言支持我
他屡屡发言支持我,所以后来我们就开始站内的短信往来
所以后来我们就开始站内的短信往来,你们两个
你们两个,有互相暴露自己的性别吗
有互相暴露自己的性别吗,其实混那种论坛的
其实混那种论坛的,大部分都是男性
大部分都是男性,因为这段时间我回国工作实在是太忙了
因为这段时间我回国工作实在是太忙了,很久没有上网
很久没有上网,所以奇点问我怎么消失了
所以奇点问我怎么消失了,后来我告诉他
后来我告诉他,我回到中国
我回到中国,目前在上海上班
目前在上海上班,他说他也在上海
他说他也在上海,希望能够找时间请我吃饭
希望能够找时间请我吃饭,那么问题来了
那么问题来了,你刚才为什么看着手机笑的那么甜
你刚才为什么看着手机笑的那么甜,我坐下来那会儿
我坐下来那会儿,是因为我很喜欢奇点的风格
是因为我很喜欢奇点的风格,只是喜欢风格的话不至于那么笑
只是喜欢风格的话不至于那么笑,说实话是不是在暗恋呢
说实话是不是在暗恋呢,怎么可能
怎么可能,我连他是男是女都不知道
我连他是男是女都不知道,我怎么可能那么
我怎么可能那么,我不是花痴
我不是花痴,这太滑稽了 这绝对
这太滑稽了 这绝对,绝对不可能发生
绝对不可能发生,我跟你开玩笑干嘛那么紧张
我跟你开玩笑干嘛那么紧张,既然大家都在上海
既然大家都在上海,为什么不找个时间见个面吃个饭呢
为什么不找个时间见个面吃个饭呢,他是有给我他的电话
他是有给我他的电话,还有他的微信号
还有他的微信号,可是我觉得就这样见一个男网友
可是我觉得就这样见一个男网友,会不会真的很花痴
会不会真的很花痴,你们俩
你们俩,二个在一起认识已经差不多一年多了对吧
二个在一起认识已经差不多一年多了对吧,你都说了两个人在站内短信都那么长时间了
你都说了两个人在站内短信都那么长时间了,这跟网下的朋友有什么区别吗
这跟网下的朋友有什么区别吗,没有
没有,所以没什么花痴可言
所以没什么花痴可言,不过要提醒你的就是这么长时间才想到约你见面
不过要提醒你的就是这么长时间才想到约你见面,我估计是条件不佳
我估计是条件不佳,所以见面后的结果
所以见面后的结果,难以预料
难以预料,我倒没有想过什么条件不条件呢
我倒没有想过什么条件不条件呢,我只是觉得他的文字很有趣
我只是觉得他的文字很有趣,所以心中很雀跃的希望能够跟他见面
所以心中很雀跃的希望能够跟他见面,算了
算了,我还是回个站短
我还是回个站短,说我这段时间很忙
说我这段时间很忙,没有时间
没有时间,安迪你别告诉我你这么大年纪了
安迪你别告诉我你这么大年纪了,还没有谈过恋爱
还没有谈过恋爱,你这么好的条件没有人追你吗
你这么好的条件没有人追你吗,Andy你一定要帮帮我
Andy你一定要帮帮我,小曲 我想你应该要明白这件事情只有你能够帮你自己
小曲 我想你应该要明白这件事情只有你能够帮你自己,我知道 可是 我上头还有一个同父异母的哥哥 生死攸关
我知道 可是 我上头还有一个同父异母的哥哥 生死攸关,我要是没有出息的话
我要是没有出息的话,我爸爸就会抛弃我的
我爸爸就会抛弃我的,你先别哭了
你先别哭了,你告诉我到底怎么回事
你告诉我到底怎么回事,为什么你爸抛弃你
为什么你爸抛弃你,我爸还有另外一个儿子是
我爸还有另外一个儿子是,跟他前妻生的
跟他前妻生的,我哥住别墅开好车
我哥住别墅开好车,你看看我 你看我 别说别墅了
你看看我 你看我 别说别墅了,连车子也是家里最破的
连车子也是家里最破的,GI品牌
GI品牌,代理是我唯一的机会
代理是我唯一的机会,否则等待我的就是被家庭抛弃的结果 连我妈也会被扫地出门
否则等待我的就是被家庭抛弃的结果 连我妈也会被扫地出门,你一定要帮帮我
你一定要帮帮我,行了
行了,别哭了
别哭了,把资料拿过来
去看电影了,看完电影干嘛去了
看完电影去K歌,然后呢
然后就吃宵夜了,这个白主管今天是大出血了呀
我带你去 性价比特别高,我可跟你说
我可跟你说,你下回不能这样了
你下回不能这样了,打你电话你也不接
打你电话你也不接,我们都急坏了
我刚才看见小曲进安迪房间了,他俩又到一起去了
什么叫又到一起去了,我们刚才刚从小曲家出来
我们刚才刚从小曲家出来,他两怎么又到一起去了
他两怎么又到一起去了,我跟你说
我跟你说,我们现在已经发展成小团体了
我们现在已经发展成小团体了,樊姐跟安迪他俩刚才一起吃晚饭了
樊姐跟安迪他俩刚才一起吃晚饭了,曲筱绡倒是不大跟我们在一起
曲筱绡倒是不大跟我们在一起,他最近好像在忙什么
他最近好像在忙什么,国外品牌代理 还说要让安迪帮忙
我看见曲筱绡拿着电脑跟文件夹进了安迪房间,我得去加入
我得去加入,要不你陪我一起去吧
要不你陪我一起去吧,我这一个人有点不太好意思敲门
我这一个人有点不太好意思敲门,陪我去吧
我把你送过去我再回来,那还是算了
那还是算了,我自己去吧
我自己去吧,你早点休息
你早点休息,拜拜
拜拜,我这得赶紧把这咖啡准备好了
我这得赶紧把这咖啡准备好了,还有纸和笔记本
还有纸和笔记本,要是我当年上学的时候能有这股拼劲就好
要是我当年上学的时候能有这股拼劲就好,我得把它打印出来
我得把它打印出来,小关我还没有谢谢你
小关我还没有谢谢你,这事跟你没有关系
这事跟你没有关系,你为什么要主动参与
你为什么要主动参与,我想跟安迪姐学习思路
我想跟安迪姐学习思路,他今天说的这些 够我上半年班的
他今天说的这些 够我上半年班的,学习思路也不用帮我赶报告
学习思路也不用帮我赶报告,你是不是觉得我的英文水平太差
你是不是觉得我的英文水平太差,担心我一个人完成不了
担心我一个人完成不了,所以才来帮我的
所以才来帮我的,你不承认我也要谢谢你
你不承认我也要谢谢你,等我把这里忙完了
等我把这里忙完了,请你去吃早餐
请你去吃早餐,我有久经考验的熬夜经验
我有久经考验的熬夜经验,吃了早餐再睡
吃了早餐再睡,睡眠质量最好
睡眠质量最好,算了吧
算了吧,我现在啊
我现在啊,只想睡觉
只想睡觉,那行
那行,这顿饭咱们先欠着
这顿饭咱们先欠着,你睡醒以后我们再吃
你睡醒以后我们再吃,我可先撤了
我可先撤了,这本子我就留给你了
这本子我就留给你了,你自己好好看
你自己好好看,好的
好的,我先走了
我先走了,你也赶紧睡
你也赶紧睡,睡什么睡
睡什么睡,现在正是生死攸关的时候
现在正是生死攸关的时候,成败在此一举
成败在此一举,我身上每一个细胞都充满着压力
我身上每一个细胞都充满着压力,怎么睡得着
怎么睡得着,在说了本小姐好不容易为工作熬了一次夜
在说了本小姐好不容易为工作熬了一次夜,要是不让爸妈知道的话
要是不让爸妈知道的话,那不是白熬了
那不是白熬了,是的
是的,等我的好消息
樊姐你今天打算去哪,我呀
我呀,我要
我要,陪一女孩打胎
陪一女孩打胎,我们公司有一个姑娘前两天要死要活要跳楼
我们公司有一个姑娘前两天要死要活要跳楼,一问才知道怀了我们公司工程师的孩子
一问才知道怀了我们公司工程师的孩子,结果工程师得手之后不认账跑了
结果工程师得手之后不认账跑了,这孩子别提多可怜了
这孩子别提多可怜了,年纪轻轻的又不敢告诉自己
年纪轻轻的又不敢告诉自己,家里人 又不敢告诉朋友
家里人 又不敢告诉朋友,只能让公司派人陪他去
只能让公司派人陪他去,所以说这小姑娘在外面一定要小心
所以说这小姑娘在外面一定要小心,万一遇人不淑是吧
但是现在很多奉子成婚,你可以在租来的房子里结婚
你可以在租来的房子里结婚,生没户口的孩子请不起保姆
生没户口的孩子请不起保姆,整天要么就是你老公跟你妈吵架
整天要么就是你老公跟你妈吵架,要么就是你跟你婆婆开战
要么就是你跟你婆婆开战,这生活啊 鸡飞狗跳 用不了一年你就得变成黄脸婆
这生活啊 鸡飞狗跳 用不了一年你就得变成黄脸婆,亲爱的 这燕子 生蛋之前还知道给自己垒个燕子窝
亲爱的 这燕子 生蛋之前还知道给自己垒个燕子窝,更何况是你
别人挑我是不是,也是
也是,有情饮水饱
有情饮水饱,别忘了你会计师考试
别忘了你会计师考试,这两个人在一起 就是有动力
只要考上就马上跳槽,应该的
樊姐我走了,走吧
走吧,你怎么住这么远
你怎么住这么远,你这样的话每天不是把大好的时光全浪费在这4个轮子上了
你这样的话每天不是把大好的时光全浪费在这4个轮子上了,你确定是我住的远
你确定是我住的远,而不是你走了太多的冤枉路
而不是你走了太多的冤枉路,我相信科技除非GPS骗我
我相信科技除非GPS骗我,今天要我来干嘛
今天要我来干嘛,是不是那件事情
是不是那件事情,有进展
有进展,老袁正在帮忙查着
老袁正在帮忙查着,暂时还没消息
暂时还没消息,那今天是
那今天是,上海金融圈有高端沙龙
上海金融圈有高端沙龙,里面都是些精英人士
里面都是些精英人士,隔段时间大家就得聚聚 交流
隔段时间大家就得聚聚 交流,让你来
让你来,一是熟悉熟悉国内的形势
一是熟悉熟悉国内的形势,二是让你跟他们认识一下
二是让你跟他们认识一下,看看有没有什么项目可以合作
看看有没有什么项目可以合作,这就是老严
这就是老严,很有喜感把
很有喜感把,办事很仔细
办事很仔细,事情交给他你就放心
都挺厉害,早啊
早啊,小蚯蚓
小蚯蚓,关关
关关,人呢
两个人一块有去了,你在这干什么
你在这干什么,赶紧收拾去
赶紧收拾去,你不是有约会吗
所以我今天没有什么事可做,你有事做
你有事做,赶紧看你注会考试书去
赶紧看你注会考试书去,谈恋爱谈的不务正业了
你说会不会是有什么其他的女孩约他出去了,俗话说礼多人不怪
俗话说礼多人不怪,妻多很痛快
妻多很痛快,这男人不能不防
这男人不能不防,但也不能乱防
但也不能乱防,之间的分寸还得你自己用心去把握
如果可是我这心里为什么还是那么发慌,好了
好了,你别胡思乱想的了
你别胡思乱想的了,等见了他当面问问不就知道了吗
等见了他当面问问不就知道了吗,看书去给自己找点事去
主动联系一下他,我刚才怎么跟你说的
我刚才怎么跟你说的,不要再胡思乱想了
不要再胡思乱想了,给自己找点事儿做知道吗
给自己找点事儿做知道吗,比如说你看
比如说你看,那儿有堆垃圾
那儿有堆垃圾,你需要把垃圾倒一下
我回去看书了,你也给我无法拒绝的理由是吧
你也给我无法拒绝的理由是吧,Hi
Hi,你怎么在这
你怎么在这,倒垃圾
倒垃圾,顺便躲避一下小蚯蚓的哀声叹气
顺便躲避一下小蚯蚓的哀声叹气,小邱怎么了
小邱怎么了,本来今天有约会的
本来今天有约会的,结果小白临时有事
结果小白临时有事,放他鸽子了
放他鸽子了,整个人魂不守舍的
整个人魂不守舍的,我在想会不会跟小曲有关
我在想会不会跟小曲有关,小曲今天早上刚给我发的短信
小曲今天早上刚给我发的短信,说他今天要搬新公司
说他今天要搬新公司,他应该没有这些功夫
他应该没有这些功夫,搬公司 小蚯蚓说小白是帮别人搬家
搬公司 小蚯蚓说小白是帮别人搬家,不可能
不可能,他们才认识多长时间
他们才认识多长时间,不到24小时
不到24小时,如果曲筱绡这样就把白主管给奴役了
如果曲筱绡这样就把白主管给奴役了,这白主管得
这白主管得,猥琐成什么样的
猥琐成什么样的,安迪我想让你给我做个参考
安迪我想让你给我做个参考,我这衣服好看吗
我这衣服好看吗,不错
不错,很美
很美,会不会有点太紧了
会不会有点太紧了,因为我最近胖了
因为我最近胖了,完全看不出来perfect
完全看不出来perfect,是吗
是吗,我会不会 其实我有一个不情之请
我会不会 其实我有一个不情之请,没事
没事,有什么话你说
有什么话你说,是这样
是这样,我一个大学同学来上海出差
我一个大学同学来上海出差,他曾经追求过我
他曾经追求过我,他打听到我的电话说晚上要请我吃饭
他打听到我的电话说晚上要请我吃饭,我在想吃完饭以后他应该会送我回家的
我在想吃完饭以后他应该会送我回家的,说不定还会到家里看上几眼
说不定还会到家里看上几眼,我这个人 我其实在他面前我一直都是趾高气扬的
我这个人 我其实在他面前我一直都是趾高气扬的,我不想让他知道我是跟别人合租的房子
我不想让他知道我是跟别人合租的房子,所以你能理解我吗
所以你能理解我吗,好吧
好吧,我是不是有点死要面子活受罪
我是不是有点死要面子活受罪,我理解你
我理解你,干脆这样
干脆这样,小邱心情也不好
小邱心情也不好,我就请他们两个去你约会的酒店吃饭
我就请他们两个去你约会的酒店吃饭,然后我们一个车去一个车回
然后我们一个车去一个车回,这样的话你的朋友就不会送你回来
这样的话你的朋友就不会送你回来,太好了
太好了,你太理解我了
你太理解我了,我都不知道该怎么谢谢你
我都不知道该怎么谢谢你,我帮你也不是白帮的
我帮你也不是白帮的,我也需要请你帮我一个忙
我也需要请你帮我一个忙,我想让你推荐一些上海比较好的餐厅
我想让你推荐一些上海比较好的餐厅,最好帮我标注
最好帮我标注,主打菜
主打菜,还有就是离你公司一定要近
还有就是离你公司一定要近,没问题
没问题,包在我身上
包在我身上,明天就开始着手
明天就开始着手,谢谢
谢谢,小邱怎么样
小邱怎么样,已经被我跟关关安抚好了
已经被我跟关关安抚好了,这件事情小曲确实做得的有点
这件事情小曲确实做得的有点,过分
过分,当然
当然,其实换个角度去想
其实换个角度去想,安迪姐我有点担心邱莹莹
安迪姐我有点担心邱莹莹,我觉得他太喜欢白主管了
我觉得他太喜欢白主管了,这白主管说什么他都信
这白主管说什么他都信,我真是我刚才都听不下去了
我真是我刚才都听不下去了,我就出来了
我就出来了,我说这邱莹莹怎么那么好哄啊
我说这邱莹莹怎么那么好哄啊,还是说这女孩一恋爱脑子都糊涂
还是说这女孩一恋爱脑子都糊涂,你说他这么快就搭上了曲筱绡
你说他这么快就搭上了曲筱绡,这说明他早就有预谋
这说明他早就有预谋,他早就有一脚踏两船的打算
他早就有一脚踏两船的打算,你说咱们要不要提醒一下邱莹莹
你说咱们要不要提醒一下邱莹莹,眼睁睁看着他这样上当受骗
眼睁睁看着他这样上当受骗,我总觉得咱们有点不够朋友
我总觉得咱们有点不够朋友,怎么办
怎么办,这种事情其实我也不知道该怎么办
这种事情其实我也不知道该怎么办,但是我觉得无论如何都不能因为这件事而影响我们22楼5个女孩之间的关系
但是我觉得无论如何都不能因为这件事而影响我们22楼5个女孩之间的关系,送你进去
送你进去,不用了
不用了,我自己走
我自己走,客气
客气,拜拜
拜拜,小美 我之前跟你说的都是真的
小美 我之前跟你说的都是真的,我真是要打算来上海发展
我真是要打算来上海发展,这次来我也接触了一些同行
这次来我也接触了一些同行,感觉已经非常不错了
感觉已经非常不错了,最主要是尝试联系你
最主要是尝试联系你,真的
真的,很让我惊喜
很让我惊喜,多个同学来上海
多个同学来上海,我也很高兴
我也很高兴,要不是我明天急着回去
要不是我明天急着回去,有事的话我还真舍不得走
有事的话我还真舍不得走,小美 我有一个不情之请
小美 我有一个不情之请,不知道能不能说
不知道能不能说,干嘛那么客气呀
干嘛那么客气呀,有话直说
有话直说,是这样
是这样,你知道我在上海人生地不熟的
你知道我在上海人生地不熟的,你又是个老上海
你又是个老上海,到时候我要是来发展的话
到时候我要是来发展的话,这肯定少不了麻烦你
这肯定少不了麻烦你,所以到时候请你老同学一定要好好帮忙
所以到时候请你老同学一定要好好帮忙,你别嫌我麻烦就行
你别嫌我麻烦就行,瞧你这话说的 一句话的事
瞧你这话说的 一句话的事,随时联系
随时联系,拜拜
拜拜,我昨天晚上回来晚没有吵到你们吧
反正我也没睡着,吵架了
吵架了,有什么事跟我说说
有什么事跟我说说,反正他也不在
这回我总算是知道了,你在说我吗
还是看我表现,这样可以的
这样可以的,他们几个人的能力我了解
他们几个人的能力我了解,能做到这样已经不容易了
能做到这样已经不容易了,这单生意的水很深
这单生意的水很深,拿下拿不下都正常
拿下拿不下都正常,你不要给自己太大压力
你不要给自己太大压力,你认识我那么久
你认识我那么久,什么时候看过我有压力
什么时候看过我有压力,也是
也是,你什么大单没见过
你什么大单没见过,这不算什么
这不算什么,好别忙了
好别忙了,一块吃饭去
一块吃饭去,吃饭
吃饭,不行
不行,今天中午我跟朋友约会
今天中午我跟朋友约会,朋友
朋友,我怎么没听说你在国内还有朋友
我怎么没听说你在国内还有朋友,网友
网友,怕自己中文退化
怕自己中文退化,在论坛练笔认识的
在论坛练笔认识的,网友
网友,你像你这么严谨的人去见网友
你像你这么严谨的人去见网友,真的我怎么看都觉得画风不对
真的我怎么看都觉得画风不对,我告诉你他们这些人很危险的
我告诉你他们这些人很危险的,要不要我去给你当保镖
要不要我去给你当保镖,公共场合吃顿饭应该不会有什么问题
公共场合吃顿饭应该不会有什么问题,再说我没有给对方留手机号
再说我没有给对方留手机号,那也不行
那也不行,尤其不能开车
尤其不能开车,他们很容易盯上
他们很容易盯上,我想到了
我想到了,所以直接约的办公室楼下走过去就可以了
所以直接约的办公室楼下走过去就可以了,再说了聊了这么久
再说了聊了这么久,不会这点信心都没有吧
不会这点信心都没有吧,好吧
好吧,有什么事的话记得给我打电话
有什么事的话记得给我打电话,奇点
奇点,我是  Andy 终于见到你了
我是  Andy 终于见到你了,我坐这吗
我坐这吗,可以
可以,请坐
请坐,看来
看来,我之前的判断没错
我之前的判断没错,你在国外的时候我一直以为你是男的
你在国外的时候我一直以为你是男的,后来请你吃饭
后来请你吃饭,你一再犹豫
你一再犹豫,我就推翻了之前的想法
我就推翻了之前的想法,可是你见到我还是有点惊讶
可是你见到我还是有点惊讶,对
对,我说出来你千万不要生气
我说出来你千万不要生气,理工科的女生一般都人称恐龙
理工科的女生一般都人称恐龙,我虽然猜对了性别
我虽然猜对了性别,但是没有猜对其他的
但是没有猜对其他的,其实这点上我也猜错
其实这点上我也猜错,我以为混迹科技论坛的都是些年轻人
我以为混迹科技论坛的都是些年轻人,Sorry
Sorry,我这样说不太礼貌
我这样说不太礼貌,没关系
没关系,我对中餐不太熟悉
我对中餐不太熟悉,你点菜
你点菜,我中午大概有一个半小时的时间
我中午大概有一个半小时的时间,晚一点也没关系
晚一点也没关系,你这个人很直接 有喜欢的口味吗
你这个人很直接 有喜欢的口味吗,荤的
荤的,大荤最好
大荤最好,怎么
怎么,跟你想象的不一样
跟你想象的不一样,像一个混网络的怪叔叔
像一个混网络的怪叔叔,还真有点 年龄、长相、谈吐风格
还真有点 年龄、长相、谈吐风格,都跟我想的不太一样
都跟我想的不太一样,2D 3D版总有区别 习惯了就好
2D 3D版总有区别 习惯了就好,现在有一点熟悉的感觉
现在有一点熟悉的感觉,那就好
那就好,人操心的很
人操心的很,所以头发白得很快
所以头发白得很快,我做外贸
我做外贸,你呢
你呢,金融 就在这附近上班
金融 就在这附近上班,不过确实最近这两年有点操心
不过确实最近这两年有点操心,还好
还好,你似乎一直在判断我
你似乎一直在判断我,你似乎一直在
你似乎一直在,判断我
判断我,的确
的确,假如我有判断错误的地方请你指正
假如我有判断错误的地方请你指正,为什么
为什么,我只是
我只是,被你判断的有一点
被你判断的有一点,浑身不自在
浑身不自在,这个是什么
这个是什么,大荤
大荤,是挺荤的
是挺荤的,怎么样
怎么样,有一点酸酸的
有一点酸酸的,但是口感很好
但是口感很好,看你胃口还不错
看你胃口还不错,改天我带你去一家更有特色的餐厅
改天我带你去一家更有特色的餐厅,店家在农村有自己的工厂
店家在农村有自己的工厂,菜单上所有的食物都是他们自己加工的
菜单上所有的食物都是他们自己加工的,用料非常考究
用料非常考究,所以你对吃很讲究
所以你对吃很讲究,后面那句话是不是
后面那句话是不是,为什么还这么瘦
为什么还这么瘦,怎么办
怎么办,吃到现在我才觉得你是我认识的奇点
吃到现在我才觉得你是我认识的奇点,不怎么办
不怎么办,凉拌、生吃任凭处置
凉拌、生吃任凭处置,你不用付账了
你不用付账了,要不我们AA
要不我们AA,不可以
不可以,之前就说好了
之前就说好了,这顿我请 下顿再你请
这顿我请 下顿再你请,我得让你欠着我
我得让你欠着我,这样我下回再提吃饭
这样我下回再提吃饭,你就不好推三阻四的了
你就不好推三阻四的了,否则有赖账的嫌疑
否则有赖账的嫌疑,我可以问个私人问题
我可以问个私人问题,可以
可以,你结婚了吗
你结婚了吗,对不起
对不起,我很直接也很没礼貌
我很直接也很没礼貌,但是在私人交往方面
但是在私人交往方面,我需要根据这个把握分寸
我需要根据这个把握分寸,我喜欢直接 方不方便
我喜欢直接 方不方便,留个电话
留个电话,走吧
这么勤快,我忘了跟你说这有个台阶了
我忘了跟你说这有个台阶了,没事吧
没事啊,你怎么不打个招呼就来了呢
不错嘛,我带你看一下我这两天的成就
我带你看一下我这两天的成就,这边是办公区域
这边是办公区域,公司刚起步五六个员工就够了
公司刚起步五六个员工就够了,怎么样
怎么样,还有这边这边
还有这边这边,你真的笨死了
你真的笨死了,这里是我的会客区
这里是我的会客区,大吧 怎么样
大吧 怎么样,来带你看看这里
来带你看看这里,这里是我的前台
这里是我的前台,这边是会议室
这边是会议室,正好坐10个人
正好坐10个人,这边是茶水间
挺好,我带你去看一看小曲总的办公室
我带你去看一看小曲总的办公室,走
慢一点,莹莹 樊姐
莹莹 樊姐,你怎么了
你怎么了,喝这个能怎么了
喝这个能怎么了,你怎么了
你怎么了,莹莹昨天晚上没回来
莹莹昨天晚上没回来,那又怎么了
那又怎么了,肯定跟白主管在一起
肯定跟白主管在一起,樊姐
樊姐,要不我去跟莹莹道个歉
要不我去跟莹莹道个歉,我感觉白主管他不是好人
我感觉白主管他不是好人,这莹莹就这么跟他住在外面
这莹莹就这么跟他住在外面,我实在不放心
我实在不放心,你道什么歉
你道什么歉,白主管一肚子花花肠子
白主管一肚子花花肠子,错又不在
错又不在,到底是邱莹莹太年轻了
到底是邱莹莹太年轻了,人家稍微对他好点
人家稍微对他好点,就以为别人真心实意的爱他
就以为别人真心实意的爱他,没事你不用太担心
没事你不用太担心,就白主管段位
就白主管段位,骗身骗心还行
骗身骗心还行,真要是杀人放火
真要是杀人放火,你借他个胆都不行了
你借他个胆都不行了,骗身骗心还不可怕
骗身骗心还不可怕,樊姐 莹莹平时最听你的了
樊姐 莹莹平时最听你的了,你跟他好好说说他肯定就能
你跟他好好说说他肯定就能,听话
听话,我现在跟他说什么 水还没开 姐姐
我现在跟他说什么 水还没开 姐姐,姐姐
姐姐,那我再等会
那我再等会,我现在跟他说什么都是废话
我现在跟他说什么都是废话,知道吗
知道吗,你现在让他回来能怎么样
你现在让他回来能怎么样,他要是碰到小曲不是更糟吗
他要是碰到小曲不是更糟吗,你让他在外面冷静冷静
你让他在外面冷静冷静,对吧
对吧,这是他家他总会回来的
这是他家他总会回来的,等他回来咱们当面跟他说比什么都强
等他回来咱们当面跟他说比什么都强,像你似的 在电话里支支吾吾
像你似的 在电话里支支吾吾,傻
傻,没开
没开,洗脸刷牙去
洗脸刷牙去,这红糖姜茶管用吗
这红糖姜茶管用吗,管用
管用,明白的
明白的,下个季度的钱也不交了
下个季度的钱也不交了,只交到年底
只交到年底,不行 我不能看她就这样跟白主管出去
不行 我不能看她就这样跟白主管出去,樊姐不管对错 我跟邱莹莹道歉
樊姐不管对错 我跟邱莹莹道歉,你以为他要的是个对错
你以为他要的是个对错,他要的是跟白主管出去同居的理由
他要的是跟白主管出去同居的理由,那莹莹会跟白主管永远在一起吗
那莹莹会跟白主管永远在一起吗,谁知道
谁知道,恋爱就是恋爱
恋爱就是恋爱,追求永远终究是一场赌注
追求永远终究是一场赌注,追求快乐才能求人得人
追求快乐才能求人得人,他说了这周六带白主管一起回来谈退租的事情
他说了这周六带白主管一起回来谈退租的事情,这个猥琐男来了的不定发生什么样的局面
这个猥琐男来了的不定发生什么样的局面,不行
不行,不管什么局面
不管什么局面,我都不能让莹莹就这样搬出去跟他住
我都不能让莹莹就这样搬出去跟他住,他跟白主管才在一起一个多月 就这样搬出去住
他跟白主管才在一起一个多月 就这样搬出去住,太危险了
太危险了,我得给莹莹留出大后方
我得给莹莹留出大后方,不能看他就这样一脑袋栽下去
不能看他就这样一脑袋栽下去,你猪上身
你猪上身,听姐的一句劝好不好
听姐的一句劝好不好,亲人之间还得有个界限
亲人之间还得有个界限,那更何况是朋友了
那更何况是朋友了,如果他跟白主管真的在一起了
如果他跟白主管真的在一起了,他们两个才是一家人
他们两个才是一家人,樊姐 我不明白
樊姐 我不明白,这朋友之间不就是该说真话吗
这朋友之间不就是该说真话吗,成人的世界里岂止是真话假话那么简单
成人的世界里岂止是真话假话那么简单,等你长大了你就明白了
等你长大了你就明白了,小美
小美,不会打扰你吧
不会打扰你吧,你不会还没醒
你不会还没醒,怎么会
怎么会,我一会要上插花课正准备出门
我一会要上插花课正准备出门,也是 你跟我们不一样
也是 你跟我们不一样,肯定不会在家闲呆着
肯定不会在家闲呆着,我提前跟你预约
我提前跟你预约,这周日我来上海
这周日我来上海,有没有空咱们一起吃个饭
有没有空咱们一起吃个饭,老同学说话
老同学说话,没空也得有空
没空也得有空,行还是希尔顿
行还是希尔顿,到时候我开车接你
到时候我开车接你,知道你混的好
知道你混的好,也用不着去那么贵的地方
也用不着去那么贵的地方,我们都是老同学了
我们都是老同学了,不用摆这种排场的
不用摆这种排场的,小美 不是在讲排场
小美 不是在讲排场,我只是觉得你值得最好的
我只是觉得你值得最好的,我到时候联系你
我到时候联系你,拜拜
拜拜,其实我有一套装备
其实我有一套装备,我每次逛街的时候都会带着相机
我每次逛街的时候都会带着相机,然后让店员给我搭好
然后让店员给我搭好,我就拍照
我就拍照,打印出来塑封好
打印出来塑封好,塞在衣服兜里
塞在衣服兜里,所以你再去收纳或者是再去搭配的时候都不会
所以你再去收纳或者是再去搭配的时候都不会,不会乱
不会乱,你要不要用
你要不要用,不用了
不用了,这些衣服我是打算扔掉的
这些衣服我是打算扔掉的,而且我喜欢自己搭配
而且我喜欢自己搭配,我下班没事的时候就会对着镜子胡乱搭配
我下班没事的时候就会对着镜子胡乱搭配,或者是上唯品会看看他们是怎么搭配的
或者是上唯品会看看他们是怎么搭配的,高手讲究混搭
高手讲究混搭,把别人看似搭不到一起的衣服搭配在一起
把别人看似搭不到一起的衣服搭配在一起,这就显示出一个人的穿衣风格
这就显示出一个人的穿衣风格,你要不要趁着换季
你要不要趁着换季,我帮你把衣服重新搭配一下
我帮你把衣服重新搭配一下,拍照存档
拍照存档,一周才7天
一周才7天,一季也没有几周
一季也没有几周,要那么多搭配干嘛
要那么多搭配干嘛,其实我觉得出于礼节
其实我觉得出于礼节,一周只要不重样
一周只要不重样,两周围巾不重样
两周围巾不重样,这就够了
这就够了,今天中午我请奇点吃饭
今天中午我请奇点吃饭,一起去吗
一起去吗,你跟奇点见了面了
你跟奇点见了面了,可惜今天我去不了
可惜今天我去不了,我要等小蚯蚓他过来谈物业费的事情
我要等小蚯蚓他过来谈物业费的事情,他不打算合租了
他不打算合租了,所以我得等他
所以我得等他,见了面感觉怎么样
见了面感觉怎么样,中年男子跟我想象中有点不太一样
中年男子跟我想象中有点不太一样,小关那天见到了
小关那天见到了,怪不得关关那天说看你跟一个男性朋友一块吃饭
怪不得关关那天说看你跟一个男性朋友一块吃饭,我当时就猜到会是他 都说网友见面就
我当时就猜到会是他 都说网友见面就,见光死
见光死,既然有下一次看来不是见光死
既然有下一次看来不是见光死,奇点
奇点,看上去很安全
看上去很安全,那样子
那样子,可以做朋友
可以做朋友,不过现在还在发愁
不过现在还在发愁,因为餐厅是他定的
因为餐厅是他定的,我也不知道在哪
我也不知道在哪,所以我很害怕一会又迷路迟到
所以我很害怕一会又迷路迟到,只能靠GPS了
只能靠GPS了,我们中国的发展实在是太快
我们中国的发展实在是太快,随处可见
随处可见,高楼林立
高楼林立,而且有好多餐馆 新楼盘什么的
而且有好多餐馆 新楼盘什么的,根本就不好找
根本就不好找,还好你有我
还好你有我,找不着
找不着,随时打电话给我
随时打电话给我,我就是你的GPS
我就是你的GPS,谢谢 拜
谢谢 拜,樊姐
樊姐,你说等会莹莹回来
你说等会莹莹回来,会是什么态度
会是什么态度,会不会还埋怨咱俩
会不会还埋怨咱俩,他为什么要埋怨我们
他为什么要埋怨我们,你也别替他操心了
你也别替他操心了,上海那么大
上海那么大,他要真搬走
他要真搬走,还不知道什么时候能见着
还不知道什么时候能见着,樊姐
樊姐,你说这人是不是长大心就冷了
你说这人是不是长大心就冷了,就什么都不在乎了
就什么都不在乎了,我们大学毕业那会儿
我们大学毕业那会儿,我们寝室的姑娘都哭得稀里哗啦的
我们寝室的姑娘都哭得稀里哗啦的,你说着莹莹跟咱们住这么久
你说着莹莹跟咱们住这么久,说走就走
说走就走,你就真的不难过
你就真的不难过,难过有什么用吗
难过有什么用吗,天下无不散的宴席
天下无不散的宴席,你记住除了你自己
你记住除了你自己,谁都不可能跟你一辈子
谁都不可能跟你一辈子,Sorry
Sorry,我想我迷路了
我想我迷路了,你在什么地方跟我形容一下
你在什么地方跟我形容一下,或许我可以给你指路
或许我可以给你指路,上海真的有太多长的一样的巷子了
上海真的有太多长的一样的巷子了,我刚才路过的是上海十二中
我刚才路过的是上海十二中,我现在在绿杨新路
我现在在绿杨新路,你从绿杨新路往北
你从绿杨新路往北,然后上北环高架
然后上北环高架,北在哪
北在哪,北在哪儿
北在哪儿,我真的分不清东南西北
我真的分不清东南西北,你能不能告诉我是往左还是往右
你能不能告诉我是往左还是往右,这样
这样,你背对十二中往右边开
你背对十二中往右边开,看到十字路口就右拐
看到十字路口就右拐,见到高架你就开上去
见到高架你就开上去,先别挂电话
先别挂电话,等你上了高架之后我再指点你
等你上了高架之后我再指点你,Ok我大概知道了
Ok我大概知道了,我需要掉头了
我需要掉头了,好
好,你等我
你等我,待会见 bye
待会见 bye,我刚才撞见几个朋友也在这吃饭
我刚才撞见几个朋友也在这吃饭,你介不介意跟他们一桌
你介不介意跟他们一桌,他们携家带口
他们携家带口,我不是太适应家庭的氛围
我不是太适应家庭的氛围,Sorry
Sorry,那就不理他们
那就不理他们,我们自己坐
我们自己坐,兵来将挡水来土掩
兵来将挡水来土掩,上一次见你
上一次见你,看你坐地铁回去
看你坐地铁回去,我还内疚半天不该让你买单
我还内疚半天不该让你买单,现在看起来其实一顿饭对你也不算什么
现在看起来其实一顿饭对你也不算什么,一顿饭是不算什么
一顿饭是不算什么,但是跟你见面不一样
但是跟你见面不一样,我做生意难免防范心会重
我做生意难免防范心会重,你是我忍不住见的第一个网友
你是我忍不住见的第一个网友,来 喝杯甜的暖暖心
樊姐 你不是说这个是治痛经的吗,他也可以美容养颜
他也可以美容养颜,喝了这个就能变漂亮了是吧
白主管也不喜欢我,你傻 你变漂亮
你傻 你变漂亮,还有什么白主管 什么马主管王主管各种主管全都来了
还有什么白主管 什么马主管王主管各种主管全都来了,对不对
我还是喜欢白主管,行了
行了,不想渣男了行吧
不想渣男了行吧,渣男不值得留恋
我还是想白主管,那边那桌有个朋友刚好是做车的
那边那桌有个朋友刚好是做车的,他说你那车是从他们店里卖出去的
他说你那车是从他们店里卖出去的,真的吗
真的吗,那是我老板的车 被我抢过来了
那是我老板的车 被我抢过来了,我们认识10年了
我们认识10年了,我记得我从博士毕业之后就跟他在一起工作
我记得我从博士毕业之后就跟他在一起工作,他是个处理复杂关系的天才
他是个处理复杂关系的天才,原来如此
原来如此,这鲫鱼啊
这鲫鱼啊,也是他们这儿的特色菜
也是他们这儿的特色菜,必须要野生鲫鱼
必须要野生鲫鱼,用小火熬上半天才能熬出这么浓白的汤来
用小火熬上半天才能熬出这么浓白的汤来,稍微凉一些
稍微凉一些,这就是野生鲫鱼特有的胶质层
这就是野生鲫鱼特有的胶质层,怎么样
怎么样,很鲜
很鲜,看来你很懂美食
看来你很懂美食,也谈不上懂
也谈不上懂,经常跟人出来应酬多少知道一点
经常跟人出来应酬多少知道一点,谢谢你今天让我吃了这么多好吃的
谢谢你今天让我吃了这么多好吃的,我很开心
我很开心,喜欢吃以后可以一起出来吃
喜欢吃以后可以一起出来吃,看你吃饭真的很有动力
看你吃饭真的很有动力,不过在外面吃多了之后
不过在外面吃多了之后,你会发现其实最想念的还是家里妈妈做的饭菜
你会发现其实最想念的还是家里妈妈做的饭菜,我是孤儿
我是孤儿,从小被收养到国外
从小被收养到国外,我是孤儿
我是孤儿,从小被收养到国外
从小被收养到国外,其实我对中餐的印象也就是福利院的饭菜
其实我对中餐的印象也就是福利院的饭菜,我记得那个时候我们拿的都是搪瓷碗
我记得那个时候我们拿的都是搪瓷碗,然后一个铝制的调羹 就在排队等打饭
然后一个铝制的调羹 就在排队等打饭,福利院的饭菜其实就是一些蔬菜
福利院的饭菜其实就是一些蔬菜,上面飘着几片肥肉
上面飘着几片肥肉,吓到了
吓到了,被你的智商吓到了
被你的智商吓到了,也被你的坦白吓到了
也被你的坦白吓到了,我总觉得跟你网上接触和一起吃饭
我总觉得跟你网上接触和一起吃饭,总感觉你既单纯又复杂
总感觉你既单纯又复杂,现在谜团渐渐解开了
现在谜团渐渐解开了,在意吗
在意吗,在意什么
在意什么,福利院长大
福利院长大,还是你把自己培养的这么优秀
还是你把自己培养的这么优秀,你不觉得我很古怪
你不觉得我很古怪,有点不合群吗
有点不合群吗,如果一定要说平庸普通才算不古怪的话
如果一定要说平庸普通才算不古怪的话,你确实有点古怪
你确实有点古怪,至于不合群
至于不合群,我一直相信曲高和寡
我一直相信曲高和寡,你安慰人的方式很特别
你安慰人的方式很特别,恰恰相反
恰恰相反,我不认为你需要安慰
我不认为你需要安慰,呵呵
呵呵,这渣男 劈腿还敢报警
这渣男 劈腿还敢报警,真是渣出新境界
真是渣出新境界,我倒是要看一看他还能折腾出什么花样
这人跟你到底什么关系,没关系
没关系,邻居大姐
上次MINT酒吧那个,对
没看出来你还挺有爱的,边儿去
边儿去,这大姐我原来挺看不上他的
这大姐我原来挺看不上他的,一身的冒牌货还自以为自己挺美
一身的冒牌货还自以为自己挺美,一把岁数了 还老跟一个小姑娘争风吃醋
一把岁数了 还老跟一个小姑娘争风吃醋,一点自知之明没有
一点自知之明没有,但是他这事干的爽
但是他这事干的爽,仗义
仗义,姑娘们要都像他这样的话
姑娘们要都像他这样的话,这世界上的猥琐男至少少一半
这世界上的猥琐男至少少一半,我帮纯粹对事不对人
我帮纯粹对事不对人,行了
行了,别装了
别装了,差点拿你当女侠
差点拿你当女侠,原来这么不堪一击
原来这么不堪一击,你担心什么
你担心什么,有我呢 不行还有Andy
有我呢 不行还有Andy,再说你一脸风骚样
再说你一脸风骚样,警察哪舍得让你过夜
警察哪舍得让你过夜,你是不知道我这是第一次因为私事进派出所
你是不知道我这是第一次因为私事进派出所,我能不紧张吗
我能不紧张吗,我就是当时图一时之快
我就是当时图一时之快,我把那东西全砸了
我把那东西全砸了,可是没想到这姓白的竟然敢诬陷我
可是没想到这姓白的竟然敢诬陷我,他把自己电脑砸了还搭一个iPad
他把自己电脑砸了还搭一个iPad,还好
还好,他邻居还算是老实
他邻居还算是老实,不然我今天压根就出不来
不然我今天压根就出不来,什么 你今天放过电脑没砸
什么 你今天放过电脑没砸,你都砸什么了
你都砸什么了,砸杯子
砸杯子,砸枕头
砸枕头,净掸灰啦
净掸灰啦,我真的是高看你了
我真的是高看你了,不爽 一点也不爽
不爽 一点也不爽,我要是砸了他电脑
我要是砸了他电脑,你当我傻我还是有法律常识的好吗
你当我傻我还是有法律常识的好吗,我如果把那电脑砸了
我如果把那电脑砸了,量变就变成质变了
量变就变成质变了,那够我在里面待几天
那够我在里面待几天,怕什么呀
怕什么呀,砸就砸了
砸就砸了,砸的越狠越好
砸的越狠越好,甚至在他桌上插把刀
甚至在他桌上插把刀,那姓白的只会越怕你
那姓白的只会越怕你,说不定连警都不敢报
说不定连警都不敢报,连夜卷铺盖滚出上海
连夜卷铺盖滚出上海,你信不信
你信不信,人都是欺软怕硬的
人都是欺软怕硬的,你在那虚张声势 砸几个枕头被子
你在那虚张声势 砸几个枕头被子,你一看你就是虚
你一看你就是虚,肯定照实打回来了
肯定照实打回来了,幸好现在山寨手机都含摄像头
幸好现在山寨手机都含摄像头,否则你在里边蹲着
否则你在里边蹲着,我才懒得捞你这种犯小事的
我才懒得捞你这种犯小事的,这事就这么打住了
这事就这么打住了,看我以后不收拾他
看我以后不收拾他,算了吧
算了吧,这就是你上次说的流浪猫
这就是你上次说的流浪猫,对啊 这个是你上次说的大白猫
对啊 这个是你上次说的大白猫,他叫白粉丝
他叫白粉丝,这个黑的是黑猫警长
这个黑的是黑猫警长,这曲小五 这曲二妞
这曲小五 这曲二妞,曲家原来人家这么兴旺
曲家原来人家这么兴旺,上次你说的时候我还以为你骗我
上次你说的时候我还以为你骗我,骗你干嘛
骗你干嘛,就你这种小白兔我根本懒得动手
就你这种小白兔我根本懒得动手,小曲
小曲,你是不是学过法律
你是不是学过法律,没有
没有,怎么想起来问这个
怎么想起来问这个,上次你说到去派出所说的头头是道的
上次你说到去派出所说的头头是道的,我还以为你学过法律
我还以为你学过法律,说你是小白兔
说你是小白兔,你还真的是小白兔
你还真的是小白兔,我告诉你
我告诉你,姑奶奶我从小就混江湖的
姑奶奶我从小就混江湖的,打群架泡靓仔
打群架泡靓仔,派出所什么的我见多了
派出所什么的我见多了,真的假的
真的假的,小蚯蚓
饿死带眼不识人的傻瓜,你看我给你带来什么好吃的
你看我给你带来什么好吃的,你最爱的三只老鼠
你最爱的三只老鼠,还有夏威夷果
我要反省我不能吃,你还是好好想想明天怎么上班
要不然我喝西北风去,你不辞职你就得去面对白渣男
你不辞职你就得去面对白渣男,别怪我多嘴
别怪我多嘴,昨天他损失惨重
昨天他损失惨重,他那人品不一定会做出什么事
他那人品不一定会做出什么事,他如果事事都针对你是迎战还是逆来顺受
我以后再也不会受他欺负了,傻孩子
傻孩子,感情的事知易行难
感情的事知易行难,我确实怕你受欺负
我确实怕你受欺负,不吃啊
不吃啊,你就在屋里待着
你就在屋里待着,权当减肥了
权当减肥了,我去吃啦 三只松鼠
帮我留着点,樊姐
樊姐,你这晚上有约会
你这晚上有约会,也不算是约会
也不算是约会,我那个同学又来上海 说要晚上
我那个同学又来上海 说要晚上,约我一起聚聚
约我一起聚聚,樊姐 我觉得那个人挺喜欢你的
樊姐 我觉得那个人挺喜欢你的,上次你们一起吃饭的时候
上次你们一起吃饭的时候,他眼睛就没离开过你
他眼睛就没离开过你,我觉得你可以考虑 总比那些只看条件的强
我觉得你可以考虑 总比那些只看条件的强,那不一定
那不一定,我告诉你
我告诉你,男人在没得到你之前对你是千好万好
男人在没得到你之前对你是千好万好,一旦追到手变成女朋友
一旦追到手变成女朋友,情况大不一样
情况大不一样,小蚯蚓就是例子
小蚯蚓就是例子,听你这么说
听你这么说,我都不敢谈恋爱了
我都不敢谈恋爱了,如果我真遇见像白主管那样的渣男
如果我真遇见像白主管那样的渣男,我真是比吃个苍蝇还恶心
我真是比吃个苍蝇还恶心,您还能一辈子跟我们住在一起
您还能一辈子跟我们住在一起,比起遇见渣男
比起遇见渣男,我还真愿意跟你们永远住在在一起
我还真愿意跟你们永远住在在一起,拉倒吧
拉倒吧,我突然觉得好饿
我突然觉得好饿,姐姐
姐姐,你从下午睡到晚上能不饿吗
你从下午睡到晚上能不饿吗,你昨晚干嘛去了
你昨晚干嘛去了,怎么能扔下我乱睡
怎么能扔下我乱睡,害得我差点闷死
害得我差点闷死,我昨晚一夜没睡
我昨晚一夜没睡,老谭
老谭,我没问题了
我没问题了,周一准时上班
周一准时上班,对了
对了,刚接触的项目我考察了一下
刚接触的项目我考察了一下,我觉得回报率还挺高的
我觉得回报率还挺高的,还不错
还不错,我已经让关大鹏做方案了
我已经让关大鹏做方案了,周一我们讨论一下
周一我们讨论一下,Ok bye
Ok bye,万恶的资本家不让人睡觉
万恶的资本家不让人睡觉,自己倒是躺在美容院睡的呼呼的
自己倒是躺在美容院睡的呼呼的,我不管你请客吃饭
我不管你请客吃饭,想吃什么
想吃什么,不知道 办公室恋情 一向是没有好结果的
不知道 办公室恋情 一向是没有好结果的,反倒我是觉得
反倒我是觉得,对樊小妹刮目相看
对樊小妹刮目相看,还刮目
还刮目,以为自己精明厉害
以为自己精明厉害,其实色厉内荏
其实色厉内荏,对付渣男差把自己搭进去
对付渣男差把自己搭进去,明眼人一看就知道他在硬撑
明眼人一看就知道他在硬撑,你以为个个都像你 生下来就可以继承公司
你以为个个都像你 生下来就可以继承公司,衣食无忧
衣食无忧,我觉得樊小妹挺不容易的
我觉得樊小妹挺不容易的,生性热心肠
生性热心肠,小邱这件事情 是多亏有了小樊和小关
小邱这件事情 是多亏有了小樊和小关,小关
小关,小关不懂事
小关不懂事,人家说什么他都信
人家说什么他都信,而且假正经 小脑袋瓜里特别多教条 而且特别喜欢求上进
而且假正经 小脑袋瓜里特别多教条 而且特别喜欢求上进,我最烦她 绷着全身细胞求上进的样子
我最烦她 绷着全身细胞求上进的样子,有时候听你说话真的挺好玩的
有时候听你说话真的挺好玩的,但是我觉得小关是个好职员 相反小丘吧
但是我觉得小关是个好职员 相反小丘吧,算了 换个话题
算了 换个话题,你的公司怎么样了
你的公司怎么样了,后天外方来
后天外方来,能不能签约就看后天
能不能签约就看后天,签约之前
签约之前,一定要使劲把这个气球吹大
一定要使劲把这个气球吹大,就算你的条件是一个狗尾巴草
就算你的条件是一个狗尾巴草,你要把它包装成一个有气质特立独行的狗尾巴草
你要把它包装成一个有气质特立独行的狗尾巴草,等到双方绑在一条船上的时候
等到双方绑在一条船上的时候,再努力做实事
再努力做实事,我听着怎么觉得像反话
我听着怎么觉得像反话,不是反话
不是反话,就像我刚跟你说
就像我刚跟你说,我觉得小关会是一个好的职员
我觉得小关会是一个好的职员,是因为他的条框太多
是因为他的条框太多,所以他做事情的时候总会把预设的东西往他的条框里装
所以他做事情的时候总会把预设的东西往他的条框里装,太束手束脚了
太束手束脚了,但你没有
但你没有,我相信一定把你的狗尾巴草包装的独一无二了
我相信一定把你的狗尾巴草包装的独一无二了,但因为你的经验不够
但因为你的经验不够,我才想告诉你说把它包装得更有气质
我才想告诉你说把它包装得更有气质,更特立独行一些
更特立独行一些,千万不要把狗尾巴草说成是玫瑰花
千万不要把狗尾巴草说成是玫瑰花,Andy我爱你
Andy我爱你,我爸说 常与同好争高下
我爸说 常与同好争高下,不共傻瓜论短长
不共傻瓜论短长,22楼就你一个人拎得清
22楼就你一个人拎得清,常与同好争高下
常与同好争高下,不共傻瓜论短长
不共傻瓜论短长,高
高,我最烦脑袋转不过弯的人
我最烦脑袋转不过弯的人,但是在生活中无数的小外延条件项
但是在生活中无数的小外延条件项,在某些特定的条件项下
在某些特定的条件项下,有些人就算他智商不高
有些人就算他智商不高,但是他术业有专攻
但是他术业有专攻,他依然可以成为小外延条件项下的专家
他依然可以成为小外延条件项下的专家,所以以后不管我们是跟谁说什么
所以以后不管我们是跟谁说什么,一定要看清前提
一定要看清前提,当然了
当然了,有些话题只能是不共傻瓜论短长
有些话题只能是不共傻瓜论短长,怎么样
怎么样,还可口吧
还可口吧,这儿的菜还真好吃
这儿的菜还真好吃,我有件事情比较麻烦
我有件事情比较麻烦,我一直在犹豫要不要请你帮忙
我一直在犹豫要不要请你帮忙,我最恨这种下套子的话
我最恨这种下套子的话,有什么你就明说好吗
有什么你就明说好吗,自从上一次和你见面之后
自从上一次和你见面之后,我已经打算将我的事业重心放到上海
我已经打算将我的事业重心放到上海,我想在上海租一间办公室
我想在上海租一间办公室,然后再租一个单身公寓
然后再租一个单身公寓,你知道我在上海这人生地不熟的
你知道我在上海这人生地不熟的,在外面这什么地段价格我都不清楚
在外面这什么地段价格我都不清楚,你看你 在上海扎根已久
你看你 在上海扎根已久,所以我特别希望
所以我特别希望,你能帮这个忙
你能帮这个忙,我还以为多大点事
我还以为多大点事,好说
好说,告诉我什么条件
告诉我什么条件,爽快
爽快,这是我列的一些要求
这是我列的一些要求,比较麻烦
比较麻烦,你看看
你看看,注册公司
注册公司,注册公司
注册公司,还有这个
还有这个,这个可以
这个可以,我这周成不成都会给你答复
我这周成不成都会给你答复,好
好,租房子需要一些开销
租房子需要一些开销,我不能让你垫付
我不能让你垫付,对不对
对不对,也是如果真有看中的房子也好
也是如果真有看中的房子也好,付定金
付定金,那我就不跟你客气了
那我就不跟你客气了,我明白了
我明白了,如果没什么事
如果没什么事,我想先回去
我想先回去,这早了吧
这早了吧,都说上海夜生活才刚刚开始
都说上海夜生活才刚刚开始,要不这样
要不这样,咱们去喝咖啡
咱们去喝咖啡,这么晚了喝什么咖啡
这么晚了喝什么咖啡,我明天一大早要上班
我明天一大早要上班,你一个人回去我有点不放心
你一个人回去我有点不放心,要不我送你回去
要不我送你回去,我保证不进你家门一步
我保证不进你家门一步,我们这儿管理的很安全
我们这儿管理的很安全,我也习惯了一个人回家
我也习惯了一个人回家,小美
小美,其实我挺好奇的
其实我挺好奇的,像你这样的人为什么会一直单身
像你这样的人为什么会一直单身,不过我也能理解
不过我也能理解,是你太优秀
是你太优秀,让很多男人自愧
让很多男人自愧,哪有我只不过是一个普通公司的白领
哪有我只不过是一个普通公司的白领,你看走眼了
你看走眼了,我不会看走眼
我不会看走眼,行了
行了,回去吧
回去吧,租房子的事
租房子的事,就麻烦你了
就麻烦你了,没问题
我怎么这么傻,莹莹 对不起 姐
莹莹 对不起 姐,不是故意的
不是故意的,别怪我
你能把那两朵玫瑰给我吗,你要干嘛
以毒攻毒幡然醒悟,小心刺儿
小心刺儿,莹莹
莹莹,我要上班去了
我要上班去了,你走不走
樊姐 努力 加油,这孩子没事吧
这孩子没事吧,你什么时候来的
你什么时候来的,你怎么不进去
你怎么不进去,生意的事我不管 我是来陪你吃饭的
生意的事我不管 我是来陪你吃饭的,吃饭
吃饭,所以你真的是来监督我吃饭的
所以你真的是来监督我吃饭的,那天的事我知道你心里不舒服
那天的事我知道你心里不舒服,本来想放你一个星期假
本来想放你一个星期假,没想到你周一就开始上班了
没想到你周一就开始上班了,当员工的这么拼命
当员工的这么拼命,当老板的无以回报
当老板的无以回报,所以只好舍命陪君子了
所以只好舍命陪君子了,我已经好了
我已经好了,没事了
没事了,好什么好
好什么好,在我面前就不要再逞强了
在我面前就不要再逞强了,我今天来送上门来当树洞的
我今天来送上门来当树洞的,有什么想说的尽量跟我说
有什么想说的尽量跟我说,总比自己憋在心里强
总比自己憋在心里强,谢什么
谢什么,谢我把你
谢我把你,挖到我这儿累死累活
挖到我这儿累死累活,那也是
那也是,找弟弟
找弟弟,弟弟的事情也是
弟弟的事情也是,我知道你为什么来
我知道你为什么来,放心
放心,我真的没事
我真的没事,我现在只是想希望老严能够尽快找到我弟弟
我现在只是想希望老严能够尽快找到我弟弟,一想到他孤零零的在外面一个人
一想到他孤零零的在外面一个人,我就不能心安
这男人一点担当都没有,邱莹莹 你别傻了
邱莹莹 你别傻了,他但凡对你有点情谊
他但凡对你有点情谊,就不会把樊姐告到派出所去
就不会把樊姐告到派出所去,这没遇见更好
这没遇见更好,我还怕他遇见你找你麻烦
那么多美好的回忆一下子就全都没了,既然这样 放心
既然这样 放心,不管花多少精力多少费用
不管花多少精力多少费用,我都一定让老严把人找到
我都一定让老严把人找到,但你得答应我一个条件
但你得答应我一个条件,你说
你说,不准胡思乱想
不准胡思乱想,不管能不能
不管能不能,找到你弟弟
找到你弟弟,也不管找到以后是个什么状况
也不管找到以后是个什么状况,不管
不管,是健康还是智障
是健康还是智障,或者说有没有精神病
或者说有没有精神病,你都必须保持冷静
你都必须保持冷静,我谭宗明难得认一个朋友
我谭宗明难得认一个朋友,我不希望因为这个伤害到自己
我不希望因为这个伤害到自己,好
好,我答应你
我答应你,行
行,我先走了
我先走了,你慢慢吃
你慢慢吃,谢谢你
谢谢你,又谢
我相信公司,早 还没睡醒
早 还没睡醒,可不嘛 没几个小时
可不嘛 没几个小时,今天要见客户了
今天要见客户了,英文单词背熟了没有
英文单词背熟了没有,不过我有备用的利器
不过我有备用的利器,如果你需要人手
如果你需要人手,202的小邱刚失业
202的小邱刚失业,小关失业我还可以考虑的
小关失业我还可以考虑的,小邱真心不敢用
小邱真心不敢用,在这个节骨眼上他要是坏了我事怎么办
在这个节骨眼上他要是坏了我事怎么办,你公司家大业大
你公司家大业大,留个职位总是有的
留个职位总是有的,我们那儿啊
我们那儿啊,我们那只需要两种女人
我们那只需要两种女人,铁娘子或者绝色花瓶
铁娘子或者绝色花瓶,那我呢
那我呢,花瓶怎么和狐狸精比 当然可以
樊姐,我同情你
我同情你,怎么起得这么早啊
算了,邱莹莹
邱莹莹,你可千万不能跳楼
你可千万不能跳楼,我跟你说你能找到工作的
我跟你说你能找到工作的,你现在跟毕业的时候不一样了
你现在跟毕业的时候不一样了,你有工作经验了
是吧,说不定你能找到更好的工作
说不定你能找到更好的工作,因祸得福
也没有钱吃饭,今天你怎么没下来跑步
今天你怎么没下来跑步,我昨天看莹莹不太高兴
我昨天看莹莹不太高兴,我就没敢说
我就没敢说,我们高中这周五要组织一个同学聚会
我们高中这周五要组织一个同学聚会,说只要是在上海工作的毕业生都会参加
说只要是在上海工作的毕业生都会参加,然后他们就把我拉到了一个同学会的群里面有特别多的人
然后他们就把我拉到了一个同学会的群里面有特别多的人,然后我就想看看大家都聊什么
然后我就想看看大家都聊什么,聊得那么高兴
聊得那么高兴,然后我就翻聊天记录
然后我就翻聊天记录,我翻着翻着我就睡晚了
我翻着翻着我就睡晚了,樊小妹之前教过
樊小妹之前教过,我一个俚语
我一个俚语,没事
没事,开个同学会 拆散一对是一对 是这样吗
开个同学会 拆散一对是一对 是这样吗,读书的时候有没有喜欢的人
读书的时候有没有喜欢的人,我没有
我没有,我妈说了这大学毕业之前都不让我谈恋爱
我妈说了这大学毕业之前都不让我谈恋爱,安迪姐参加过同学会吗
安迪姐参加过同学会吗,没有
没有,因为我读书的时候跳了几级
因为我读书的时候跳了几级,所以班上的同学都比我年纪大
所以班上的同学都比我年纪大,他们不爱跟我玩
他们不爱跟我玩,跳级
跳级,安迪姐你跳过级
安迪姐你跳过级,我们高中有一个林师兄
我们高中有一个林师兄,他小学的时候也跳过一级
他小学的时候也跳过一级,我从小看他就跟看神人一样
我从小看他就跟看神人一样,安迪姐你都跳过几级
安迪姐你都跳过几级,我 year three
我 year three,and five 还有在high school的时候都有跳过
and five 还有在high school的时候都有跳过,跳过
跳过,不行 安迪姐
不行 安迪姐,我从今以后你就是我的偶像
我从今以后你就是我的偶像,真的 什么林师兄跟你一比都不算什么
真的 什么林师兄跟你一比都不算什么,你才是超级无敌学霸
你才是超级无敌学霸,他们送走 累死我了
爸爸看你的表现,什么时候吃饭
什么时候吃饭,饿了
当年在文学社我还做过你们社长,我怎么可能不认识林师兄
我怎么可能不认识林师兄,我还怕师兄忘了我
最后都没能进的去,我这也是靠父母托关系才进去的
我这也是靠父母托关系才进去的,现在还没过实习期
喝太多了,林师兄啊
林师兄啊,刚才谢谢你为我挡酒
你去吗,我就不去了
我就不去了,这么晚了我就回家了
果然是个好姑娘,这是夸我还是损我
要不我送你回去,不用了
不用了,我打个车就行了
我打个车就行了,你跟他们去唱歌
告诉我一声,好
好,你也别开车了
你也别开车了,喝酒就别开车
喝酒就别开车,找个代驾
谢谢师妹,拜拜师兄
你照着条热着就行了,你一个人 不是说你爸爸来了
看完以后我觉得我自己干劲特别大,不是前段时间刚揭穿了一个假博士吗
不是前段时间刚揭穿了一个假博士吗,这个书这是逻辑是不通的
这个书这是逻辑是不通的,比如说你像这个故事
比如说你像这个故事,一个从未出过
一个从未出过,门的农民
门的农民,为了追债 跑遍了整个中国
为了追债 跑遍了整个中国,然后债务人外逃
然后债务人外逃,他跟了追到国外去 一次家都没有回
他跟了追到国外去 一次家都没有回,然后意外的在国外发现商机
然后意外的在国外发现商机,转身一变成为一代侨领
转身一变成为一代侨领,首先
首先,如果一个从未出过门
如果一个从未出过门,门的一个农民
门的一个农民,他要是出国
他要是出国,他是不是应该回家
他是不是应该回家,办护照办签证
办护照办签证,其次 外国人也没那么傻
其次 外国人也没那么傻,遍地是黄金的故事
遍地是黄金的故事,不要相信
不信我再查给你看,我知道会有这种人
我知道会有这种人,但是这种故事3分真7分假
但是这种故事3分真7分假,他才能够骗你这样的人
他才能够骗你这样的人,小邱
小邱,我倒觉得其实你可以去思考一下
我倒觉得其实你可以去思考一下,成功的定义到底是什么
成功的定义到底是什么,人一定要有钱
人一定要有钱,有地位才叫成功吗
有地位才叫成功吗,非得要这样的成功
非得要这样的成功,人生才够完美吗
我现在就需要成功,可是逻辑
可是逻辑,不通又煽动人心的书
不通又煽动人心的书,不是好书
不是好书,你真的不应该看 人一定要有钱有地位才能成功的话
你真的不应该看 人一定要有钱有地位才能成功的话,按照人类大范畴来说
按照人类大范畴来说,成功的几率是很小的
成功的几率是很小的,你只能靠这些书来自己欺骗自己说我会成功吗
我求你别管我也别替我操心了行吗,Sorry
那僵尸表示压力很大,僵什么尸
僵什么尸,人事部同事送的
人事部同事送的,说今年送礼就送蒜你狠
说今年送礼就送蒜你狠,你坐外面干什么呢
结果她进屋了,安迪说的对
安迪说的对,知道吗
知道吗,你那些书可能真的是不符合逻辑 知道吗
你那些书可能真的是不符合逻辑 知道吗,安迪也是为了你好
安迪也是为了你好,希望你看好书
希望你看好书,所以你别多想
所以他看不起我,小蚯蚓
小蚯蚓,帮姐个忙
行,让姐睡半个小时
反正半个小时以后我再说,安迪姐
安迪姐,起晚了
起晚了,因为邱莹莹吧 昨天我看她在看成功学的书
因为邱莹莹吧 昨天我看她在看成功学的书,说了她几句
说了她几句,他好像很不高兴
他好像很不高兴,安迪姐
安迪姐,我知道你是为莹莹好
我知道你是为莹莹好,可莹莹她不是有意的
可莹莹她不是有意的,其实我说他也是希望能够帮他
其实我说他也是希望能够帮他,对了
对了,曲筱绡呢
曲筱绡呢,我感觉好多天都没见到他
我感觉好多天都没见到他,小曲忙着赚钱呢
小曲忙着赚钱呢,你别看他平时吊儿郎当的
你别看他平时吊儿郎当的,其实聪明的很
其实聪明的很,什么时候该做什么事情
什么时候该做什么事情,心里清清楚楚的
心里清清楚楚的,是 他比我大不了几岁
是 他比我大不了几岁,我感觉他什么都懂
我感觉他什么都懂,上次樊姐被白渣男陷害
上次樊姐被白渣男陷害,我和莹莹都不知道该怎么办了
我和莹莹都不知道该怎么办了,可他就能找到门路
可他就能找到门路,Andy姐
Andy姐,有的时候我就在想我是不是从小到大乖乖听话听错了
有的时候我就在想我是不是从小到大乖乖听话听错了,你也想变成小曲那样
你也想变成小曲那样,我也不清楚
我也不清楚,我就觉得在学校学的那么多东西
我就觉得在学校学的那么多东西,真出了社会遇到点事儿
真出了社会遇到点事儿,还不如曲筱绡随便打个电话找个朋友有用
还不如曲筱绡随便打个电话找个朋友有用,话不是这么说
话不是这么说,其实每个人都有自己的立身之本
其实每个人都有自己的立身之本,小曲的歪点子多
小曲的歪点子多,那也只有他的这种性格才做得到
那也只有他的这种性格才做得到,你只要踏踏实实做事
你只要踏踏实实做事,自然会有人欣赏你的
自然会有人欣赏你的,其实人生的路很长
其实人生的路很长,未来你就知道了
未来你就知道了,不是走得快
不是走得快,懂得多就好
懂得多就好,重要的还是要找到一个适合自己的道路
重要的还是要找到一个适合自己的道路,曲总 我是曲筱绡
曲总 我是曲筱绡,正式跟你汇报一下
正式跟你汇报一下,我已经正式和GI方面达成了合作协议
我已经正式和GI方面达成了合作协议,刚把史密斯先生一行人送走
刚把史密斯先生一行人送走,随着他们的离境
随着他们的离境,GI项目将正式翻开新的篇章
祝贺你,还有 这段时间接待的太辛苦
还有 这段时间接待的太辛苦,我可能需要稍事休息
我可能需要稍事休息,不过从下个星期开始
不过从下个星期开始,我将正式投入到GI项目
高兴都不知道干什么好了,爸爸 我不跟你客气
爸爸 我不跟你客气,表扬最好落实到奖金上
表扬最好落实到奖金上,打算给多少
200万以内的你随便挑,我那金龟子开也挺好
我那金龟子开也挺好,不打算换
不打算换,你把买车的钱折现给我
你把买车的钱折现给我,我现在严重缺乏资金
晚上跟你妈吃个饭,晚上我才不跟你们吃饭
晚上我才不跟你们吃饭,我要答谢恩公
我要答谢恩公,这次一举拿下外方代表全靠他帮我忙
我们全家人来感谢他,才不 人家是大美女
才不 人家是大美女,不能让你看见
你忙 筱绡 我和你妈随时等候接见,行了挂了
行了挂了,拜拜
你跟我们安总是朋友,想打听我跟安总的关系啊
就随便问问,想打听就打听紧张什么
想打听就打听紧张什么,我告诉你
我告诉你,我跟你们安总可不是一般的关系
我跟你们安总可不是一般的关系,我问你 最近是不是总是戴着个蓝牙耳机
我问你 最近是不是总是戴着个蓝牙耳机,时不时冒出几句奇怪的话
好像也没见过他这样,这有什么好奇怪的
这有什么好奇怪的,他那是在跟我说话帮我忙
他那是在跟我说话帮我忙,你说说 他对我这么好
你说说 他对我这么好,为了帮我连工作都顾不上了
为了帮我连工作都顾不上了,这能是普通的关系吗
筱绡姐,好 谢谢
好 谢谢,刚才那是谁
刚才那是谁,不解释一下吗
不解释一下吗,解释什么
解释什么,邻居
邻居,一个特别能闹腾的邻居
一个特别能闹腾的邻居,他叫曲筱绡
他叫曲筱绡,今天他签了个合同非常高兴 来找我庆祝
今天他签了个合同非常高兴 来找我庆祝,谁知道乐极生悲
谁知道乐极生悲,一进门就崴了脚
一进门就崴了脚,所以我让小王送他去医院了
所以我让小王送他去医院了,那是挺逗的
那是挺逗的,可是人家在你的地头上受了伤
可是人家在你的地头上受了伤,你就把人家丢下
你就把人家丢下,不管 这合适吗
不管 这合适吗,要是是别人我不知道
要是是别人我不知道,但是曲筱绡不用担心
但是曲筱绡不用担心,你没见过他
你没见过他,古灵精怪的
古灵精怪的,只有他欺负别人的时候
只有他欺负别人的时候,从来都没有别人欺负他的时候
从来都没有别人欺负他的时候,而且他也不会小肚鸡肠
而且他也不会小肚鸡肠,我跟他说了
我跟他说了,我一开完会就去医院接他
我一开完会就去医院接他,不错
不错,是跟以前有点不一样了
是跟以前有点不一样了,什么不一样
什么不一样,有朋友了
有朋友了,不像你在美国的时候连个说话的人都没有
不像你在美国的时候连个说话的人都没有,朋友
朋友,你指曲筱绡
你指曲筱绡,了解他
了解他,关心他
关心他,在他需要的时候帮助他
在他需要的时候帮助他,即便是性格不同也能发现他的优点
即便是性格不同也能发现他的优点,这不是朋友是什么
这不是朋友是什么,你以前把自己包裹的太严实
你以前把自己包裹的太严实,不让别人发现你的好
不让别人发现你的好,别人怎么可能跟你成为好朋友
别人怎么可能跟你成为好朋友,要我说你就应该住在欢乐颂那个地方
要我说你就应该住在欢乐颂那个地方,多认识一些人
多认识一些人,才会发现生活除了工作以外还有很多重要的事情
才会发现生活除了工作以外还有很多重要的事情,还好骨头没有问题
还好骨头没有问题,只是普通的扭伤
只是普通的扭伤,赵医生
赵医生,要不要打针
要不要打针,不用 你这种问题连药都不用开
不用 你这种问题连药都不用开,好好养着就行
好好养着就行,这两天少走路
这两天少走路,如果有条件的话
如果有条件的话,每天做两次热敷
每天做两次热敷,能够有效缓解疼痛
能够有效缓解疼痛,可是真的好痛
可是真的好痛,X光没有照出来
X光没有照出来,不会
不会,还有 三个月之内不要穿高跟鞋
还有 三个月之内不要穿高跟鞋,为什么这么痛呢
为什么这么痛呢,会不会有别的问题
会不会有别的问题,赵医生 你能不能再帮我仔细的检查一下
赵医生 你能不能再帮我仔细的检查一下,好痛啊
好痛啊,所以呢 你的脚没有任何问题
所以呢 你的脚没有任何问题,如果你要实在痛的话
如果你要实在痛的话,医生也没有办法
医生也没有办法,我知道
我知道,可是我好害怕
可是我好害怕,赵医生 如果晚上我的脚更痛的话
赵医生 如果晚上我的脚更痛的话,我能不能打你的电话问一问
我能不能打你的电话问一问,我一个人住
我一个人住,晚上也没有办法让人送我来医院
晚上也没有办法让人送我来医院,没问题
没问题,还有什么问题吗
还有什么问题吗,没有了
没有了,谢谢医生
谢谢医生,我走了
我走了,怎么
怎么,想给医生打电话
想给医生打电话,肯定不行
肯定不行,像赵医生这种优质男
像赵医生这种优质男,我要是太主动的话
我要是太主动的话,就会被他看不起的
就会被他看不起的,所以我一定要忍住
所以我一定要忍住,把他的好奇心吊到最高点再下手
把他的好奇心吊到最高点再下手,好不容易遇到个这么喜欢的 一击
好不容易遇到个这么喜欢的 一击,而中才是我的性格
而中才是我的性格,你年纪不大
你年纪不大,心眼不少
心眼不少,说吧
说吧,为什么要骗我
为什么要骗我,Andy你在说什么呢
Andy你在说什么呢,我怎么会骗你呢
我怎么会骗你呢,你还在跟我装
你还在跟我装,一个项目谈下来
一个项目谈下来,你爸的实力我基本已经摸清了
你爸的实力我基本已经摸清了,不过你放心
不过你放心,我有我的职业道德
我有我的职业道德,只不过你爸很疼你
只不过你爸很疼你,你怎么可以把自己说的像没有人疼没有人爱一样
你怎么可以把自己说的像没有人疼没有人爱一样,真是个小滑头
真是个小滑头,我真的有个同父异母的哥哥
我真的有个同父异母的哥哥,而且在爸爸面前竞争相当的激烈
而且在爸爸面前竞争相当的激烈,这桌下面的较量外人是看不出来的
这桌下面的较量外人是看不出来的,你别看我整天嘻嘻哈哈的
你别看我整天嘻嘻哈哈的,其实真的很有压力
其实真的很有压力,真的没有骗你
真的没有骗你,不要生气了好不好
不要生气了好不好,你说为什么你追赵医生
你说为什么你追赵医生,我一点都不觉得猥琐
我一点都不觉得猥琐,要是别的女孩那么主动
要是别的女孩那么主动,我真的接受不了
我真的接受不了,那是因为我知道自己要什么 不要什么 什么担得起
那是因为我知道自己要什么 不要什么 什么担得起,什么担不起
什么担不起,拿得起放得下
拿得起放得下,Andy不瞒你说
Andy不瞒你说,要是你有喜欢的人
要是你有喜欢的人,拿过来
拿过来,我给你过眼
我给你过眼,合不合格
合不合格,我一眼给你下定论
我一眼给你下定论,有没有啊
有没有啊,问你话
问你话,有没有
有没有,Ok. 
Ok. ,来扶着我
自己就是老板娘 难怪这么上心了,我朋友刚来上海 招人 打点关系
我朋友刚来上海 招人 打点关系,什么都需要花钱
什么都需要花钱,你这租金能不能再降点
低于4万房主肯定不租,租金这么贵
租金这么贵,除了那些坐办公室的
除了那些坐办公室的,还有谁会租
还有谁会租,那些要租办公室的
那些要租办公室的,这都快到年底了
这都快到年底了,对吧
对吧,肯定是想办法往后拖
肯定是想办法往后拖,拖到年后再来租 你这房子一空一两个月
拖到年后再来租 你这房子一空一两个月,你还不如便宜点租给我
你还不如便宜点租给我,对不对
这是房主的底线了,35000
35000,行吗
行吗,我可是诚意要租
我可是诚意要租,订金都带来了
订金都带来了,咱把合同一签
咱把合同一签,我订金一交你就能拿提成了
我订金一交你就能拿提成了,就不用带着我来回跑了
就不用带着我来回跑了,对不对
对不对,再说了
再说了,我们又不是皮包公司
我们又不是皮包公司,是准备长租的
是准备长租的,如果生意好做个几年都有可能
如果生意好做个几年都有可能,到时候再涨价也好商量
我帮您跟房东讲,谢谢了
谢谢了,在哪儿
在哪儿,家还是公司
家还是公司,在家里
在家里,我刚出差回来 见个面
我刚出差回来 见个面,又是吃饭
又是吃饭,随便吃点
随便吃点,我带你去个好玩的地方
我带你去个好玩的地方,好
好,不过要我请客
不过要我请客,欠债还钱天经地义
欠债还钱天经地义,不许跟我争
不许跟我争,不好意思
不好意思,这个还真不行
这个还真不行,门票我都已经买好了
门票我都已经买好了,看样子你欠我的
看样子你欠我的,还得继续背着
还得继续背着,满足我随叫随到
满足我随叫随到,我以为我自己很聪明
我以为我自己很聪明,可你总有办法算计我
可你总有办法算计我,对
对,算计你吃吃喝喝 还总带你出去过
算计你吃吃喝喝 还总带你出去过,玩 我简直太凶残了
玩 我简直太凶残了,令人发指
令人发指,地址给我 我来接你
地址给我 我来接你,欢乐颂小区
欢乐颂小区,到了打我电话
到了打我电话,我们现在在2000米以下的地铁开采厂
我们现在在2000米以下的地铁开采厂,随时可能塌方
随时可能塌方,害怕吗
害怕吗,你还真是童心未泯
你还真是童心未泯,不过这个地方做的还真的挺逼真的
不过这个地方做的还真的挺逼真的,对啊
对啊,这儿见证了地球46亿年的变迁
这儿见证了地球46亿年的变迁,还有好多奇观呢 前面还有一个地震体验区
还有好多奇观呢 前面还有一个地震体验区,敢吗
敢吗,Sorry
Sorry,敢吗
敢吗,你觉得我像不敢的人吗
你觉得我像不敢的人吗,你还笑
你还笑,你不觉得很恐怖吗
你不觉得很恐怖吗,故弄玄虚
故弄玄虚,地震区
地震区,不会有这样的地貌
不会有这样的地貌,这里面是充满低压气体的
这里面是充满低压气体的,有一个连接高压电瓶的电极
有一个连接高压电瓶的电极,电极
电极,所以手一触摸自然就这样像闪电一样
所以手一触摸自然就这样像闪电一样,没意思
没意思,我装的这么辛苦
我装的这么辛苦,你也不表扬我一下
你也不表扬我一下,那边好多游戏
那边好多游戏,你行吗
你行吗,我最会玩游戏了
我最会玩游戏了,要比赛的
要比赛的,没问题
没问题,这个练时间的感应能力
这个练时间的感应能力,按了钮之后
按了钮之后,这些灯就会依次亮起来
这些灯就会依次亮起来,按一定的节拍
按一定的节拍,那中间会空点
那中间会空点,谁时间最接近谁就赢
谁时间最接近谁就赢,Ok
Ok,到你了
到你了,不错
不错,天哪
天哪,你太棒了
你太棒了,一点点
一点点,再来一次
再来一次,没关系
没关系,你看
你看,赵医生资料
赵医生资料,本地人不是凤凰男
本地人不是凤凰男,加分
加分,未婚加分
未婚加分,可是传言有一个女朋友 是卫生局某一领导的女儿 相处7年了
可是传言有一个女朋友 是卫生局某一领导的女儿 相处7年了,大家都说 他光速升为副主任跟这个有关系
大家都说 他光速升为副主任跟这个有关系,你打算怎么样
你打算怎么样,还能怎么样
还能怎么样,有女朋友你也追啊
有女朋友你也追啊,那怎么了
那怎么了,他有没有我女朋友跟我什么关系
他有没有我女朋友跟我什么关系,我喜欢他我就可以
我喜欢他我就可以,追他 再说了
追他 再说了,凭我的经验
凭我的经验,谈恋爱半年就可以谈婚论嫁
谈恋爱半年就可以谈婚论嫁,一气呵成
一气呵成,周年的时候就能结婚
周年的时候就能结婚,可若谈了漫漫7年的恋爱都没有走到结婚这一步的话
可若谈了漫漫7年的恋爱都没有走到结婚这一步的话,基本上可以判断恋爱失效
基本上可以判断恋爱失效,可是你没有见过他女朋友
可是你没有见过他女朋友,你凭什么这么判断
你凭什么这么判断,你用脑子想一想嘛
你用脑子想一想嘛,如果他们两个谈恋爱谈了7年都一直没有上床的话
如果他们两个谈恋爱谈了7年都一直没有上床的话,那就说明有一个人肯定有问题
那就说明有一个人肯定有问题,不是精神上的问题
不是精神上的问题,就是身体上有问题
就是身体上有问题,咱们换个角度来想
咱们换个角度来想,如果这7年他们两个一直都上床的话
如果这7年他们两个一直都上床的话,那就说明至少有一个人有歪心思
那就说明至少有一个人有歪心思,否则为什么不结婚再娶在一起这么久了 七年哎
否则为什么不结婚再娶在一起这么久了 七年哎,不结
不结,就该分好吗
就该分好吗,谈恋爱就是这样的
谈恋爱就是这样的,不是时间越久越好的
不是时间越久越好的,听起来年几年的挺吓人的
听起来年几年的挺吓人的,其实就像一层脆弱的纸
其实就像一层脆弱的纸,一捅
一捅,他说要跟你一起结伴回家
他说要跟你一起结伴回家,是
是,我这周本来就想回家的
我这周本来就想回家的,而且他有车
而且他有车,所以这样子不就更方便了吗
所以这样子不就更方便了吗,傻瓜 林师兄肯定是对你有意思
傻瓜 林师兄肯定是对你有意思,怎么可能 我们根本就不太熟
怎么可能 我们根本就不太熟,而且又不是只有我一个人
而且又不是只有我一个人,樊姐 你看我穿这身怎么样
樊姐 你看我穿这身怎么样,挺好
挺好,不过呢
不过呢,得把这上面这几颗扣子给解开
得把这上面这几颗扣子给解开,为什么
为什么,因为少壮不努力
因为少壮不努力,老大徒a杯
老大徒a杯,你这样的罩杯如果不露一点
你这样的罩杯如果不露一点,男人怎么可能喜欢
男人怎么可能喜欢,樊姐 你好讨厌
樊姐 你好讨厌,你口水都快掉下来了
你口水都快掉下来了,至于吗
至于吗,当然 姐姐我眼光这么高
当然 姐姐我眼光这么高,难道碰到一个这么喜欢的人 容易嘛我
难道碰到一个这么喜欢的人 容易嘛我,Andy 你什么都好
Andy 你什么都好,太一本正经太无趣了
太一本正经太无趣了,其实你们应该学学我 白刀子进红刀子出 越简单越好
其实你们应该学学我 白刀子进红刀子出 越简单越好,我要走了
我要走了,小关在地下车库等我
小关在地下车库等我,她干嘛跑到地下车库等你
她干嘛跑到地下车库等你,不是明天走吗
不是明天走吗,本来是的
本来是的,上次林师兄约我坐他的车回去
上次林师兄约我坐他的车回去,说我如果周五有空
说我如果周五有空,就跟他还有几个校友一起开车回家
就跟他还有几个校友一起开车回家,这样还能在家多住一个晚上
这样还能在家多住一个晚上,不过我妈她跟我说
不过我妈她跟我说,尽量不要一个人大晚上的坐不太熟的异性的车回家
尽量不要一个人大晚上的坐不太熟的异性的车回家,说发生意外的概率相当的高
说发生意外的概率相当的高,你说我这是
你说我这是,去还是
去还是,去呢
去呢,应该也不至于
应该也不至于,不是还有同学吗
不是还有同学吗,樊姐跟我说
樊姐跟我说,这是追求女生的第一步
这是追求女生的第一步,樊小妹也说了
樊小妹也说了,爱情就像便便 来了
爱情就像便便 来了,挡也挡不住
挡也挡不住,这是麦兜说的
