Input,Output
真巧,车没事了
是你呀 没事了没事 谢谢你,没事没事 你也去春风
对,你孩子也在这上学
对呀,真巧 我儿子也在这
真巧 我儿子也在这,你孩子几年级
高三了,哪个班
三班啊,我儿子也三班
我儿子也三班,我儿子叫方一凡
我儿子叫方一凡,你孩子叫什么
我儿子叫季杨杨,季杨杨，好像我听凡凡说过
季杨杨，好像我听凡凡说过,对
对,是不是每次开家长会来的都是他爸爸
那是他舅舅,我说呢这么年轻
妈,你不要叫我妈
你不要叫我妈,我不是你妈
妈，我错了,你没错
你没错,我错了
我错了,我为什么要生你
我为什么要生你,我吃饱了撑的我就不该生你
我吃饱了撑的我就不该生你,方一凡我真的不明白你脑子里面天天在想什么
方一凡我真的不明白你脑子里面天天在想什么,你是不是真的不知道现在高几了
你是不是真的不知道现在高几了,你不知道我告诉你
你不知道我告诉你,你现在高三了
你现在高三了,不再是高一高二了
不再是高一高二了,你说
你说,你说你 天天天天
你说你 天天天天,学习不灵，打架门清，一个暑假我给你报个补习班
学习不灵，打架门清，一个暑假我给你报个补习班,原指望你好好学习能上去
原指望你好好学习能上去,结果断崖式的下滑
结果断崖式的下滑,你对得起我吗
你对得起我吗,妈妈高三那年妈妈怎么跟你讲的吗
其他都特别棒,你为什么一点不随妈妈
你为什么一点不随妈妈,凡凡
我随我爸爸,你也没随你爸
你也没随你爸,你爸也是学霸
你爸也是学霸,当年成绩也很好
当年成绩也很好,这两年才堕落的
这两年才堕落的,才玩物丧志的
才玩物丧志的,还给你搞什么乌龟
然后咱不是说好还得去趟超市吗,方一凡你什么都能记住
方一凡你什么都能记住,又是超市又是烤鸭
又是超市又是烤鸭,你就是不记住你的学习上的事
你就是不记住你的学习上的事,是不是
别生气了,凡凡，磊磊来了
凡凡，磊磊来了,你真的要懂事一些
你真的要懂事一些,磊磊妈妈走了
磊磊妈妈走了,他爸爸对他不怎么样也不上心
他爸爸对他不怎么样也不上心,摊上那么个后妈
摊上那么个后妈,磊磊来了你要跟他好好相处
磊磊来了你要跟他好好相处,要好好向他学习
要好好向他学习,磊磊等于跟你是有1/4血缘关系的
磊磊等于跟你是有1/4血缘关系的,真等于亲兄弟
真等于亲兄弟,你听到没有
他有北京户口吗,你操这个心干什么
你操这个心干什么,该你操心的你不操心
该你操心的你不操心,不该你操心的你瞎操心
不该你操心的你瞎操心,他怎么没有北京户口
他怎么没有北京户口,你大姨他当年嫁到福建的时候
你大姨他当年嫁到福建的时候,户口没调过去
户口没调过去,他随你大姨一直留在北京的户口就在咱们家
你早跟我说不就完了吗,你问我了吗
你的车没事吧,没事
没事,都过去
你就别跟他计较了,方一凡他是什么样的人
方一凡他是什么样的人,跟我没关系
跟我没关系,别跟我提他
别跟我提他,回来了
回来了,回来了
回来了,是不是都饿了
是不是都饿了,马上开饭
马上开饭,今儿没学生啊
今儿没学生啊,今儿我太忙
今儿我太忙,又弄这种药膳
又弄这种药膳,不喜欢喝这种药味汤
不喜欢喝这种药味汤,不是给你的放心
不是给你的放心,是给妈自己喝的
是给妈自己喝的,你怎么了
你怎么了,不舒服吗
不舒服吗,最近睡的不好
最近睡的不好,睡得不好 老是失眠
睡得不好 老是失眠,可能是压力太大了
可能是压力太大了,又怨压力大
又怨压力大,你说什么
你说什么,没什么
没什么,我学习去了
我学习去了,先别学了
先别学了,把饭吃了再说
把饭吃了再说,你压力大
你压力大,我压力才大
我压力才大,alexander懂不懂
alexander懂不懂,开门
开门,daddy
daddy,你怎么来了
你怎么来了,你在家呢
你在家呢,那个什么，不是
那个什么，不是,宋倩
宋倩,你把门打开一下
你把门打开一下,我给孩子拿着点东西
我给孩子拿着点东西,咱们说好了一个月见一次的
咱们说好了一个月见一次的,别坏了规矩好不好
别坏了规矩好不好,天天来打扰，你先回去把
天天来打扰，你先回去把,我跟孩子约好了孩子等着
我跟孩子约好了孩子等着,你把门打开
你把门打开,他那做卷子
他那做卷子,我这也有学生都挺忙的
我这也有学生都挺忙的,别打扰了
别打扰了,先回去
先回去,怎么上来的
怎么上来的,你不让我上来
你不让我上来,人家物业经理亲自把我送上来的
人家物业经理亲自把我送上来的,有本事让他送进门
有本事让他送进门,你一趟趟跑
你一趟趟跑,你到底要干嘛
你到底要干嘛,英子不是喜欢天文望远镜吗
英子不是喜欢天文望远镜吗,今儿货到了
今儿货到了,我给孩子把货送过来
我给孩子把货送过来,高三哪有时间玩这个
高三哪有时间玩这个,拿走
拿走,这是孩子的兴趣爱好
这是孩子的兴趣爱好,我这当爸爸的不得支持吗
我这当爸爸的不得支持吗,那么多年都没见你支持
那么多年都没见你支持,到了高三了支持什么
到了高三了支持什么,不行
不行,我支持还分高几吗
我支持还分高几吗,我就放下就走了
我就放下就走了,不知道他现在很忙
不知道他现在很忙,不耽误孩子事
不耽误孩子事,你就让我进去好不好
你就让我进去好不好,不行
不行,我不耽误事
我不耽误事,英子
英子,爸 你咋来了 
爸 你咋来了 ,爸给你买个望远镜
爸给你买个望远镜,你喜欢的那种
你喜欢的那种,你看看
你看看,对对对
对对对,这就是我想的型号
这就是我想的型号,谢谢
谢谢,要不您还是拿回去
要不您还是拿回去,我最近忙着学习
我最近忙着学习,我妈肯定不让我玩
我妈肯定不让我玩,最近怎么那么忙
最近怎么那么忙,这不是快分班考了吗
这不是快分班考了吗,我妈整天盯着我做题
我妈整天盯着我做题,不是 英子
不是 英子,你跟爸说说你大学想考哪个学校
你跟爸说说你大学想考哪个学校,大学 这不还有一年吗
大学 这不还有一年吗,爸
爸,你怎么突然这么关心我学习了
你怎么突然这么关心我学习了,这话让你说的
这话让你说的,你现在不是高三了吗
你现在不是高三了吗,你妈天天，你看，这还带学生
你妈天天，你看，这还带学生,我怕忙不过来
我怕忙不过来,准备过来帮帮他
准备过来帮帮他,您不来帮他忙了
您不来帮他忙了,手感不错吧
手感不错吧,这个可是我妈为了我的高三 给我装的隔音墙
这个可是我妈为了我的高三 给我装的隔音墙,据说这隔音量
据说这隔音量,能够达到45分贝
就手感不错,我骗你干嘛
我骗你干嘛,这就跟明星录唱片的地方
这就跟明星录唱片的地方,就录音棚一个效果
就录音棚一个效果,你里边说什么外面都听不到
不是，你不是说听不见吗,那也没让你有吼的大哥
那也没让你有吼的大哥,把门关上
把门关上,你誓师大会要跟谁见
你誓师大会要跟谁见,你要跟谁见啊
你要跟谁见啊,不孩子学校活动吗
不孩子学校活动吗,怎么了
怎么了,我作为爸爸我还不能见孩子吗
我作为爸爸我还不能见孩子吗,这扯什么，我什么时候不让你见孩子了
这扯什么，我什么时候不让你见孩子了,你跟我扯是吧
你跟我扯是吧,好好我给你算
好好我给你算,咱以前是不是说好一个月见一次的
咱以前是不是说好一个月见一次的,你这个月是不是犯病了
你这个月是不是犯病了,送铅笔盒一回
送铅笔盒一回,送书包一次
送书包一次,送充电宝一回
送充电宝一回,送蓝牙耳机一回
送蓝牙耳机一回,今天又来送什么
今天又来送什么,放眼镜你自己说说看你这个月见她多少次了
放眼镜你自己说说看你这个月见她多少次了,五六回
五六回,六回
六回,你还什么时候见过他
你还什么时候见过他,6回
6回,这是我估的一个数
这是我估的一个数,大概
大概,我不跟你扯了
我不跟你扯了,你就说
你就说,你誓师大会跟谁见
你誓师大会跟谁见,你跟谁打招呼了
你跟谁打招呼了,跟方圆打招呼是吧
跟方圆打招呼是吧,他们是孩子家长是吧
他们是孩子家长是吧,我那是打招呼吗
我那是打招呼吗,我是约方圆通知他一下
我是约方圆通知他一下,你应该跟谁打招呼
你应该跟谁打招呼,我和英子说了，怎么着
我和英子说了，怎么着,我作为家长我还不能去吗
我作为家长我还不能去吗,你现在成家长了
你现在成家长了,这么些年你管过英子学习吗
这么些年你管过英子学习吗,你管过吗
你管过吗,还家长了
还家长了,在这个学校里我才是英子的家长
在这个学校里我才是英子的家长,知道吗
知道吗,我算知道了 宋倩
我算知道了 宋倩,春风那是你的老单位
春风那是你的老单位,没坐上
没坐上,你是怕你那些老同事看见我了
你是怕你那些老同事看见我了,你尴尬是不是
你尴尬是不是,你胡说八道什么
你胡说八道什么,我明天这样
我明天这样,我离你远远的
我离你远远的,我在操场边站着好吗
我在操场边站着好吗,你还一个人站操场边上
你还一个人站操场边上,还不够显眼是吧
还不够显眼是吧,还嫌不够丢人现眼是吧
还嫌不够丢人现眼是吧,不是你，不让我，他，行，那行，行
不是你，不让我，他，行，那行，行,我离你既远又近若离
我离你既远又近若离,让人觉得我们既是一个家庭
让人觉得我们既是一个家庭,同时又是一个不甚完美的家庭
同时又是一个不甚完美的家庭,乔卫东
乔卫东,你是不是这偷鸡摸狗的事干多了
你是不是这偷鸡摸狗的事干多了,干嘛总是这么鬼鬼祟祟
干嘛总是这么鬼鬼祟祟,偷偷摸摸的习性
偷偷摸摸的习性,我为什么偷偷摸摸你不知道吗
我为什么偷偷摸摸你不知道吗,我知道
我知道,那不是因为我怕你吗
那不是因为我怕你吗,当然了
当然了,现在也不是怕
现在也不是怕,我是尊重你
我是尊重你,你现在的生活我们从来都不打扰
你现在的生活我们从来都不打扰,那是你的生活对吧
那是你的生活对吧,也请你不要再来打扰我们母女俩了
也请你不要再来打扰我们母女俩了,行吗
行吗,宋倩我不是想打扰你
宋倩我不是想打扰你,我承认这一个月我来的次数比较多
我承认这一个月我来的次数比较多,但是原因很简单
但是原因很简单,我觉得英子现在是努力有余
我觉得英子现在是努力有余,放松不够
放松不够,孩子经常说压力大
孩子经常说压力大,又不敢跟你讲
又不敢跟你讲,你怎么知道的
你怎么知道的,血缘、血缘的感应
血缘、血缘的感应,我作为孩子的父亲
我作为孩子的父亲,我能不能让孩子放松一下
我能不能让孩子放松一下,你是好心
你是好心,我知道你做事总是想尽善尽美
我知道你做事总是想尽善尽美,但是在孩子的教育上要张弛有度
但是在孩子的教育上要张弛有度,不能把孩子逼得太紧
不能把孩子逼得太紧,否则适得其反
到时候借我玩两天,你是不了解我妈
你是不了解我妈,他就是个狠人
他就是个狠人,贼专制
刚才超市差点一巴掌呼死,你别急
你别急,这不是你们都还在吗
这不是你们都还在吗,等你们一走
等你们一走,我那宝贝望远镜就要被没收了
我那宝贝望远镜就要被没收了,我要是管他要的话
我要是管他要的话,他就说高考一完物归原主
我说你妈这样,我现在挺心疼我爸的
我现在挺心疼我爸的,你说他这三天两头的给我送的东西
你说他这三天两头的给我送的东西,每次哪一回不是被我妈给怼过去了
每次哪一回不是被我妈给怼过去了,夹着尾巴就逃走了
原来天下的妈妈都一个样,同为天下沦落人
同为天下沦落人,方圆你别弄了你过来
丧眉耷眼的，饭也不吃，急赤白脸地到别人家里，出什么事了，说,我这憋了一天了
怎么了,方一凡一直跟着我
方一凡一直跟着我,我也甩不掉
我也甩不掉,没法跟你说
真把你打坏了,打坏了那些都不叫事儿
好好好，不开玩笑了，你说,我跟你说正经的
你说怎么了,他们高三年级组的组长
他们高三年级组的组长,新上来的李老师
新上来的李老师,也是他的班主任
也是他的班主任,今天跟我说
说怎么了,让我们考虑让方一凡高二蹲班
儿子呢,洗澡去了
洗澡去了,方圆
方圆,这蹲班的事到底怎么说呢
这可能跟升学率是挂着钩的,这都要蹲班了
这都要蹲班了,还升什么学哪来的升学率
你还不如就蹲班,这还没正式开学
这还没正式开学,学校怎么知道这方一凡就当不了这个分子呢
分母都不让你当直接让你蹲班,这奇怪了
这奇怪了,怎么方一凡这一眨眼之间就成了一个坏分子了呢
就这道理,我不想让方一凡当坏分子
学习哪天他反应一快的成绩就上去了,我知道了是方一凡跟你一样的
我知道了是方一凡跟你一样的,都是盲目乐观型的
都是盲目乐观型的,你要说这个乐观真没什么好乐观的
你要说这个乐观真没什么好乐观的,唯一乐观的就是这磊儿来了说不定能带带方一凡，是吧
把磊儿给拉沟里去了,你刚批评我不要觉得太悲观
你刚批评我不要觉得太悲观,你乐观，现在怎么突然你悲观
你乐观，现在怎么突然你悲观,我乐观起来呢
你帮我拿一下,我今天不是刚买了吗
我今天不是刚买了吗,你自己去拿一下
行行行，我给他拿去,你说就这样的
你说就这样的,我能乐观的了
原来是有人送你回来,大晚上都不回家住宾馆
大晚上都不回家住宾馆,还说为了孩子上个学近，谁信
这官当的,杨杨呢，睡了吗
杨杨呢，睡了吗,好久没见他了
好久没见他了,对
对,你微信上说他又闯祸了
你微信上说他又闯祸了,怎么回事
老师都已经解决了,你还是要提醒他
你还是要提醒他,以后少惹事
以后少惹事,没超标吧
超不超标的是咱自己花钱什么好担心的,英语还不错
英语还不错,这物理怎么考这么差
这物理怎么考这么差,究竟什么原因呢
纪局长你能不能不在家里打官腔,我在跟你讲问题
我在跟你讲问题,怎么成打官腔了
两个月以前的了,给我看看
现在才想起来关心,真没看清楚
真没看清楚,两个多月过去了
两个多月过去了,他的成绩有没有在提高
还看不出什么,有的时候我真的挺想关心杨杨的
有的时候我真的挺想关心杨杨的,可一是我工作忙
可一是我工作忙,二是怎么关心他，我
二是怎么关心他，我,我真的不知道怎么入手
你真的想关心,真的
要不然我把你加进去,等等
等等,这个群里有多少人
五六十人,那么多
孩子就那么多,别加了
别加了,你在群里就行了
你在群里就行了,万一杨杨同学的家长要加我
万一杨杨同学的家长要加我,我不大方便
我不大方便,我就不加了
明天杨杨誓师大会你假请好了吗,一早就请好了
一早就请好了,你放心
你放心,这事我能忘了
试试去,谢谢舅舅
注意安全,知道了
知道了,今天见到小时候的一个朋友
今天见到小时候的一个朋友,也不是小时候，中学的时候
也不是小时候，中学的时候,当时我们两个家住同一个院子
我看到了,你们不是发小吗
你们不是发小吗,发小不是从小一块混的吗
后来长大了就没联系了,为什么不联系
他没考上复读一年,我明白了，那个谁是那个谁的老婆
我明白了，那个谁是那个谁的老婆,他是她老公，他们是一家的
他是她老公，他们是一家的,我说呢
没听明白你什么意思,你笨死了 就是那个季 你这个季
你笨死了 就是那个季 你这个季,是那个季杨杨的爸爸
是那个季杨杨的爸爸,他们不是都姓季嘛
我明白了,你是说他
你认识那女的是跟季胜利是夫妻俩,对
对,他们是一家的
懂了不容易,方圆不是我说你，每次到关键时候你就掉链子了
方圆不是我说你，每次到关键时候你就掉链子了,你说你好不容易遇到一个像样的朋友
你说你好不容易遇到一个像样的朋友,你主动点
你主动点,妈妈给你说点事
没事吧,妈妈不跟你吵
妈妈不跟你吵,也不跟你闹
也不跟你闹,妈妈就问你到底怎么回事
妈妈就问你到底怎么回事,一年不到的时间成绩下滑成这样
一年不到的时间成绩下滑成这样,怎么就突然不想学了
怎么就突然不想学了,对学习不感兴趣
对学习不感兴趣,还是老师讲的不好
还是老师讲的不好,还是有其他的原因
还是有其他的原因,总得有个原因
是那帮人进步的太快了,你告诉妈妈你这样的状态你怎么参加高考
你告诉妈妈你这样的状态你怎么参加高考,别说高考了
别说高考了,你知道你这成绩你连高中毕业你都毕业不了
你知道你这成绩你连高中毕业你都毕业不了,你知道吗
你知道吗,妈妈为你这个事情今天跑了一天
妈妈为你这个事情今天跑了一天,本来开学之前你们老师找我谈话
本来开学之前你们老师找我谈话,让你蹲班
让你蹲班,凡凡你知道妈妈今天为你的事情跑了一天
凡凡你知道妈妈今天为你的事情跑了一天,本来开学之前你们老师找我谈话
本来开学之前你们老师找我谈话,让你蹲班
让你蹲班,我一开始不同意
我一开始不同意,后来我同意了
后来我同意了,我连你的这些补习班我都给你找好了
我真的 补习班我不愿意上了,不要激动
不要激动,你现在不上补习班
你现在不上补习班,今天你们李老师又跟我说不蹲班了
今天你们李老师又跟我说不蹲班了,跟其他同学一样正常参加高考
跟其他同学一样正常参加高考,但是凡凡你知道不蹲班意味着什么吗
但是凡凡你知道不蹲班意味着什么吗,意味着你得把之前落下的成绩全补上
意味着你得把之前落下的成绩全补上,你不光得补上
你不光得补上,你还得比别人学的还要好
你还得比别人学的还要好,你才有可能能考上好的大学
你才有可能能考上好的大学,可是以你现在这种吊儿郎当的态度
可是以你现在这种吊儿郎当的态度,你行吗
你行吗,实在不行的话咱们还是蹲班
而且我也不想这给你和我爸丢脸,你真这么想
绝不蹲班,那你得拿出态度来
那你得拿出态度来,你也得拿出实际行动来
你也得拿出实际行动来,手机是不能再玩了
手机是不能再玩了,游戏不能再玩了
游戏不能再玩了,电影也不能再看了
电影也不能再看了,你要不想让人瞧不起你
你要不想让人瞧不起你,是不是得把所有的精力都放在学习上
咱就复读一年,你再读一年这何必 凡凡你自己算算这个账
你再读一年这何必 凡凡你自己算算这个账,你现在能努力，拼一下，就拼9个月
你现在能努力，拼一下，就拼9个月,你需要把9个月的煎熬变成18个月吗
你需要把9个月的煎熬变成18个月吗,高考是你人生最关键的一场战役
高考是你人生最关键的一场战役,这场战役打赢了你一生受益 打不赢
这场战役打赢了你一生受益 打不赢,你终生遗憾
我的人生刚开始怎么就终生遗憾了呢,凡凡妈妈跟你说实话
凡凡妈妈跟你说实话,我们是一个很普通的家庭
我们是一个很普通的家庭,爸爸妈妈没有任何背景
爸爸妈妈没有任何背景,我们也没有任何关系
我们也没有任何关系,我们就指望你通过高考鲤鱼跃龙门了
我们就指望你通过高考鲤鱼跃龙门了,龙门你要跃过去
龙门你要跃过去,你会改变你一生
你会改变你一生,爸爸妈妈能做什么
爸爸妈妈能做什么,我们做的这些是为什么
我们做的这些是为什么,我们不是为我们自己
我们不是为我们自己,我们就是为了你给你提供一个好的条件
我们就是为了你给你提供一个好的条件,让你跨过门槛
让你跨过门槛,将来你有一个好的学历
将来你有一个好的学历,你终生受益
您觉得学历重要还是真本事重要,真本事重要
真本事重要,但是你先拿你的真本事给妈妈对付的学历
但是你先拿你的真本事给妈妈对付的学历,你只要考上大学
你只要考上大学,妈妈保证你做什么妈妈绝对不干涉
妈妈保证你做什么妈妈绝对不干涉,只要不是违法乱纪的事情
只要不是违法乱纪的事情,但是之前你先考上了大学
但是之前你先考上了大学,你给妈妈吃个定心丸 算妈妈求你了好不好
起来 一块练会,烦死了
烦什么,蹲班的事
怎么了,不又不蹲了吗
不又不蹲了吗,一会儿蹲一会儿不蹲的
鱼还没喂呢,李萌给我发个信息
李萌给我发个信息,一凡妈妈 看到您今天很焦急
一凡妈妈 看到您今天很焦急,我也很愧疚
我也很愧疚,放心
放心,我们一起努力让一凡追赶上来
我们一起努力让一凡追赶上来,还给我发一个学霸的共同点
还给我发一个学霸的共同点,你听听
你听听,一家庭充满爱的滋养
这咱有 ,二
二,热衷的不是学习
热衷的不是学习,而是思考
也有,三爱学习更爱生活
这个有一半,10相信比成绩重要的东西还有很多
这个 他太相信了,你说方一凡基本都有
你说方一凡基本都有,为什么成绩还这么差
为什么成绩还这么差,他怎么就不能成为一个学霸呢
他怎么就不能成为一个学霸呢,人家都行
人家都行,他就不行
我瞅瞅,一天到晚不给我省心
一天到晚不给我省心,烦得我我一脑门子官司
干嘛还烦你一脑门子官司,不是 她太善变了
不是 她太善变了,一会说蹲一会说不蹲
一会说蹲一会说不蹲,昨天说蹲今天说不蹲
昨天说蹲今天说不蹲,我是担心他们学校想把方一凡这样的孩子给放弃了
昨天为什么事担心,因为要方一凡蹲班
你今天为什么事担心,因为不让他蹲班
这不是担心即菩提吗,屁话 我能不担心吗
屁话 我能不担心吗,他成绩不好
他成绩不好,他成绩好烦个屁
你有没有觉得气顺一点,我觉得你好幼稚
是吧 你看,完了 起晚了
完了 起晚了,飞机要赶不上了
赶得上 怎么会赶不上 几点了,都赖你 晚上喝什么红酒
都赖你 晚上喝什么红酒,快快
你怎么跑过来了,听姥姥说
听姥姥说,今天你搬家
今天你搬家,我就过来了
我就过来了,这么大事你怎么也没告诉我
这么大事你怎么也没告诉我,连舅舅也不知道
还兴师动众的,吃饭了
吃饭了,我刚想叫你 看你正专心做题
我刚想叫你 看你正专心做题,您今天没放中药啊
您今天没放中药啊,怎么样
怎么样,没放中药的好喝
没放中药的好喝,挺挑的
挺挑的,刚才你们李老师
刚才你们李老师,在群里发了好多誓师大会的照片
在群里发了好多誓师大会的照片,有我们家的吗
有我们家的吗,有 我给
有 我给,你找找
你找找,没我爸
没我爸,没有吧 我看
没有吧 我看,没拍上
没拍上,他那天不是一直跟咱在一块的
他那天不是一直跟咱在一块的,看着不像一家人呗 那拍照片的
看着不像一家人呗 那拍照片的,哪知道谁是谁一家
哪知道谁是谁一家,我给你端菜去啊
我给你端菜去啊,好的
好的,站那干嘛
站那干嘛,怎么了
怎么了,妈
妈, 您辛苦了
 您辛苦了,你说什么
你说什么,我说您辛苦了
我说您辛苦了,洗个碗有什么辛苦的
洗个碗有什么辛苦的,不每天都在洗嘛
不每天都在洗嘛,昨天是我不对
昨天是我不对,我不应该跟您急的
我不应该跟您急的,妈妈没生气
妈妈没生气,不应该非让你写什么分
不应该非让你写什么分,东西拆了吗
东西拆了吗,什么呀
什么呀,还没看呢
还没看呢,妈 这不是当季特别款吗
妈 这不是当季特别款吗,我上次在商场看到了很贵的
我上次在商场看到了很贵的,是
是,我在 APP上看便宜快一半了
我在 APP上看便宜快一半了,一咬牙买两件
一咬牙买两件,咱俩一人一件
咱俩一人一件,到时候一起去运动好不好
到时候一起去运动好不好, 好
 好,这是你的
这是你的,我这件太花了吧
我这件太花了吧,不花这很衬肤色的
不花这很衬肤色的,我看你这件
我看你这件,喜欢吗
喜欢吗,喜欢
喜欢,可时髦了 是吧
可时髦了 是吧,英子
英子,晚上要不要一起去看个电影
晚上要不要一起去看个电影,咱俩好久没有出去了
咱俩好久没有出去了,您不是说高三学习紧 要最大化压缩娱乐时间吗
您不是说高三学习紧 要最大化压缩娱乐时间吗,这不是离正式开学还有几天
这不是离正式开学还有几天,先得给你抓空 放松
先得给你抓空 放松,是吧
是吧,行不行
行不行,我去看看票
我去看看票,碟中谍6怎么样
碟中谍6怎么样,我想想 看碟中谍5的时候
我想想 看碟中谍5的时候,还是咱俩一起去看的首映
还是咱俩一起去看的首映,那时候你刚上高中
那时候你刚上高中,一下两年多了太快了
一下两年多了太快了,这个时间还行
这个时间还行,要不看这场 怎么了
要不看这场 怎么了,不想去看
不想去看,没有 特别想去看
没有 特别想去看,Tom cruise不是您男神嘛
Tom cruise不是您男神嘛,咱干脆晚上出去吃饭
咱干脆晚上出去吃饭,吃完饭以后看完电影回来时间正好完美
吃完饭以后看完电影回来时间正好完美,好勒
好勒,好
好,买票了
回来了 你还真有心 买了束花回来,专门买的
专门买的,咱们一家三口好不容易团聚 庆祝庆祝
咱们一家三口好不容易团聚 庆祝庆祝,现在不是提倡什么生活仪式感
现在不是提倡什么生活仪式感,年轻的东西 我搞得不大懂
年轻的东西 我搞得不大懂,本来让他包一束团圆的
本来让他包一束团圆的,包了一包苹果
包了一包苹果,早知道这样我到菜市场买去了
你先去换衣服,好久没吃你做的饭了
那一会多吃点,苹果 哎 杨杨呢
苹果 哎 杨杨呢,杨杨回来了么
等他回来我们就开饭,买了一包苹果
买了一包苹果,挺有意思的
挺有意思的,后面还有好多特别精彩
后面还有好多特别精彩,您看完了再走
您看完了再走,您不是最喜欢阿汤哥吗
您不是最喜欢阿汤哥吗,多浪费
多浪费,你要是告诉我你已经看过一遍了
你要是告诉我你已经看过一遍了,何必跑这来浪费时间
何必跑这来浪费时间,您不是说让我出来放松
您不是说让我出来放松,我是让你放松
我是让你放松,可一个电影看两遍 闲的
可一个电影看两遍 闲的,这有意义吗
这有意义吗,这怎么没意义了
这怎么没意义了,让你高兴不是意义吗
让你高兴不是意义吗,我是要你高兴
我是要你高兴,我也是为了你高兴
我也是为了你高兴,我不用
我不用,你的卷子叠的乱乱七八糟的
你的卷子叠的乱乱七八糟的,哪像个学生的样子
哪像个学生的样子,我跟你说磊儿刚来好多情况不了解
我跟你说磊儿刚来好多情况不了解,在家不怕有爸爸妈妈 在学校
在家不怕有爸爸妈妈 在学校,你就要多带他
应该他带我,我不是说你成绩
我不是说你成绩,我是说磊儿是县城来的
我是说磊儿是县城来的,对北京不了解
对北京不了解,我怕他在学校闹什么笑话
我怕他在学校闹什么笑话,你们同学到时候笑他
你们同学到时候笑他,你明白吗
我才知道怎么带,方一凡你给我听清楚了
方一凡你给我听清楚了,他不是你的敌人
他不是你的敌人,你不要跟我开这种玩笑
你不要跟我开这种玩笑,他是你的兄弟
他是你的兄弟,他跟你有1/4血缘关系
他跟你有1/4血缘关系,听见没有
听见没有,你把这话给我重复一遍
这是什么意思,你们是有1/4血缘关系的兄弟
我们是兄弟,你要照顾好他
你要照顾好他,你不需要那么清楚的了解他
你不需要那么清楚的了解他,但是你要带他清楚的了解学校听明白没有
但是你要带他清楚的了解学校听明白没有,赶紧洗澡
赶紧洗澡,不许玩手机
给 拿着吃,谢谢表哥
自己家里放松点,表哥
表哥,你今天叫我过来是什么事
我妈怎么说,我们俩是有1/4血缘关系的兄弟
老家是不是有,真的没有
没事 告诉我,不是我没有
怎么可能咱们这个年龄段谁都有个欣赏的人,表哥你
表哥你,有吗
你看这成绩厉害吧,还行
还行,表哥你们认识几年了
算是青梅竹马了吧,这么久了
这么久了,那是挺厉害的
你在这坐着等我,好
你一穿个里边背心干嘛,妈妈让我穿的
妈妈让我穿的,妈妈说得护着前胸和后背
不要在那出现好吗,表哥你们北京人这么抗冻
是你太耐热了,都起来了
都起来了,怎么起这么早
怎么起这么早,我5点就起了
我5点就起了,你昨晚睡得还好吗
你昨晚睡得还好吗,挺好的
挺好的,还习惯吗
还习惯吗,你不能这么早就起来
你不能这么早就起来,你现在首要任务是身体 得保证身体
你现在首要任务是身体 得保证身体,你这个成绩只要正常发挥
你这个成绩只要正常发挥,哪个学校都得抢着要你
哪个学校都得抢着要你,所以你不能生病
所以你不能生病,听到没有
听到没有,没事的
没事的,小姨我平常也是这个点起
小姨我平常也是这个点起,你听小姨的话
你听小姨的话,你早餐想吃点什么
你早餐想吃点什么,小姨给你去买
小姨给你去买,我其实都行
我其实都行,我买回来你挑 你抓紧点
我买回来你挑 你抓紧点,咱们一会就要走了
咱们一会就要走了,好
好,谢谢小姨
一听你在玩游戏,妈 你起来了
妈 你起来了,你
你,我是不是起晚了
我是不是起晚了,没有
没有,我5点多就起了
我5点多就起了,你起那么早干什么
你起那么早干什么,这不是早上起来头脑清楚
这不是早上起来头脑清楚,我就跑了个步再做个听力
我就跑了个步再做个听力,我赶紧做饭去
我赶紧做饭去,不用
不用,我都已经给您做好了
我都已经给您做好了,您趁热吃了
您趁热吃了,我先去上学了
我先去上学了,英子
英子,妈
妈,还有什么事吗
还有什么事吗,没什么事
没什么事,那部蚁人 你还没看过吧
那部蚁人 你还没看过吧,没看
没看,下周要是有时间
下周要是有时间,妈妈请你看一下
妈妈请你看一下,行
行,都听您的
都听您的,好
好,以后别给妈妈做饭了啊
以后别给妈妈做饭了啊,妈妈怪心疼的
妈妈怪心疼的,好
好,那我走了
那我走了,看看现在成什么样子了
看看现在成什么样子了,放学不回家
放学不回家,开车开到半夜
开车开到半夜,昨天还给咱们拉脸子发脾气
昨天还给咱们拉脸子发脾气,刚才摔门是吧
刚才摔门是吧,他还想让他们给他赔礼道歉
他还想让他们给他赔礼道歉,是不是
是不是,我就不明白了
我就不明白了,他小时候跟咱们挺好的
他小时候跟咱们挺好的,现在怎么变得这么混
现在怎么变得这么混,难道我们做错了吗
咱们说不定从一开始就错,我们哪错了
没有权利说他,我承认
我承认,但是我就是不明白他为什么不理解
但是我就是不明白他为什么不理解,我不是个官迷
我不是个官迷,年轻的时候我就是想先把业立起来
年轻的时候我就是想先把业立起来,踏踏实实的为老百姓做点事
踏踏实实的为老百姓做点事,可是到了这个岁数回过头来想一想
可是到了这个岁数回过头来想一想,业是立起来了
业是立起来了,可是自己儿子差点都不认我了
可是自己儿子差点都不认我了,有时候我就想我努力了大半辈子
有时候我就想我努力了大半辈子,到底是为什么
到底是为什么,如果可以重新选的话
如果可以重新选的话,我现在肯定选个事业单位熬到退休
我现在肯定选个事业单位熬到退休,我就在他身边
我就在他身边,我哪也不去
最后还是你儿子替你尽的孝,我真是对不起我妈
都过去了,这些都不行啊
这些都不行啊,怎么就是垃圾食品
怎么就是垃圾食品,这都是英子爱吃的进口
我去看看一会就回来,这怎么不是垃圾食品
这怎么不是垃圾食品,我是说你这手伸的是不是太长了
我是说你这手伸的是不是太长了,这是我的购物车
这是我的购物车,这里头是我买的食品
这里头是我买的食品,当我跟你抢车
当我跟你抢车,那不是最后 这都进
那不是最后 这都进,我闺女的肚子里 我不得给他把关
我闺女的肚子里 我不得给他把关,不行就是不行
不行就是不行,你是把关成绩就行了
你是把关成绩就行了,人吃什么你把什么关再说了
人吃什么你把什么关再说了,那不是我闺女吗
那不是我闺女吗,还能有毒吗
还能有毒吗,我能害我自己的闺女吗
我能害我自己的闺女吗,谁知道
谁知道,你能不能给我留点面子
你能不能给我留点面子,脸都不要了
脸都不要了,还要什么面子
还要什么面子,怎么样
怎么样,今天考试考的
今天考试考的,还行
还行,自己感觉还可以
自己感觉还可以,那行
那行,那就等成绩
那就等成绩,来妈妈给你看个东西
来妈妈给你看个东西,是什么东西
是什么东西,我给你做了一个时间计划表
我给你做了一个时间计划表,先看这个
先看这个,今天不能算了对吧
今天不能算了对吧,从明天开始算到你高考还剩下278天
从明天开始算到你高考还剩下278天,合到每科上只有46天
合到每科上只有46天,也就是一个半月
也就是一个半月,一个半月要干什么你知道吗
一个半月要干什么你知道吗,要把高一到高三所有的知识点都要巩固到滚瓜烂熟
要把高一到高三所有的知识点都要巩固到滚瓜烂熟,时间还是很紧迫的
时间还是很紧迫的,还有这个 反正是一点都不能松懈
还有这个 反正是一点都不能松懈,这是你们学校系统里的成绩动态表
这是你们学校系统里的成绩动态表,你看英语 你比较长项了
你看英语 你比较长项了,基本上一条直线
基本上一条直线,妈妈不是特别着急
妈妈不是特别着急,看这语文 就是问题了
看这语文 就是问题了,看看最高分91分
看看最高分91分,最低分82分
最低分82分,差了9分
差了9分,咱们这学期的任务就是把它拉高拉平
咱们这学期的任务就是把它拉高拉平,你等我周末有时间再来细说成不成
你等我周末有时间再来细说成不成,我这明年还要考英语跟理综
我这明年还要考英语跟理综,对那行
对那行,你先去 一会我给你看一下 英子
你先去 一会我给你看一下 英子,我刚才送卷子做了吗
我刚才送卷子做了吗,做了
做了,好那一会你拿给我
好那一会你拿给我,我还给你准备了一套
我还给你准备了一套,稍微难一点我带你做
稍微难一点我带你做,英子
英子,又怎么呢
又怎么呢,你爸给你买的零食在那
你爸给你买的零食在那,我爸也太好了
我爸也太好了,好什么 一半都是垃圾食品
好什么 一半都是垃圾食品,我都挑出去扔垃圾桶里去了
我都挑出去扔垃圾桶里去了,妈 你还不如不如和我说呢
妈 你还不如不如和我说呢,大晚上的 别吃零食了 抓紧时间  
大晚上的 别吃零食了 抓紧时间  ,回来了
回来了,不是说我去接你吗
就不用接了,今天头还晕吗
今天没再晕了,这什么东西这么大一箱子
你今天给刘铮打电话了,你说你 知道家里没人
你说你 知道家里没人,还点那么多外卖
还点那么多外卖,让人家送外卖的晾在外边那么长时间多不好
杨杨今天说了要晚回来一会了,这小子干嘛去了
明天还有一天,分班
分班,分什么班
还有7个平行班,不就是快慢班
不就是快慢班,杨杨现在这个成绩不会考到慢班去吧
杨杨现在这个成绩不会考到慢班去吧,慢班师资力量不行
是波动的,是这样啊  点这么多
是这样啊  点这么多,小圆圆
小圆圆,圆圆起来了
怎么了,来喝杯咖啡
待遇也太高了,爱心手冲 温度合适
我慢慢品品,品什么啊 赶紧喝
品什么啊 赶紧喝,以后每天早上都有够你喝的 快
每天早上都有,赶紧的
我早上就给孩子买早餐,别买什么早餐 还没出摊
别买什么早餐 还没出摊,刚刚4:30
嘛呀 几点,4:30
这准备让我上天安门去看看升国旗去啊 ,你不是要去厕所批奏折吗是吧
你不是要去厕所批奏折吗是吧,早朝时间到了 你赶紧喝咖啡 好去批奏折去快快
怎么上那一拧就能拉出屎来,我知道你先躺好
再让我睡一会 我再睡会,躺好
再躺一会儿,方圆你以后每天早上都要给我提前一个小时起来
方圆你以后每天早上都要给我提前一个小时起来,既能保证你的作息
既能保证你的作息,又不跟孩子抢厕所
又不跟孩子抢厕所,这是高三不仅仅是孩子们的高三
这是高三不仅仅是孩子们的高三,也是我们的高三
也是我们的高三,你要一切行动听指挥
你要一切行动听指挥,一切措施保高考 听到没有
我不下地狱谁下地狱,有感觉了
有感觉了 打个嗝又没感觉了,好好
好好,你别说话
你别说话,我给你揉揉 有感觉 有感觉
真有感觉了,妈我回来了
妈我回来了,你怎么回来了
你怎么回来了,不是说好晚上跟你爸吃饭，给忘了？
不是说好晚上跟你爸吃饭，给忘了？,没有 今天
没有 今天,分班考成绩出来了
分班考成绩出来了,然后我进快班了
然后我进快班了,回来告诉你一声
回来告诉你一声,顺便上个厕所
顺便上个厕所,我其实已经知道了
我其实已经知道了,我给你们李老师打过电话
我给你们李老师打过电话,他说你这次考了
他说你这次考了,第二名还可以
第二名还可以,是 这回第一名 被林磊儿给抢走了
是 这回第一名 被林磊儿给抢走了,我也没想到他那么厉害
我也没想到他那么厉害,我知道了
我知道了,不过 高三以后每天都要考试
不过 高三以后每天都要考试,没事
没事,下回好好考就行了
下回好好考就行了,你没生气吗
你没生气吗,有什么好生气的
有什么好生气的,这次让人超过了
这次让人超过了,下回咱夺回来
下回咱夺回来,这还怕 咱下回更努力一点
这还怕 咱下回更努力一点,好
好,我上厕所去了
我上厕所去了,快去
快去,上厕所还背着个包不嫌重
上厕所还背着个包不嫌重,快去
快去,妈你怎么翻我书包
妈你怎么翻我书包,我可没想翻你书包
我可没想翻你书包,我本来是想把你卷子找出来帮你先改着
我本来是想把你卷子找出来帮你先改着,卷子不在里边
卷子不在里边,这里面什么
这里面什么,同学送的生日礼物
同学送的生日礼物,都高三了
都高三了,还玩玩具
还玩玩具,咱哪有这时间
咱哪有这时间,这不是同学送的吗
这不是同学送的吗,再说了
再说了,好不容易考完了
好不容易考完了,您不让我松快一下
您不让我松快一下,高兴一天
高兴一天,都考第二了
都考第二了,还有什么可高兴的
还有什么可高兴的,刚才我都没好意思说
刚才我都没好意思说,你这次考成这样
你这次考成这样,下次 下下次呢 高考怎么办
下次 下下次呢 高考怎么办,我跟你讲
我跟你讲,高考可不是百米冲刺
高考可不是百米冲刺,那是马拉松
那是马拉松,有的你努力的 要依我说 高考以前这些玩具
有的你努力的 要依我说 高考以前这些玩具,就妈妈帮你保存
就妈妈帮你保存,行吗
行吗,跟你爸去吃饭吧
跟你爸去吃饭吧,早去早回
早去早回,也要弄的太晚
也要弄的太晚,好
哟，媳妇回来了,你回来你
你回来你,不告诉我一声
卧个荷包蛋,不想吃没心情吃
没心情吃饭了还,天都塌了
天都塌了,吃什么饭还吃
单位的事,你看一下
方一凡呢,你别翻了
你别翻了,我问了李萌了
我问了李萌了,倒数第一
不应该,一个正数第一
一个正数第一,一个倒数第一说明什么
一个没考好,说明我们家的遗传基因优秀的一等一全被你们家拖累了
你给我解释一下,磊儿是我们家的人
磊儿是我们家的人,考一个正数第一
考一个正数第一,方一凡你的种啊 考倒数第一
你知道是什么意思吗,我听不懂
你觉得好不好,我觉得不好
我觉得不好,我们接纳有什么用
我们接纳有什么用,他将来考不起大学
他将来考不起大学,他没有工作
他没有工作,社会接纳他吗
社会接纳他吗,他没学历没文凭
他没学历没文凭,他哪个单位接纳他
他哪个单位接纳他,还没本事挣钱
还没本事挣钱,没本事养家
没本事养家,哪个女朋友要他
也许他在下一次就考好了,什么下一次不等下一次了
什么下一次不等下一次了,就这一次 他回来我就收拾他
对吧,好
好,就听你的 上手段
就听你的 上手段,动漫、游戏全给他没收了
动漫、游戏全给他没收了,英子
英子,你看 每一次 年年你考好了
你看 每一次 年年你考好了,你跟爸爸都有合影
你跟爸爸都有合影,你看这张没有
你看这张没有,扎了两个小丸子头
扎了两个小丸子头,我的妈
我的妈,快吃饭吧
快吃饭吧,还有 小孟阿姨跟这儿 您就别对我太好了
还有 小孟阿姨跟这儿 您就别对我太好了,我不对你好
我不对你好,我对谁好
我对谁好,你是我亲闺女
你是我亲闺女,我是你亲爹
我是你亲爹,全世界没有比父女更亲的 知道吗
全世界没有比父女更亲的 知道吗,你说这么多年 你妈呲我
你说这么多年 你妈呲我,为什么我不生气
为什么我不生气,那就是因为她给我生了你这么个闺女
那就是因为她给我生了你这么个闺女,我这心里一辈子都感激她
我这心里一辈子都感激她,知道吗
知道吗,方圆 过来帮忙
不是上手段 成渣滓洞了 真是,去拿两个整理箱过来
别当着他面再摔摔打打的好吧,我知道我会控制我自己的
真控制啊,知道了
知道了,表哥
怎么了,你准备好了吗
准备什么啊,你这次考的不理想
你这次考的不理想,小姨小姨夫肯定会说你吧
我没有压力,你倒是没什么压力
你倒是没什么压力,我还挺有压力
有压力,来北京之后
来北京之后,我就发现北京的卷子是比老家的简单点
我就发现北京的卷子是比老家的简单点,但我这分数考的还没在老家的时候高
你在老家多少分,我看了一下卷子
我看了一下卷子,这问题就出现在英语上面
这问题就出现在英语上面,我的单词还得好好背
别劈我 劈他,妈 我回来了
妈 我回来了,回来了
回来了,你怎么回来的
你怎么回来的,你爸送你的
你爸送你的,没有
没有,他喝了点酒
他喝了点酒,郑叔叔送我回来的
郑叔叔送我回来的,对
对,以后他要喝酒了
以后他要喝酒了,千万不要让他开车
千万不要让他开车,好
好,英子
英子,这吃火锅了
这吃火锅了,这味儿特大啊
这味儿特大啊,我一会就洗澡把衣服给洗了
我一会就洗澡把衣服给洗了,不用 洗衣服
不用 洗衣服,你把脏衣服脱了 搁在脏衣桶里
你把脏衣服脱了 搁在脏衣桶里,我一块洗 
我一块洗 ,没事
没事,我自己洗就行
我自己洗就行,我还以为您生气
我还以为您生气,为什么
为什么,我就这么凶神恶煞
我就这么凶神恶煞,不就吃火锅嘛
不就吃火锅嘛,你跟你爸又不经常一起吃饭
你跟你爸又不经常一起吃饭,一会我弄点凉茶给你去火
一会我弄点凉茶给你去火,谢谢妈
谢谢妈,你最好
你最好,你就是我的女神
你就是我的女神,瞎说 就知道拍马屁
瞎说 就知道拍马屁,不过这一个月就别吃了
不过这一个月就别吃了,好不好
好不好,到底还是上火
到底还是上火,是不是
是不是,好吧
好吧,我去洗澡了
我去洗澡了,妈妈有话还跟你说
妈妈有话还跟你说,来 到那去
来 到那去,你坐
你坐,咋了 妈
咋了 妈,是这样
是这样,你看开学第一次考试你考得还是挺好的
你看开学第一次考试你考得还是挺好的,妈妈其实挺开心的
妈妈其实挺开心的,没过几天你就要生日了
没过几天你就要生日了,妈妈本来想等你生日再把礼物给你
妈妈本来想等你生日再把礼物给你,也不差这几天了
也不差这几天了,护眼仪
护眼仪,学习累的时候可以按摩按摩休息一下
学习累的时候可以按摩按摩休息一下,喜欢吗
喜欢吗,喜欢
喜欢,哪有不喜欢
哪有不喜欢,您送我啥我都喜欢
您送我啥我都喜欢,谢谢妈妈
谢谢妈妈,你看今天妈妈把你乐高给没收了
你看今天妈妈把你乐高给没收了,其实妈妈
其实妈妈,心里也挺过意不去的
心里也挺过意不去的,妈妈也没办法
妈妈也没办法,这不高三了
这不高三了,时间太紧了
时间太紧了,我知道 这不是说你的错
我知道 这不是说你的错,生日礼物同学送的也没法挑的
生日礼物同学送的也没法挑的,所以妈妈才出下策
所以妈妈才出下策,说帮你先保存一下
说帮你先保存一下,但你放心
但你放心,你一旦考上了大学了
你一旦考上了大学了,妈妈就还给你
妈妈就还给你,到时候出新的妈妈还给你买
到时候出新的妈妈还给你买,好不好
好不好,Happy birthday.
回去背吧 我明儿还有大事要干的,那你休息吧
拿它干吗,对了表哥
我真的是烦死你了,我就说一下
我就说一下,你别发那么大火
你别发那么大火,拜拜 表哥
拜拜 表哥,你帮我把这个 这个垫子抬起来
你这都忙着,别吵吵 给我抬起来
别吵吵 给我抬起来,我看看底下有什么东西
走你,哪来的
哪来的,乐高 你给他买的
哪来的这是,你给拿出来
有点分量,那几本书你给拿出来
那几本书你给拿出来,你给他的
合着这小子拿过来搁他这了,难怪学习成绩不好
难怪学习成绩不好,天天看这个那成绩能好吗
哇塞 这都是我的老朋友,都跟你一模一样
都跟你一模一样,有其父必有其子
有其父必有其子,这才多大 就看这些东西
这才多大 就看这些东西,我这顶着 你这看上了
我就重温一下 复习一下,拿过来给我看一下什么东西
拿过来给我看一下什么东西,这么小就看这个
这个好看,这里面是书还是乐高
乔卫东送给乔英子的,英子给了方一凡
藏在方一凡这了,不行
不行,我得给他还回去
挑拨离间,我怎么煽风点火
我怎么煽风点火,这雷谁抗啊
这雷谁抗啊,回头宋倩问起来了
回头宋倩问起来了,那知道了
那知道了,你怎么说的清楚
你怎么说的清楚,不行
咱回头再给他还回去 商量,我现在就得去还
我现在就得去还,我告诉你 放这以后 他不定什么时候就玩
我告诉你 放这以后 他不定什么时候就玩,你说他现在不玩
你说他现在不玩,他现在高三了
他现在高三了,他肯定得玩
肯定要还,我今天就要还
那杂志 杂志也搁回去,杂志不搁
现场恢复一下,你恢复去吧
太没有斗争经验了,闺女
闺女,来了
来了,英子 开门
英子 开门,爸 快进来
爸 快进来,老爸给你买了早餐
老爸给你买了早餐,油条、豆浆 快来 趁热吃
油条、豆浆 快来 趁热吃,吃的什么 怎么还窝头 这是
吃的什么 怎么还窝头 这是,我说这屋里一股中药汤子味的
我说这屋里一股中药汤子味的,来
来,你看老爸给你买什么了
你看老爸给你买什么了,豆浆油条 你最爱吃的
豆浆油条 你最爱吃的,来
来,谢谢老爸 但我这正吃着呢
谢谢老爸 但我这正吃着呢,吃这个吃这个
吃这个吃这个,你刚上来的时候没碰到我妈吧
你刚上来的时候没碰到我妈吧,他刚下楼买菜
他刚下楼买菜,碰到了
碰到了,差点让他发现我 要不是老爸有丰富的斗争经验
差点让他发现我 要不是老爸有丰富的斗争经验,老爸就上不来了
老爸就上不来了,化险为夷
化险为夷,这要让她碰到了
这要让她碰到了,估计连我都得唠叨一顿
估计连我都得唠叨一顿,快吃
快吃,相册
相册,我给你准备好了
我给你准备好了,我闺女靠谱
我闺女靠谱,给您 你说你这过来
给您 你说你这过来,取趟相册真是不容易
取趟相册真是不容易,是不是小梦阿姨要催你了
是不是小梦阿姨要催你了,什么小梦阿姨
什么小梦阿姨,相不相册的不重要
相不相册的不重要,重要的是过来看看你
重要的是过来看看你,老爸能陪你一起吃一顿早饭
老爸能陪你一起吃一顿早饭,吃
吃,你要在这吃啊
你要在这吃啊,不在这儿吃在哪儿吃
不在这儿吃在哪儿吃,那我妈要回来 咋办
那我妈要回来 咋办,你妈不是买菜去了吗
你妈不是买菜去了吗,菜市场在哪老爸也不是不知道
菜市场在哪老爸也不是不知道,一来一去最少20多分钟
一来一去最少20多分钟,吃吧
吃吧,好吧
好吧,多吃点啊
多吃点啊,多吃点
多吃点,好
好,行
行,你可真行
你可真行,都
都,学会跟你爸理应外合了是吧
学会跟你爸理应外合了是吧,好玩吗
好玩吗,他就回来拿个相册
他就回来拿个相册,你发那么大火干嘛
你发那么大火干嘛,他是拿一相册吗
他是拿一相册吗,他这是来捣乱
他这是来捣乱,什么乱啊
什么乱啊,我知道
我知道,我只要一见他你都不开心对不对
我只要一见他你都不开心对不对,你就跟我发火
你就跟我发火,我都不能见他
我都不能见他,我什么时候不让你去见他了
我什么时候不让你去见他了,你哪次去我不让你去了
你哪次去我不让你去了,你说我哪次
你说我哪次,你现在马上要高考了
你现在马上要高考了,你必须把精力都放在学习上
你必须把精力都放在学习上,咱们能不能离这不靠谱的人远一点
咱们能不能离这不靠谱的人远一点,你不是还是不想要我见他吗
你不是还是不想要我见他吗,不是
不是,你爸这个人他有好多的不良习性
你爸这个人他有好多的不良习性,我不想他把你教坏了
我不想他把你教坏了,我身上是不是有他一半不靠谱的基因
我身上是不是有他一半不靠谱的基因,你是不是看我也不顺眼
你是不是看我也不顺眼,我是不是还得把它剔除干净的剔骨还亲
我是不是还得把它剔除干净的剔骨还亲,这样你才满意
这样你才满意,对不对
对不对,你满意吗
你满意吗,我什么时候对你不满意过
我什么时候对你不满意过,妈妈什么时候对你不满意过
妈妈什么时候对你不满意过,我不到处都跟人说你是我的骄傲吗
我不到处都跟人说你是我的骄傲吗,我是不是这么说的
我是不是这么说的,你还生上气了
你还生上气了,生妈妈气了
生妈妈气了,还说没有
还说没有,没有
没有,就是生气了
就是生气了,我没有
我没有,那你那么大声干什么
那你那么大声干什么,我说我没有了
我说我没有了,你还要我怎么样
你还要我怎么样,我不说话了行不行
我不说话了行不行,我不说了
我不说了,还成我的错了
还成我的错了,你现在是不是就想跟你爸在一起
你现在是不是就想跟你爸在一起,不想跟你妈在一起了
不想跟你妈在一起了,你怎么还哭上了
你怎么还哭上了,别哭了
别哭了,妈我当然知道您对我最好了
妈我当然知道您对我最好了,您跟我爸比起来
您跟我爸比起来,我肯定更爱你的
我肯定更爱你的,真的吗
真的吗,真的
真的,我发誓
我发誓,别哭了
我有事跟你说,准没好事 拜拜
反正你那乐高我就拼了,你敢 什么事快说
给我点,你要自杀威胁你妈搬家
你要自杀威胁你妈搬家,这缺德的事儿我可干不了
是不是吃不死,当然吃不死你有没有点常识
我也着急,安神汤
安神汤,了解一下 你妈和我妈的独门秘方
求求你,你可真能磨叽
你可真能磨叽,你中午跟我回家拿去
你中午跟我回家拿去,但是你一定得让他按剂量 吃多了可不行
但是你一定得让他按剂量 吃多了可不行,我上课去了
我上课去了,拜拜
弄个剔骨,你看看你那肚子
你看看你那肚子,你吃点草
你吃点草,这一盘草80多有机的
我没准能把你给娶了,胡子我能刮了
胡子我能刮了,头发也能长
头发也能长,行了
行了,别说吃了
别说吃了,我跟你说个事儿
我跟你说个事儿,我打算搬回书香雅苑
又找了小女朋友 到那金屋藏娇,什么呀
你不会想跟宋倩复合 吃回头草吧,你吃你的草
你吃你的草,我回去了完全是为孩子
怎么了,宋茜现在是更年期了
不可能 没这么早,我确认过
你怎么确认的,前两天我打算回去拿几张老照片
干嘛,小梦一直不是想结婚吗
小梦一直不是想结婚吗,准备在婚礼上的时候做一个视频
准备在婚礼上的时候做一个视频,把我当年英俊潇洒的样子展示回顾一下
把我当年英俊潇洒的样子展示回顾一下,女人的虚荣心可以理解
你的虚荣心,你先别管谁的虚荣心
你先别管谁的虚荣心,宋倩连我带照片全都给扔出去了
宋倩连我带照片全都给扔出去了,这不是个神经病吗
这不是个神经病吗,这不就是更年期吗
这不就是更年期吗,我们家英子今年高三
我们家英子今年高三,宋倩又更年期
宋倩又更年期,高三遇到更年期
高三遇到更年期,这不就是火星撞地球吗
这不就是火星撞地球吗,所以我得搬回去
所以我得搬回去,在他们娘俩之间起到一个润滑的作用
在他们娘俩之间起到一个润滑的作用,实在不行
实在不行,我闺女真有什么事
我闺女真有什么事,我得冲上去替他挡几刀
如沐春风的,这行了你别吹了
这行了你别吹了,这门口树都让你给吹倒了
那航母大玩具,买了
售价8499,这孩子过生日 买生日礼物 你怎么知道的
让宋倩引爆处理,你们家童文洁是不是有病
你们家童文洁是不是有病,他给我不就结了
他给我不就结了,又不是不认识我
一革命群众捡着赃物不交给警察交给犯罪嫌疑人的,这怎么是脏物了
这怎么是脏物了,再说谁是警察
再说谁是警察,谁是犯罪嫌疑人
宋倩警察你是犯罪嫌疑人不很明显吗,你赶紧吃
你赶紧吃,吃完回去上你家把东西拿回来
他今儿就还给宋倩,那童文洁人呢
他俩离婚真是太可惜了,方圆
方圆,你跟乔卫东你们俩简直就是一只是狼
你跟乔卫东你们俩简直就是一只是狼,一只是狈 你说你还替他说话
一只是狈 你说你还替他说话,好像我还没有原谅你
从某种角度上讲我也是受害者,乔卫东还说他无辜 说他当年不是出轨
乔卫东还说他无辜 说他当年不是出轨,他不出轨
他不出轨,宋倩跟他离婚
宋倩跟他离婚,宋倩疯了
他自己也不记得你那能叫出轨吗,不记得就不叫了
不记得就不叫了,他说没有就没有了
他说没有就没有了,合着你是不是还想向他学习
我怎么有机会能做到出轨这种,谁说不求上进的就不会变坏
谁说不求上进的就不会变坏,很多不求上进的不都变坏了吗
我这种不求上进哪有机会对不对,我再提醒你一遍
我再提醒你一遍,在接受批评的时候麻烦你不要油嘴滑舌
自由的时间,干什么你
你说我干什么呢,我弄汤呢
该弄你的弄起来,我跟你说今天孩子们说了
我跟你说今天孩子们说了,下午学校老师要开年级会
下午学校老师要开年级会,要晚上没有晚自习
要晚上没有晚自习,这马上就回来了
这马上就回来了,你觉得你这个姿势
你觉得你这个姿势,合适吗
合适吗,好吗
好吗,英子 回来了
英子 回来了,妈
妈,你干什么
你干什么,快进来
快进来,快点来帮帮我
快点来帮帮我,我拼半天了
我拼半天了,不知道怎么回事
不知道怎么回事,怎么也拼不上
怎么也拼不上,我怎么都对不上
我怎么都对不上,愣在那干什么
愣在那干什么,快来帮帮我
快来帮帮我,妈我错了
妈我错了,爸爸都跟我说了
爸爸都跟我说了,我诚恳的向您认错
我诚恳的向您认错,我不应该收爸爸的礼
我不应该收爸爸的礼,我也不应该让方一凡帮我藏着
我也不应该让方一凡帮我藏着,你要生气你就训我都接受
你要生气你就训我都接受,但是我声明我真的没有想要现在玩这个的
但是我声明我真的没有想要现在玩这个的,我怕您不高兴
我怕您不高兴,也怕爸爸不开心
也怕爸爸不开心,来
来,英子
英子,下次要再遇见这样的事
下次要再遇见这样的事,你得直接告诉妈妈
你得直接告诉妈妈,妈妈会理解的
妈妈会理解的,我觉得这玩具其实还挺好的
我觉得这玩具其实还挺好的,寓教于乐的
寓教于乐的,我知道你快生日了
我知道你快生日了,你爸爸那个人我还不了解
你爸爸那个人我还不了解,投其所好
投其所好,知道你喜欢这个肯定会给你买
知道你喜欢这个肯定会给你买,那你不生气我
那你不生气我,我那么爱生气啊
我那么爱生气啊,你看我这样子像是爱生气的样子吗
你看我这样子像是爱生气的样子吗,你今天好开明
你今天好开明,我只是今天开明啊
我只是今天开明啊,我觉得我一直挺开明的
我觉得我一直挺开明的,要不然我的学生怎么那么喜欢我呢
要不然我的学生怎么那么喜欢我呢,是吗
是吗,快帮我看看为什么一直安不上
快帮我看看为什么一直安不上,然后我都拼到这了了
然后我都拼到这了了,你看这怎么就没有 这怎么回事
你看这怎么就没有 这怎么回事,不对
不对,你这拼反了
你这拼反了,你看这图纸是吧
你看这图纸是吧,还真是 我说怎么安不上啊
还真是 我说怎么安不上啊,那怎么办
那怎么办,拆了呀
拆了呀,拆了呗
拆了呗,掉床底下了
掉床底下了,妈妈
妈妈,怎么了
怎么了,不在床底下
不在床底下,怎么不在 我看他绷进去的
怎么不在 我看他绷进去的,我帮你拿
我帮你拿,您别闪着腰了
您别闪着腰了,我多大岁就闪腰啊
我多大岁就闪腰啊,够着了
够着了,是这颜色吗
是这颜色吗,是
是,你看
你看,我怎么觉得好像比这颜色深点儿似的
我怎么觉得好像比这颜色深点儿似的,没有
没有,正合适 你看
正合适 你看,这应该 要不咱们
这应该 要不咱们,这袋是吗
这袋是吗,来
来,记下美好时光
记下美好时光,好啦
好啦,哇塞
哇塞,真不容易
真不容易,我们下一个拼他底下
我们下一个拼他底下,那个英子
那个英子,看看 咱玩了整一小时了
看看 咱玩了整一小时了,差不多了
差不多了,剩下的我们高考以后再玩
剩下的我们高考以后再玩,好不好
好不好,其他的我先帮你收着
其他的我先帮你收着,毕竟高考的时候咱也不考这个
毕竟高考的时候咱也不考这个,我还以为
我还以为,行不行
行不行,以为 以为 没事
以为 以为 没事,行不行啊
行不行啊,行
行,真乖
真乖,今天饭简单
今天饭简单,我马上就做好
我马上就做好,你把这收起来
你把这收起来,动作快点
动作快点,不好意思
不好意思,表哥我忘敲门了
没事,表哥我在做今天数学卷子最后一道题的时候
表哥我在做今天数学卷子最后一道题的时候,发现这道题出的特别好
发现这道题出的特别好,是包含了咱们所有知识点的一道题
是包含了咱们所有知识点的一道题,我特意把我的笔记本拿过来给你誊一下
我特意把我的笔记本拿过来给你誊一下,要不然这道题你做到明天早晨都做不出来
谢谢,这是你的笔记本吗
是,表哥 数学 数学
在这儿数学在这儿唉,对
对,你这些抄了一堆废话
你这些抄了一堆废话,你看其实老师的板书是对的
你看其实老师的板书是对的,但是你不能全抄
但是你不能全抄,这一条的重点只有三条
这一条的重点只有三条,你这抄的太多了
你这抄的太多了,英子
英子,老师又留课间作业
老师又留课间作业,没有
没有,这周六天文馆有个活动
这周六天文馆有个活动,我不是讲解员吗
我不是讲解员吗,准备一下
准备一下,英子你停一下
英子你停一下,妈妈跟你说两句话
妈妈跟你说两句话,您说我听着
您说我听着,你看你高二一年都在天文馆做讲解员
你看你高二一年都在天文馆做讲解员,妈妈是不是一直都支持的
妈妈是不是一直都支持的,妈妈知道那是你的爱好和理想
妈妈知道那是你的爱好和理想,妈妈是愿意支持的
妈妈是愿意支持的,可咱们现在高三了
可咱们现在高三了,就别再去了
就别再去了,太耽误时间
太耽误时间,你们天文馆也不缺你这么一个要高考的
你们天文馆也不缺你这么一个要高考的,不是
不是,我这之前也讲解了一年
我这之前也讲解了一年,为什么不能去
为什么不能去,我也没影响学习
我也没影响学习,那是高二
那是高二,你现在高三了
你现在高三了,这高二的学习强度能跟高三比吗
这高二的学习强度能跟高三比吗,这是刚开学
这是刚开学,你可能对高三的紧张还没什么感觉
你可能对高三的紧张还没什么感觉,过段时间就知道了
过段时间就知道了,那时候真让你去
那时候真让你去,你都没这精力了
你都没这精力了,行了
行了,去请个假好不好
去请个假好不好,这次真的很重要
这次真的很重要,这是关于我国嫦娥探月工程的科普讲座
这是关于我国嫦娥探月工程的科普讲座,这是我的兴趣爱好
这是我的兴趣爱好,您不是也知道吗
您不是也知道吗,再说您现在说不去就不去
再说您现在说不去就不去,让人家天文馆上哪找人去
让人家天文馆上哪找人去,天文馆缺
天文馆缺,你一个还不转了
你一个还不转了,知道了
知道了,你是不是不好意思跟人说
你是不是不好意思跟人说,这样你把联系人电话给我
这样你把联系人电话给我,妈妈给你请假好不好
妈妈给你请假好不好,妈你能不能别这样研究天文一直是我的理想
妈你能不能别这样研究天文一直是我的理想,您不是也知道吗
您不是也知道吗,我这不是为了我理想努力吗
我这不是为了我理想努力吗,去天文馆做讲解
去天文馆做讲解,就是你的理想
就是你的理想,咱们说去国家航天局这不才是你理想吗
咱们说去国家航天局这不才是你理想吗,你过来
你过来,妈妈跟你说
妈妈跟你说,我知道你不高兴了
我知道你不高兴了,刚没收你乐高
刚没收你乐高,又不让你去天文馆
又不让你去天文馆,可你不高兴我也不高兴
可你不高兴我也不高兴,你可能会说妈妈总拿高三来绑架你的人生
你可能会说妈妈总拿高三来绑架你的人生,你要是连高考都考不好
你要是连高考都考不好,还有什么人生我说
还有什么人生我说,说对吗
说对吗,可是我真的很想去就让我去最后一次好吗
可是我真的很想去就让我去最后一次好吗,最后一次
最后一次,你记得那天我给你做时间表的时候
你记得那天我给你做时间表的时候,怎么跟你说的
怎么跟你说的,这一年的课外活动都得取消
这一年的课外活动都得取消,要说起来 我只答应过你高二
要说起来 我只答应过你高二,没有说高三你还可以继续去天文馆的
没有说高三你还可以继续去天文馆的,而且你想想你去趟天文馆一去一回
而且你想想你去趟天文馆一去一回,一上午的时间都不够
一上午的时间都不够,还没加上你提前准备的时间
还没加上你提前准备的时间,能做多少题
能做多少题,天文馆永远在 可高三的时间丢了
天文馆永远在 可高三的时间丢了,你永远补不上的
你永远补不上的,你要是连高考都考不好
你要是连高考都考不好,还有什么人生我说的对吗
还有什么人生我说的对吗,可是我真的很想去你就让我去最后一次好吗
可是我真的很想去你就让我去最后一次好吗,最后一次
最后一次,你记得那天我给你做时间表的时候
你记得那天我给你做时间表的时候,怎么跟你说的
怎么跟你说的,这一年的课外活动都得取消
这一年的课外活动都得取消,要说起来我只答应过你高二
要说起来我只答应过你高二,没有说高三你还可以继续去天文馆的
没有说高三你还可以继续去天文馆的,而且你想想你去一趟天安馆
而且你想想你去一趟天安馆,一去一回
一去一回,一上午的时间都不够
一上午的时间都不够,还没加上你提前准备的时间
还没加上你提前准备的时间,能做多少题
能做多少题,天文馆永远在
天文馆永远在,可高三的时间丢了
可高三的时间丢了,你永远补不上的
你永远补不上的,当然知道您说的意思了
当然知道您说的意思了,我也知道这高三很重要
我也知道这高三很重要,但但我也不想以后回忆起高三全都是做题
但但我也不想以后回忆起高三全都是做题,这脑子里除了题别的什么都没有
这脑子里除了题别的什么都没有,那样高三有什么意思
那样高三有什么意思,一点意义都没有
一点意义都没有,怎么没有意义
怎么没有意义,还有良好的学习习惯
还有良好的学习习惯,还要坚持努力这样的优秀品质
还要坚持努力这样的优秀品质,这不都是高三一年修炼出来的
这不都是高三一年修炼出来的,哪是意义啊 那是无聊
哪是意义啊 那是无聊,无聊
无聊,怎么成无聊了
怎么成无聊了,你这么说妈妈是不是也是无聊
你这么说妈妈是不是也是无聊,英子
英子,你是不是觉得妈妈管你太严了
你是不是觉得妈妈管你太严了,要求太高了
要求太高了,你是不是觉得妈妈完全是在跟你作对
你是不是觉得妈妈完全是在跟你作对,英子你是我女儿
英子你是我女儿,你是我最重要的人
你是我最重要的人,咱们俩的人生理想应该是一样的
咱们俩的人生理想应该是一样的,我们不是说好了吗
我们不是说好了吗,要为了去国家航天局而努力
要为了去国家航天局而努力,对不对
对不对,大清早的没这时间了
大清早的没这时间了,你赶紧收拾一下
你赶紧收拾一下,把早饭吃了
把早饭吃了,还得早课
还得早课,快点 别早课都迟到了
快点 别早课都迟到了,把老爸叫出来
把老爸叫出来,就给你解决问题吧
就给你解决问题吧,说什么事没有老爸解决不了的
说什么事没有老爸解决不了的,我想跟您说的是我之前经常去天文馆
我想跟您说的是我之前经常去天文馆,他这周六要做中国嫦娥探月工程的专题科普讲座
他这周六要做中国嫦娥探月工程的专题科普讲座,我报名参选讲解员资格为这我准备了两周
我报名参选讲解员资格为这我准备了两周,我好不容易选上了
我好不容易选上了,我妈
我妈,说什么都不让我去
说什么都不让我去,我一哭二闹三上吊也都不管事
我一哭二闹三上吊也都不管事,一哭二闹三上吊
一哭二闹三上吊,在你妈不管用
在你妈不管用,早年间我都试过了
早年间我都试过了,你不是星期六吗
你不是星期六吗,这才星期三
这才星期三,这不还有两天的吗
这不还有两天的吗,我想办法
我想办法,我看我怎么跟你妈说
我看我怎么跟你妈说,真的
真的,我就知道老爸你有办法
我就知道老爸你有办法,谢谢老爸
谢谢老爸,好
好,吃别噎着
吃别噎着,慢点吃慢点吃小点口
慢点吃慢点吃小点口,老爸
老爸,你之前不是说你要搬过来吗
你之前不是说你要搬过来吗,怎么没动静
怎么没动静,你这说话不算数
你这说话不算数,谁说的爸爸早就开始行动了
谁说的爸爸早就开始行动了,这是一个系列行为
这是一个系列行为,你看咱家租户刚刚走
你看咱家租户刚刚走,他不爱惜房子
他不爱惜房子,咱们是不是得重新收拾收拾
咱们是不是得重新收拾收拾,你得刷个墙
你得刷个墙,对吧
对吧,铺个地板
铺个地板,咱们换点家具
咱们换点家具,你瞧瞧爸爸已经在APP上现在找装修队了
你瞧瞧爸爸已经在APP上现在找装修队了,你看看这一旦决定好了马上搬
你看看这一旦决定好了马上搬,您可快来吧
您可快来吧,不然我真的我现在已经招架不住了
不然我真的我现在已经招架不住了,每天暴露在我妈的炮火之下
每天暴露在我妈的炮火之下,你知道方一凡他们家方叔叔就每天给方一凡当子弹
你知道方一凡他们家方叔叔就每天给方一凡当子弹,我也想要个沙包
我也想要个沙包,爸爸回来了就是你的人肉沙包
爸爸回来了就是你的人肉沙包,以后这就是咱爷俩的避难所
以后这就是咱爷俩的避难所,那小梦阿姨怎么办
那小梦阿姨怎么办,我不会给你们添麻烦了
我不会给你们添麻烦了,小梦阿姨想过来就过来
小梦阿姨想过来就过来,这不是问题
这不是问题,在这说了爸爸两边住
在这说了爸爸两边住,我们就这么愉快的决定了
我们就这么愉快的决定了,Yes
Yes,但是这事咱可千万不能让老妈知道
但是这事咱可千万不能让老妈知道,不然这完美计划可以泡汤了
不然这完美计划可以泡汤了,爸爸懂 悄悄的进村
爸爸懂 悄悄的进村,打枪的不要 不见兔子不撒鹰
打枪的不要 不见兔子不撒鹰,不见鬼子不挂弦
不见鬼子不挂弦,我是不是就可以吃到我妈所有不让我吃的那些美食了
我是不是就可以吃到我妈所有不让我吃的那些美食了,爸爸做 想吃什么
爸爸做 想吃什么,我要吃麻辣烫、火锅
我要吃麻辣烫、火锅,然后小龙虾
然后小龙虾,然后
然后,都有爸爸给你做
都有爸爸给你做,老爸我太爱你了
老爸我太爱你了,快吃吧，一会凉了
腰宽腿短 多好,你还说我 上回你跟乐高那事 我还没找你算账
这就是我给你的补偿,就一瓶苏打水
就一瓶苏打水,你就想把我给打发了
你就想把我给打发了,想的美我都想跟你绝交了
我都想好了,给我打开
保证你天天笑呵呵 ,一个月
我没想到我妈反侦能力那么强,我说你是不是猪队友 托你办这么点事你都办不好 你都不知道
我说你是不是猪队友 托你办这么点事你都办不好 你都不知道,我一回家
我一回家,我妈面前摆了那么一摊乐高
我妈面前摆了那么一摊乐高,吓得我差点一屁股坐地上
这么刺激,那是相当刺激
那是相当刺激,我一共就玩了50分钟
我一共就玩了50分钟,我妈就给我没收了
我妈就给我没收了,中间还拍了一张照片给我爸看
中间还拍了一张照片给我爸看,就是作秀
他才不跟你那么多废话,我倒觉得你跟你妈这样挺好的
我倒觉得你跟你妈这样挺好的,直来直去
直来直去,不像我跟我妈表面上你说俩人看着挺好的
不像我跟我妈表面上你说俩人看着挺好的,实际上就是塑料姐妹花
实际上就是塑料姐妹花,一碰即碎一点就着
一碰即碎一点就着,接着按
别啊 这么多人不好吧,我跟你说
我跟你说,我现在就想考个远远的过一过人格独立的日子
我现在就想考个远远的过一过人格独立的日子,拥抱自由
我也想拥抱自由,你还不自由
所以现在在学校自习的时间才是属于我的自由时间,方猴
方猴,你还真想搬过来
你还真想搬过来,我还以为你说着玩着
我还以为你说着玩着,行了
行了,晚自习去吧 享受你这唯一的自由时光
为我们想象的自由干杯,为虚无缥缈的自由
没人要,再说
搬家,她这话有道理
她这话有道理,他说很多高中的家长都把家搬到学校附近的学区房
他说很多高中的家长都把家搬到学校附近的学区房,尤其是高三的
尤其是高三的,那么离家近
那么离家近,上学下课都很方便
上学下课都很方便,真的不耽误事
真的不耽误事,你说是不是
你想出搬家这个事儿 这是不是稍微有点草率,草率什么
草率什么,我考虑一整天了
这就是太突兀了,我不是光为了磊儿
我不是光为了磊儿,对
对,我是为了磊儿
我是为了磊儿,但我也是为了方一凡
但我也是为了方一凡,我节省的是俩孩子的时间
我节省的是俩孩子的时间,一个孩子节省一个半小时
一个孩子节省一个半小时,俩孩子节省三个小时
俩孩子节省三个小时,是不是这个道理
你一个孩子节约多长时间,一个半小时
俩孩子节约多长时间,三小时
你能结出15个小时来啊,我就是这么算的
我就是这么算的,我加在一块算的
生活质量肯定得下降了,我不高兴了
我不高兴了,我就这么说了一嘴
我就这么说了一嘴,你看你嘟嘟嘟嘟跟机关枪似的
你看你嘟嘟嘟嘟跟机关枪似的,我这不是跟你商量
我这不是跟你商量,我没有说一定要搬
我没有说一定要搬,你要是不高兴 可以
你要是不高兴 可以,不搬就当我瞎操心
该搬还是要搬 有道理,方圆儿你能不能有点立场
方圆儿你能不能有点立场,我一吓唬你 你就变
我一吓唬你 你就变,一会同意搬一会不同意
一会同意搬一会不同意,你墙头草啊
不就这个道理,你说什么呢
行了吧,行 那我定
行 那我定,搬
磊儿 哥得谢谢你,谢我什么
你的贡献大大的,我做什么共享
犯困,犯困也成贡献了是吧
你的睡觉换来了我们以后书香雅苑的幸福生活,不是表哥
不是表哥,我不是故意犯困的
我不是故意犯困的,我也不想犯困
你知道哥 为什么那么想搬家,不就是为了学校离家近一点
不就是为了学校离家近一点,能节省一下路上的时间吗
我的小榆木脑袋 真好,我怎么又成榆木脑袋了
待会儿融资备战会上肯定用得着的,好
好,放那儿吧
有事啊,你姐夫这两天出差家里没人
你姐夫这两天出差家里没人,我还是得跟Jenny请一个星期假
我还是得跟Jenny请一个星期假,我现在就不知道该怎么跟他张这口
你又要请假,是早知道现在何必当初 应该给自己留条后路
什么后路,不是上次他跟说着告我状
不是上次他跟说着告我状,还是你告诉我的 说我家庭妇女
还是你告诉我的 说我家庭妇女,我不是当着面怼了他几句吗
他未必听得出来你在说她,是你傻还是他傻
是你傻还是他傻,他连这个都听不出来
他连这个都听不出来,他不可能坐到今天这个位置
他不可能坐到今天这个位置,小金 不是我说 你真的得好好学习学习 职场有职场的游戏规则
小金 不是我说 你真的得好好学习学习 职场有职场的游戏规则,在职场你记住了
在职场你记住了,你再怎么恨对方
你再怎么恨对方,再怎么被对方气着
再怎么被对方气着,你都得忍
你都得忍,你不能把你的底牌亮给对方
你不能把你的底牌亮给对方,你不能让对方知道你自己到底在想什么
你不能让对方知道你自己到底在想什么,你得学会保护自己
你得学会保护自己,给自己留后路
给自己留后路,别像我似的动不动就跟人撕破脸
别像我似的动不动就跟人撕破脸,撕破脸以后还得舔着脸去跟人请假
撕破脸以后还得舔着脸去跟人请假,你不是在追剧吗
你不是在追剧吗,像我这种性格
像我这种性格,像咱俩这种性格
像咱俩这种性格,宫斗戏里活不过两集
我帮你去跟他说,你跟他说了算什么
你跟他说了算什么,我自己去说
我自己去说,他放我假就放我
他放我假就放我,不放我 我找roger 行 你走吧
不放我 我找roger 行 你走吧,都在这儿 资料
都在这儿,小金 你以后再听到什么
小金 你以后再听到什么,你还是得告诉我
你还是得告诉我,第一时间告诉我
我可是你的人 奴婢告退,不好意思
不好意思,我可能还是要再请一周的假
是不刚休完假回来吗,我也是没办法
我也是没办法,我不是把我侄子接过来
我不是把我侄子接过来,这孩子有点不太适应
这孩子有点不太适应,所以我想再陪他过渡几天
所以我想再陪他过渡几天,最多一周
你说,不是
不是,计划书我看过了
计划书我看过了,我来安排我来部署
我来安排我来部署,然后全部安排给小金
然后全部安排给小金,我想让小金来执行
我想让小金来执行,然后我们三个建个群
然后我们三个建个群,我们随时沟通
你觉得你放心吗,小金没问题
小金没问题,他的能力我清楚
他的能力我清楚,他是我带过来的
他是我带过来的,也跟了我这么多年
也跟了我这么多年,其实很多事情都是他在在执行
你家里不需要他分担吗,他这两天出差 要不是家里这个情况
他这两天出差 要不是家里这个情况,我也知道公司现在这样
我也知道公司现在这样,我真的张不开这个口
行 我跟老大先说一下,谢谢
谢谢,我也会跟老大说一声
结了婚真麻烦,是
是,Hello
Hello,没有加糖没有加奶
你不是还有几天假的吗,这不是第二轮融资
这不是第二轮融资,突然提前了
突然提前了,我看群里面不停的艾特
我看群里面不停的艾特,我说算了赶紧过来一趟
我说算了赶紧过来一趟,把这些事情都处理了
把这些事情都处理了,我也踏实
我也踏实,然后也谢谢你这几天帮我扛了不少事
然后也谢谢你这几天帮我扛了不少事,感谢
还得我来,我还没见着他人
我还没见着他人,我马上跟他交接一下
我马上跟他交接一下,我就在一会有什么事你叫我
坐你先坐,怎么了
会降一级,我 降我的级
我 降我的级,谁的意思
顶替了你的位置,提拔小金
提拔小金,顶替我的位置
顶替我的位置,小金能同意吗
我再把位置还给你,小金你要不要脸
小金你要不要脸,要不要脸
姐,我不是你姐
我再来,你i还有这本事，榜上罗杰了
你i还有这本事，榜上罗杰了,说让罗杰撤就撤
说让罗杰撤就撤,什么时候的事
什么时候的事,你真是挺有能耐的
你真是挺有能耐的,我真是低估你了
你看行不行,小金
小金,你跟了我这么多年
你跟了我这么多年,我教给你这么多东西
我教给你这么多东西,你最应该学的你恰恰学不会
你最应该学的你恰恰学不会,你给我记住了
你给我记住了,以后把心思放到业务上
以后把心思放到业务上,别整这些乱七八糟没用的
别整这些乱七八糟没用的,你以为半夜发个朋友圈弄个定位
你以为半夜发个朋友圈弄个定位,让老板知道你在公司加班
让老板知道你在公司加班,老板就会觉得你是个好员工了
老板就会觉得你是个好员工了,我告诉你没用
我告诉你没用,你自己有多少本事自己心里清楚
你自己有多少本事自己心里清楚,人要有自知之明
人要有自知之明,金副总 行了
金副总 行了,没事
没事,以后有事你吩咐一声
以后有事你吩咐一声,我也是从助理出身
我也是从助理出身,我这是给你腾位子
姐我知道你现在在气头上,你能把这些东西关了吗
你能把这些东西关了吗,吵死了
发生什么事 一天都不高兴,挨欺负了
你一个人能干过一个团,我要有本事 我自己早当老总了
我要有本事 我自己早当老总了,我还跟这受气
我还跟这受气,流年不利
流年不利,举步维艰
你就左耳朵听完右耳朵放了就完了,他对我动手了
他打你了,他没有打我
他没有打我,他把我降职了
他把我降职了,把小金提上来了
把小金提上来了,小金现在是副总了
小金现在是副总了,我是小金的助理了
我是小金的助理了,以后我给小金要递茶倒水
以后我给小金要递茶倒水,拿快递 打文件 给他点外卖
拿快递 打文件 给他点外卖,还得给他订机票
还得给他订机票,这些活都得我来干了
你说小金,珍妮怎么睬我都认了
珍妮怎么睬我都认了,这在我意料之中的事情
这在我意料之中的事情,可是 可是小金怎么可以这样对我 她是我一路带过来的
可是 可是小金怎么可以这样对我 她是我一路带过来的,我从小别离那个项目就开始带她
我从小别离那个项目就开始带她,一直带到现在七八年了
一直带到现在七八年了,在我手底下
在我手底下,他当时入这行的时候什么都不会
他当时入这行的时候什么都不会,全部是我手把手教的
全部是我手把手教的,等于我在我自己身边养了个白眼狼
等于我在我自己身边养了个白眼狼,我平时对他就跟对自己妹妹一样的
我平时对他就跟对自己妹妹一样的,他也对我姐姐的甜言蜜语的
他也对我姐姐的甜言蜜语的,我一直拿她当我自己人
我一直拿她当我自己人,我拿他当我的心腹
我拿他当我的心腹,结果 他是珍妮的奸细
结果 他是珍妮的奸细,等于我说什么珍妮全都知道
等于我说什么珍妮全都知道,他全告诉珍妮了
他全告诉珍妮了,人心怎么可以这么坏的
人心怎么可以这么坏的,你说每年申请奖金我都给他提到最高的一个级别的
你说每年申请奖金我都给他提到最高的一个级别的,有的时候我自己都没拿那么多钱
有的时候我自己都没拿那么多钱,小金的钱我一定要保证 我对他这么好
小金的钱我一定要保证 我对他这么好,他说变心就变心
他说变心就变心,我真的想不明白
我真的想不明白,怎么可以这样的呢
怎么可以这样的呢,我跟你说我跟公司请了一个星期假
我跟你说我跟公司请了一个星期假,我这一个星期不去了
我这一个星期不去了,我都有我自己的态度
我都有我自己的态度,我不能让他们当软柿子捏
我不能让他们当软柿子捏,我等到公司转不动的时候
我等到公司转不动的时候,他们再来找我
他们再来找我,我再去
我支持你,你说气不气人
休息休息行不行,哪能休息的了
哪能休息的了,家里这么多事
家里这么多事,孩子这么多事
咱俩今天二人世界 出去看一电影儿行不行,没心情还要找房子
来个小火锅,晚上吃那么多 吃什么火锅 减肥
咱找个什么spa 按摩的地方,我还真有个地方
我还真有个地方,你们这发小的家属 相互也这么客气
你们这发小的家属 相互也这么客气,人家领导的爱人 矜持点也是正常
人家领导的爱人 矜持点也是正常,咱不说这个 你带我去看房子去
咱不说这个 你带我去看房子去,行
行,你要真租我肯定给你留着
你要真租我肯定给你留着,给你打折
给你打折,你不让我白住
你不让我白住,那你下回好意思见我啊
那你下回好意思见我啊,我好意思
我好意思,脸皮真厚
脸皮真厚,来点正经的 好好看
来点正经的 好好看,这房子 我是收拾出来了
这房子 我是收拾出来了,但是这之前的租户也不太爱惜
但是这之前的租户也不太爱惜,挺好的
挺好的,你收拾挺干净的
你收拾挺干净的,就有一些基本的家具
就有一些基本的家具,因为每个租户要求不一样
因为每个租户要求不一样,每次添点儿减点儿的都说不定
每次添点儿减点儿的都说不定,这就是主卧
这就是主卧,对 主卧 
对 主卧 ,不用放太多家具过来
不用放太多家具过来,就住个小一年的
就住个小一年的,你说回头这一家具放哪儿 真好
你说回头这一家具放哪儿 真好,这个位置是真好
这个位置是真好,对
对,这个房子最好的就是位置
这个房子最好的就是位置,二楼你看你上下楼也不用等电梯溜达就下去了
二楼你看你上下楼也不用等电梯溜达就下去了,从家门口出去到学校门口整整4分半
从家门口出去到学校门口整整4分半,你连这个 你当初买房子都算计过
你连这个 你当初买房子都算计过,那这房买了给什么人准备的
那这房买了给什么人准备的,那不就是给高三的
那不就是给高三的,高三就是分秒必争
高三就是分秒必争,不是你那时候哪来这么多钱
不是你那时候哪来这么多钱,你一下买5套
你一下买5套,那时候便宜
那时候便宜,又没有限购
又没有限购,交个首付就行了
交个首付就行了,而且其实是4套
而且其实是4套,不是离婚的时候让乔卫东弄走1套
不是离婚的时候让乔卫东弄走1套,你说我也是的
你说我也是的,我这方面脑子是一点都没有
我这方面脑子是一点都没有,方圆也是的
方圆也是的,脑子都不放在这上面
脑子都不放在这上面,这不白活了 以后还得跟你混
这不白活了 以后还得跟你混,这可是学区房
这可是学区房,是
是,还有一上下铺
还有一上下铺,对 这床 上一个租户留下的
对 这床 上一个租户留下的,本来我还想弄走
本来我还想弄走,你家不也俩孩子吗
你家不也俩孩子吗,要不要留下
要不要留下,我这是本来说搬过来 估计地方小
我这是本来说搬过来 估计地方小,可能真得买上下铺
可能真得买上下铺,但是我又琢磨
但是我又琢磨,你说这俩孩子这么住着
你说这俩孩子这么住着,会不会互相影响
会不会互相影响,肯定得有影响
肯定得有影响,你外甥学习这么好
你外甥学习这么好,不正好带带凡凡
不正好带带凡凡,我是怕凡凡影响磊儿
我是怕凡凡影响磊儿,还真有可能
还真有可能,那就看谁能量大了
那就看谁能量大了,你还有没有别的了手上
你还有没有别的了手上,以前有
以前有,小三居还有一套 这么晚才跟我说
小三居还有一套 这么晚才跟我说,你再不说这房子都没了
你再不说这房子都没了,刚才遇见那位
刚才遇见那位,哪个 看房那个
哪个 看房那个,刘静
刘静,他不是租我房了吗
他不是租我房了吗,就在楼下
就在楼下,就住这楼下
就住这楼下,对对 那是他们家院子
对对 那是他们家院子,这下边 同一户型
这下边 同一户型,同一户型 不都为孩子能近点吗
同一户型 不都为孩子能近点吗,你早说我早租了
你早说我早租了,有什么事我也好跟他们家商量
有什么事我也好跟他们家商量,你可真逗
你可真逗,人家副区长你跟人有什么好商量的
人家副区长你跟人有什么好商量的,你不知道 凡凡跟他们家季杨杨分到一个班了
你不知道 凡凡跟他们家季杨杨分到一个班了,都在一个基础班
都在一个基础班,真的
真的,是你看又是副局长 方圆的发小
是你看又是副局长 方圆的发小,又是楼下的邻居是吧
又是楼下的邻居是吧,孩子又在一起
孩子又在一起,那我有什么事我是不是得主动点跟人家
那我有什么事我是不是得主动点跟人家,人家肯定消息灵通
人家肯定消息灵通,学校里万一有什么风吹草动的也早点知道对吧
学校里万一有什么风吹草动的也早点知道对吧,这个啊 
这个啊 ,你的钱我还能要 你就住
你的钱我还能要 你就住,呦呦呦说的有多不好意思似的
呦呦呦说的有多不好意思似的,我能不给你钱吗
我能不给你钱吗,说吧 多少钱
说吧 多少钱,那有什么不能得
那有什么不能得,是 我现在不给你钱
是 我现在不给你钱,回头每个月我都得买礼物给你
回头每个月我都得买礼物给你,你高不高兴还不知道
你高不高兴还不知道,回头一起都给我拽出去了
回头一起都给我拽出去了,就是要你不好意思
就是要你不好意思,你快说 多少钱
你快说 多少钱,真要给钱啊
真要给钱啊,反正
反正,两居室在这小区都是1万5
两居室在这小区都是1万5,起
起,怎么跟你要钱
怎么跟你要钱,这样
这样,一万2
一万2,行了吧
行了吧,行行
行行,够仗义了
够仗义了,挺好挺便宜的
挺好挺便宜的,心疼
心疼,还心疼啊
还心疼啊,12000呢
12000呢,再便宜我也心疼
再便宜我也心疼,不能让你心疼
不能让你心疼,行 这是开放式厨房
行 这是开放式厨房,对开放的
对开放的,真的
真的,跟方圆商量一下
跟方圆商量一下,商量什么 钱 还能再给我便宜点
商量什么 钱 还能再给我便宜点,当然是房子情况了
当然是房子情况了,你说风水 我不信这个
你说风水 我不信这个,你是不信
你是不信,那方圆万一忌讳
那方圆万一忌讳,他忌讳管用什么
他忌讳管用什么,我家我说了算
我家我说了算,我都不忌讳
我都不忌讳,他忌讳个屁
他忌讳个屁,你说到底有没有风水这回事
你说到底有没有风水这回事,真要有风水这回事
真要有风水这回事,也是我风水不好
也是我风水不好,你说怎么遇见乔卫东那么一个渣男
你说怎么遇见乔卫东那么一个渣男,想想我都恨得慌
想想我都恨得慌,乔卫东跟那女的早分了吧
乔卫东跟那女的早分了吧,我才不关心他
我才不关心他,不过听英子说
不过听英子说,他好像一直都有女朋友
他好像一直都有女朋友,那是 没有就不是他了
那是 没有就不是他了,就这德行 甭搭理他
就这德行 甭搭理他,不过方圆还行
不过方圆还行,方圆 方圆限量版 没办法 我命好
方圆 方圆限量版 没办法 我命好,你说我这些年 怎么把青春给了他了
你说我这些年 怎么把青春给了他了,这些年我一人带着英子
这些年我一人带着英子,真是什么苦没吃
真是什么苦没吃,行了
行了,你这叫苦尽甘来
你这叫苦尽甘来,我都羡慕死你了
我都羡慕死你了,英子多好
英子多好,成绩这么好
成绩这么好,又孝顺你
又孝顺你,又漂亮
又漂亮,又知道疼你
又知道疼你,又听你的话
又听你的话,你偷着乐你
你偷着乐你,别安慰我了
别安慰我了,自己也生一闺女
凉茶败火,行了
行了,不就是工作的事 此处不留爷
不就是工作的事 此处不留爷,自有留爷处
让你小子钻个空子,你这就是仇富
你这就是仇富,你这种心态耽误你进步
可能过段时间肉都吃不上了,怎么着
怎么着,你是嫌人家给的钱少
还等于不拿钱,你就跟他耗着
你就跟他耗着,他不给够了
他不给够了,你每天就到那点一卯
你每天就到那点一卯,然后出去干别的活去
我就出去找工作去,你现在这种情况跟你们家领导汇报没有
然后再跟童文洁报告,方圆你说
方圆你说,你说我是做投资的
你说我是做投资的,我也没有什么实体
我也没有什么实体,要不你看
改吃肉了,最近累了
最近累了,小梦最近一直想要孩子
好事,你想想
你想想,我今年45
我今年45,我跟小梦生一孩子这算是怎么回事
我跟小梦生一孩子这算是怎么回事,等孩子长到英子这么大
等孩子长到英子这么大,我去开家长会
我去开家长会,人还以为爷爷来了
人还以为爷爷来了,再说我不能要孩子
再说我不能要孩子,我生孩子了
我生孩子了,那就是对英子的背叛
倒成了对英子的背叛了,我当年真没有背叛宋倩
我当年真没有背叛宋倩,我那是被人设计了
全世界都知道你别装了,我喝醉了行了
我喝醉了行了,这事我不跟你说
你现在生一孩子怎么就对英子是背叛了什么意思,你生的是儿子
你生的是儿子,你不了解这闺女和父亲之间的情感
你不了解这闺女和父亲之间的情感,这个闺女是爸爸的前世小情人
这个闺女是爸爸的前世小情人,如果我现在生了孩子了
如果我现在生了孩子了,我就是对英子的移情别恋
我就是对英子的移情别恋,我就这么跟你说
我就这么跟你说,什么时候
什么时候,等英子考上大学长大了
等英子考上大学长大了,英子什么时候结婚了生了孩子
英子什么时候结婚了生了孩子,我再生
比划瑜伽吗,小梦 甲醛过敏
小梦 甲醛过敏,前一段时间来了
前一段时间来了,得了一身疹子之后回去了
你那不是老房子怎么还有甲醛,我设计了一下
我设计了一下,小梦不是甲醛过敏吗
小梦不是甲醛过敏吗,我就把我那老房子重新粉刷了一下
我就把我那老房子重新粉刷了一下,然后换了个地板
然后换了个地板,然后挑了点有味的家具放里了
你不怕熏着英子,我这不就是为了英子吗
我这不就是为了英子吗,放心
放心,等英子来了
等英子来了,我再把家具换了
这不符合常理,你说什么乱七八糟的什么不符合常理
风水在哪 哪的风水,方圆
方圆,你贴上毛你就是猴
你贴上毛你就是猴,你说你要把你这点本事用在挣钱上
你说你要把你这点本事用在挣钱上,咱家早发达了
咱家早发达了,还用得着为这1万多的房租在这掰扯
还用得着为这1万多的房租在这掰扯,你看看人宋倩
你看看人宋倩,十几年前多有眼光
十几年前多有眼光,啪啪啪4套房子一买后半辈子齐活了
啪啪啪4套房子一买后半辈子齐活了,是不是
是不是,你 小人之心度君子之腹
你 小人之心度君子之腹,人宋倩怎么就不能
人宋倩怎么就不能,实心实意地想要租我房子
实心实意地想要租我房子,并且诚心诚意告诉我这房子有问题
我只信仰便宜,我不是说我信这
我不是说我信这,你心理暗示一旦你产生了
你心理暗示一旦你产生了,你很难回避
你很难回避,你说那套房子这么多租户住在里面
你说那套房子这么多租户住在里面,这些孩子都没考好
这些孩子都没考好,多多少少是不是会有一些负面的干扰
多多少少是不是会有一些负面的干扰,我先不说是干扰还是风水
我先不说是干扰还是风水,总之是负面的
总之是负面的,对不对
对不对,不对
不对,你跟我绕来绕去什么意思
你跟我绕来绕去什么意思,咱们说好的事情不能反悔
再谨慎的考虑一下,我想好了
我想好了,除了这个风水咱不说 人宋倩给我们打了8折
除了这个风水咱不说 人宋倩给我们打了8折,七七八八下来一年便宜五六万
共克时艰,共克什么时艰
共克什么时艰,你这马上一升职加薪
你这马上一升职加薪,我在一忍辱负重
我在一忍辱负重,孩子们再一考上大学
孩子们再一考上大学,我们共享清福是
我们共享清福是,对
对,我买只鸡
面相不好那只面善,你多大
你多大,我问你
我问你,你
你,你告我今年多大了
18,40多的人
40多的人,你幼不幼稚
你幼不幼稚,难怪方一凡跟你一模一样
难怪方一凡跟你一模一样,我问你 严肃的问你
我问你 严肃的问你,认真的问你
认真的问你,你是不是不想搬家
有没有标准答案,我是心疼
我是心疼,我知道你怎么想的 有压力了
我知道你怎么想的 有压力了,是不是
是不是,因为我现在的情况升职加薪无望
因为我现在的情况升职加薪无望,家里所有的开销都要靠你了
家里所有的开销都要靠你了,以后一个月1万多的房租
以后一个月1万多的房租,孩子生活质量不能下降
孩子生活质量不能下降,就补习班也少不了报
就补习班也少不了报,都得花钱
都得花钱,咱们就算租房子
咱们就算租房子,自己的房子也租不出去
自己的房子也租不出去,因为东西都在里面
因为东西都在里面,所以有压力了是不是
没什么压力,真没压力
真没压力,你不能没有压力
你不能没有压力,你要有压力
你要有压力,男人不能没有压力
男人不能没有压力,你没有压力
你没有压力,你升职加薪怎么办
你升职加薪怎么办,你要在升职加薪上给我勇往直前
你要在升职加薪上给我勇往直前,义无反顾 听到没有
义无反顾 听到没有,这只鸡给你炖
鸡大压力大,英子
英子,干嘛呢
干嘛呢,我做听力
我做听力,别喜欢学什么就拼命学
别喜欢学什么就拼命学,妈妈又给你找了两份去年的理综模拟考试的卷子
妈妈又给你找了两份去年的理综模拟考试的卷子,今天不用都做了
今天不用都做了,留一份明天做
留一份明天做,妈
妈,我明天真的想去天文馆
我明天真的想去天文馆,这事咱不是讨论过了吗
这事咱不是讨论过了吗,决定的事就别讨论了好吗
决定的事就别讨论了好吗,最后一次
最后一次,最后一次行吗
最后一次行吗,英子
英子,你跟妈说
你跟妈说,这天文馆的解说员工作对你那么重要吗
这天文馆的解说员工作对你那么重要吗,以前的不重要了
以前的不重要了,如果您实在不愿意
如果您实在不愿意,以后的也可以不重要
以后的也可以不重要,但是明天对我来说真的特别重要
但是明天对我来说真的特别重要,你也知道我有多喜欢航天 双语讲解
你也知道我有多喜欢航天 双语讲解,这还能练口语
这还能练口语,你口语挺好的了
你口语挺好的了,不用这么练了
不用这么练了,英子你看高三了
英子你看高三了,就靠着妈妈每天给你这么耳提面命的没用的
就靠着妈妈每天给你这么耳提面命的没用的,还是得你自己心里有那么一根弦儿
还是得你自己心里有那么一根弦儿,得自觉
得自觉,知道吗
知道吗,我不是要反对你喜欢航天
我不是要反对你喜欢航天,你有爱好没问题
你有爱好没问题,你喜欢这方面的展览也没问题
你喜欢这方面的展览也没问题,其实网上有好多这方面的资料
其实网上有好多这方面的资料,要不这样
要不这样,妈妈去买个硬盘 把他们都下下来
妈妈去买个硬盘 把他们都下下来,等你高考以后慢慢的来看
等你高考以后慢慢的来看,这多好
这多好,英子 听话
英子 听话,妈是和你最亲的人了
妈是和你最亲的人了,还能害你
还能害你,快点把卷子做了
快点把卷子做了,还能多睡会儿
还能多睡会儿,明天我还琢磨着
明天我还琢磨着,你起床以后带你去趟商场
你起床以后带你去趟商场,我一直想给你换把椅子
我一直想给你换把椅子,你现在怎么那么驼背
你现在怎么那么驼背,到时候换把舒服点的
到时候换把舒服点的,要不然这个脊椎都是劳损了
要不然这个脊椎都是劳损了,你老了就该后悔了
你老了就该后悔了,现在得保养知道吗
现在得保养知道吗,知道没有
知道没有,赶快做卷子 没水了
赶快做卷子 没水了,我再给你倒一杯去
我再给你倒一杯去,快做
快做,尽量不熬夜
尽量不熬夜,爸 你是不是紧张
爸 你是不是紧张,不紧张
不紧张,总觉得不太靠谱
总觉得不太靠谱,你这属于先斩后奏啊
你这属于先斩后奏啊,对付你妈不先斩后奏怎么办
对付你妈不先斩后奏怎么办,你甭管了
你甭管了,一会就踏踏实实的去
一会就踏踏实实的去,有什么事老爸给你扛着
有什么事老爸给你扛着,你怎么扛啊
你怎么扛啊,什么是大神
你就简单粗暴的理解成为比你还厉害的人,比我还厉害
第一时间引起杨杨对你的关注,可这个网络我一窍不通
就叫victory , 胜利
 胜利,行
你再练会儿,我也不开了
我也不开了,我也不开了
我也不开了,我也开不好
我也开不好,我也回去
没准这个还能多点感觉,游戏厅 我也没去过
游戏厅 我也没去过,那不是年轻人去的
那不是年轻人去的,地方吗
你现在不是为了要多去了解年轻人吗,这些个东西我也不经常吃
这些个东西我也不经常吃,也不知道好吃不好吃
也不知道好吃不好吃,杨杨你说了算
杨杨你说了算,你没吃过
你没吃过,没吃过你来这干嘛
没吃过你来这干嘛,爸爸都是吃食堂
爸爸都是吃食堂,况且这几年爸爸都在县级市地级市工作
况且这几年爸爸都在县级市地级市工作,这种地方还真没来过
这种地方还真没来过,行
行,我来点
我来点,你还要加点什么吗
你还要加点什么吗,都挺好
都挺好,就这个
就这个,看都没看 有什么好
等等,果汁来一杯 来一杯热茶
果汁来一杯 来一杯热茶,我血糖有点高
我血糖有点高,不能吃甜的
我下单了,谢谢
不客气,咱们俩好久没有单独在一起吃饭了
咱们俩好久没有单独在一起吃饭了,是啊
是啊,好久了
好久了,这个地方变化真快
这个地方变化真快,原来那有一家麦当劳的
原来那有一家麦当劳的,小时候我经常带你去吃
小时候我经常带你去吃,你还记得吗
你还记得吗,对
对,都搬走好长时间了
都搬走好长时间了,你刚才开赛车 开的真好
你刚才开赛车 开的真好,还是脑子好
还是脑子好,是有天赋 我就不行
是有天赋 我就不行,我那跟舅舅学的
我那跟舅舅学的,熟能生巧
熟能生巧,我觉得你也别硬学那东西
我觉得你也别硬学那东西,我就是坐办公室坐惯了
我就是坐办公室坐惯了,出来运动活动活动筋骨
出来运动活动活动筋骨,我本来是要学卡丁车的
我本来是要学卡丁车的,但是不行 你舅舅让我来先练练卡丁车
但是不行 你舅舅让我来先练练卡丁车,我跟你说 我还带你妈去跑过一回
我跟你说 我还带你妈去跑过一回,我妈
我妈,他开的太快了
他开的太快了,你舅舅说 她跟你一样有天赋
你舅舅说 她跟你一样有天赋,我妈还有这本事
我妈还有这本事,可猛
可猛,比我开得好
比我开得好,我也不错
我也不错,我开那个车呀
我开那个车呀,咯噔的
咯噔的,你舅舅说我那叫龟派车手
你舅舅说我那叫龟派车手,挺好的
挺好的,龟派 是不是第一个弯那块过不去
龟派 是不是第一个弯那块过不去,过不去
过不去,对
对,踩点刹车 很容易的
踩点刹车 很容易的,是吗 我就不服了
是吗 我就不服了,你开车有天赋
你开车有天赋,按理说你是我儿子
按理说你是我儿子,你应该遗传到我的基因
你应该遗传到我的基因,我开的应该不错
我开的应该不错,所以我就在模拟的上面来
所以我就在模拟的上面来,那就是一游戏机跟真车比还差得远
那就是一游戏机跟真车比还差得远,对
对,我也练赛车，我要赶上你和你妈
我也练赛车，我要赶上你和你妈,和你妈的速度才行
和你妈的速度才行,就爱吃这个
就爱吃这个,来
来,爸我来
爸我来,挺难弄的
挺难弄的,多吃点
多吃点,多撕点
多撕点,够了 够了
够了 够了,现在还不会断了
现在还不会断了,多吃点
多吃点,爸你也吃点
爸你也吃点,藕断丝连 
藕断丝连 ,闺女啊 今天讲的太好了
闺女啊 今天讲的太好了,太棒了
太棒了,老爸都哭了
老爸都哭了,真的
真的,你老妈也哭了
你老妈也哭了,老爸太高兴了
老爸太高兴了,你看看现在老爸这眼睛还湿润着
你看看现在老爸这眼睛还湿润着,谢谢老爸夸奖
谢谢老爸夸奖,不过
不过,算了不说了
算了不说了,反正我妈肯定不会再让我去了
反正我妈肯定不会再让我去了,我想跟你说这事
我想跟你说这事,我也不想让你再去了
我也不想让你再去了,老爸
老爸,你怎么这么快就被我妈给策反了
你怎么这么快就被我妈给策反了,还过来游说我
还过来游说我,我还能被你妈策反了
我还能被你妈策反了,老爸永远站在你这头
老爸永远站在你这头,我支持你所有的爱好
我支持你所有的爱好,不过话又说回来了
不过话又说回来了,你现在高三了
你现在高三了,老爸也不想让你在学习上分心
老爸也不想让你在学习上分心,第一
第一,消耗你太多的体力
消耗你太多的体力,第二
第二,你妈也不是说什么都是错的
你妈也不是说什么都是错的,他也是为你好
他也是为你好,你不要什么事都跟他对着干
你不要什么事都跟他对着干,你等你高考结束了
你等你高考结束了,到那个时候你老妈要再反对什么
到那个时候你老妈要再反对什么,我第一个跟他翻脸
我第一个跟他翻脸,好不好
好不好,我本来也已经答应我妈了
我本来也已经答应我妈了,我现在也答应您
我现在也答应您,反正这次我得逞的心满意足
反正这次我得逞的心满意足,没有问题
没有问题,榴莲煲鸡
榴莲煲鸡,这股熟悉的屎味
这股熟悉的屎味,什么屎味
什么屎味,苍蝇才爱屎呢 让开点
苍蝇才爱屎呢 让开点,你说你还金牌教师 说话就不能文明点
你说你还金牌教师 说话就不能文明点,谁先说的 谁不文明
谁先说的 谁不文明,乔卫东 别得寸进尺
乔卫东 别得寸进尺,让你进屋你还得谢谢我
让你进屋你还得谢谢我,你该谢谢我
你该谢谢我,今天要不是我来
今天要不是我来,你跟咱闺女当街就翻了
你跟咱闺女当街就翻了,你信不信
你信不信,好像你多了解我跟咱闺女的关系似的
好像你多了解我跟咱闺女的关系似的,当然
当然,聊完了
聊完了,还不赶快走
还不赶快走,你急什么 我还没跟你说
你急什么 我还没跟你说,我跟咱闺女聊的结果
我跟咱闺女聊的结果,什么结果 说
什么结果 说,结果就是咱闺女答应了
结果就是咱闺女答应了,在高考之前再也不去天文馆了
在高考之前再也不去天文馆了,真的
真的,他本来就应该答应
他本来就应该答应,就跟她说这个
就跟她说这个,而且我还跟他说
而且我还跟他说,妈妈说的是对的
妈妈说的是对的,高三就这么一次
高三就这么一次,不能自己累了半天还给自己留遗憾
不能自己累了半天还给自己留遗憾,都听进去了
都听进去了,你先坐
你先坐,坐哪儿
坐哪儿,坐这儿
坐这儿,干嘛
干嘛,让你坐就坐
让你坐就坐,怎么着
怎么着,这给我的
这给我的,喝完赶紧走
喝完赶紧走,哟什么
怎么突然之间180度大转弯,离180度大转弯还有很长的路
离180度大转弯还有很长的路,不过刚刚确实拐了一个小弯
不过刚刚确实拐了一个小弯,去车场了解杨杨的喜好
去车场了解杨杨的喜好,这一招确实很有效果
你们都干什么了,没干什么
没干什么,我们就是随便吃了一顿饭
我们就是随便吃了一顿饭,披萨
看来能看到点希望了,当然了 也不能让你一个人使劲
当然了 也不能让你一个人使劲,我当爸爸的也应该做出改变
我当爸爸的也应该做出改变,毕竟儿子的心结在我这儿
毕竟儿子的心结在我这儿,吃顿饭就挺好的
吃顿饭就挺好的,不着急 慢慢来
咱俩一块努力,对了
对了,我起了一个网名
我起了一个网名,网名你起网名干嘛
网名你起网名干嘛,以后你就叫我victor
行 victor 去拿碗拿筷子 陪我再吃点,Yes
Yes,杨杨 起来了
杨杨 起来了,爸 早
爸 早,鸡没吵你吧
鸡没吵你吧,你看这大早上起来又玩手机
你看这大早上起来又玩手机,过两天就立冬了
过两天就立冬了,刚才我出去了一下挺凉的
刚才我出去了一下挺凉的,对了
对了,你那秋裤
你那秋裤,我从来不穿秋裤
我从来不穿秋裤,你从来都不穿秋裤
你从来都不穿秋裤,怎么能不穿秋裤呢
怎么能不穿秋裤呢,不穿
不穿,我都穿了很长时间了
我都穿了很长时间了,今天还要加副护膝
今天还要加副护膝,你别觉得你年轻身体好就可劲的造
你别觉得你年轻身体好就可劲的造,你不穿秋裤腿冻坏了
你不穿秋裤腿冻坏了,等你老了有罪受的
等你老了有罪受的,不是 你这个舅舅也是 怎么 怎么不让你穿秋裤呢
不是 你这个舅舅也是 怎么 怎么不让你穿秋裤呢,我真不穿 秋裤多土
我真不穿 秋裤多土,我要风度
我要风度,不要温度
不要温度,还要风度
还要风度,你风度给谁看
你风度给谁看,自己穿暖和了最重要
自己穿暖和了最重要,你老了腿冻坏了
你老了腿冻坏了,坐轮椅上
坐轮椅上,你风度给谁看
你风度给谁看,等着 给你找一条去
等着 给你找一条去,爸 我不穿
爸 我不穿,别找了
别找了,他们都走了
刚走了,你今天不是去面试吗
你今天不是去面试吗,去不去
不去了不用面试,怎么了
去趟人事那,这就算正式通知你了
让我去到财务 估计去领那遣散费去,没事啊
没事啊,旧的不去新的不来
旧的不去新的不来,正好 我刚给你干洗的西装
没必要吧,有必要 你要穿得体体面面地去
有必要 你要穿得体体面面地去,你要让他们觉着就算他们不用你 你一样能混得非常好
你要让他们觉着就算他们不用你 你一样能混得非常好,明白吗
你不让人笑话吗,不是 方圆 谁敢笑话你
不是 方圆 谁敢笑话你,谁敢 你是公司的开国元老
谁敢 你是公司的开国元老,说难听点
说难听点,这公司要没有你都成立不了
这公司要没有你都成立不了,不要怕
不要怕,他不穿秋裤
他不穿秋裤,你也不管管
杨杨从小就没这个习惯,还好意思提刘铮 杨杨这些毛病都是刘铮惯的
还好意思提刘铮 杨杨这些毛病都是刘铮惯的,还有你爸妈
那你倒是管呀,你什么意思
你什么意思,我能穿秋裤去上班
我能穿秋裤去上班,他就不能穿秋裤去上学吗
你这是胡搅蛮缠,不是
不是,谁胡搅蛮缠了
谁胡搅蛮缠了,时代变了 就不得老寒腿了
时代变了 就不得老寒腿了,如人饮水
如人饮水,冷暖自知
冷暖自知,我就喜欢穿秋裤
女式的 怎么样,不胡闹吗
不胡闹吗,我觉得也是杨杨过得太奢侈了
我觉得也是杨杨过得太奢侈了,什么要有什么 都是刘铮惯的
你不能对他强迫教育知道吗,我 
要不然我送完了你又该吃大了,北京的交通真是个大问题
要不然以后你叫专车的,这也是个办法
我想穿个随便点的 舒服点的,行 爱穿什么穿什么 都随你
行 爱穿什么穿什么 都随你,你高兴就好
我不想穿西装怎么了,我什么时候话里有话
我什么时候话里有话,我说都依你 你爱穿什么穿什么
让你觉得没面子是吧,方圆 跟我有什么关系啊
方圆 跟我有什么关系啊,是你穿着衣服去见人
是你穿着衣服去见人,不是我
不是我,行 我不跟你掰扯这些 好吧
行 我不跟你掰扯这些 好吧,你就这样 保持自我 无所谓
你就这样 保持自我 无所谓,对 方一凡就跟你一个德行
对 方一凡就跟你一个德行,真是
我不说 我不说了,我说一句你有10句等着我
我说一句你有10句等着我,我什么都不说了好吧
你说我 我觉得不舒服,行 不想穿就不穿 好吧
行 不想穿就不穿 好吧,都依你
我就说了一句说我不想穿,方圆 咱们俩的事儿是咱们俩的事儿
方圆 咱们俩的事儿是咱们俩的事儿,你又提磊磊干嘛 什么意思
你又提磊磊干嘛 什么意思,我们俩的事我们俩解决
我们俩的事我们俩解决,不要老扯着家人 好不好
方一凡不是我家人,好
好,我说不过你
我说不过你,你爱穿什么穿什么
你还少骗我了你,英子
英子,假给你请好了
假给你请好了,谢谢爸
谢谢爸,英子
英子,爸问你个事
爸问你个事,爸不是怕穿帮啊
爸不是怕穿帮啊,李老师知道
李老师知道,这事 爸也不怕
这事 爸也不怕,爸就是想问你一个什么事呢
爸就是想问你一个什么事呢,你看咱总这么旷课
你看咱总这么旷课,你这学习跟得上吗
你这学习跟得上吗,爸你又不是不了解我
爸你又不是不了解我,这旷的课我都会 再说了
这旷的课我都会 再说了,有这时间我还不如自己先往下看
有这时间我还不如自己先往下看,那行
那行,行
行,有你这话爸就放心了
有你这话爸就放心了,你自己把握
你自己把握,好的
好的,爸 你干什么呢
爸 你干什么呢,没事
没事,我看一眼股票
我看一眼股票,来你喝点水
来你喝点水,我不喝了不用了
我不喝了不用了,我就想跟您说我得赶紧走了
我就想跟您说我得赶紧走了,我还得趁第二节体育课混进去
我还得趁第二节体育课混进去,你等会 你不会弄假成真
你等会 你不会弄假成真,你真感冒了吧
你真感冒了吧,估计是我妈正念叨我
估计是我妈正念叨我,你等着
你等着,吃片药再走
吃片药再走,不用
不用,爸 真没生病
爸 真没生病,再说了 我这吃了
再说了 我这吃了,到时候犯困怎么上课
到时候犯困怎么上课,我把药 给你贴在杯子上
我把药 给你贴在杯子上,你把水杯也带上
你把水杯也带上,要觉得不舒服了就把药吃了
要觉得不舒服了就把药吃了,好吧
好吧,谢谢老爸
谢谢老爸,我走了
我走了,我送你
我送你,没事
没事,您真不用送我了
您真不用送我了,爸 你真
爸 你真,不用送了
不用送了,我就没想明白
我就没想明白,为什么体育课呢
为什么体育课呢,你就好混进去
你就好混进去,体育课人多
体育课人多,大家跟那活动 谁会注意到我
手好痛,你今儿怎么过来了
不会是躲着我吧,躲什么你 孩子上学都迟到了
躲什么你 孩子上学都迟到了,上午还是我给打电话告诉老师晚去一会
上午还是我给打电话告诉老师晚去一会,再说了你也不是鬼 躲你干嘛
有些人躲我 躲的连家都不敢回了,什么某些人
什么某些人,谁是某些人
天天在这破小区里呆着,这怎么能是破小区呢
这怎么能是破小区呢,这是我曾经战斗和生活过的地方
这是我曾经战斗和生活过的地方,我人生的第一桶金
我人生的第一桶金,就是在这房子开始 这是我的餐厅
就是在这房子开始 这是我的餐厅,也是当年的我的办公室
也是当年的我的办公室,这是客厅
这是客厅,也是当年我的会议室
也是当年我的会议室,这间房子就是英子三岁的时候
这间房子就是英子三岁的时候,我在这个房子里发现了毒誓
我在这个房子里发现了毒誓,我一定要发家致富
我一定要发家致富,知道我为什么离婚
知道我为什么离婚,什么都没要
什么都没要,就要了这个房子吗
为什么,因为这个房子是我的发祥地
因为这个房子是我的发祥地,这个房子是我梦想成真的地方
这个房子是我梦想成真的地方,所以这个房子对我非常的神圣和重要
所以这个房子对我非常的神圣和重要,你要收回刚才对这个房子的侮辱
你要收回刚才对这个房子的侮辱,并且向我道歉
更要保佑我们以后的宝宝可以平安富足,什么宝宝
你说呢,英子
英子,英子
英子,妈
妈,真是您 我刚过来怎么没认出来
真是您 我刚过来怎么没认出来,怎么从学校跑回来了
怎么从学校跑回来了,我回来拿感冒药
我回来拿感冒药,刚刚没拿
刚刚没拿,不舒服
不舒服,就有点浑身发冷
就有点浑身发冷,发冷啊
发冷啊,没发烧
没发烧,没有
没有,没事 真没事儿
没事 真没事儿,这高三上课挺重要的
这高三上课挺重要的,我是趁体育课回来拿的
我是趁体育课回来拿的,我拿完我就赶紧走
我拿完我就赶紧走,你看让你吃药
你看让你吃药,真不用啊
真不用啊,您不是要上课吗
您不是要上课吗,别迟到了
别迟到了,你赶紧走吧
你赶紧走吧,那你怎么还背着包出来的
那你怎么还背着包出来的,我背着点暖和
我背着点暖和,我又不好意思管同学借外套
我又不好意思管同学借外套,一会儿加件衣服
一会儿加件衣服,赶快去吧
赶快去吧,您放心
您放心,你别耽误太久
你别耽误太久,您放心
您放心,什么时候的事
什么时候的事,咱不是有安全措施吗
咱不是有安全措施吗,真的假的
看把你吓得,我去
怎么那么怀孕,现在不是特殊情况吗 是吧
现在不是特殊情况吗 是吧,英子高三了
英子高三了,英子 这不是高考了
英子 这不是高考了,孩子紧张
孩子紧张,我在这想让他放松
我还可以学习一下怎么照顾咱们以后的宝宝,你现在学习有点早
你现在学习有点早,咱现在也没宝宝
咱现在也没宝宝,是吧
是吧,你看你搬来了以后
你看你搬来了以后,咱们俩每天亲亲你侬我侬
咱们俩每天亲亲你侬我侬,英子18了
英子18了,英子每天看见我们这 要高考了
英子每天看见我们这 要高考了,这天天脑子想男女之事
这天天脑子想男女之事,对孩子不好
对孩子不好,影响不好
你什么时候对我卿卿我我 你侬我侬了,卿卿我我吗 这不就卿卿我我吗
卿卿我我吗 这不就卿卿我我吗,你瞧 我一回头英子在呢
你瞧 我一回头英子在呢,不好
不好,我这心里也就天天也不好
你看我这有疹子吗,没有
没有,怎么回事呢
你看没事了,就是这个药有疗效
就是这个药有疗效,但是你不能掉以轻心
但是你不能掉以轻心,这甲醛味是慢慢散出来的
这甲醛味是慢慢散出来的,你刚来几分钟
你刚来几分钟,说不定一会儿又过敏了
说不定一会儿又过敏了,又起疹子了
我带上他,我不戴 我百毒不侵了
我不戴 我百毒不侵了,我不用
对不对,对
对,我没事你走吧
你想一个人待着 是吧,我就想一个人静静
合着是一菜,天妇罗 这一听这名 这也得是4张以上的
天妇罗 这一听这名 这也得是4张以上的,慢点喝
慢点喝,要不一会就醉了
醉了省想那些破事,工作啊
你最喜欢谁,张敏
赵敏吧,张敏
张敏,演员
我是说你最喜欢哪个剧中人,你怎么样
你怎么样,这老师教的真
这老师教的真,挺好的
挺好的,挺仔细的
挺仔细的,长得也挺好看的
长得也挺好看的,以后
以后,要不然咱就上他的课
要不然咱就上他的课,对我也是一看他挺有眼缘的
对我也是一看他挺有眼缘的,所以我看了一下这馆里其他老师的课
所以我看了一下这馆里其他老师的课,我觉得他的课最好
我觉得他的课最好,咱以后就上她的
咱以后就上她的,可以 就上他的呗
可以 就上他的呗,必须坚持
必须坚持,我得把公司受的那些气 全都
我得把公司受的那些气 全都,出来
出来,你就让小金这么骑在你头上
你就让小金这么骑在你头上,你忍得了 没想着去什么换换地方
你忍得了 没想着去什么换换地方,我怎么换
我怎么换,现在方圆这个情况 都失业俩月了
现在方圆这个情况 都失业俩月了,我都不敢动
我都不敢动,我随便一动的话
我随便一动的话,好家伙 万一一动不好的话全家喝西北风去了
好家伙 万一一动不好的话全家喝西北风去了,不至于
不至于,方圆
方圆,我觉得你大可不必这样
我觉得你大可不必这样,你就跟我比
你就跟我比,我以前什么情况你又不是不了解
我以前什么情况你又不是不了解,做什么赔什么
做什么赔什么,你这不算跌跟头
你这不算跌跟头,我说一句不好听的
我说一句不好听的,你就是跌跟头跌少了
你就是跌跟头跌少了,再多跌几个跟头就好了
我跌跟你跌是一回事吗,怎么还拼爹
不就希望我挥刀自宫变成岳不群吗,就为这么小的事儿
就为这么小的事儿,那么点小事你们也能吵得起来
那么点小事你们也能吵得起来,方圆你看他平时好像挺乐观的
方圆你看他平时好像挺乐观的,遇到点小事大事的都不过心
遇到点小事大事的都不过心,可是这一次我觉得
可是这一次我觉得,可能是对他打击比较大
可能是对他打击比较大,所以也怪我 我也是脾气不太好
所以也怪我 我也是脾气不太好,你现在也是压力大
你现在也是压力大,所以脾气不好
所以脾气不好,方圆肯定也是压力挺大的
方圆肯定也是压力挺大的,这不是才两个月
这不是才两个月,你再让他适应你知道吗
你再让他适应你知道吗,当年乔卫东
当年乔卫东,多少年都起不来
多少年都起不来,后来不是也做大了
后来不是也做大了,他做大也跟我没什么关系
他做大也跟我没什么关系,也没享着他什么福
也没享着他什么福,你拉倒
你拉倒,你都有英子
你都有英子,你还想怎么滴
你还想怎么滴,知足
知足,我也不是站着说话
我也不是站着说话,不腰疼
不腰疼,我就是想让你放宽心
我就是想让你放宽心,别想了
别想了,有什么事不还有我老乔的吗
有什么事不还有我老乔的吗,你这样我把咱们每周一歌的档次再提一提
你这样我把咱们每周一歌的档次再提一提,以后每一次人均消费1000怎么样
但是消费咱还是低消费 你把那钱直接给我就行了,转成现金
苍天笑 纷纷世上潮,方圆
方圆,怎么睡这了
我怎么睡楼 楼道里了,冷不冷
睡这儿了,怎么回事
怎么回事,喝酒了
我今天喝 喝一点,我错了
我错了,我早上不该跟你急 是我不好
我早上不该跟你急 是我不好,是我不好
是我不好,你现在非常时期
你现在非常时期,我应该让着你
为什么非常时期,我太没有耐心了
我太没有耐心了,我不该跟你较劲
我不该跟你较劲,我错了
我醒了 好多了,跟谁喝的
还能跟谁 乔卫东,我给你冲点蜂蜜水好不好
我给你冲点蜂蜜水好不好,不难受啊
不难受啊,怎么了
怎么了,怎么了
怎么了,有我呢 不怕
有我呢 不怕,听到没有
我说今天 金庸死了,我知道 看到新闻了
成了岳不群了,你不是岳不群
你不是岳不群,你怎么会是岳不群呢
你怎么会是岳不群呢,你要是岳不群 方一帆从哪来的
我这两个才到刚刚变成岳不群的,刚刚变成岳不群的 是不是
我怎么我这事也不知道我怎么就这么倒霉,不倒霉
不倒霉,不是
不是,我们都过得去的
切一刀多疼啊,方圆 不哭了
方圆 不哭了,不难过了啊
不难过了啊,不难过
不难过,不怕 有我呢
不怕 有我呢,好不好
好不好,不难受了
不难受了,走 起来 坐起来
谁的皮鞋啊,放下
放下,先空腹把这吃了
先空腹把这吃了,这什么玩意
这什么玩意,海参
海参,妈妈知道你最近辛苦
妈妈知道你最近辛苦,马上就要期中考试了
马上就要期中考试了,特意让人从外地带回来给你补补的
特意让人从外地带回来给你补补的,我跟你讲这可是好东西
我跟你讲这可是好东西,人家说了冬天 每天空腹吃一个一年都不会感冒
人家说了冬天 每天空腹吃一个一年都不会感冒,这谁大早上吃这个 我不吃
这谁大早上吃这个 我不吃,吃这个怎么了
吃这个怎么了,这营养价值可高了
这营养价值可高了,尤其生吃
尤其生吃,我跟你讲英子咱现在可高三了
我跟你讲英子咱现在可高三了,再也不能生病了
再也不能生病了,妈妈都想好了
妈妈都想好了,这一年什么都不干
这一年什么都不干,就围着你转
就围着你转,你给我争点气不能生病
你给我争点气不能生病,来 吃了它
来 吃了它,我这不是没病吗
我这不是没病吗,我这好好的
我这好好的,你昨天不是还不舒服来着
你昨天不是还不舒服来着,那是昨天 我现在好了
那是昨天 我现在好了,预防不是更重要
预防不是更重要,我跟你讲海参不仅营养价值高
我跟你讲海参不仅营养价值高,而且还提高记忆力
而且还提高记忆力,你想想你吃1个海参多记20个英语单词
你想想你吃1个海参多记20个英语单词,是不是很值得
是不是很值得,我到时候
我到时候,再吐在教室里
再吐在教室里,今天周末去学校干什么
今天周末去学校干什么,妈妈专门给你准备了两套物理卷子
妈妈专门给你准备了两套物理卷子,你现在在做一些基础的没用了 知道吗
你现在在做一些基础的没用了 知道吗,得给你来点进阶的
得给你来点进阶的,做啥卷子
做啥卷子,今天学校早上有高分作文讲座
今天学校早上有高分作文讲座,我必须得去
我必须得去,老师要求的
老师要求的,先去 回来再做卷子
先去 回来再做卷子,我先走了
我先走了,回来 还没吃 你把饭
回来 还没吃 你把饭,给我吃了
给我吃了,我真的吃不下去太恶心
我真的吃不下去太恶心,还生的
还生的,生的营养才好
生的营养才好,又没让你自己吃
又没让你自己吃,妈妈这不也陪你吗
妈妈这不也陪你吗,你陪我我也吃不下去
你陪我我也吃不下去,我跟你说英子
我跟你说英子,这个时候你可别掉链子
这个时候你可别掉链子,咱们都得备战到底
咱们都得备战到底,听见没有
听见没有,快吃
快吃,我知道了
我知道了,等着
等着,对了
对了,今天早上方一凡问我了
今天早上方一凡问我了,说爸爸怎么喝这么多酒
说爸爸怎么喝这么多酒,出什么事了
出什么事了,你说要不然咱们俩就别瞒着孩子了
你说要不然咱们俩就别瞒着孩子了,就跟他们说实话
不成千万别说,这跟你有什么关系
这跟你有什么关系,是你们公司不厚道
是你们公司不厚道,是你们公司做错了事
是你们公司做错了事,跟你没关系好不好
千万别说,你打算瞒他们瞒多久
能瞒一天是一天,瞒一天是一天
瞒一天是一天,你想的美 你告诉我怎么瞒
有什么不能瞒的,这么冷的天
这么冷的天,你告诉我你上哪溜达去
你告诉我你上哪溜达去,马路上溜达去
旁边还有人跟你陪躺多好,我们能不要这么没有素质吗
我们能不要这么没有素质吗,闺女来
闺女来,我说 闺女
我说 闺女,你这是不是最近来的太频繁了
你这是不是最近来的太频繁了,你妈没发现吗
你妈没发现吗,没有
没有,我不说 您不说 谁能发现
我不说 您不说 谁能发现,放心吧
放心吧,这什么姿势这么大的姑娘了
这什么姿势这么大的姑娘了,你注意点
你注意点,爸您这儿有茶吗
爸您这儿有茶吗,大早上的喝什么茶
大早上的喝什么茶,大早上的我妈就逼我吃海参
大早上的我妈就逼我吃海参,我现在都快吐了
我现在都快吐了,这么早就吃这么硬的
这么早就吃这么硬的,你妈怎么给你做的
你妈怎么给你做的,是葱烧还是小米炖
是葱烧还是小米炖,黑漆麻乌的 生吞
黑漆麻乌的 生吞,生吞
生吞,生的怎么吃
生的怎么吃,哪得蘸点料
哪得蘸点料,你别提了
你别提了,这不蘸还好
这不蘸还好,他让我蘸芥末 辣的我眼泪都出来了
他让我蘸芥末 辣的我眼泪都出来了,行
行,爸给你倒点茶
爸给你倒点茶,你先喝点茶
你先喝点茶,你妈是好心
你妈是好心,生吃海参
生吃海参,补脑子
补脑子,对身体好
对身体好,他还给我带了燕窝
他还给我带了燕窝,我给你看
我给你看,这跟鼻涕似的
这跟鼻涕似的,我怎么吃
我怎么吃,我真的是我要疯了
我真的是我要疯了,您留着吃吧
您留着吃吧,先放着
先放着,回头你去学校吃
回头你去学校吃,燕窝也是好东西
燕窝也是好东西,来先喝点茶
来先喝点茶,慢点喝热着
慢点喝热着,跟我们老师请假了吗
跟我们老师请假了吗,没呢
没呢,英子我问你
英子我问你,这讲座你不去行吗
这讲座你不去行吗,行
行,这些范文我都背过了
这些范文我都背过了,再说了 这大周末的我可不想去上学
再说了 这大周末的我可不想去上学,周末能给你们开讲座
周末能给你们开讲座,学校请的一定是名师
学校请的一定是名师,你要不这样
你要不这样,爸爸送你去行不行
爸爸送你去行不行,爸
爸,你怎么变得跟我妈似的
你怎么变得跟我妈似的,这到底是不是我避难所
这到底是不是我避难所,你到底是不是跟我一头的
你到底是不是跟我一头的,我是跟你一头的
我是跟你一头的,我现在感觉咱俩共同犯错误
我现在感觉咱俩共同犯错误,您就帮我请这一回假
您就帮我请这一回假,不然李老师该怀疑了
不然李老师该怀疑了,英子我跟你说
英子我跟你说,你马上就期中考试了
你马上就期中考试了,期中考试以后
期中考试以后,你绝对不能再旷课再请假了
你绝对不能再旷课再请假了,知道吗
知道吗,我就第一节课不上
我就第一节课不上,耽误不了事
耽误不了事,你一节课也不行
你一节课也不行,爸爸这是你的避风港
爸爸这是你的避风港,但不是你旷课的避风港
但不是你旷课的避风港,你可以来
你可以来,爸爸这随时来
爸爸这随时来,但是必须下课了
但是必须下课了,来
来,知道吗
知道吗,好
好,我听您的 这以后我都不请假了
我听您的 这以后我都不请假了,爸
爸,你就给我请假
你就给我请假,不然李老师又该怀疑了
不然李老师又该怀疑了,行行
行行,我给你请 都冷了
我给你请 都冷了,您别
您别,说漏嘴了
说漏嘴了,我还说漏嘴
我还说漏嘴,你爸老游击队员了
这是我给英子带的水果,你怎么给他带水果
你怎么给他带水果,应该我们去看您是才对
对不对,算什么生病 基本上小不舒服
算什么生病 基本上小不舒服,不用
不用,不那么麻烦了
不那么麻烦了,来坐坐
好好,来请坐
好勒,让您跑一趟
让您跑一趟,不好意思
您别忙,您喝水
英子没回来,回来
回来,从哪回来
他爸今儿早上给我打电话说带英子去医院看病去了,是吗
而且这英子最近老是第一节课不来上,也都是他爸请的假
您不知道这事儿,我了解了
您是不是最近太忙了,是有点忙
让他好好听,今天讲座他根本没去是吧
我们这些老师可是对他寄予厚望的,谢谢老师们的关心
谢谢老师们的关心,他要真有什么问题
他要真有什么问题,肯定也是我当妈的疏忽了
肯定也是我当妈的疏忽了,抱歉
这个时候绝对不能让英子掉链子,谢谢
谢谢,都是我不好
都是我不好,真是麻烦您 让您跑一趟
都可以找我及时沟通,已经给你添麻烦了
没事,那不送了
好,妈 你是不是生气了
妈 你是不是生气了,你不是说你听讲座去了吗
你不是说你听讲座去了吗,你去你爸那多久了
你去你爸那多久了,你不上第一节早课多久了
你不上第一节早课多久了,两天
两天,两天
两天,三天
三天,我爸总共也没搬过来多少天
我爸总共也没搬过来多少天,我就不舒服的时候才去的
我就不舒服的时候才去的,你不舒服了
你不舒服了,你跟妈妈说你哪不舒服了
你跟妈妈说你哪不舒服了,哪不舒服
哪不舒服,不说是吧
不说是吧,走去医院
走去医院,妈
妈,我带你去医院
我带你去医院,我不 没 我没有
我不 没 我没有,我这知道错了
我这知道错了,你没有不舒服你骗我
你没有不舒服你骗我,你爸给你弄了一个秘密基地 可好玩了是吧
你爸给你弄了一个秘密基地 可好玩了是吧,不上学可好玩了吧
不上学可好玩了吧,你这么骗你妈可好玩了是吧
你这么骗你妈可好玩了是吧,我知道错了 妈
我知道错了 妈,你错了你错哪了
你错了你错哪了,我不该骗你
我不该骗你,我不该不去上学
我不该不去上学,你是不是对妈妈有意见
你是不是对妈妈有意见,有意见 说啊
有意见 说啊,太让我失望了
太让我失望了,妈妈是不是哪做的让你觉的不舒服了
妈妈是不是哪做的让你觉的不舒服了,是妈妈让你不舒服了
是妈妈让你不舒服了,对吧
对吧,你对妈妈再有意见
你对妈妈再有意见,也不是你逃课让你说谎的理由
也不是你逃课让你说谎的理由,你知道吗
你知道吗,我到处跟人说
我到处跟人说,我们家英子是好孩子
我们家英子是好孩子,是妈妈的骄傲
是妈妈的骄傲,你怎么能做出这种事
你怎么能做出这种事,你们李老师听说你生病了
你们李老师听说你生病了,还专门到家里来家访了
还专门到家里来家访了,你对得起你们老师吗
你对得起你们老师吗,你不说你对得起妈妈
你不说你对得起妈妈,你对得起你自己吗
你对得起你自己吗,我就是压力大
我就是压力大,妈妈压力不大呀
妈妈压力不大呀,你从小到大就妈妈一个人带你长大的
你从小到大就妈妈一个人带你长大的,我白天要上课
我白天要上课,晚上还要备课
晚上还要备课,我起早贪黑的给你买菜做饭
我起早贪黑的给你买菜做饭,照顾你的起居
照顾你的起居,我容易呀 我压力不大呀
我容易呀 我压力不大呀,你问问你爸他做过什么
你问问你爸他做过什么,你心里没数吗
你心里没数吗,他就是投其所好
他就是投其所好,你喜欢什么他就搞什么
你喜欢什么他就搞什么,他这是拖你后腿的
他这是拖你后腿的,到高考时考这些吗
到高考时考这些吗,妈我真的知道错了
妈我真的知道错了,妈
妈,我知道我错了
我知道我错了,我问你 那女的 你认识他多久了
我问你 那女的 你认识他多久了,小梦阿姨 妈 我跟小梦阿姨真的不熟的
小梦阿姨 妈 我跟小梦阿姨真的不熟的,一口一个小梦阿姨 叫的可真亲切
一口一个小梦阿姨 叫的可真亲切,我看见了 你们仨人在厨房里做饭是吧
我看见了 你们仨人在厨房里做饭是吧,跟一家三口似的亲亲热热的
跟一家三口似的亲亲热热的,我就奇怪了
我就奇怪了,我在厨房做饭的时候
我在厨房做饭的时候,你怎么不想着搭把手
你怎么不想着搭把手,你搭过手吗
你搭过手吗,你伸过一下手吗
你伸过一下手吗,吗
吗,我让你搭过手吗
我让你搭过手吗,我是老妈子是吧
我是老妈子是吧,你把我当傻子是吧
你把我当傻子是吧,一起合着蒙我
一起合着蒙我,妈 不是你想那样的
妈 不是你想那样的,那是哪样的
那是哪样的,如果不是今天我撞见了
如果不是今天我撞见了,你还打算瞒我
你还打算瞒我,我到什么时候
我到什么时候,天还没亮
天还没亮,我就爬起来跟蒸燕窝啊 我自己都没舍得喝一口
我就爬起来跟蒸燕窝啊 我自己都没舍得喝一口,好
好,你倒好 端给那个女的去喝
你倒好 端给那个女的去喝,不是我要给他
不是我要给他,是他自己要喝了
是他自己要喝了,我有什么办法
我有什么办法,他跟你要你就给
他跟你要你就给,那将来有一天他们结婚了
那将来有一天他们结婚了,他让你妈 你也叫吗
他让你妈 你也叫吗,不是
不是,她就是我爸女朋友
她就是我爸女朋友,我总共也没见过她几面
我总共也没见过她几面,我就觉得爸爸喜欢就行
我就觉得爸爸喜欢就行,我也就
我也就,没排斥
没排斥,你是不排斥
你是不排斥,我看你跟你爸一样喜欢他
我看你跟你爸一样喜欢他,哪天他们结婚了
哪天他们结婚了,你还打算献上你真挚的祝福是吧
你还打算献上你真挚的祝福是吧,是挺好的
是挺好的,又可以当后妈
又可以当后妈,又可以当闺蜜
又可以当闺蜜,还一举两
还一举两,得了
得了,你别说他们了
你别说他们了,成吗 这事跟小梦阿姨和我爸都没什么关系
成吗 这事跟小梦阿姨和我爸都没什么关系,是我的错
是我的错,你打我骂我都成
你打我骂我都成,你别说他们了行吗
你别说他们了行吗,我说他们两句怎么不行
我说他们两句怎么不行,他们带你去逃课
他们带你去逃课,我还不能说他们了
我还不能说他们了,那个小梦阿姨怎么就这么好
那个小梦阿姨怎么就这么好,怎么就那么招你喜欢
怎么就那么招你喜欢,你说他怎么就那么好
你说他怎么就那么好,没有
没有,什么没有
什么没有,妈 你别逼我了成吗
妈 你别逼我了成吗,我逼你什么了
我逼你什么了,他是不是样样都比你妈好多了
他是不是样样都比你妈好多了,你妈什么都不对
你妈什么都不对,对吧
对吧,对
对,我就是觉得她比你好 哪都比你好
我就是觉得她比你好 哪都比你好,我就是喜欢小梦阿姨 至少她不会逼我干我自己不喜欢干的事
我就是喜欢小梦阿姨 至少她不会逼我干我自己不喜欢干的事,我讨厌你
我讨厌你,我就是心里特别委屈
我就是心里特别委屈,我知道
我知道,你说我到底做错什么了
你说我到底做错什么了,让英子这么对我
让英子这么对我,她小 不懂事儿吗
她小 不懂事儿吗,他跟他爸联起手来一起瞒我
他跟他爸联起手来一起瞒我,逃学也就算了
逃学也就算了,她爸都搬过来快两个月了
她爸都搬过来快两个月了,把我像一个傻子一样骗得团团转
把我像一个傻子一样骗得团团转,想想就伤心
想想就伤心,说了一点
说了一点,这脸皮真厚
这脸皮真厚,什么事都跟别人说
什么事都跟别人说,好像挺光荣似的
好像挺光荣似的,你说
你说,我容易吗
我容易吗,一个人带着孩子
一个人带着孩子,不就是怕他营养不够
不就是怕他营养不够,从他高二那时候我就开始忙活
从他高二那时候我就开始忙活,就是怕他身体到了高三顶不住
就是怕他身体到了高三顶不住,整天想着给他炖点什么吃点什么好的能补上
整天想着给他炖点什么吃点什么好的能补上,为了她 我连春风中心的工作都给辞了
为了她 我连春风中心的工作都给辞了,去做个补习老师
去做个补习老师,就为了腾点时间照顾她
就为了腾点时间照顾她,他可倒好
他可倒好,她居然这么对我
她居然这么对我,倩儿 倩儿 她小孩
倩儿 倩儿 她小孩,人家如今一家三口合合美美的
人家如今一家三口合合美美的,一起来看我的笑话
一起来看我的笑话,你不能这么想
你不能这么想,你这么想是不对的
你这么想是不对的,他哪是一家三口
他哪是一家三口,那是你女儿和你前夫 你前夫的女朋友
那是你女儿和你前夫 你前夫的女朋友,怎么可能是一家三口
怎么可能是一家三口,你是没看见那画面
你是没看见那画面,人家和谐互动的 我倒像个局外人
人家和谐互动的 我倒像个局外人,你说我 我们家的情况你也知道
你说我 我们家的情况你也知道,这么多年一个 一个帮我一把的人都没有
这么多年一个 一个帮我一把的人都没有,我这忙里忙外的就是为了英子
我这忙里忙外的就是为了英子,我觉得这些年 我都快成个老妈子了
我觉得这些年 我都快成个老妈子了,跟在英子后头伺候他
跟在英子后头伺候他,乔卫东他要交女朋友我管不着
乔卫东他要交女朋友我管不着,那是他的事
那是他的事,跟我半毛钱关系都没有
跟我半毛钱关系都没有,可现在这倒好
可现在这倒好,完全是联起手来抢英子
完全是联起手来抢英子,这英子也真是胳膊肘外拐
这英子也真是胳膊肘外拐,白眼狼
白眼狼,你这么说英子就不对了
你这么说英子就不对了,我恰恰觉得英子挺懂事的
我恰恰觉得英子挺懂事的,他为什么对那小梦好
他为什么对那小梦好,为什么
为什么,那不是看在
那不是看在,乔卫东的面子
乔卫东的面子,否则他知道那小梦是谁
否则他知道那小梦是谁,而且你以为谁都跟你似的
而且你以为谁都跟你似的,愿意争着做18岁女儿的妈
愿意争着做18岁女儿的妈,现成一大闺女
现成一大闺女,他们多省心
他们多省心,对
对,乔卫东是挺不是玩意的
乔卫东是挺不是玩意的,对吧
对吧,挺孙子的
挺孙子的,也挺鸡贼的
也挺鸡贼的,对
对,还出轨
还出轨,这根本就是道德品质问题
这根本就是道德品质问题,是道德品质问题
是道德品质问题,可是怎么说乔卫东也是英子的亲爹
可是怎么说乔卫东也是英子的亲爹,打断骨头连着筋
打断骨头连着筋,乔卫东对英子多好
乔卫东对英子多好,咱都看在眼里
咱都看在眼里,我说了你别不高兴
我说了你别不高兴,我觉得这乔卫东对英子是太上心了
我觉得这乔卫东对英子是太上心了,不亚于你
不亚于你,我是说方式方法不同
我是说方式方法不同,但是这心我作为外人我都能感受得到
但是这心我作为外人我都能感受得到,那姑娘想要什么就给什么
那姑娘想要什么就给什么,那真是宠上天了
那真是宠上天了,你说老乔要是对英子不上心
你说老乔要是对英子不上心,他在外边给英子再生个弟弟
他在外边给英子再生个弟弟,啪他那财产一家一半
啪他那财产一家一半,你能拿他怎么着
你能拿他怎么着,这英子跟他爸好
这英子跟他爸好,人家亲身骨肉我也拦不住
人家亲身骨肉我也拦不住,对
对,可是我就是
可是我就是,你想我 辛辛苦苦一大早顿的燕窝
你想我 辛辛苦苦一大早顿的燕窝,我都没舍得喝一口
我都没舍得喝一口,英子就端去给那女人喝
英子就端去给那女人喝,我一想到那个画面我就受不了
我一想到那个画面我就受不了,我知道 宋倩 你别哭
我知道 宋倩 你别哭,英子那是小孩
英子那是小孩,他哪知道这东西贵还是便宜的
他哪知道这东西贵还是便宜的,你就不能怪他了
你就不能怪他了,他反正又不喜欢吃
他反正又不喜欢吃,他就搁那
他就搁那,你不要理她
你不要理她,那不要脸的小梦她要吃
那不要脸的小梦她要吃,那英子能怎么办
那英子能怎么办,是不是
是不是,好了
好了,你现在应该想的是为什么
你现在应该想的是为什么,英子这么多事瞒着你
英子这么多事瞒着你,为什么
为什么,方一帆好多事也瞒着我
方一帆好多事也瞒着我,你说为什么
你说为什么,怕讲实话了我们不同意
怕讲实话了我们不同意,怕我们不高兴
怕我们不高兴,我有那么凶
我有那么凶,我们在他们眼里就是母老虎
我们在他们眼里就是母老虎,还有一个你再另外这么想
还有一个你再另外这么想,孩子们是在乎我们
孩子们是在乎我们,他在乎我们
他在乎我们,怕我们生气才会撒谎的
怕我们生气才会撒谎的,他要不在乎咱们直接跟咱顶着了
他要不在乎咱们直接跟咱顶着了,他是怕我们伤心
他是怕我们伤心,这时候你得冷静得理智
这时候你得冷静得理智,你不能把英子逼急了
你不能把英子逼急了,真的逼得住到
真的逼得住到,乔伟东那去你怎么办
乔伟东那去你怎么办,还要不要高考了
要不再来一泡,不喝了
不喝了,这一个下午喝好几壶了
这一个下午喝好几壶了,灌一肚子水饱
好吧,咱俩能不能把灯打开
咱俩能不能把灯打开,这黑了咕咚的喝茶
这黑了咕咚的喝茶,搞得像大明宫词似的
跟个丧家之犬似的,英子和宋倩也不给我回微信
英子和宋倩也不给我回微信,这怎么回事这是
这事你放心,方圆 你凭良心说
方圆 你凭良心说,我这个人孙不孙子
你让我凭良心还是不凭良心,你凭良心说
凭良心我觉得你挺孙子的,那你不凭良心说
不凭良心我觉得你太孙子了,行了
行了,你就找机会就占我便宜
你就找机会就占我便宜,方圆 我承认 我乔卫东这人我做生意还是挺精的
方圆 我承认 我乔卫东这人我做生意还是挺精的,这么多年
这么多年,我确实是对不起宋倩
我确实是对不起宋倩,英子我也没怎么管
英子我也没怎么管,我对英子或多或少其实我内心是愧疚的
我对英子或多或少其实我内心是愧疚的,但你说作为父亲
但你说作为父亲,我这人还靠谱吧
你知道吗,我知道
我知道,可是孩子不开心
可是孩子不开心,孩子天天跟我抱怨
孩子天天跟我抱怨,你说孩子现在高三这个时候了
你说孩子现在高三这个时候了,万一有个三长两短
万一有个三长两短,你说孩子没了
你说孩子没了,我这么多年我忙活什么呢
我这么多年我忙活什么呢,跟分数比起来哪个重要
对不对,成
我看也得气炸了,这么多年宋倩做的事吧
这么多年宋倩做的事吧,对孩子的付出我都承认
对孩子的付出我都承认,但是宋倩的问题
但是宋倩的问题,就是宋倩什么话都直怼 命令孩子
就是宋倩什么话都直怼 命令孩子,你必须生吞海参
你必须生吞海参,你必须学习第一
你必须学习第一,你必须好好学
你必须好好学,不是 你说 这谁听着心里舒服
不是 你说 这谁听着心里舒服,你舒服吗
你舒服吗,我肯定是不舒服
我肯定是不舒服,我当年听着要舒服
我当年听着要舒服,我们俩也就不会离婚了
我们俩也就不会离婚了,离婚的家庭
离婚的家庭,孩子心里都脆弱
孩子心里都脆弱,英子懂事
英子懂事,很多时候他考虑到妈妈
很多时候他考虑到妈妈,他怕妈妈心里难过
他怕妈妈心里难过,孩子把事情都压在心底
孩子把事情都压在心底,你说我作为爸爸
你说我作为爸爸,我不去帮孩子吗
我不去帮孩子吗,我该怎么做
你也不应该跟宋老师生一个乔英子出来,孩子都这么大了
孩子都这么大了,你说这有什么用
我说的就是 有没有道理,行
行,等宋倩平静平静
等宋倩平静平静,然后找他谈谈
咱俩吃饭去吧,没心情
放松一下,他谢谢我
他谢谢我,他谢谢我
他谢谢我,这孩子真懂事了啊
这孩子真懂事了啊,知道跟咱们交流了
知道跟咱们交流了,你怎么关了呢
别看了别看了，别吵着他学习,难得不加班
难得不加班,大晚上都不知道做什么了
让杨杨自己在家好好做作业,别别 天太冷了 我不去
你的肚子越来越大,我这肚子怎么了
我这肚子怎么了,我自从参加工作就很少在外边吃饭
我自从参加工作就很少在外边吃饭,也很少在外边喝大酒
也很少在外边喝大酒,我积极响应了回家吃饭的号召
我积极响应了回家吃饭的号召,我很健康的
早晚你得三高,胡闹
胡闹,不是 我已经很注意了
不是 我已经很注意了,你说少让我喝酒
你说少让我喝酒,怕我长肚子
怕我长肚子,我很长时间都没喝了
我很长时间都没喝了,现在有时候想起来还挺馋的慌的
走走走,我不
跟我去遛弯,我和你妈散步去了
我和你妈散步去了,好 你们去吧
好 你们去吧,多穿点
多穿点,孩子知道关心咱们了
让你多穿点,好久都没陪你出来走走了
好久都没陪你出来走走了,是挺久没出来走走了
慢点 小白,小狗挺可爱的
挺可爱的,要不咱们也养一只
谁遛狗啊,我也就说一下
说不定还真需要一条狗来陪陪咱们呢,孩子长大了咱们就老了
孩子长大了咱们就老了,这是客观事实啊
这是客观事实啊,到那个时候咱们多出来转转走动走动
到那个时候咱们多出来转转走动走动,像今天一样
回来了,回来了
回来了,杨杨呢
明天他还期中考,对
对,是该早点睡
你没少喝,今天还真没多喝
今天还真没多喝,出门的时候
出门的时候,你不是让我注意肚子吗
你不是让我注意肚子吗,我们呀 喝完了
我们呀 喝完了,准备各回各家 路过健身器械那一片
准备各回各家 路过健身器械那一片,那不是有个篮球场吗
那不是有个篮球场吗,他们俩非嚷嚷说要打篮球
他们俩非嚷嚷说要打篮球,你说就我们仨 乔卫东都没打
你说就我们仨 乔卫东都没打,我跟方圆肚子一个比一个大
我跟方圆肚子一个比一个大,别说打篮球了
别说打篮球了,走两步都喘得很
不太好的 对身体,真的不行了
真的不行了,你看我这身汗 到现在还没落
你看我这身汗 到现在还没落,我估计我可真是三高了
我估计我可真是三高了,以后要多注意养生
以后要多注意养生,别等岁数大了积重难返是吧
你今年是不是还没体检了,下周抽个时间去做一个 忙的呀
下周抽个时间去做一个 忙的呀,连半天时间都腾不出来
别吵着杨杨了,对对对
对对对,你也早点睡了
真是有瘾,我不是没说完
我不是没说完,然后我就想着早点回来见你
然后我就想着早点回来见你,这样不耽误时间
这样不耽误时间,等会 把这信息发完
等会 把这信息发完,好
好,我跟你说
我跟你说,今天我跟宋倩去上瑜伽课了
今天我跟宋倩去上瑜伽课了,我俩跟小梦吵了一架
就不能换个老师,不说这事了
不说这事了,你今天怎么样
你今天怎么样,这工作找的 什么情况
我去我师弟那了,怎么说
他们那儿发展挺顺利的,是吗
是吗,什么意思呢
真是挺不错的,怎么样 那给你提供什么职务
所以这事跟我没啥关系,没戏
没戏,你刚刚说什么顺利
我还是算了,我今天早上就说过这个话
我今天早上就说过这个话,咱们跟80 90后没有什么竞争力
咱们跟80 90后没有什么竞争力,知道吧
不过我今天在那受挫之后回来 就采取了第二套方案 叫做红包雨,什么意思
4个群扔了800,他们反应激烈吗
秒没,怎么样有几个人给你介绍工作了
一个没有,800块钱打水漂了
是不是 一个月也能万8000的,我不同意
我不同意,我坚决不同意
我坚决不同意,为什么要开车
司机 也不对,我不是歧视人
我不是歧视人,司机 我是歧视你
司机 我是歧视你,你这点骨气没有
你这点骨气没有,咱们政法大学毕业 准总监 是吧
咱们政法大学毕业 准总监 是吧,10年寒窗
10年寒窗,你去开车
你去开车,对得起你曾经的理想吗
对得起你曾经的理想吗,不可以 不同意
不可以 不同意,坚决不同意
坚决不同意,我知道找工作找急了 不急
我知道找工作找急了 不急,刚开始 不许急
刚开始 不许急,听到没有
好像我们那部门就我走,我觉得
我觉得,方圆
方圆,如果
如果,如果是这样的话
如果是这样的话,我觉得
我觉得,跟你的能力没有关系
跟你的能力没有关系,可能恰恰是因为你的能力好
可能恰恰是因为你的能力好,他们才嫉妒把你给弄走了
他们才嫉妒把你给弄走了,很有这种可能
你是这么理解的是吗,你知道吗
你知道吗,就刚刚你在说这段人脉的时候
就刚刚你在说这段人脉的时候,我特别崇拜你
我就这样,对
对,我想我老公 明明一个失业的
我想我老公 明明一个失业的,在家的一家庭煮夫
在家的一家庭煮夫,说起人脉来说的一套一套的 非常有创意
说起人脉来说的一套一套的 非常有创意,你让我又重新了解了这个词
你让我又重新了解了这个词,可是他这么能够讲道理
可是他这么能够讲道理,为什么还失业呢
为什么还失业呢,我就在琢磨我到底喜欢他什么 是什么吸引了我
而且我这人乐观向上,所以你不用担心
所以你不用担心,不着急
不着急,着急什么
受人尊重,你就想多了
今天我这800块钱你是不是给我报了,现在就报啊
要不我钱包里一点零钱都没有了,那你亲我一下
那你亲我一下,多少钱
麻烦你了拜托了,书记你怎么来了
刚开完会啊,上午专项小组来了
上午专项小组来了,下午碰个头开个会
好,对
对,喝杯水
我说两句就走,好好
好好,您看您忙的
工作生活还适应吗,谢谢书记关心
谢谢书记关心,已经适应了
已经适应了,对了
对了,我正在写总结报告
我正在写总结报告,准备跟您汇报一下自己的工作
你是不是有一个上高中的儿子,对
对,18岁了
这是你儿子吧,对
对,是我儿子
你认识他,认识
这件事你知道吗,书记我真不知道
法拉利,书记我先说明一下
书记我先说明一下,首先法拉利不是我们家杨杨的
首先法拉利不是我们家杨杨的,而且我也没给我儿子买过什么车
而且我也没给我儿子买过什么车,不过 书记请您放心
不过 书记请您放心,这个图的事我会了解一下
这个图的事我会了解一下,然后给您做个汇报
你得多操心,书记您放心
书记您放心,我一定会妥善处理的
你忙着 我先走了,书记
你坐,书记慢走
你是不是去了,我去了
老师怎么说的,老师说打架不重要
老师说打架不重要,重要是蹲班的事儿
你说这方一凡是不是闲的 他气死我了 真是,你也不能怪凡凡
你也不能怪凡凡,他季胜利
他季胜利,如果自己没有法拉利
如果自己没有法拉利,他怕什么
他怕什么,他不怕人说 你说去 我也没有
谁看辟谣的都看传谣的,不是
不是,你季胜利没有法拉利
你季胜利没有法拉利,你干嘛允许自己儿子开着法拉利到处招摇
你干嘛允许自己儿子开着法拉利到处招摇,你不是没事找事吗
把这事给了了,不能随便写检查
不能随便写检查,你自己动动脑子
你自己动动脑子,这检查到时候他说了要入档的 入档案的 那方一帆还怎么参加高考
这检查到时候他说了要入档的 入档案的 那方一帆还怎么参加高考,这档案是要一辈子跟着的
这你赶紧让方一凡写了,好好的 平白无故落个检查
好好的 平白无故落个检查,还有万一他们家要真有法拉利对不对
生怕别人不知道他是贪官啊,可是明天要考试
可是明天要考试,你让他写检查
你让他写检查,方一凡哪有时间写检查
谁让他写检查了,什么没让他写检查
什么没让他写检查,你脑子坏了
你脑子坏了,你刚刚自己答应季胜利的写检查的
这不是我强项吗,赶紧写检查去
赶紧写检查去,你干嘛
你干嘛,你先停一下
你先停一下,表情包的事儿我跟你说一下
表情包的事儿我跟你说一下,怎么还没完了
怎么还没完了,刚才不是都说清楚了吗
刚才不是都说清楚了吗,我明天考英语
我明天考英语,我得复习
我得复习,能不能明天再说
能不能明天再说,不能明天说
不能明天说,明天必须解决
明天必须解决,复习先放一放
复习先放一放,不耽误这会儿
不耽误这会儿,行
行,我听着
我听着,你说
你说,杨杨你不是孩子了
杨杨你不是孩子了,遇到这种事情一定要严肃对待
遇到这种事情一定要严肃对待,表情包的事情不是闹着玩的
表情包的事情不是闹着玩的,你要有敏感性
你要有敏感性,明天我和你妈去学校
明天我和你妈去学校,方一凡的爸爸妈妈也会去学校的
方一凡的爸爸妈妈也会去学校的,我们当着老师的面把这个事情正式处理了
我们当着老师的面把这个事情正式处理了,怎么说着说着就跑老师那去了
怎么说着说着就跑老师那去了,您不会还要请校长
您不会还要请校长,干吗
干吗,你先停一下
你先停一下,表情包的事儿我跟你说一下
表情包的事儿我跟你说一下,怎么还没完了
怎么还没完了,刚才不是都说清楚了吗
刚才不是都说清楚了吗,我明天考英语
我明天考英语,我得复习
我得复习,能不能明天再说
能不能明天再说,不能明天说
不能明天说,明天必须解决
明天必须解决,复习先放一放
复习先放一放,不耽误这一会
不耽误这一会,行
行,我听着
我听着,你说
你说,杨杨 你不是孩子了
杨杨 你不是孩子了,遇到这种事情一定要严肃对待
遇到这种事情一定要严肃对待,表情包的事情不是闹着玩的
表情包的事情不是闹着玩的,你要有敏感性
你要有敏感性,明天我和你妈去学校
明天我和你妈去学校,方一凡的爸爸妈妈也会去学校的
方一凡的爸爸妈妈也会去学校的,我们当着老师的面把这个事情正式处理了
我们当着老师的面把这个事情正式处理了,怎么说着说着就跑老师那去了
怎么说着说着就跑老师那去了,您不会还要请校长
您不会还要请校长,你说对了
你说对了,就是要请校长主持会议
就是要请校长主持会议,我不去 你跟我妈去吧
我不去 你跟我妈去吧,我跟校长可不熟
我跟校长可不熟,胡闹
胡闹,你惹的祸你不去谁去
你惹的祸你不去谁去,你必须去 
你必须去 ,爸
爸,您说话可真有意思
您说话可真有意思,表情包是方一凡做的 惹事的
表情包是方一凡做的 惹事的,明明是他 怎么成我了呢
明明是他 怎么成我了呢,你让他去道歉行吗
你让他去道歉行吗,别带上我
别带上我,看来你还是没有认清你自己的错误
看来你还是没有认清你自己的错误,合着我之前跟你说的都白说了
合着我之前跟你说的都白说了,好好
好好,我再跟你说一遍
我再跟你说一遍,表情包事件
表情包事件,方一凡有错你也有错
方一凡有错你也有错,而且你错在先
而且你错在先,我季胜利一生清廉
我季胜利一生清廉,从来对豪车豪宅不沾边的
从来对豪车豪宅不沾边的,你开这个法拉利去学校
你开这个法拉利去学校,这本来就违反校纪校规的
这本来就违反校纪校规的,并且给我们家庭造成了极其恶劣的影响
并且给我们家庭造成了极其恶劣的影响,你必须道歉
你必须道歉,并且是书面道歉 给你 给学校一个交代
并且是书面道歉 给你 给学校一个交代,干嘛你 你至于吗 你发这么大的火
干嘛你 你至于吗 你发这么大的火,你坐
这是真事 这是个正事儿你知道吗,所以他是小孩
所以他是小孩,他不懂事
那是小孩,你也要给他
对 上大学了对不对,等会咱比划这个事
说说方一凡的事,你要给他一个接受和成长的空间吗
你要给他一个接受和成长的空间吗,是不是
真有这么个事,俩性质他是
但是会影响他的,这个是什么
这个是什么,他这个是小事情对吧
他这个是小事情对吧,但是对方是一一个比较敏感的人物
但是对方是一一个比较敏感的人物,所以我这样想 行了 你也别说
咱得教孩子这个,你刚刚是真生气吗
你刚刚是真生气吗,你就吓我一跳
我这 还行吧,行 去 吓唬完了赶紧去帮他写检查
我写这分分钟 一肚子检查,赶紧去赶紧去
我专业写检查的,你说你也是的
你说你也是的,孩子明天还考试
知道我知道,快去写去
你别动 我想呢 亲爱的老师,你发完火你是没事了
你发完火你是没事了,孩子一肚子气 我去摩挲摩挲
孩子一肚子气 我去摩挲摩挲,你别进来
你别进来,我今天早上想问你
我今天早上想问你,碰到不顺心的事了
碰到不顺心的事了,对了
对了,刚才我对杨杨的做法你觉得妥当不妥当
我觉得你这次做的特别合适,我还是觉得你今天怪怪的
我还是觉得你今天怪怪的,有什么心事跟我说说行吗
是我们想要的生活,来说去还是为了儿子的事
来说去还是为了儿子的事,相信我
相信我,明天到学校说清楚了
明天到学校说清楚了,这件事就解决了
这件事就解决了,你别太操心了
干嘛你跑那么快干嘛累死我了,没让你跟着我
不过我觉得你的道歉信写的挺酷的,酷吗
酷吗,我都不知道自己在说什么
当时那么多人在 看到你爸妈脸都青了,谢谢了
当儿子也挺难的,走了
你别喝了,你让我喝两口
你让我喝两口,心里有数
别空腹喝,你不吃吗
我也不饿,我跟儿子 怎么搞成这样
我跟儿子 怎么搞成这样,刚才打他一巴掌
刚才打他一巴掌,我是气头上
我是气头上,打完了我都蒙了
他做的也不对,杨杨现在在哪
没事,让他回来吧
让他回来吧,总躲着也不是个事
总躲着也不是个事,也不是个事儿
让他好好反省,你是不是哪不舒服
你是不是哪不舒服,这两天光想着儿子了
这两天光想着儿子了,忘了问你去医院检查了吗
过两天,要不你跟我一块去
要不你跟我一块去,明天上班 跟办公室说一声
明天上班 跟办公室说一声,约个周末体检 给你约个全身检查
约个周末体检 给你约个全身检查,我们定点医院
我们定点医院,服务还不错
服务还不错,自费呢 也不贵 做个全身检查放心点
咱们都不年轻了,是
是,这一天天的真累
你是不感冒了,没事 就鼻子有点痒
你得学会利用这个时间,可是表哥放假不学习还能干嘛
我免费给你看,合着 你平时还收费
合着 你平时还收费,我不打
我不打,反正我也没兴趣
总比在这一直闷着头学习强,不行
不行,我得好好复习化学、这回考试 电解质这一块
我得好好复习化学、这回考试 电解质这一块,我的题做的不好
我的题做的不好,我估计出了成绩之后
我估计出了成绩之后,我的理综得降分了
要学会放松,可是我不想降分
不是这谁,表哥
表哥,你不是大神直播吃鸡吗
你看这孩子,小点声
以后要当他们是大人知道吧,经过这一晚上
经过这一晚上,我突然好爱你
我突然好爱你,爱我们的孩子
爱我们的孩子,我突然觉得生命好脆弱
我突然觉得生命好脆弱,人生好短暂
人生好短暂,好好珍惜
好好珍惜,好好爱你们 珍惜你们
好好爱你们 珍惜你们,还有磊儿
还有磊儿,我们一家人永远不要分开
我突然有一个好主意,什么
我拿酒去,妈
妈,吵醒你了
吵醒你了,怎么了
怎么了,哪不舒服吗
哪不舒服吗,那快睡
那快睡,要不然到明天该头疼了
要不然到明天该头疼了,快睡
快睡,我还以为
我还以为,你不会再关心我
你不会再关心我,我看手机才知道
我看手机才知道,你也给我打过电话
你也给我打过电话,这傻孩子
这傻孩子,妈妈不关心你关心谁
妈妈不关心你关心谁,你记着在这世界上 妈妈最爱的就是你 其实自从你到了妈妈的肚子里
你记着在这世界上 妈妈最爱的就是你 其实自从你到了妈妈的肚子里,妈妈就没跟你分开过
妈妈就没跟你分开过,从来没有觉得你已经离开妈妈的身体了
从来没有觉得你已经离开妈妈的身体了,更没离开过妈妈的心
更没离开过妈妈的心,明白吗
明白吗,好了 睡吧
好了 睡吧,刘静
刘静,谢谢你
怎么突然想 想起来说谢了,我是真心的
我是真心的,这两天儿子给我上了一课
这两天儿子给我上了一课,我突然明白了一些事情
我突然明白了一些事情,这些年我对你们的关心太少了
这些年我对你们的关心太少了,对不起
起这么早,这才几点怎么不多睡会儿
我把这些厚衣服给你们拿出来,还没到穿棉服的时候吧
多穿点没错,没那么夸张
没那么夸张,现在才11月份
现在才11月份,现在穿这么厚
现在穿这么厚,往后该穿什么
你不穿我穿,前两天还嘲笑我穿秋裤
前两天还嘲笑我穿秋裤,今天这是怎么了
今天这是怎么了,这么注重保暖
我去做早饭了,快起来
快起来,妈妈今天做了好多好吃的 快点
妈妈今天做了好多好吃的 快点,您做的肯定好吃
您做的肯定好吃,油条豆腐脑吗
油条豆腐脑吗,你想吃油条豆腐脑啊
你想吃油条豆腐脑啊,我就是随口一说的
我就是随口一说的,其实妈妈也可以准备油条豆腐脑的
其实妈妈也可以准备油条豆腐脑的,不是 我就吃您做的就行了
不是 我就吃您做的就行了,您做的肯定特别有营养
您做的肯定特别有营养,应该还来得及 你赶快抓紧时间起来
应该还来得及 你赶快抓紧时间起来,我先下趟楼给你买去
我先下趟楼给你买去,妈我真的随口一说
妈我真的随口一说,没事
没事,你赶快得抓紧时间
你赶快得抓紧时间,我吃您做了就行了
我吃您做了就行了,真不用
真不用,我很快回来
我很快回来,不是 妈 妈
不是 妈 妈,我不是那意思
我不是那意思,排骨汤
排骨汤,还有这个
还有这个,这是什么
这是什么,海参啊
海参啊,葱烧海参
葱烧海参,上次你不是觉得蘸芥末腥吗
上次你不是觉得蘸芥末腥吗,所以妈妈今天一早起来 想了想 给你做了一个葱烧海参
所以妈妈今天一早起来 想了想 给你做了一个葱烧海参,这回就一点都不腥气了
这回就一点都不腥气了,来尝尝
来尝尝,好香
好香,谢谢妈妈
谢谢妈妈,感觉怎么样
感觉怎么样,我尝尝
我尝尝,还行吗
还行吗,好吃
好吃,英子
英子,对不起啊
对不起啊,刚才没有买油条和豆腐脑
刚才没有买油条和豆腐脑,我知道大家都挺喜欢吃的
我知道大家都挺喜欢吃的,可是妈妈下楼一看
可是妈妈下楼一看,大锅油不知道炸了多少了
大锅油不知道炸了多少了,不知道炸几天了
不知道炸几天了,对不对
对不对,是
是,而且那油从哪来的我也不知道
而且那油从哪来的我也不知道,万一是地沟油
万一是地沟油,你一说这地沟油
你一说这地沟油,我就恶心
我就恶心,是吧
是吧,能对身体健康吗
能对身体健康吗,我一想还是算了以后
我一想还是算了以后,我觉得这东西还是少吃一点好
我觉得这东西还是少吃一点好,那种东西我觉得真的不能吃
那种东西我觉得真的不能吃,就吃您给我做的早餐
就吃您给我做的早餐,您说又丰盛又好吃又有营养
您说又丰盛又好吃又有营养,是不是
是不是,我记住您的话
我记住您的话,油条那种东西我以后不碰
油条那种东西我以后不碰,真乖
真乖,本来妈妈想陪你一块吃的
本来妈妈想陪你一块吃的,可是妈妈今天公司有一个教师培训一早就开始
可是妈妈今天公司有一个教师培训一早就开始,妈妈是组织者
妈妈是组织者,又是老师
又是老师,是不是得早点去准备
是不是得早点去准备,不吃了
不吃了,来不及了
来不及了,多吃两口吃两口
多吃两口吃两口,这来不及就先走了
这来不及就先走了,你再吃一口
你再吃一口,来
来,好
好,多吃点啊
多吃点啊,怎么了
怎么了,妈妈做的不好吃是吧
妈妈做的不好吃是吧,来 漱口
来 漱口,妈做的东西不喜欢吃
妈做的东西不喜欢吃,不是
不是,我是昨天那酒有点恶心
我是昨天那酒有点恶心,所以以后再也别喝酒了
所以以后再也别喝酒了,我给你再弄点什么
我给你再弄点什么,你不是要上班吗
你不是要上班吗,你快点走
你快点走,别迟到了
别迟到了,那你自己行吗
那你自己行吗,我没问题
我没问题,我再给你弄杯蜂蜜水
我再给你弄杯蜂蜜水,我自己来就行
我自己来就行,你不用管我了
你不用管我了,刚才那杯喝了吗
刚才那杯喝了吗,喝了是吧
喝了是吧,蜂蜜在哪 知道啊
蜂蜜在哪 知道啊,行行 你自己行是吧
行行 你自己行是吧,好好
好好,我先走了
我先走了,路上小心
路上小心,我走了你抓紧点
我走了你抓紧点,没问题
你为什么觉得宇宙治愈呢,我之前看过一个bbc的纪录片
我之前看过一个bbc的纪录片,里面就说当我们注意太空的时候
里面就说当我们注意太空的时候,我们的故事就是宇宙的故事
我们的故事就是宇宙的故事,因为我们是恒星
因为我们是恒星,真正的孩子
真正的孩子,我就觉得宇宙特别浪漫
我就觉得宇宙特别浪漫,研究宇宙的天文学也特别浪漫
研究宇宙的天文学也特别浪漫,而且研究宇宙的时候
而且研究宇宙的时候,我们才能感受到自己有多渺小
我们才能感受到自己有多渺小,也只有在研究宇宙的时候
也只有在研究宇宙的时候,我们才能知道我们的生命 其实既有限又无限
我们才能知道我们的生命 其实既有限又无限,可惜我们不能时时刻刻沉浸在其中
可惜我们不能时时刻刻沉浸在其中,一回到现实
一回到现实,我就会为很多生活中的事情烦心
我就会为很多生活中的事情烦心,比如考试
比如考试,比如我妈
你下次追上来不就行了,要是下次追不上来呢
谁规定的你次次都要名列前茅,我其实今天也问了自己这个问题
我其实今天也问了自己这个问题,谁规定的呢
谁规定的呢,学校 我妈 全部都在规定我
学校 我妈 全部都在规定我,我必须得次次都考好
我必须得次次都考好,我觉得特别累
你不可能每一样都完成,我什么时候才能想明白人生
你希望自己的人生是什么样的,我也没想好
我也没想好,但我就是希望可以一辈子不用活在条条框框里
但我就是希望可以一辈子不用活在条条框框里,我可以一辈子过着无拘无束的人生
我可以一辈子过着无拘无束的人生,我希望我可以一辈子都过得和别人不一样
跟人一样有什么不好的,也没什么不好
也没什么不好,现在不是都说什么有趣的灵魂
现在不是都说什么有趣的灵魂,万里挑一吗
万里挑一吗,我就想做那枚有趣的灵魂
我就想做那枚有趣的灵魂,我说这么多你不会觉得烦
阿姨要是能有你这一半就好了,阿姨我其实觉得你现在这样真的特别好
阿姨我其实觉得你现在这样真的特别好,从容平静
从容平静,又宽容开明
又宽容开明,你肯定是个特别好的妈妈
你肯定是个特别好的妈妈,杨杨平时在家里边是不是就特别开心
杨杨平时在家里边是不是就特别开心,特别自由
我其实也会骂杨杨,那你肯定比我妈好 你不知道就
那你肯定比我妈好 你不知道就,算了不提她了
这些事 宇宙他教不了你,一会儿宋倩阿姨来
一会儿宋倩阿姨来,我给你把6科都报上
我给你把6科都报上,每天放学以后直接上这儿来写作业写卷子上补习班
每天放学以后直接上这儿来写作业写卷子上补习班,什么时候把作业做完了
什么时候把作业做完了,什么时候回家
什么时候回家,做不完就不用回家了
你报什么补习班,你分根本没有上去
你分根本没有上去,根本就没提上来
根本就没提上来,李老师说了
李老师说了,这次统考卷子容易大家成绩都提上来了
这次统考卷子容易大家成绩都提上来了,虽然你考了456
虽然你考了456,就等于你之前分班考了399
就等于你之前分班考了399,可能399还不到
可能399还不到,就是个水涨船高的意思
就是个水涨船高的意思,大家都进步了
大家都进步了,你不就等于没有进步吗
你不就等于没有进步吗,好
好,方一凡
方一凡,你不要对妈妈有敌对情绪
你不要对妈妈有敌对情绪,妈妈也不跟你吼
妈妈也不跟你吼,妈妈就问你
妈妈就问你,你好好跟妈妈说你这两个月到底怎么回事
你好好跟妈妈说你这两个月到底怎么回事,你说你努力了
你说你努力了,你的成绩在哪里
你的成绩在哪里,你努力到哪去了
你努力到哪去了,为什么分数不见提上来
为什么分数不见提上来,方一凡你看着妈妈
方一凡你看着妈妈,妈妈问你呢
妈妈问你呢,你说爸爸妈妈对你好不好
你说爸爸妈妈对你好不好,为你付出多少
为你付出多少,为了让你跟磊儿能够多睡一会儿
为了让你跟磊儿能够多睡一会儿,我们从那么远的地方搬到这儿来
我们从那么远的地方搬到这儿来,每个月多花1万多块钱
每个月多花1万多块钱,这钱天上掉下来的
这钱天上掉下来的,你说你从小到大所有的这些要求
你说你从小到大所有的这些要求,妈妈哪一个没有答应你
妈妈哪一个没有答应你,我就一个要求
我就一个要求,就是你把这个成绩搞上去
就是你把这个成绩搞上去,现在高三了
现在高三了,你真的要把所有的心机放在上面
所以这根本就没有可比性,我就是比成绩 我什么都不跟你比
但我在别的方面就是比他们要强 你知道吗,方一凡你听妈妈说
方一凡你听妈妈说,别的地方没有用
别的地方没有用,考学 考大学只靠这个成绩
你永远都看不到我好,我怎么看不到你好
又跟别人比这有用吗,方一凡 你班级中游没有用
方一凡 你班级中游没有用,你班级上游都没有用
你班级上游都没有用,你怎么不清楚 你们那个班叫基础班
你怎么不清楚 你们那个班叫基础班,还是没得大学上啊 考大学
还是没得大学上啊 考大学,不看你这个 考大学就看你的成绩
不看你这个 考大学就看你的成绩,你说你这好那好 都没有用
你眼里都只有大学是吧,你给我坐下，你小点声
我祝你考个好大学 妈咪,凡凡呢 吵架了
凡凡呢 吵架了,为什么
为什么,期中考成绩方一凡450
期中考成绩方一凡450,比上次进步了57分
比上次进步了57分,但是还是全区排名最后15%
但是还是全区排名最后15%,还是没的学上
还是没的学上,成绩什么时候出来的我怎么都不知道
成绩什么时候出来的我怎么都不知道,英子也不给我打个电话
英子也不给我打个电话,李萌刚给我打了电话
李萌刚给我打了电话,我一直刷系统 我也没看见
我一直刷系统 我也没看见,可能还没录完吧
可能还没录完吧,不接电话什么情况
不接电话什么情况,我还是给李萌打电话
我还是给李萌打电话,喂
喂,对对对 我问一下成绩
对对对 我问一下成绩,没在学校
没在学校,英子也没考好
英子也没考好,历史新低
历史新低,多少分
多少分,才620分
才620分,620多 你知足
620多 你知足,你还要他怎么样
你还要他怎么样,文洁
文洁,你想想看连方一凡都考456分
你想想看连方一凡都考456分,这样的简单的卷子他才考620分
这样的简单的卷子他才考620分,我真崩溃死了
我真崩溃死了,现在还不知道跑哪去了
现在还不知道跑哪去了,我们俩真是同病相怜
刚才我已经说他了,怎么说他的
以后绝对不许再犯,方圆
方圆,我真是
我真是,我真是这18年白养他了
我真是这18年白养他了,养了个白眼狼
养了个白眼狼,说发脾气就发脾气
说发脾气就发脾气,他还冲我吼
关键你怎么看这个事,我还能怎么看
那不得举国哀悼吗,可是方圆 他没有进步
可是方圆 他没有进步,是卷子容易了
是卷子容易了,你怎么这么糊涂
所以,他这是原地踏步
他这是原地踏步,我急的就是这个啊
你就得竖着看,我没法数着看
我没法数着看,因为高考是横着比的
你说呢,我也不想让他跟别人比
我说有没有道理,说的有道理
还难受吗,难受
还难受,可是我觉得我很受伤
可是我觉得我很受伤,我心里受伤
这媳妇真是好看,其实什么
你那是美,你不要脸
这事结了,我说不出口
绝对没问题,我不说
期中考的成绩出来了,怎么样
跟以前基本持平,这都两个多月了
这都两个多月了,怎么一点进步都没有
怎么一点进步都没有,他天天在学校都学什么了
他天天在学校都学什么了,你说咱们搬家不就是为了他学习吗
你说咱们搬家不就是为了他学习吗,一点进步都没有
一点进步都没有,真让人着急
只要开开心心的快快乐乐的就够了,什么叫就够了
什么叫就够了,你还不知道
你还不知道,他要是考不上大学他就完了
他要是考不上大学他就完了,他干吗
他干吗,天天跟他舅舅去开卡丁车
你就找个机会好好的跟他谈好吗,你放心 头疼
你放心 头疼,你也歇着
你也歇着,妈
妈,我回来了
我回来了,洗手
洗手,妈
妈,你不吃吗
你不吃吗,你自己吃 我不太有胃口
你自己吃 我不太有胃口,妈我期中考试成绩出来了
妈我期中考试成绩出来了,我知道
我知道,我没考好
我没考好,我知道你没考好
我知道你没考好,你考了多少分
你考了多少分,600多
600多,600多少
600多少,620多
620多,620多
620多,在你们区里排第几
在你们区里排第几,我一定要好好总结原因
我一定要好好总结原因,我问你区里排第几
我问你区里排第几,进5%了
进5%了,进10%了
进10%了,那是进多少了
那是进多少了,15%
15%,进15%了，能考什么样的学校
进15%了，能考什么样的学校,对不起
对不起,我错了
我错了,我下回一定好好考
我这不看你不开心 来陪陪你,你能不能
你能不能,能不能让我安静一会
4个球,行了
行了,您不来烦我我就谢天谢地了
别不开心了 英子,鼻子怎么了
流血了,怎么回事儿
你回头 这弄个加湿器吧,仰着头吧
你干什么呢,你说研究什么
你说研究什么,研究你儿子的事儿
什么叫我儿子 咱俩爱情的结晶 是咱俩的,讨债鬼
讨债鬼,我跟你说
我跟你说,气归气 我刚刚给潘帅打了个电话
气归气 我刚刚给潘帅打了个电话,我问了他到底今天怎么跟方一凡说的
我问了他到底今天怎么跟方一凡说的,他说他觉着方一凡挺有希望的
他说他觉着方一凡挺有希望的,觉得他是这块料
觉得他是这块料,让我们家长慎重考虑
你问他他能说得准吗,所以我去上网查了一下
所以我去上网查了一下,我跟你说方一凡文化成绩应该差
我跟你说方一凡文化成绩应该差,不离没什么问题
不离没什么问题,重要的是专业得先过
重要的是专业得先过,艺考先考专业
艺考先考专业,可是专业太难过了
我再来一个 说滴滴不是喇嘛来,你说你嘴皮子这么溜
你说你嘴皮子这么溜,为什么你最后去了政法大学
你还问我 专业没考过,怎么会呢
怎么会呢,你这么优秀
你这么优秀,这老师怎么会不让你过呢
我跟你讲我一个字念不出来,不是 方圆 你要都紧张了
不是 方圆 你要都紧张了,方一凡肯定没戏
方一凡肯定没戏,而且我刚刚在网上看了这艺考培训真的挺贵的
而且我刚刚在网上看了这艺考培训真的挺贵的,还有个封闭训练
还有个封闭训练,你说别封闭出来了
你说别封闭出来了,艺考没考上
艺考没考上,专业课没过
专业课没过,高考也耽误了
高考也耽误了,怎么办
你打听打听 你问他妈,好的
好的,他妈妈的微信叫什么来着
王唠叨 唠叨王 我是反着看,迪迪妈妈
迪迪妈妈,我是凡凡妈妈
我是凡凡妈妈,不好意思打扰你
不好意思打扰你,我想问问听说
我想问问听说,笛笛准备参加艺考
笛笛准备参加艺考,凡凡也挺感兴趣的
凡凡也挺感兴趣的,我们也不太了解这方面的情况
我们也不太了解这方面的情况,就想请你帮我们大概的说明一下
就想请你帮我们大概的说明一下,如果你方便的时候给我回个信息
如果你方便的时候给我回个信息,感谢
罗不罗嗦,我是跟人客气一下
我是跟人客气一下,请人帮忙
行行你等人回吧,我跟你说
我跟你说,方一凡艺考的事儿就此打住吧
方一凡艺考的事儿就此打住吧,你看看人王一笛 说跳舞就跳
你看看人王一笛 说跳舞就跳,说唱歌就唱歌
说唱歌就唱歌,落落大方
落落大方,你再看看方一凡跳的什么
你再看看方一凡跳的什么,跟个小流氓一样的
跟个小流氓一样的,一点上不了台面
一点上不了台面,咱们两家都没有基因
咱们两家都没有基因,你不是爱竖着比吗
你不是爱竖着比吗,你竖着比祖宗8代
你竖着比祖宗8代,你就比到树上去 比上猴
你就比到树上去 比上猴,咱们俩家也没有一个干这一行
别的都不灵,挺好的
挺好的,我看挺好的
我看挺好的,有模有样
那是正儿八经舞蹈学院音乐剧班毕业,打住 舞蹈学院音乐剧班的多了
打住 舞蹈学院音乐剧班的多了,我凭什么找他去 不找
你可以跟他联系,我不去找他
我不去找他,我跟他不对付
我跟他不对付,找他干嘛
为什么,我跟宋倩跟他干了一仗
我跟宋倩跟他干了一仗,还给他打了个差评
还给他打了个差评,我不去找他
你都是个外人知道吧,知道
你就别管他们家的事你知道吗,我知道我知道
我知道我知道,你不要啰里巴嗦了
你不要啰里巴嗦了,我这不赶上了吗
我这不赶上了吗,我反正不会去找他的
我反正不会去找他的,那会教这些东西的人多了
那会教这些东西的人多了,我干嘛非要去找他
我干嘛非要去找他,我去找他不是自己打自己脸
我去找他不是自己打自己脸,我不去找
就找去吗,找朋友问去
找朋友问去,朋友圈搜呗
我预祝你成功,不就是找一个会指导表演
不就是找一个会指导表演,会指导唱歌
会指导唱歌,会指导跳舞
会指导跳舞,我找去
我找去,但我觉得方一凡真上不了台面
但我觉得方一凡真上不了台面,你觉得他行吗
你觉得他行吗,昨晚没睡好
半夜才睡着的,是怎么了
是怎么了,一脸的心事
一脸的心事,是不是工作不顺心
就担心你和杨杨 就怕你们两个处不好,你就别操心了
你就别操心了,你走这几天我和杨杨也就早晚能见一面
你走这几天我和杨杨也就早晚能见一面,我管好他早饭，午饭、晚饭我估计他都不会回来吃的
我管好他早饭，午饭、晚饭我估计他都不会回来吃的,就放心
就放心,我会跟他好好说话的
我会跟他好好说话的,不会跟他嚷嚷的
你就记着别激进,我知道
我知道,这关系一时半会也缓不过来
这关系一时半会也缓不过来,还好
还好,你只走几天
你只走几天,对
对,你晚上几点的飞机
你们晚上想吃点什么,你就别管了
你就别管了,杨杨还不一定回来吃饭
杨杨还不一定回来吃饭,他晚上要是回来
他晚上要是回来,我给他下点饺子
晚上我好好的做一顿,那行
那行,吃完饭以后我去送你
又不是出国,反正也是打车
这还是感冒了吧,晚上睡到半夜冻醒了
晚上睡到半夜冻醒了,我一摸暖气一点都不热
你来打 这里面有 你找找,你好 物业吗
你好 物业吗,我是506栋1单元106室的
我是506栋1单元106室的,你看我们
你看我们,这个暖气不热
这个暖气不热,什么
什么,要找房东是吧
要找房东是吧,行行
行行,谢谢
物业怎么说,他说要开阀门放气
他说要开阀门放气,我找房东才行
我找房东才行,下班以后去找
拿着 到办公室想着吃,这儿
你打开 就这儿,你真行
你真行,这上面还藏着药
想着吃,我才不吃 多大点事 抗抗就过去
我才不吃 多大点事 抗抗就过去,我不吃
你真要是病倒了谁照顾杨杨,行行我吃
行行我吃,我带着了
我带着了,你看好了
你看好了,我把它贴手背上 怎么都不可能忘了
我把它贴手背上 怎么都不可能忘了,我肯定到办公室就吃
想着吃就行,书记 你找我
的事,名单下来了
组织上也是有各方面的考虑,我个人没有别的想法
我个人没有别的想法,请领导放心
请领导放心,但是陈书记我想确认一下
但是陈书记我想确认一下,这次是不是因为我儿子那张图的事
这次是不是因为我儿子那张图的事,我儿子那张图的事儿
我儿子那张图的事儿,学校已经给了明确的处理
学校已经给了明确的处理,再说那辆法拉利确实不是我们家的
你做干部这么多年应该有所了解吧,了解
你刚调回来不久以后还会有的是机会,明白
明白,谢谢书记
谢谢书记,男孩和女孩的房间布置的就是不一样
男孩和女孩的房间布置的就是不一样,这里面全是跟车有关的东西
是 我们家杨杨就喜欢研究汽车,是我看出来了
是我看出来了,开学那天我看见他吧 穿了一个赛车服
开学那天我看见他吧 穿了一个赛车服,特别帅
特别帅,那时候你们好像还没回来
那时候你们好像还没回来,是不是
是不是,我看见是他舅舅陪他去的
那个时候我们确实没回来,杨杨这孩子虽然话不多
杨杨这孩子虽然话不多,但一看还挺成熟
但一看还挺成熟,好像挺懂事的
这孩子 您教育的可真好,瞧你夸他 那也就是个孩子
瞧你夸他 那也就是个孩子,也就算是学习还可以
也就算是学习还可以,也得让人管着
我们要是能有这么个女儿就好了,哪儿
你看咱们这又成了邻居了,是挺有缘分的
他跟杨杨以前还是两年的同学,对
对,以前这两年都是同班同学
所以我就特别的关注他,谢谢你
谢谢你,到了他们这个年纪
到了他们这个年纪,无论男孩女孩都挺叛逆的
无论男孩女孩都挺叛逆的,不好管
在家里还帮着答疑对吗,对
对,就是我们能成教育
就是我们能成教育,好多咱们学校的学生都在我那
好多咱们学校的学生都在我那,晚上如果还有什么疑问也会去家里答疑
能不能也帮帮我们家杨杨,可以
可以,当然可以
当然可以,这楼上楼下也方便
这楼上楼下也方便,他无论愿意去能成那边找我
他无论愿意去能成那边找我,或者到家里都行
先谢谢您了,客气了
因为你们的差评表 我这个月绩效都没有合格,对
对,是我们给你打的
你们这样真的很过分了,是吗
是吗,我们也没办法 是你们健身房就规章制度
我们也没办法 是你们健身房就规章制度,要想换班只能填差评
要想换班只能填差评,我们也没办法
我们也没办法,但是既然你说到这一点小梦
但是既然你说到这一点小梦,我真的善意的提醒你
我真的善意的提醒你,你现在爱情物质都有了
你现在爱情物质都有了,双丰收了
双丰收了,离宋倩她女儿远一点
离宋倩她女儿远一点,他现在就这一个女儿
他现在就这一个女儿,人家都说了
人家都说了,你是他跟他女儿之间的第三者是小三
你是他跟他女儿之间的第三者是小三,我劝你别刺激他了
是他自己太敏感,你不要总说别人的问题
你不要总说别人的问题,你找找你的问题
你找找你的问题,你凭什么说他敏感
你凭什么说他敏感,也别老拿自己当未婚妻自居
也别老拿自己当未婚妻自居,我告诉你以我的经验
我告诉你以我的经验,什么未婚妻
什么未婚妻,未婚夫这订婚的一般到最后都结不了婚
未婚夫这订婚的一般到最后都结不了婚,我告诉你你那点想法大家都清楚
我告诉你你那点想法大家都清楚,都是女人
都是女人,没说你错
没说你错,你想拉拢乔卫东
你想拉拢乔卫东,所以对英子好一点
所以对英子好一点,你爱对那个男的怎么样无所谓
你爱对那个男的怎么样无所谓,因为这男的跟他没关系了
因为这男的跟他没关系了,但是这孩子现在高三现在是最关键的一年
但是这孩子现在高三现在是最关键的一年,我告诉你
我告诉你,我真的我希望你能忍一忍这一年
我真的我希望你能忍一忍这一年,别掺和他们的事情
别掺和他们的事情,离英子远一点
离英子远一点,作为一个妈妈我都看不下去了
作为一个妈妈我都看不下去了,你老去那干嘛去
你老去那干嘛去,你自己没有燕窝吗
你自己没有燕窝吗,是乔卫东不给你买还是怎么回事
我觉得就没有这个必要了,我不要跟你这样的人成为好朋友
我不要跟你这样的人成为好朋友,我只有一个好朋友就是宋茜
你们家孩子艺考的事跟我也没有关系,本来跟你就没关系
那是我自作多情,你以为
你有病吧,你还有理了
你还是第一次来阿姨家,你家好干净
咱们楼上楼下住着 还没串过门,是 您 这干什么呢
是不是有什么事,其实也没什么事
其实也没什么事,上次跟你聊完天觉得特别开心
上次跟你聊完天觉得特别开心,就想再来找你
就想再来找你,然后正好想请您吃脏包
这是什么,现在特别火的一个网红面包
现在特别火的一个网红面包,你尝尝
这怎么吃,就直接咬着吃
就直接咬着吃,没事您别怕
没事您别怕,虽然长得挺瘆人的
虽然长得挺瘆人的,但是其实特别好吃
但是其实特别好吃,真的特别好吃
好吃,不是你等一下看看
一天一个样的,您 干纸巾擦不干净
您 干纸巾擦不干净,我就湿纸巾帮您擦 来
不过真的挺好吃的,是吧 季杨杨平时不跟您说这些吗
平常连话都不跟我们讲,没事以后这些我跟你说
对吧,这好吃是不是
这好吃是不是,不然他
不然他,怎么能成为网红零食的
怎么能成为网红零食的,不光有网红零食
不光有网红零食,还有网红饮料
还有网红饮料,咸的奶茶 你肯定没喝过吧
我们天天都喝,阿姨不是那种咸奶茶
阿姨不是那种咸奶茶,就是我们现在特别流行的叫做海盐奶盖 没喝过吧
我连听都没听说过,没事
没事,我以后带你去喝
我以后带你去喝,还有刘慈欣
还有刘慈欣,你应该听说过
刘慈欣是个作家吗,他在我们中间特别流行
他在我们中间特别流行,大家都特别爱看他的书
大家都特别爱看他的书,比如说三体 流浪地球 乡村教师
比如说三体 流浪地球 乡村教师,都是他写的书
杨杨好像特别喜欢看,我也特别喜欢科幻小说
我也特别喜欢科幻小说,但我还是更喜欢生活中真正的宇航员
但我还是更喜欢生活中真正的宇航员,就是
就是,您知道
您知道,上次我在咱们天文馆 我演讲的时候介绍过 刘洋
上次我在咱们天文馆 我演讲的时候介绍过 刘洋,他是中国第一位飞向太空的女宇航员
他是中国第一位飞向太空的女宇航员,他很厉害 是吧
原来是偶像的力量,对
对,他可是我的人生榜样
他可是我的人生榜样,我就希望
我就希望,如果有一天我可以像他一样站在太空看地球
你几句话就绕回来了,还真是 我
还真是 我,我今天还想报名南京大学的天文冬令营
我今天还想报名南京大学的天文冬令营,我就希望我可以这一辈子一直一直研究宇宙
天文冬令营 那是什么,阿姨我不该跟你说这个的
阿姨我不该跟你说这个的,你能别告诉我妈妈吗
妈妈不同意你学天文,那倒也不是
那倒也不是,我之前也没跟我妈提过
我之前也没跟我妈提过,我不确定他会不会同意我考去南方
我不确定他会不会同意我考去南方,因为他一直都想让我考北大清华
因为他一直都想让我考北大清华,但我跟您说过我就是喜欢天文学
但我跟您说过我就是喜欢天文学,我就想学
我就想学,这是我从小的梦想
这是我从小的梦想,所以我就想去南京大学
所以我就想去南京大学,它历史悠久
它历史悠久,而且天文学系又是全国第一
而且天文学系又是全国第一,所以我就想去南京大学也就报名天文冬令营了
拉钩,我妈之前也经常跟我拉钩
我妈之前也经常跟我拉钩,他总是说什么
他总是说什么,你要考好了就带你去吃麦当劳
你要考好了就带你去吃麦当劳,去给你买乐高
去给你买乐高,但其实最后一件也没完成
但其实最后一件也没完成,所以我总结大人的拉钩啥的
所以我总结大人的拉钩啥的,不靠谱、不保障
开玩笑的,吓死我了
我跟他们说我要去南京出差,什么手术
但是需要住两天的医院,可是这就算是个检查
可是这就算是个检查,您也不能瞒着他们 再说了
您也不能瞒着他们 再说了,你一个人去医院又没人照顾
你一个人去医院又没人照顾,多可怜
是怕他们担心,阿姨你一定要好好的
你也给阿姨保密,好 一定 但是阿姨 您不是因为我是个陌生人才跟我说这些的吧
阿姨特别想跟你做朋友,那我可以去看您吗
听阿姨的,好吧
好吧,继续吃
但其实反倒会让他更伤心的,好吧
好吧,我等到被学校录取了
我等到被学校录取了,我就去跟他谈
我就去跟他谈,说不定就能说服他了
说不定就能说服他了,妈妈你回来了
妈妈你回来了,你干嘛呢
你干嘛呢,我也刚回来
我也刚回来,我刚才在楼下看你了
我刚才在楼下看你了,是吗
是吗,干嘛去了
干嘛去了,也没干嘛
也没干嘛,就是去
就是去,刘静阿姨家了
刘静阿姨家了,去他们家干嘛
去他们家干嘛,就聊聊天
就聊聊天,聊什么
聊什么,就刘静阿姨
就刘静阿姨,想感谢我
想感谢我,谢什么
谢什么,我不是给
我不是给,季杨杨送卷子去了
季杨杨送卷子去了,他在学校管我要来的
他在学校管我要来的,想看一下解题步骤什么的
想看一下解题步骤什么的,你喝点水
你喝点水,然后刘静阿姨就送我出门了
然后刘静阿姨就送我出门了,让我在学习上多帮衬着点杨杨
让我在学习上多帮衬着点杨杨,今天早上我去他们家的时候
今天早上我去他们家的时候,杨杨妈妈也跟我说
杨杨妈妈也跟我说,想杨杨到咱家来答疑
想杨杨到咱家来答疑,您还去他家了
您还去他家了,您跟刘静阿姨
您跟刘静阿姨,熟吗
熟吗,他不是租咱家房吗
他不是租咱家房吗,暖气一直不太热
暖气一直不太热,我说去看看
我说去看看,现在好点了吗
现在好点了吗,没注意
没注意,行
行,你先去写作业
你先去写作业,好不好
好不好,我这就给你做饭 有点饿了吧
我这就给你做饭 有点饿了吧,做好了叫你 怎么了
做好了叫你 怎么了,还有事
还有事,没事
没事,您做饭吧
您做饭吧,你有什么特别想吃的东西吗
你有什么特别想吃的东西吗,您做什么我都爱吃
您做什么我都爱吃,真会说话 快去做题
真会说话 快去做题,做好以后 吃完饭以后 再给你看
做好以后 吃完饭以后 再给你看,怎么样
怎么样,点菜了吗
点菜了吗,受委屈了
受委屈了,吃点好了
给谁打电话,没谁
我问你给谁打电话,给英子
给英子,就是说约英子吃饭的事
你到底是给英子打还是给你前妻打,这重要吗
给谁打的,电话是给英子的妈妈打的
电话是给英子的妈妈打的,但是说的是约英子吃饭的事
我不吃了,别
不吃了,好了
好了,听话 听话
听话 听话,我一件事一件事给你解释好不好
我一件事一件事给你解释好不好,先坐下
先坐下,听话
听话,听话
听话,今天童文洁的事我也听明白了
今天童文洁的事我也听明白了,他找你绝对是赶巧
他找你绝对是赶巧,不是故意找茬
不是故意找茬,还有刚才那个电话
还有刚才那个电话,我确实是找英子找我女儿
我确实是找英子找我女儿,你别多想
我还是不是你女朋友,是 那还是我男朋友吗
这恋爱谈的还有什么意思,这不没结婚了吗
这不没结婚了吗,结婚以后不就住一起了吗
结婚以后不就住一起了吗,我们这个年龄还都比较传统
咱俩什么时候结婚,这不是装修房子了吗
这不是装修房子了吗,房子装修好了放味
房子装修好了放味,没味了咱就结婚
没味了咱就结婚,这不都以前说好的
你今天跟我说句实话,我什么怎么想的
我什么怎么想的,我跟他联系什么
我跟他联系什么,我确实是为了英子
我确实是为了英子,我约英子吃饭
你为什么要跟我在一起,怎么这么晚才回来
我去晃了一圈,这么大酒味
要不就在别人公司等着被裁的,方圆儿我们公司今天开始 也裁员了
老员工应该没事吧,你不也是老员工吗
也是,不说这事了
不说这事了,我跟你说方一凡的事
我跟你说方一凡的事,我今天跟他谈过了
我今天跟他谈过了,他同意了
他同意了,不参加艺考
不参加艺考,踏踏实实参加高考
这么大事也不跟我商量一下,不需要跟你商量
不需要跟你商量,你肯定会同意的
你肯定会同意的,你说咱们家又不是艺术世家
你说咱们家又不是艺术世家,方一凡又没有什么艺术细胞
方一凡又没有什么艺术细胞,干嘛去凑热闹
干嘛去凑热闹,真的
真的,而且我今天都打听清楚了
而且我今天都打听清楚了,艺考是要提前准备的
艺考是要提前准备的,因为这个艺考是要提前考的
因为这个艺考是要提前考的,你知道吗
你知道吗,他提前好几个月了
他提前好几个月了,你现在来不及
你现在来不及,你看看
什么东西,你自己看看录取比例
你自己看看录取比例,你看看
这有点难,这不是有点难
这不是有点难,这是非常难
这是非常难,这么低的录取比例这么难
这么低的录取比例这么难,他怎么能考上呢
他怎么能考上呢,咱们说方一凡现在参加艺考两条路两个结果
咱们说方一凡现在参加艺考两条路两个结果,一个是考上
一个是考上,一个考不上
一个考不上,我先不说他考上了
我先不说他考上了,他要是考不上明年怎么办
他要是考不上明年怎么办,明年是继续艺考还是继续高考
明年是继续艺考还是继续高考,你告诉我
你告诉我,咱退一万步说就算他考上了
咱退一万步说就算他考上了,你觉得你儿子将来真能当演员
你觉得你儿子将来真能当演员,当什么表演艺术家
当什么表演艺术家,歌唱家
歌唱家,他是这块料吗
他是这块料吗,他不是这块料
他不是这块料,不要做这个梦了
不要做这个梦了,对了
对了,今天陈姐给我介绍的指导老师你猜是谁
你见了演员 见着明星了,乔卫东的小老婆小梦
人家女朋友不是小老婆,什么女朋友不这怎么回事吗
什么女朋友不这怎么回事吗,将来娶了不就小老婆吗
将来娶了不就小老婆吗,这小梦还真不错
这小梦还真不错,还挺可以的
还挺可以的,舞蹈学院音乐剧班毕业的
舞蹈学院音乐剧班毕业的,还教过几个学生
还教过几个学生,辅导过几个学生都成了
这不挺好,好什么呀 一见着我的面就开始挤兑宋倩
好什么呀 一见着我的面就开始挤兑宋倩,还说那差评的事
还说那差评的事,他再挤兑我急了
他再挤兑我急了,我给他10个差评
我给他10个差评,我让他1个季度都拿不到绩效
是不是跟小梦老师有关系,有关系
有关系,这小梦不也就是什么艺术院校毕业的又怎么样
这小梦不也就是什么艺术院校毕业的又怎么样,不就是在小区的瑜伽馆里面当个老师
不就是在小区的瑜伽馆里面当个老师,不疼不痒
不疼不痒,带几个学生 能有什么出息
带几个学生 能有什么出息,方一凡毕业以后也这样到瑜伽馆里面当瑜伽老师去
这男的也没有教瑜伽的,就是
你跟人方一凡商量说他不跟你急,他跟我急什么
他跟我急什么,我给他看数据了
我给他看数据了,有什么好急的
有什么好急的,我给他摆事实讲道理
我给他摆事实讲道理,他听完以后老老实实的就去房间里面写作业了
咱给人梦想扼杀在摇篮里了,拉倒
拉倒,这哪是梦想
这哪是梦想,这是头脑发热
这是头脑发热,这叫异想天开
这叫异想天开,还是给我踏踏实实的准备高考
也是 录取率是太低了,对
对,你以后也是别在家里边再提艺考了
回来了,堵死我了
堵车是吧,我不跟你说了
我不跟你说了,我今天好多表要给做完了
我今天好多表要给做完了,明天一早得交上去
明天一早得交上去,你做饭了没有
你做饭了没有,做什么
酱鸡，腊肉，松花，小肚儿,哪呢
都在我的脑子里,没做饭
没做,孩子回来吃什么
做了 都这儿呢,你会用蒸箱了
初次使用请多多关照,你可以啊
我看看说明书 10分钟我就搞定,行 以后多蒸煮
行 以后多蒸煮,少煎炸 少吃点油
少煎炸 少吃点油,对身体好
好勒,今天一天都在家呆着
上了床你就下不来,少贫你
说这哥们你整天在那溜达,方圆方圆
方圆方圆,咱不找了 好不好
咱不找了 好不好,咱就在家待着行不行
怎么弄成这德行 德行了,你说的对
你说的对,上次我们同学聚会
上次我们同学聚会,我们一个班不都学一个专业吗
我们一个班不都学一个专业吗,毕业以后干什么的都有
毕业以后干什么的都有,还干的都挺好
这该多好啊,这是好
这是好,但哪有这么好的事儿又喜欢还能又挣钱
但哪有这么好的事儿又喜欢还能又挣钱,你说咱们那会儿不就是因为这个没得选吗
多一次 选择一个他们喜欢的专业,这等着我呢 让方一凡选什么
我们是不是能听听孩子自己心里的想法,比如呢
我就觉得方一凡,等会你在哪跟他沟通
我说漏嘴了,什么情况
什么情况,你跟他在商场 他逃课了
我们是碰,什么利用午休时间
什么利用午休时间,他午休他可以在学校里写作业
他午休他可以在学校里写作业,或者他想睡觉他回家
或者他想睡觉他回家,什么意思
什么意思,你别瞒着我怎么回事
但是,为什么去商场
我觉得咱们可可不可以稍微想想孩子心里到底怎么想的呢,可以
可以,可以听听他心里怎么想的
可以听听他心里怎么想的,你说的没错
你说的没错,我也认同
我也认同,但是方圆他心里想的如果不靠谱怎么办
但是方圆他心里想的如果不靠谱怎么办,你告诉我他如果想杀人放火
你告诉我他如果想杀人放火,你也由着他
我觉得咱们可不可以稍微想想孩子心里到底怎么想的呢,可以
可以,可以听听他心里怎么想的
可以听听他心里怎么想的,你说的没错
你说的没错,我也认同
我也认同,但是方圆他心里想的如果不靠谱怎么办
但是方圆他心里想的如果不靠谱怎么办,你告诉我他如果想杀人放火
你告诉我他如果想杀人放火,你也由着他
杀人放火跟唱歌跳舞两码事,不是抬杠
不是抬杠,我这给你打个比方
你比方 这前门楼子胯骨轴子都挨不上茬,不跟你说
这也是一种方向,方圆你什么意思
方圆你什么意思,你今天跟我说
你今天跟我说,我可以给他选择的机会
我可以给他选择的机会,我可以给他方向
我可以给他方向,他现在什么时候了
他现在什么时候了,他高三了
他高三了,你今天来说服我要用教育幼儿园小朋友的方法来鼓励他唱歌跳舞
你今天来说服我要用教育幼儿园小朋友的方法来鼓励他唱歌跳舞,是这个意思吗
长大以后后悔,方圆我先不说你选没选错专业
方圆我先不说你选没选错专业,至少这个专业保了你20年饭碗
可能能保我30年金饭碗也说不定,说不定 你是你 方一凡是方一凡
说不定 你是你 方一凡是方一凡,我不想让我的儿子一毕业就失业
我不想让我的儿子一毕业就失业,就这么定了
回来怨我们 不就怕担这个责任吗,是 我就是怕担这个责任
是 我就是怕担这个责任,你要敢担这个责任
你要敢担这个责任,我马上让他参加艺考
我马上让他参加艺考,我二话不说
我二话不说,方圆 我说了多少次了
方圆 我说了多少次了,我们都是第一次当父母
我们都是第一次当父母,我们一定是要给他最保险的一条路
我们一定是要给他最保险的一条路,我第一次当妈你也是第一次当爹
我第一次当妈你也是第一次当爹,我们都没有经验
我们都没有经验,我们能做的就是把我们已有的经验
我们能做的就是把我们已有的经验,把我们这些能力
把我们这些能力,把我们这些知识
把我们这些知识,我们所知道的尽其所能的帮他选择一条相对正确
我们所知道的尽其所能的帮他选择一条相对正确,相对大众相对保险的将来不被饿死的一条路
相对大众相对保险的将来不被饿死的一条路,高考哪怕你一本考不上二本二本考不上大专
高考哪怕你一本考不上二本二本考不上大专,至少有个专业
至少有个专业,我们将来好找工作
我们将来好找工作,至少是个敲门砖
至少是个敲门砖,你为什么要放弃99%的人都选择的路
你为什么要放弃99%的人都选择的路,而去选那1%的艺考
而去选那1%的艺考,你不要你没有实现的梦想让你儿子实现
你不要你没有实现的梦想让你儿子实现,你要想唱歌跳舞你去学
你要想唱歌跳舞你去学,你去唱我不拦着你
你去唱我不拦着你,反正你也没工作
反正你也没工作,少拿我儿子当试验品
也一定是在南方留下过几个孽债的,不要脸
我这还没哔哔完呢,我来 我跟你一块
看成不成功,好香
往里一放,这是你的清蒸哈什蚂是吧
要不然找个机会我跟他说了得了,你这事你自己看
你这事你自己看,你的事你决定
你的事你决定,说实话我觉得现在俩孩子高三其实家里需要有个人照顾他们
说实话我觉得现在俩孩子高三其实家里需要有个人照顾他们,要不然这样你一边在家里照顾他们
要不然这样你一边在家里照顾他们,一边捎带手找工作
一边捎带手找工作,骑着驴找马
我看行,英子
英子,来
来,谢谢爸
谢谢爸,多吃点
多吃点,爸 这太多了 我吃不了
爸 这太多了 我吃不了,多吃点 学习那么累
多吃点 学习那么累,多吃点补补
多吃点补补,您喝开心了吗
您喝开心了吗,开心了
开心了,我给您再添点儿
我给您再添点儿,这素火锅
这素火锅,挺好吃的
挺好吃的,但是我还以为咱今儿能吃辣的
但是我还以为咱今儿能吃辣的,吃辣的对身体不好
吃辣的对身体不好,再说了北京这么干
再说了北京这么干,吃辣的上火
吃辣的上火,跟我妈似的
跟我妈似的,你妈说的对咱就得听
你妈说的对咱就得听,这两天你妈对你怎么样
这两天你妈对你怎么样,应该不生我气了
应该不生我气了,不知道
不知道,英子
英子,爸爸发给你一个截屏
爸爸发给你一个截屏,你把它存起来
你把它存起来,什么截屏
什么截屏,前两天爸爸在平安上给你买了个保险
前两天爸爸在平安上给你买了个保险,叫爱满分
叫爱满分,你把它存好了
你把它存好了,上面有单号
上面有单号,30年后合同约满了
30年后合同约满了,还能分你一笔钱
还能分你一笔钱,30年弹指一挥间
30年弹指一挥间,30年前爸爸比你还小的时候
30年前爸爸比你还小的时候,那就背上行囊行走远方了
那就背上行囊行走远方了,对 爸
对 爸,您当时离开家从辽宁到北京
您当时离开家从辽宁到北京,爷爷奶奶舍得吗
爷爷奶奶舍得吗,当然舍不得了
当然舍不得了,毕竟离家那么远
毕竟离家那么远,爷爷奶奶支持吗
爷爷奶奶支持吗,支持
支持,你爷爷说了好男儿志在千里
你爷爷说了好男儿志在千里,那必须得走
那必须得走,爷爷奶奶这么好
爷爷奶奶这么好,你爷爷这人就是一个走南闯北见多识广的人
你爷爷这人就是一个走南闯北见多识广的人,爸爸跟着你
爸爸跟着你,爷爷那也是走南闯北
爷爷那也是走南闯北,顺便见多识广
顺便见多识广,爷爷当时都去过哪
爷爷当时都去过哪,你也去过地儿可多了
你也去过地儿可多了,你爷爷当年支持三线建设
你爷爷当年支持三线建设,先是去了湖南 湖南
先是去了湖南 湖南,后来爸爸又跟他去了沈阳
后来爸爸又跟他去了沈阳,再后来爸爸跟爷爷又去了大连
再后来爸爸跟爷爷又去了大连,大连好 靠海边
大连好 靠海边,爸爸觉得
爸爸觉得,你必须出去闯一闯
你必须出去闯一闯,我跟你妈都认为我闺女有出息
我跟你妈都认为我闺女有出息,喜欢天文 喜欢航天
喜欢天文 喜欢航天,我闺女人又聪明
我闺女人又聪明,一定能够冲出亚洲
一定能够冲出亚洲,飞向宇宙
飞向宇宙,您真这么觉得
您真这么觉得,爸爸真这么觉得
爸爸真这么觉得,你再喝点来
你再喝点来,我真是太开心了
我真是太开心了,我跟你说这正好我们学校它最近开始报冬令营了
我跟你说这正好我们学校它最近开始报冬令营了,对
对,我觉得您肯定支持我
我觉得您肯定支持我,这有北大清华还有南大
这有北大清华还有南大,支持
支持,爸爸支持
爸爸支持,冬令营爸爸知道 冬令营就是同学们在一起出去拓展
冬令营爸爸知道 冬令营就是同学们在一起出去拓展,大家出去玩
大家出去玩,爸爸上学的时候就冬令营
爸爸上学的时候就冬令营,我们那会在山上
我们那会在山上,晚上住在山上
晚上住在山上,晚上风一吹
晚上风一吹,给我们全冻感冒了
给我们全冻感冒了,爸您说的冬令营跟我们这个不一样
爸您说的冬令营跟我们这个不一样,我们是有竞赛班的
我们是有竞赛班的,然后拿到好成绩之后能参加自主招生的
然后拿到好成绩之后能参加自主招生的,去
去,支持我去冬令营 支持我去南大 YES
支持我去冬令营 支持我去南大 YES,去 去什么南大
去 去什么南大,哪的南大
哪的南大,南大 您不是支持我多出去看看吗
南大 您不是支持我多出去看看吗,而且南大的天文系可是全国第一名
而且南大的天文系可是全国第一名,南大是什么
南大是什么,南京大学
南京大学,对
对,然后你去让那儿上学
然后你去让那儿上学,对
对,这 妈妈不会同意
这 妈妈不会同意,我这没说妈妈
我这没说妈妈,我是问您同不同意支不支持吗
我是问您同不同意支不支持吗,你再考虑考虑
你再考虑考虑,再考虑考虑
再考虑考虑,为什么
为什么,南京太远
南京太远,爸爸妈妈看你一次太不方便了
爸爸妈妈看你一次太不方便了,我跟你说南京特别热
我跟你说南京特别热,夏天热冬天冷
夏天热冬天冷,房间里没有暖气
房间里没有暖气,哪有北京舒服
哪有北京舒服,最重要的就是你不爱吃辣吗
最重要的就是你不爱吃辣吗,南京那地方吃的饭那菜都是甜的
南京那地方吃的饭那菜都是甜的,你肯定吃不惯
你肯定吃不惯,知道了
我是不是没工作的事 不应该告诉他们,我觉得告诉他们挺好的
我觉得告诉他们挺好的,没必要瞒着 我们是什么样的家庭
没必要瞒着 我们是什么样的家庭,就让他们面对什么样的生活挺好
怎么了,对磊磊真好
对磊磊真好,对我也好
你现在觉出来了,你就是我的大白
还是说我白 还是说软,说你大
是一个擎天柱,你想干嘛 擎天柱
我跟你一块儿练会瑜伽,妈
妈,怎么靠这儿 累了
怎么靠这儿 累了,靠着吧靠着吧
靠着吧靠着吧,怎么样
怎么样,今天跟爸爸吃饭去
今天跟爸爸吃饭去,开心吗
开心吗,挺开心的
挺开心的,不让你吃
不让你吃,爱吃的也开心
爱吃的也开心,不辣的也好吃
不辣的也好吃,再说了
再说了,你不是不让我吃辣的吗
你不是不让我吃辣的吗,真是爸妈的小乖乖
真是爸妈的小乖乖,辣的就是对身体不好
辣的就是对身体不好,当然了
当然了,偶尔吃一次也没事
偶尔吃一次也没事,你开心了 我才能开心
你开心了 我才能开心,妈妈能跟你躺一会儿吗
妈妈能跟你躺一会儿吗,你别看妈妈平时对你挺严格的
你别看妈妈平时对你挺严格的,其实妈妈还是最爱你的
其实妈妈还是最爱你的,我都知道
我都知道,妈妈想跟你道个歉
妈妈想跟你道个歉,上次不该打你的
上次不该打你的,妈妈一直很
妈妈一直很,后悔
后悔,不怪您
不怪您,上次是我先做错了的
上次是我先做错了的,咱俩就算和解了
咱俩就算和解了,过去了
过去了,我就知道我的英子最好了
我就知道我的英子最好了,妈妈也最好了
妈妈也最好了,您是不是特别爱我
您是不是特别爱我,当然了
当然了,这世界上妈妈最爱你了
这世界上妈妈最爱你了,你可是妈妈的一切
你可是妈妈的一切,那是不是我提什么要求你都会答应
那是不是我提什么要求你都会答应,那还用说嘛
那还用说嘛,我宝贝的要求我全力以赴的也得支持
我宝贝的要求我全力以赴的也得支持,当然了也得是合理要求
当然了也得是合理要求,完不成的妈妈也做不到
完不成的妈妈也做不到,我如果毕业了
我如果毕业了,我大学想考天文系
我大学想考天文系,你答应吗
你答应吗,你的理想
你的理想,你的梦想
你的梦想,妈妈永远是支持的
妈妈永远是支持的,我要是想考南京大学
我要是想考南京大学,南京大学太远了
南京大学太远了,妈妈也
妈妈也,不能搬到南京去
不能搬到南京去,那以后见你不就费劲了
那以后见你不就费劲了,那不行吧
那不行吧,我可以回来看你
我可以回来看你,我查了这南京大学天文系是全国排名第一
我查了这南京大学天文系是全国排名第一,英子
英子,你看我知道你喜欢天文
你看我知道你喜欢天文,所以妈妈也早就帮你了解过了
所以妈妈也早就帮你了解过了,这天文系下面还是细分的
这天文系下面还是细分的,还有航天工程、天体物理
还有航天工程、天体物理,要说起来清华还有北航都挺不错的
要说起来清华还有北航都挺不错的,咱北京姑娘
咱北京姑娘,当然是
当然是,首选北京的学校了
首选北京的学校了,对不对
对不对,英子
英子,其实妈妈早就把你后面的路都安排了
其实妈妈早就把你后面的路都安排了,什么事情都想计划
什么事情都想计划,想想那时候 结婚的时候 想着一步一步的实现过上理想人生
想想那时候 结婚的时候 想着一步一步的实现过上理想人生,结果谁知道会有这么大的意外离了婚
结果谁知道会有这么大的意外离了婚,现在就剩下咱们母女俩相依为命
现在就剩下咱们母女俩相依为命,其实
其实,其实这事儿对妈妈来说挺有挫败感的
其实这事儿对妈妈来说挺有挫败感的,男的大概都这样
男的大概都这样,你对他越好吧
你对他越好吧,他就越想跑
他就越想跑,男的都不值得对他们好
男的都不值得对他们好,你以后要擦亮眼睛
你以后要擦亮眼睛,怎么忽然提到南京大学
怎么忽然提到南京大学,就说说
就说说,妈妈舍不得你离开我
妈妈舍不得你离开我,一辈子都能守着你
一辈子都能守着你,几点了
几点了,坏了
坏了,怎么了
怎么了,炉子上还给你炖着汤
炉子上还给你炖着汤,你趟会也起来吧
你趟会也起来吧,是不是还有套题没做呢
是不是还有套题没做呢,抓紧时间
抓紧时间,大晚上上哪去了
我出去遛个弯,穿着睡衣去遛弯
我出去透气去,那跟谁
那跟谁,打电话
劝劝他,他那小女朋友是挺让人不痛快的
他那小女朋友是挺让人不痛快的,不痛快去分 干嘛 还留着过年了
乔卫东不想娶了,为什么
而且好像 好像他对宋老师还有那么一点点的依恋和怀念,不会吧
不会吧,他还惦记宋倩呢
抽刀断水水更流,原来你是这么理解男人的
不是我这么理解 都这么理解,你给我分析女的
当我没说,你是不是还在怀念你的初恋
因为我的初恋就是你 ,少跟我来这套
少跟我来这套,你说
孩子在呢,我不管
我不管,你说你是不是还在惦记你的初恋
你说你是不是还在惦记你的初恋,想要你的前任 是不是天天给他们发红包
知道吗,你给我听清楚了
你给我听清楚了,你可是我的初恋
你可是我的初恋,你要是敢像乔卫东那样对不起我
你要是敢像乔卫东那样对不起我,老娘绝不放过
拉我起来,正好
正好,给你炖了个红枣燕窝
给你炖了个红枣燕窝,趁热喝了啊
趁热喝了啊,谢谢
谢谢,一边听歌一边做作业不分心
一边听歌一边做作业不分心,这首歌挺好听的
这首歌挺好听的,我放你听
我放你听,好听吗
好听吗,还行
还行,这样 你就干脆先喝了
这样 你就干脆先喝了,一边听歌一边喝
一边听歌一边喝,喝完了抓紧时间做题了
喝完了抓紧时间做题了,好不好
好不好,抓紧啊
什么时候走,马上
中午回来吃饭吗,对
对,你怎么问这么多问题
你怎么问这么多问题,什么意思
我的服务保障得做到位,回来吃
够不着啊,笨死了
笨死了,这不是这么弄的
怎么弄这是,帅丰这导烟版是能拆下来的
帅丰这导烟版是能拆下来的,你看
你看,喷点洗涤灵就行了
喷点洗涤灵就行了,你过来 这还有集油盒在这儿
这么方便,在这下边你看看
怎么样,你敢做我就敢吃
好,凡凡 磊儿 我走了
好,拜拜
好 拜拜,表哥你别老张罗让我去王一笛
表哥你别老张罗让我去王一笛,他们家给他补课了
怎么着你还不想,人家是女孩
人家是女孩,我不好意思
不好意思 就不是第一次去了,主要我之前去他们家给他补课的时候
主要我之前去他们家给他补课的时候,她妈总是旁听
她妈总是旁听,然后还要指导两句
然后还要指导两句,结果最后他说的知识点全都是错的
行行行 走,小梦
小梦,昨天我也给你道歉了
昨天我也给你道歉了,你就别不依不饶了
你就别不依不饶了,咱俩以后不许提分手的事
咱俩以后不许提分手的事,咱可说了
咱可说了,方圆一会来了
方圆一会来了,你对人态度好点
不用人朝后,怎么叫用人朝前不用人朝后
怎么叫用人朝前不用人朝后,这不刚给你买一包吗
而且我哪次来你这不是大包小包的买一堆东西,这都成年人了
这都成年人了,干什么
干什么,你这什么买袜子买内裤的
你这什么买袜子买内裤的,这翻这小肠干什么的
这翻这小肠干什么的,喝点水
喝点水,我跟你说
我跟你说,方圆 那我十几年哥们了
方圆 那我十几年哥们了,人家来了 求到你头上了
人家来了 求到你头上了,你给个面子
你过来,我不是跟你道歉了吗
你道歉有什么用,童文洁不来
童文洁不来,孩子她妈今天不来
孩子她妈今天不来,行了吧
行了吧,放心了
可千万别惹我一身腥,都过去的事了
都过去的事了,你提他干什么
我这人触景生情,你少吃点那坚果
我现在吃点坚果你都不让了,不是说不行
不是说不行,就是说让你少吃点
你嫌我吃了他的零食对吧,你这都想哪去了
你这都想哪去了,真是不可救药了
真是不可救药了,每日坚果 每天一包 补脑
每日坚果 每天一包 补脑,你这一天都吃十几包了
你这一天都吃十几包了,你要补成什么样
你要补成什么样,你就够聪明的了
你就够聪明的了,还补呢 回头把我卖了
还补呢 回头把我卖了,我还得给你点钱去
你尝一尝,那不是坚果
你就来 综合的,我不吃 血糖高
你又不让一凡参加艺考了,方一凡就不是这块料
方一凡就不是这块料,唱歌跳舞都上不了台面
唱歌跳舞都上不了台面,考什么
考什么,他不像你们家笛笛 准备的比较充分
他不像你们家笛笛 准备的比较充分,是吧
是吧,说来就来 都有模有样的
说来就来 都有模有样的,他不行
你知道我小的时候我经常拍挂历上饼干桶,是吗
所以他考上几率大一些,我当时同意方一凡考
我当时同意方一凡考,也是因为方一凡一本肯定没戏
也是因为方一凡一本肯定没戏,二本我们觉得也悬
二本我们觉得也悬,艺考比较便宜
艺考比较便宜,不是艺考就是分数比较低
不是艺考就是分数比较低,想让他试试
想让他试试,毕竟将来出来毕业是个什么文学学士我听说
毕竟将来出来毕业是个什么文学学士我听说,但是我也给他算了一下
但是我也给他算了一下,他喜欢的音乐剧专业招收的名额太少了
他喜欢的音乐剧专业招收的名额太少了,一年好像才招一个班
一年好像才招一个班,一个班才15个人
一个班才15个人,还不是每个艺术院校都有这个专业
还不是每个艺术院校都有这个专业,所以算下来能考取的几率这几乎是0
所以算下来能考取的几率这几乎是0,算了不考了
我们家笛笛现在出道就算晚的,你干嘛还让他考
概率等于0,你说
你说,凡凡
凡凡,我是让他考 还是不让他考
我是让他考 还是不让他考,算了不考了
算了不考了,都已经定了
都已经定了,不想
我就唱我平时听的歌,你这微信可真救了我了
你这微信可真救了我了,你也救了我
你也救了我,你猜我今天下了班去超市说买两包卫生巾
你猜我今天下了班去超市说买两包卫生巾,碰见谁了
碰见谁了,碰见谁
碰见谁,乔卫东
乔卫东,谢谢
谢谢,一见着我就问我一个问题
一见着我就问我一个问题,你猜问我什么
你猜问我什么,他不会问你
他不会问你,你怎么还没绝经呢
你怎么还没绝经呢,真的
真的,这嘴欠不欠气死我了
这嘴欠不欠气死我了,乔卫东我意料之中 他狗嘴里吐不出象牙
乔卫东我意料之中 他狗嘴里吐不出象牙,王一笛妈找你干嘛
王一笛妈找你干嘛,别说了
别说了,这女的可真会算计
这女的可真会算计,什么便宜都要占
什么便宜都要占,他女儿不是要参加艺考
他女儿不是要参加艺考,可是也担心她女儿文化课耽误了
可是也担心她女儿文化课耽误了,所以让磊儿给他女儿辅导文化课
所以让磊儿给他女儿辅导文化课,给钱吗
给钱吗,给了一个红包200块
给了一个红包200块,两小时200
两小时200,现在随便找个大学生一个小时200
现在随便找个大学生一个小时200,磊儿的学习能力不比大学生差
磊儿的学习能力不比大学生差,可不是吗
可不是吗,还浪费磊儿时间
还浪费磊儿时间,我不同意
我不同意,可是 不说了
可是 不说了,你知道他怎么跟磊儿说吗
你知道他怎么跟磊儿说吗,他说
他说,这阿姨要不要多给你点
这阿姨要不要多给你点,可是红包只有200块
可是红包只有200块,上限200
上限200,要不然阿姨多发你点
要不然阿姨多发你点,我心想你直接转账不就行了
我心想你直接转账不就行了,给俩红包不就完了吗
给俩红包不就完了吗,方圆也是这么说的
方圆也是这么说的,真做得出 太鸡贼了
现在可以点餐了吗,可以
可以,我点青咖喱这个蔬菜饭
好,你给我来一个烤三文鱼沙拉
你给我来一个烤三文鱼沙拉,好，谢谢
好，谢谢,先不说她妈 王一笛真的长得挺好看的
先不说她妈 王一笛真的长得挺好看的,大眼睛高鼻梁
大眼睛高鼻梁,大高个儿又会唱歌又会跳舞
大高个儿又会唱歌又会跳舞,你别看她妈咋咋呼呼说话跟机关枪似的
你别看她妈咋咋呼呼说话跟机关枪似的,怎么调养一个女儿 调养的这么好
怎么调养一个女儿 调养的这么好,就是 也不知道用什么样的学习方法
就是 也不知道用什么样的学习方法,反正就知道咱也不一定学得来
反正就知道咱也不一定学得来,他老公做什么的
他老公做什么的,他先生是开公司的
他先生是开公司的,而且是上市公司 别看人这样的
而且是上市公司 别看人这样的,特听老婆话
特听老婆话,妻管严
妻管严,真的
真的,我觉得大概是一个什么巨蟹座
我觉得大概是一个什么巨蟹座,巨蟹座是气管炎吗
巨蟹座是气管炎吗,不是说特顾家吗
不是说特顾家吗,对
对,哪像你这魔羯座工作狂
哪像你这魔羯座工作狂,真是把你搁在家里
真是把你搁在家里,我看你你也坐不住
我看你你也坐不住,工作狂有什么用
工作狂有什么用,现在工作也没弄好
现在工作也没弄好,孩子也没弄好
孩子也没弄好,你看看人家要什么有什么
你看看人家要什么有什么,人有资本拼 拼老公、拼孩子 拼自己
人有资本拼 拼老公、拼孩子 拼自己,我呢 
我呢 ,拼命
拼命,关键是拼了命也没好结果
关键是拼了命也没好结果,你看我们家英子这成绩
你看我们家英子这成绩,英子可以了
英子可以了,可以什么 从第二名一下滑到了这20多名
可以什么 从第二名一下滑到了这20多名,快快30名了
快快30名了,是啊
是啊,我说怎么弄的
我说怎么弄的,我这一个劲检讨我自己
我这一个劲检讨我自己,肯定有他的问题
肯定有他的问题,但我觉得肯定也有我的问题
但我觉得肯定也有我的问题,你说我是不是对他太凶了
你说我是不是对他太凶了,你那不叫凶
你那不叫凶,你那叫凶我叫什么了
你那叫凶我叫什么了,你对英子最多就是高标准严要求
你对英子最多就是高标准严要求,因为你自己对自己要求就严
因为你自己对自己要求就严,我对方一凡连打带骂连踹带吼的
我对方一凡连打带骂连踹带吼的,就这么凶还没用
就这么凶还没用,还不成器
还不成器,你那就是雷声大雨点小又不当真的
你那就是雷声大雨点小又不当真的,打打闹闹的
打打闹闹的,我觉得方一凡性格多好
我觉得方一凡性格多好,你看咱都看着别人家孩子好
你看咱都看着别人家孩子好,你说孩子们是不是也看上别人家父母好
你说孩子们是不是也看上别人家父母好,肯定的
肯定的,小的时候我们老觉得别人家的父母好
小的时候我们老觉得别人家的父母好,拿别人家的父母跟咱自己父母互相比
拿别人家的父母跟咱自己父母互相比,现在我们为人父母了
现在我们为人父母了,又觉得别人家的孩子好了
又觉得别人家的孩子好了,你说是不是挺没劲的
你说是不是挺没劲的,是挺没劲的
是挺没劲的,对了
对了,我那天看见英子和刘静在楼道口手拉着手也不知道说什么呢
我那天看见英子和刘静在楼道口手拉着手也不知道说什么呢,亲亲热热
亲亲热热,我知道 肯定是让他给他当儿媳妇
我知道 肯定是让他给他当儿媳妇,后来回来问他一下
后来回来问他一下,英子说给季杨杨送卷子去了
英子说给季杨杨送卷子去了,然后刘静好像特别感谢他
然后刘静好像特别感谢他,特别巧
特别巧,我早上正好去他们家不是暖气不热吗
我早上正好去他们家不是暖气不热吗,我说带物业去给他放气儿
我说带物业去给他放气儿,他也是拉着我夸了半天英子也好也好
他也是拉着我夸了半天英子也好也好,说他们家要是有英子女儿就好了
说他们家要是有英子女儿就好了,我这回来一想这英子还挺招人喜欢
我这回来一想这英子还挺招人喜欢,当然
当然,你也喜欢
你也喜欢,刘静也喜欢
刘静也喜欢,都那么抢着喜欢他
都那么抢着喜欢他,你说英子是不是心里面也觉得刘静挺好的
你说英子是不是心里面也觉得刘静挺好的,想让刘静当她妈呀
想让刘静当她妈呀,你有病吧
你有病吧,你是不是觉得谁都要给你抢英子 刘静的醋你也吃是不是
你是不是觉得谁都要给你抢英子 刘静的醋你也吃是不是,我自己也挺喜欢刘静的
我自己也挺喜欢刘静的,人家领导夫人 多有气质
人家领导夫人 多有气质,温文尔雅的
温文尔雅的,要是我能跟他 是不综合就好了
要是我能跟他 是不综合就好了,综合什么
英子 快进来,没人吧
没人 你快点,谢谢陶子麻烦你了
你报名表交上去了吗,别提了
别提了,我跟你说我昨天干了一件巨蠢无比的事
什么事,我妈之前不是一直对我爱搭不理的吗
我妈之前不是一直对我爱搭不理的吗,然后他昨天过来找我跟我说了一大堆交心的话
然后他昨天过来找我跟我说了一大堆交心的话,还跟我道了歉
还跟我道了歉,结果我脑子一抽筋
你呀 你这个脑袋,我也不知道我是怎么了
我也不知道我是怎么了,脑袋一热就都给说出来
脑袋一热就都给说出来,这可怎么办
这可怎么办,我之前还要你们帮我保密
我之前还要你们帮我保密,结果自己先给说出来
现在,再看吧
那也行,拜拜
拜拜,我跟你说 咱们是因为自己的孩子 付出了心血
我跟你说 咱们是因为自己的孩子 付出了心血,付出的精力 付出太多
付出的精力 付出太多,所以就要求回报
所以就要求回报,孩子要不听话咱们就生气
孩子要不听话咱们就生气,那别人 管你们家孩子 又没付出一毛钱
那别人 管你们家孩子 又没付出一毛钱,是不是
是不是,当然和和气气的 看你家孩子都觉得你好
当然和和气气的 看你家孩子都觉得你好,我不信刘静回家不跟他儿子急
我不信刘静回家不跟他儿子急,那天方圆不说了吗
那天方圆不说了吗,老季 当着众人的面打了季杨杨一巴掌
老季 当着众人的面打了季杨杨一巴掌,对不对
对不对,你说的有道理
你说的有道理,父母当的
父母当的,文洁
文洁,你说我们拼了命的
你说我们拼了命的,想把自己觉得最好的东西给孩子
想把自己觉得最好的东西给孩子,可能也给的太多了
可能也给的太多了,给过火了
给过火了,这孩子还拼命不要
这孩子还拼命不要,想想英子
想想英子,你看乔卫东
你看乔卫东,是这么一讨厌的人
是这么一讨厌的人,英子就喜欢他
英子就喜欢他,看他什么都好
看他什么都好,我有时候再想想
我有时候再想想,我是不是应该改改我的教育方式
我是不是应该改改我的教育方式,怎么改
怎么改,你改成乔卫东式的教育方式你行吗
你改成乔卫东式的教育方式你行吗,乔卫东那套 我一个也看不上
乔卫东那套 我一个也看不上,可他能跟英子当朋友 我就不行
可他能跟英子当朋友 我就不行,其实当朋友这事还真是挺利于亲子关系的
其实当朋友这事还真是挺利于亲子关系的,你看方圆 就跟方一凡
你看方圆 就跟方一凡,老通着气儿
老通着气儿,你说是不是我也得改一改
你说是不是我也得改一改,怎么改
怎么改,这简单啊 心平气和
这简单啊 心平气和,温良恭俭让呗
温良恭俭让呗,你呀我还真不信
你呀我还真不信,行 我拭目以待
行 我拭目以待,这必须改 又不是为我自己 为孩子
这必须改 又不是为我自己 为孩子,那行
那行,咱们都改 回去就改
咱们都改 回去就改,蒜油他们是拿椰子油做的很健康
蒜油他们是拿椰子油做的很健康,拿面包蘸着吃才好吃
拿面包蘸着吃才好吃,来试试
来试试,对 怎么样
对 怎么样,很好吃吧
很好吃吧,来 尝这个啊
来 尝这个啊,妈 你今儿怎么突然想起来带我下馆子了
妈 你今儿怎么突然想起来带我下馆子了,也没有突然啊 没事嘛
也没有突然啊 没事嘛,出来放松不是挺好的
出来放松不是挺好的,但是您之前不是一直说外面食物不健康吗
但是您之前不是一直说外面食物不健康吗,肯定跟家里比起来
肯定跟家里比起来,卫生健康都没法比
卫生健康都没法比,但是这家还行
但是这家还行,偶尔出来吃一次没关系
偶尔出来吃一次没关系,妈 你晚上回去的时候帮我再看一下期中卷子
妈 你晚上回去的时候帮我再看一下期中卷子,那天不是讲过了
那天不是讲过了,但是我最后一道大题第四问我还是有点不明白
但是我最后一道大题第四问我还是有点不明白,你再给我讲一遍
你再给我讲一遍,那前头都明白了吗
那前头都明白了吗,那就行了
那就行了,不着急明天再说
不着急明天再说,其实第四问的也不是基础题
其实第四问的也不是基础题,真要考试遇见了不会做
真要考试遇见了不会做,就干脆放弃
就干脆放弃,干嘛那么奇怪的看着我
干嘛那么奇怪的看着我,好不容易出来吃趟饭
好不容易出来吃趟饭,咱都放松
咱都放松,一会还想着带你逛逛街
一会还想着带你逛逛街,看上条裙子
看上条裙子,想让你试一下去 回咱看韩剧好不好
想让你试一下去 回咱看韩剧好不好,我出门时候已经下上了
我出门时候已经下上了,还看韩剧
还看韩剧,我们一起看
我们一起看,你还记不记得去年冬天咱俩钻一个被窝里面窝在里面看
你还记不记得去年冬天咱俩钻一个被窝里面窝在里面看,1988还记得吗
1988还记得吗,你不是一直说高三时间争分夺秒
你不是一直说高三时间争分夺秒,突然这样
突然这样,我不太明白
我不太明白,是 高三得争分夺秒
是 高三得争分夺秒,妈妈这段时间好好检讨一下自己
妈妈这段时间好好检讨一下自己,我觉得前段时间无论你是没有心情上学
我觉得前段时间无论你是没有心情上学,还是考试排名不好
还是考试排名不好,其实说到底还是妈妈的教育出了问题
其实说到底还是妈妈的教育出了问题,妈妈是下决心想改变自己
妈妈是下决心想改变自己,以后
以后,咱们这样 只要你的学习都完成了
咱们这样 只要你的学习都完成了,你想休息也行
你想休息也行,想去看看什么韩剧美剧
想去看看什么韩剧美剧,玩乐高也行
玩乐高也行,你想去天文馆其实也行
你想去天文馆其实也行,当然前提还是得把妈妈给你制定的一个复习计划做完
当然前提还是得把妈妈给你制定的一个复习计划做完,你看这样行吗
你看这样行吗,妈您
妈您,不用这样
不用这样,高三时间就剩一半了
高三时间就剩一半了,我其实真的没有心情玩的
我其实真的没有心情玩的,不
不,我觉得妈妈是以前对你有点严苛了
我觉得妈妈是以前对你有点严苛了,你看你爸虽然他一身毛病
你看你爸虽然他一身毛病,但是他对你真的是没的说
但是他对你真的是没的说,所以妈妈应该向他学习
所以妈妈应该向他学习,他性格就比较放松
他性格就比较放松,你跟他在一起也会觉得比较松弛一点
你跟他在一起也会觉得比较松弛一点,对不对
对不对,我觉得有时候中和平衡一下
我觉得有时候中和平衡一下,对
对,可以平衡一下
可以平衡一下,也不能老学习
也不能老学习,虽然说他毛病多
虽然说他毛病多,但是他也是有优点的
但是他也是有优点的,我以前总是去其糟粕
我以前总是去其糟粕,却没有看见他身上的优点
却没有看见他身上的优点,您真这样想的
您真这样想的,我当然这么想
我当然这么想,我是觉得自己之前做的都挺不好的
我是觉得自己之前做的都挺不好的,才会给你造成这样的困惑
才会给你造成这样的困惑,我希望以后妈妈也能像爸爸那样
我希望以后妈妈也能像爸爸那样,他怎么对你
他怎么对你,我也怎么对
我也怎么对,我也希望你怎么对爸爸也愿意怎么对妈妈有什么心里话
我也希望你怎么对爸爸也愿意怎么对妈妈有什么心里话,都能开诚布公的跟妈妈说
都能开诚布公的跟妈妈说,好吗
好吗,妈
妈,其实我觉得你和我爸是完全不同的两种人
其实我觉得你和我爸是完全不同的两种人,这想法也是南辕北辙的
这想法也是南辕北辙的,我知道您是想对我好
我知道您是想对我好,其实您真的不用强迫自己去学他那一套
其实您真的不用强迫自己去学他那一套,他那一套您不是之前也一直看不上吗
他那一套您不是之前也一直看不上吗,我也不是看不上他
我也不是看不上他,有的时候掌握不太好那个度 就过犹不及了
有的时候掌握不太好那个度 就过犹不及了,但是你爸爸身上真的也有他的优点
但是你爸爸身上真的也有他的优点,再说了
再说了,他要是什么优点都没有的话
他要是什么优点都没有的话,我当初也不会跟他在一起
我当初也不会跟他在一起,哪有你呢
哪有你呢,反正我希望以后妈妈要做的不好
反正我希望以后妈妈要做的不好,你能提醒我
你能提醒我,好不好
好不好,这样我们将来才有更好的交流
这样我们将来才有更好的交流,好吗
好吗,拉钩
拉钩,拉钩
拉钩,盖章
盖章,盖章
盖章,说好了
说好了,来 吃 给你盛点蒜泥
来 吃 给你盛点蒜泥,妈您先等一下
妈您先等一下,我先说一个
我先说一个,其实我特别爱不爱吃蒜蓉
其实我特别爱不爱吃蒜蓉,你不爱吃蒜蓉
你不爱吃蒜蓉,有股怪味
有股怪味,以前怎么没跟我说过
以前怎么没跟我说过,不吃 来 不吃
不吃 来 不吃,不瞒你说
不瞒你说,其实妈妈很喜欢吃蒜蓉的
其实妈妈很喜欢吃蒜蓉的,妈妈这不是怕吃了以后口气不好
妈妈这不是怕吃了以后口气不好,你不喜欢
你不喜欢,才不敢吃的
才不敢吃的,您吃
您吃,真吃了
真吃了,我又不会嫌弃你
我又不会嫌弃你,来
来,帮你多蘸点
帮你多蘸点,你吃
你吃,好好我吃
好好我吃,好吃
好吃,香啊
香啊,真香 你怎么不爱吃呢 会
真香 你怎么不爱吃呢 会,不蘸的好吃
不蘸的好吃,各得其所
各得其所,咱这样多好
咱这样多好,有什么事说开了
有什么事说开了,你说还有什么要说的
你说还有什么要说的,还是算了 好尴尬
还是算了 好尴尬,为什么 说
为什么 说,怕什么说说 我保证不生气
怕什么说说 我保证不生气,保证
保证,好不好
好不好,那我说了
那我说了,我说 我就想跟您商量
我说 我就想跟您商量,我挺想参加南京大学冬令营的
我挺想参加南京大学冬令营的,算了您当我没说过吧
算了您当我没说过吧,我是这么想的
我是这么想的,他们这次在深圳 参加的话
他们这次在深圳 参加的话,您正好可以去香港玩一圈
您正好可以去香港玩一圈,冬令营是吧
冬令营是吧,其实家长群里面早就通知了
其实家长群里面早就通知了,为这个 我特别认真的研究了几天
为这个 我特别认真的研究了几天,这冬令营对自招录取确实是有帮助的
这冬令营对自招录取确实是有帮助的,所以你要想上的话
所以你要想上的话,我肯定支持你
我肯定支持你,但是我觉得我们应该更有针对性的来选择一下
但是我觉得我们应该更有针对性的来选择一下,首先还是应该选择咱们北京的学校
首先还是应该选择咱们北京的学校,你看清华北航
你看清华北航,这都可以选
这都可以选,我还是想试试南京大学
我还是想试试南京大学,南京大学实在是太远了
南京大学实在是太远了,将来我们又不考
将来我们又不考,那上它有什么意义呢
那上它有什么意义呢,你要在北京选一个学校
你要在北京选一个学校,我觉得又省时间换换脑子
我觉得又省时间换换脑子,妈妈肯定支持
妈妈肯定支持,服务员
你好,我们点意大利面还没好
看一下,谢谢
谢谢,英子
英子,你看这样好不好
你看这样好不好,我们各退一步
我们各退一步,妈妈以后肯定会向爸爸看齐
妈妈以后肯定会向爸爸看齐,然后让你后面的学习生活更加宽松
然后让你后面的学习生活更加宽松,但南京大学咱别再想了
但南京大学咱别再想了,好吧
好吧,呵呵
呵呵,行了
行了,好好吃饭
好好吃饭,吃完了我还说带你去试一下那条裙子
吃完了我还说带你去试一下那条裙子,你还真是很少穿裙子
你还真是很少穿裙子,现在整天穿校服
现在整天穿校服,像个小男孩似的可不行
像个小男孩似的可不行,粉颜色喜欢吗还
粉颜色喜欢吗还,我看紫色的 我觉得还行
我看紫色的 我觉得还行,怎么了
怎么了,我忘了拿毛巾了
我忘了拿毛巾了,我给你拿
我给你拿,卫生间里 那条蓝色的
卫生间里 那条蓝色的,对
对,谢谢
谢谢,给我吧
给我吧,我妈她啥时候回来
我妈她啥时候回来,周一有个家长会 是您去还是我妈去
周一有个家长会 是您去还是我妈去,周一 那时候你妈回来了吧
周一 那时候你妈回来了吧,还是他去
还是他去,行
行,我回屋了
我回屋了,杨杨 你等会
杨杨 你等会,我跟你说点事 给你看样东西
我跟你说点事 给你看样东西,什么东西
什么东西,你看这次期中考没考好
你看这次期中考没考好,周一还要开家长会
周一还要开家长会,我和你妈都挺着急的
我和你妈都挺着急的,来 你看看这个
来 你看看这个,坐下
坐下,我就想着急也没有用
我就想着急也没有用,学习一定要讲究学习方法
学习一定要讲究学习方法,这个就是爸爸当年上高三的时候学习方法笔记
这个就是爸爸当年上高三的时候学习方法笔记,你看看
你看看,您这都20多年前的方法了
您这都20多年前的方法了,再说了
再说了,您学文我学理 也没什么可借鉴的
您学文我学理 也没什么可借鉴的,不是
不是,咱们学的东西系虽然不同
咱们学的东西系虽然不同,但是学习方法是可以沟通的
但是学习方法是可以沟通的,行
行,我回头看看
我回头看看,别走
别走,你坐下
你坐下,今天咱们俩聊聊
今天咱们俩聊聊,爸爸找这个本子的时候
爸爸找这个本子的时候,就想起爸爸当年高考的时候的很多事
就想起爸爸当年高考的时候的很多事,你觉得高考难吗
你觉得高考难吗,压力大吗
压力大吗,我还行
我还行,没觉得有什么压力
没觉得有什么压力,而且我这点分也考不上什么太好的大学
而且我这点分也考不上什么太好的大学,不行你不能放弃你自己
不行你不能放弃你自己,离高考还有时间
离高考还有时间,你要努力
你要努力,爸爸当年能考上大学
爸爸当年能考上大学,那是幸运的
那是幸运的,当然也不全都是幸运的
当然也不全都是幸运的,也是爸爸努力和实力的体现
也是爸爸努力和实力的体现,对吧
对吧,对
对,你说当年考大学那么难
你说当年考大学那么难,爸爸为什么能够脱颖而出呢
爸爸为什么能够脱颖而出呢,爸爸就是有很好的学习方法
爸爸就是有很好的学习方法,你看 上半本是爸爸第一年高考的时候总结的经验
你看 上半本是爸爸第一年高考的时候总结的经验,后半本这个时候就是第二年参加高考的时候
后半本这个时候就是第二年参加高考的时候,搞的学习体会 犯过的错误就不能再犯了
搞的学习体会 犯过的错误就不能再犯了,爸
爸,您怪不得得考两次
您怪不得得考两次,瞧着密密麻麻的 看着还真有点成效
瞧着密密麻麻的 看着还真有点成效,当然了
而且不用自宫,设置一个错题集
设置一个错题集,将每次考试卷子上的错题都分类处理选择题、填空题、解答题分类完
将每次考试卷子上的错题都分类处理选择题、填空题、解答题分类完,按照型再做归
按照型再做归,行
行,您的方法我先回去试试
您的方法我先回去试试,完了以后再跟您讨论
完了以后再跟您讨论,我先回去做卷子去了
我先回去做卷子去了,别 我还没说完
别 我还没说完,杨杨 听我说
杨杨 听我说,我刚才只跟你说的是一种学习方法
我刚才只跟你说的是一种学习方法,还有很多种 都在这个本子上
还有很多种 都在这个本子上,你选一种适合你的
你选一种适合你的,关键是你要总结自己的经验教训
关键是你要总结自己的经验教训,还没说完 总结教训以后
还没说完 总结教训以后,你要从心里边重视 把它转换成一种学习方式
你要从心里边重视 把它转换成一种学习方式,转换完了 你从心里边要总结你的经验
转换完了 你从心里边要总结你的经验,你要端正你的学习态度
你要端正你的学习态度,你早点休息
你早点休息,杨杨
杨杨,我饿了
我饿了,做点宵夜你吃吗
做点宵夜你吃吗,吃
吃,你也饿了
你也饿了,有点
有点,你做什么
你做什么,你想吃什么
你想吃什么,要不然饺子 我妈走之前 不是买了好多
要不然饺子 我妈走之前 不是买了好多,行
行,我再给你蒸个鸡蛋羹
我再给你蒸个鸡蛋羹,稍等一会
稍等一会,现在你人到底在哪
这事我不应该瞒着你,到底是哪出了问题
所以要住院做活检,这么大的事
这么大的事,为什么不告诉我
我得考虑大局,什么时候出结果
还没结果,我是觉得这些年我你对孩子亏欠的太多了
我是觉得这些年我你对孩子亏欠的太多了,对吧
对吧,特别是对你 每天同吃同住
特别是对你 每天同吃同住,你生病了我都不知道
你生病了我都不知道,我这个丈夫是怎么当的
我这个丈夫是怎么当的,不是 以前我要是对你关心
别那么大的心理负担,谢谢 你跟我们说方一凡艺考的事 又给我们资料
谢谢 你跟我们说方一凡艺考的事 又给我们资料,然后又跟我们电话沟通
考虑怎么样了,你说完以后我们也去咨询了一圈
你说完以后我们也去咨询了一圈,也看了一下
也看了一下,觉得还是算了
觉得还是算了,因为凡凡
因为凡凡,现在要准备 一个是时间上来不及
现在要准备 一个是时间上来不及,第二个我们就觉得他真的不太是这块料
第二个我们就觉得他真的不太是这块料,所以我们想还是算了
所以我们想还是算了,还是参加普通高考
毕竟确实是一个能上一本院校的一个捷径,我们也知道
还是你们做决定,不上了
不上了,我们已经决定了
我们已经决定了,李老师 英子的情况你也了解
李老师 英子的情况你也了解,他这次期中考试一下成绩掉了那么多
这个是 咱俩之前不是也交流过吗,是 我觉得咱们这个活动挺好的
是 我觉得咱们这个活动挺好的,也给我提了个醒
也给我提了个醒,其实我对孩子在学校的具体情况也不是特别了解
其实我对孩子在学校的具体情况也不是特别了解,就想问问您
就想问问您,英子没早恋吧
老师看的还是很清楚的,那就好
别给他太大压力,是
是,这次考完以后
这次考完以后,我单独也跟他聊了聊
我单独也跟他聊了聊,我自己其实也反思了一下
我自己其实也反思了一下,确实觉得应该改换一些方法应对这高三
是您不让他去吗,不会不会
不会不会,我当然支持他去了
我当然支持他去了,就是还没有选好具体的学校
就是还没有选好具体的学校,这不是北京的孩子吗
这不是北京的孩子吗,还是想在北京范围内选一家
如果要是参加的话就赶紧把这报名表交上好吧,好的
好的,我们尽快
你怎么过来了,现在感觉怎么样
现在感觉怎么样,疼吗
没什么感觉,那就好
杨杨家长会怎么办,我就从那边赶过来的
我就从那边赶过来的,别操心了
你没找老师单独聊聊,今天没碰到
今天没碰到,老师 没跟他们单独聊
老师 没跟他们单独聊,下周抽时间再去
下周抽时间再去,但是之前的讲座我是听完了
但是之前的讲座我是听完了,就是说现在高三孩子压力大
就是说现在高三孩子压力大,家长教育要讲究方式方法
家长教育要讲究方式方法,还说就是说有一些孩子压力太大了
还说就是说有一些孩子压力太大了,容易出问题
你没发现  他今天抱桃子的时候 明显感觉都不一样,那不是老师要求的嘛
还给你拥抱郁闷了,老师不是讲到原生家庭的影响了吗
老师不是讲到原生家庭的影响了吗,我也想到我爸妈心里就有点难受
我挺羡慕你,你羡慕我
还定时定量,我宁愿只拿一份
我宁愿只拿一份,这样他们就可以在一块了
这结果他把我打了一顿,你有病吧
你有病吧,你不希望你爸妈好好的吗
不 比乔叔叔更好,别开玩笑了
别开玩笑了,你别安慰我了
你别安慰我了,没人希望自己爸妈离婚
放平心态,你这是辣椒酱 炸串 油饼
你这是辣椒酱 炸串 油饼,你们家不是不让进这些吗
你们家不是不让进这些吗,英子爱吃吗
英子爱吃吗,我也只能忍了
我也只能忍了,你现在可以 你都能忍得了
你现在可以 你都能忍得了,忍不了
忍不了,说实在 我闻着油味儿都想吐
说实在 我闻着油味儿都想吐,你还买那么多
你还买那么多,你们说的呀 让我站在孩子的角度去理解他们的喜好
抱抱,我上去了
对不对,自从我爸妈离婚之后
自从我爸妈离婚之后,我就没怎么再开心过
我就没怎么再开心过,从那之后我妈就跟变了个人似的
从那之后我妈就跟变了个人似的,一门心思对我好
一门心思对我好,什么事都没
什么事都没,我的事重要
你还不开心,可他越对我好就越有压力
可他越对我好就越有压力,你知道吗
你知道吗,我家里有张计划表
我家里有张计划表,里边写了从早到晚我该干什么
里边写了从早到晚我该干什么,我不能干什么
我不能干什么,我都得严格按照那张表上的来执行
我都得严格按照那张表上的来执行,我真的快喘不过来气了
我真的快喘不过来气了,我这次期中考试那些题
我这次期中考试那些题,其实我都会 我知道答案是A
其实我都会 我知道答案是A,但我写下来就是b 我也不知道我这是怎么了
但我写下来就是b 我也不知道我这是怎么了,好多题
好多题,明明我妈都给我辅导过了
明明我妈都给我辅导过了,可我就是不想写
但是对与错我还真不知道,我就觉得没意思
我就觉得没意思,高三没意思
高三没意思,高中没意思 家里没意思
高中没意思 家里没意思,学校也没意思
学校也没意思,什么都没意思
知道吗,我爸回来就挺让我开心的
我爸回来就挺让我开心的,可是我以为他永远都不会走了
可是我以为他永远都不会走了,他永远都可以陪着我
他永远都可以陪着我,但我现在见他一面
但我现在见他一面,我都要顾及我妈的感受
我都要顾及我妈的感受,我爸现在那套房子
我爸现在那套房子,我们家第一套房子
我们家第一套房子,我就跟那出生长大的
我就跟那出生长大的,我还记得我们三跟着过了好久
我还记得我们三跟着过了好久,我还记得原来那卧室有我一张小床都记得
我还记得原来那卧室有我一张小床都记得,我爸妈离婚之后 我爸收拾行李 一件一件的 从家里把东西往外搬
我爸妈离婚之后 我爸收拾行李 一件一件的 从家里把东西往外搬,我就趴在
我就趴在,阳台上看
阳台上看,我看见了
我看见了,他在楼底下拉着他的行李箱
他在楼底下拉着他的行李箱,越走越远
越走越远,人越来越小
人越来越小,从那之后我就知道了
从那之后我就知道了,他再也不会回来了
他再也不会回来了,他再也不属于这个家了
早上多睡半个小时多重要,我都懒得说你，你是猪啊？你知不知道人一天最重要的一个学习的黄金时段
我都懒得说你，你是猪啊？你知不知道人一天最重要的一个学习的黄金时段,就是起床以后的两小时
就是起床以后的两小时,什么都不知道
这有什么区别,我懒得说，我说不过你
我懒得说，我说不过你,我问你一下全国经销商大会的PPT
我问你一下全国经销商大会的PPT,你查了吗
检查过了,几遍
两遍,第14页怎么回事
第14页怎么回事,多了两个的
有吗,有多了两个白芍灯
有多了两个白芍灯,我不知道是为什么
我不知道是为什么,还有再问你最后一页谁给我加的吧
吧,吧
吧,我们会一起努力
我们会一起努力,句号ok了非常好
句号ok了非常好,全片结束
全片结束,我们会一起努力吧
我们会一起努力吧,谁给你吧呀？你是问号还是感叹号
老大你都背下来啦？,我要喊你叫老大
我要喊你叫老大,这些我需要背吗
这些我需要背吗,这些就像细胞一样长在我的血液里，与生俱来
那我写作业去了,一天到晚玩这个消消乐
一天到晚玩这个消消乐,你还眼科大夫呢，不知道这个伤眼睛啊？
你还眼科大夫呢，不知道这个伤眼睛啊？,迟早自己得给自己做手术
咋俩玩一会儿,我忙着呢
我忙着呢,我跟你说啊
我跟你说啊,那个后天的什么家长会还是我去好不好
那个后天的什么家长会还是我去好不好,你去我还是不放心
你去我还是不放心,行了那行
行了那行,我不弄了，来
我再玩会儿这个，过这关,你过吧过吧过吧
你过吧过吧过吧,不玩死你？懒得伺候你
你这脸就这转化的太快了,你不看谁教我的
谁谁谁教你的,你教的呀
你教的呀,我是想呀
我是想呀,既然青春期到了以后肯定少不了对我们横眉冷对的
既然青春期到了以后肯定少不了对我们横眉冷对的,至少养条狗下班回来还有人对我们摇个尾巴
至少养条狗下班回来还有人对我们摇个尾巴,给个笑脸
给个笑脸,来给个笑脸
来给个笑脸,真乖
真乖,把毛巾拿来
把毛巾拿来,我给你时间解释啊
我给你时间解释啊,5分钟
我就,你怕我着急上火
你怕我着急上火,你瞒着我
你瞒着我,将来你找了小三
将来你找了小三,你也怕我着急上火
你也怕我着急上火,你是不是也打算瞒着
那肯定不会瞒着你,好
佳妮在微信群里跟大家说,还不要把成绩单贴出来
还不要把成绩单贴出来,你想让我丢几次脸
你想让我丢几次脸,你说吧
黄的衣服特别像一个大香蕉,你别跟我贫，跟我贫没有用的
不是人家爱因斯坦以前还考试不及格,爱因斯坦不及格这事儿
爱因斯坦不及格这事儿,这事早就辟谣了
这事早就辟谣了,行不行
他数学考考过15分,钱钟书先生的英语
钱钟书先生的英语,人家考的满分
寸有所长,你不要跟我说尺寸长短的事情，高考不管你尺寸长短
你不要跟我说尺寸长短的事情，高考不管你尺寸长短,高考不管你尺寸长短
高考不管你尺寸长短,你今天要是进不了前100
你今天要是进不了前100,你就进不了重点高中
你就进不了重点高中,你进不了重点高中进不了重点大学
你进不了重点高中进不了重点大学,你进不了重点大学，你等于是这辈子完了
你进不了重点大学，你等于是这辈子完了,我没跟你开玩笑
我没跟你开玩笑,她一会回来我跟他严肃认真谈一谈
她一会回来我跟他严肃认真谈一谈,你给我躲一边去
你下得了手吗,我是那种人吗
所以说我就知道你不是那种种人,你别给我跪着，这一套今天不管用
你摸,烦不烦你
你说你这香蕉把皮剥了是什么效果,你有话跟妈妈说吗
你有话跟妈妈说吗,今天
说说什么啊？,你说说什么
爸爸都跟你说了,爸爸跟我说是爸爸跟我说
爸爸跟我说是爸爸跟我说,你跟我说是你跟我说
你跟我说是你跟我说,你主动交代
你主动交代,就坦白从宽
妈妈我错了,哪儿错了
哪儿错了,第一
我这次英语考试没考好,第二
不该瞒着你,第三
不该不该拉着爸爸一起瞒着你,第四
第四,没第四是吧
没第四是吧,就这三个啊？
就这三个啊？,你坐下
你坐下,你先不许跟我哭
你先不许跟我哭,我们来讲问题
我们来讲问题,我再也没想到方朵朵居然跌出了100之外
我再也没想到方朵朵居然跌出了100之外,从来没有过的
从来没有过的,我不相信这是你考出来的成绩
说说她要出国了,方朵朵
方朵朵,你今天给我听清楚了
你今天给我听清楚了,我不管你许慧八慧，任何人都不能影响你考试的成绩
我不管你许慧八慧，任何人都不能影响你考试的成绩,不能影响你考试的心情
不能影响你考试的心情,天大的事都不行
我当时考试时我就一直在想,不许哭，好好说
她一个人，那要想她爸妈怎么办,方朵朵
方朵朵,这事跟你有关系吗
这事跟你有关系吗,她爸爸妈妈愿意送是他爸爸妈妈的事情
她爸爸妈妈愿意送是他爸爸妈妈的事情,想也是他们的事情
想也是他们的事情,我现在终于知道了
我现在终于知道了,你不是因为许慧出国成绩考差
你不是因为许慧出国成绩考差,你是因为每天脑子里面尽想着这些跟学习没有关系的事情
你是因为每天脑子里面尽想着这些跟学习没有关系的事情,它耽误了你太多的精力了
它耽误了你太多的精力了,你以后从今天开始把你的精力收回来
你以后从今天开始把你的精力收回来,放在学习上面行不行
放在学习上面行不行,这替别人瞎操心
我爸妈肯定也会,你打住，谁告诉你你要出国的呀
你打住，谁告诉你你要出国的呀,欸，方朵朵是你爸跟你说还是我跟你说的
欸，方朵朵是你爸跟你说还是我跟你说的,我有说过一句要把你送出国吗？
我有说过一句要把你送出国吗？,你净想这些不会发生的事情
你净想这些不会发生的事情,你这不是瞎想吗
你这不是瞎想吗,北京这么好，这么多好的重点高中
北京这么好，这么多好的重点高中,北大附中、101、4中随你考
北大附中、101、4中随你考,只要你成绩好
只要你成绩好,行了，别说了
行了，别说了,别说了也别想了
别说了也别想了,好好复习你的功课
好好复习你的功课,爸爸妈妈和你永远不分开
爸爸妈妈和你永远不分开,记住了
行吗,傻子
傻子,什么叫你绝对不会出国
什么叫你绝对不会出国,我就不会送你出去
我就不会送你出去,妈妈就你这一个亲人
妈妈就你这一个亲人,当然
当然,爸爸也算
爸爸也算,但是爸爸跟妈妈没有血缘
但是爸爸跟妈妈没有血缘,有血缘的
有血缘的,只有你一个
只有你一个,好好表现给你将功补过的机会
好好表现给你将功补过的机会,90分卷子下次拿来
90分卷子下次拿来,妈妈抱抱，傻子
妈妈抱抱，傻子,那晚上跟妈妈睡
那晚上跟妈妈睡,好不好
好不好,妈妈爱你
妈妈爱你,非常非常爱你
非常非常爱你,好了，不哭了
好了，不哭了,不哭了
不哭了,你看你哭的
你看你哭的,还有两张卷子没写呢
还有两张卷子没写呢,妈给你拧把毛巾
妈给你拧把毛巾,赶紧把卷子写了
赶紧把卷子写了,水果吃了，哈
水果吃了，哈,怎么了
怎么了,这是，唉声叹气的
这是，唉声叹气的,公司出事了
公司出事了,我跟你说负面情绪对孕妇胎儿都不好
所以我决定把他接回来住,接回来？
接回来？,住这儿？
容不下一个孩子,怎么可能是我容不下他呀
怎么可能是我容不下他呀,你看他以前对我做的那些事儿
是是是,其实我真的没什么
其实我真的没什么,可是你看我现在不方便
可是你看我现在不方便,那小宇一个男孩子的脾气大
那小宇一个男孩子的脾气大,力气也大
力气也大,谁知道他一个不小心
真的,那他住哪啊
行吗,你是一家之主
你是一家之主,我说的话也不算数
我说的话也不算数,你随便吧
你随便吧,我都跟你说了
我都跟你说了,你呀，就是懒得动
你呀，就是懒得动,开一段时间就下车休息休息呀
开一段时间就下车休息休息呀,怎么休息啊
怎么休息啊,这不是耽误拉活吗
这不是耽误拉活吗,什么耽误拉活，你就找借口，懒
什么耽误拉活，你就找借口，懒,懒就说懒
绕49城好几圈,那是车动
那是车动,能一样吗
能一样吗,没有谁动不是动
没有谁动不是动,你说琴琴怎么最近这学习成绩都掉到第8名上了
你说琴琴怎么最近这学习成绩都掉到第8名上了,第8名也不错
第8名也不错,也不能让他回都考第一第二的
也不能让他回都考第一第二的,也给其他同学一条生路
也给其他同学一条生路,你懂什么呀
你懂什么呀,第1名和第8名
第1名和第8名,你说看那奥运会他能一样吗
你说看那奥运会他能一样吗,第一名就是站在领奖台上奏着他们国家的国歌
第一名就是站在领奖台上奏着他们国家的国歌,升着国旗
升着国旗,那多风光啊
那多风光啊,那第8名谁知道
那第8名谁知道,这人又不是机械
这人又不是机械,我跟你说就连这车他还得定期保养
我跟你说就连这车他还得定期保养,还得歇会
还得歇会,你不要求上进
你不要求上进,你就别管那么多事了
你就别管那么多事了,我想了这琴琴咱们还是得给他送出去
我想了这琴琴咱们还是得给他送出去,送哪去这就挺好
送哪去这就挺好,不去
不去,什么叫不去了
什么叫不去了,你说啊
你说啊,你没文化
你没文化,到头来就是个出苦力的
到头来就是个出苦力的,累死累活的挣不了几个钱
累死累活的挣不了几个钱,你看我比你多读了几年书
你看我比你多读了几年书,到头来不也就是个社区医院的医生
到头来不也就是个社区医院的医生,咱家琴琴可不一样
咱家琴琴可不一样,学习那么好
学习那么好,人家老师都说了难得的学习苗子
人家老师都说了难得的学习苗子,不送出国
不送出国,咱对得起这孩子吗
咱对得起这孩子吗,我回头就给琴琴报一个英语补习班
我回头就给琴琴报一个英语补习班,我必须要给他送出去
我必须要给他送出去,你听见没有
你听见没有,吓死我了
吓死我了,我以为交警来了，诶呦
我以为交警来了，诶呦,你打我干嘛呀
你打我干嘛呀,你说我打你干嘛
我怎么看,你把门关上
你把门关上,你知道她在里面是做功课呢还是上网呢
你知道她在里面是做功课呢还是上网呢,要看就看这没声的
要看就看这没声的,要不然就别看了
你是想把它训练成一个奥特曼啊,我不跟你说了吗
我不跟你说了吗,平时多流汗
平时多流汗,战时少流血
这太平盛世流哪门子血啊,中考是一场残酷的战争
中考是一场残酷的战争,不争个你死我活的，还太平盛世啊
不争个你死我活的，还太平盛世啊,行了，我不跟你说了
行了，我不跟你说了,这回听我的
这回听我的,怎么这个都错
怎么这个都错,你能不能小点声啊
不是我，它放的,Frank不能放屁啊
Frank不能放屁啊,不能那么大声，姐姐在做作业呢
它知道了,好
好,一股蒜味
今天晚上我蒸那蒜茄子，我给它剩那儿和那个米饭，他给吃了,上厕所去
吃饭了吗,吃了口面，考卷到了，我看看
我给你弄点吃的去,不不 不用不用，朵朵特训做了没有
童文洁，我今天必须严肃认真地跟你谈一谈,想谈就谈呗
直接上床睡觉了,我给她下口面
因为我真不懂现在学这些的有什么用呢？这么学,你跟我说没用
你跟我说没用,你这不是废话吗
你这不是废话吗,我当然知道没用了
我当然知道没用了,我知道很多人一辈子都用不上这些东西
我知道很多人一辈子都用不上这些东西,但是对不起
但是对不起,它考这些，它就考这些没用的东西
它考这些，它就考这些没用的东西,你要把我逼死是不是
这样才是一个正确的方式，你觉得呢,方圆，你是不成心的
方圆，你是不成心的,我觉得你就是成心的
我觉得你就是成心的,你明明知道孩子最近这段时间累
你明明知道孩子最近这段时间累,你还故意把她往爷爷奶奶领
你还故意把她往爷爷奶奶领,今天不去不行吗
今天不去不行吗,你不是引着他的爷爷奶奶那边吃饭边睡觉吗
你不是引着他的爷爷奶奶那边吃饭边睡觉吗,你爸是不是说我了
你爸是不是说我了,肯定说我了，我都知道他怎么说的
肯定说我了，我都知道他怎么说的,孩子学习成绩不重要
孩子学习成绩不重要,重要的是身体
重要的是身体,孩子学习是长跑
孩子学习是长跑,不是短跑
不是短跑,别搞那些冲刺
别搞那些冲刺,童文洁，目光短浅
童文洁，目光短浅,急功近利
急功近利,肯定也说你了
肯定也说你了,说你娶了媳妇忘了娘
说你娶了媳妇忘了娘,最后被少说一句
最后被少说一句,让童文洁来见我，说没说
就跟你在那似的,行了
行了,反正这个星期你爸妈电话我是不能接的
反正这个星期你爸妈电话我是不能接的,出差去了，对了，从下星期开始
出差去了，对了，从下星期开始,礼拜一朵朵
礼拜一朵朵,去爷爷奶奶家慰问这节目取消，把卷子给我拿过来
这一打岔至少5个亿,对了佳妮啊
对了佳妮啊,我还要问你呢
我还要问你呢,你是不是给琴琴请家教了
你是不是给琴琴请家教了,那个精锐教育
那个精锐教育,一对一的辅导
一对一的辅导,下次我们去的时候你去看看
下次我们去的时候你去看看,行行
行行,这个关于琴琴出国的问题
这个关于琴琴出国的问题,我已经决定了我们要出国
我已经决定了我们要出国,可是佳妮
可是佳妮,你不觉得送出去太早了些吗
你不觉得送出去太早了些吗,这马上就要进入青春期了
这马上就要进入青春期了,完了又是个女孩
完了又是个女孩,父母不在身边
父母不在身边,那万一出了什么事将来后悔都来不及
那万一出了什么事将来后悔都来不及,别想那么多了
别想那么多了,人各有命
人各有命,你就说我这命
你就说我这命,我爸妈是知青
我爸妈是知青,你说当初他们要是眼光长远一点
你说当初他们要是眼光长远一点,能把我送出去上个大学
能把我送出去上个大学,我也不至于就考个现成的大专
我也不至于就考个现成的大专,到了就是个社区医院的医生
到了就是个社区医院的医生,我这命已经这样了
我这命已经这样了,我们家琴琴可是不能悲剧重演啊
我们家琴琴可是不能悲剧重演啊,什么悲剧重演
什么悲剧重演,你哪悲了啊
你哪悲了啊,这住住的就
这住住的就,诶诶 你就别提住了
诶诶 你就别提住了,咱住一个小区
咱住一个小区,那不是一个阶层啊
那不是一个阶层啊,真的
真的,你说我们家那房子就是老金家的回迁房
你说我们家那房子就是老金家的回迁房,那能一样吗
那能一样吗,你说咱们小区出入的全是豪车
你说咱们小区出入的全是豪车,我跟你说骑个电动车都不好意思打招呼
我跟你说骑个电动车都不好意思打招呼,你啊我就不爱说你了
你啊我就不爱说你了,你这样比没法比的
你这样比没法比的,各家条件不一样
各家条件不一样,你要说跟你们家比
你要说跟你们家比,我觉得你早该偷着乐了
我觉得你早该偷着乐了,你说你养这么一个聪明的姑娘
你说你养这么一个聪明的姑娘,那倒是，我们家琴琴真的是我最大的安慰
那倒是，我们家琴琴真的是我最大的安慰,我算了一笔账
我算了一笔账,琴琴就算在国内上了重点大学
琴琴就算在国内上了重点大学,那毕业还得找工作吧
那毕业还得找工作吧,你说我们家能拼爹还是能拼妈
你说我们家能拼爹还是能拼妈,什么都拼不了
什么都拼不了,拼不了我们就躲呗
拼不了我们就躲呗,是不是
是不是,我们把孩子送出去
我们把孩子送出去,就让她靠自己的本事去闯荡去拼搏
就让她靠自己的本事去闯荡去拼搏,你就说我姐啊，从小什么都不如我
你就说我姐啊，从小什么都不如我,你看人家现在这日子过得红红火火的
你看人家现在这日子过得红红火火的,就是因为当初她出了国
就是因为当初她出了国,你别劝我
你别劝我,真的谁也别劝我
真的谁也别劝我,这事我已经决定了
这事我已经决定了,但是一年20万的学费还真是挺贵的
但是一年20万的学费还真是挺贵的,你别叹气
你别叹气,我没说要跟你借钱
我没说要跟你借钱,还没到那份上
还没到那份上,反正我也想了
反正我也想了,把我们家的房子卖了换一个小一点的
把我们家的房子卖了换一个小一点的,哪怕离得远一点的
哪怕离得远一点的,都能出个百八十万的供我们家琴琴上学
都能出个百八十万的供我们家琴琴上学,我觉得应该没问题
我觉得应该没问题,我在安居客上看的房源
我在安居客上看的房源,我跟你说都能把你挑花了眼
我跟你说都能把你挑花了眼,我记得你那天哪天，想把方圆他爸那房子就挪到离你们近点
我记得你那天哪天，想把方圆他爸那房子就挪到离你们近点,你看我们家那房子怎么样
你看我们家那房子怎么样,你要真是觉得行
你要真是觉得行,咱们就商量商量
咱们就商量商量,你说呢
你说呢,文洁
文洁,你说呢
你说呢,你说得对呀
你说得对呀,什么对呀，你是不是睡着了
什么对呀，你是不是睡着了,没睡着，我就
没睡着，我就,我就打了个盹
你觉得合适吗,太合适了
太合适了,你摸得比那个摸指甲油的小姑娘摸得都好
你摸得比那个摸指甲油的小姑娘摸得都好,以后实在没有工作干
以后实在没有工作干,可以开个美甲店
方圆美甲店，听着还挺上口,今天啊佳妮跟我说
今天啊佳妮跟我说,她问我咱们有没有兴趣把爸爸妈妈换到这个小区来住
他们二老搬过来离得近方便照顾,她说如果我们有兴趣呢
她说如果我们有兴趣呢,她就想把她那套房子卖给我们
他们住哪去,他们就住到他说想在南边远一点的地方买个两居室的
他们就住到他说想在南边远一点的地方买个两居室的,正好好倒腾个差价出来
干嘛倒差价做买卖呀,不是
不是,她想把琴送出国
她想把琴送出国,她算了一下
她算了一下,真的她今天很认真地跟我说她算了一下
真的她今天很认真地跟我说她算了一下,她说一年的学费大概20多万人民币
她说一年的学费大概20多万人民币,这样的话4年高中下来怎么着也得100多万
这样的话4年高中下来怎么着也得100多万,老金我敬你一杯
老金我敬你一杯,干嘛
干嘛,敬你一杯呀
敬你一杯呀,我这些日子忙着考试
我这些日子忙着考试,这家里里里外外就忙活你一人了
这家里里里外外就忙活你一人了,咱俩
咱俩,谁跟谁，还跟我这么有里有面的
谁跟谁，还跟我这么有里有面的,太辣了
太辣了,酒不错
酒不错,我想跟你商量商量过几个月
我想跟你商量商量过几个月,我想调到我们社科中心去
我想调到我们社科中心去,我说你
我说你,你就大胆的往前走
你就大胆的往前走,那个每天想吃点什么喝点什么
那个每天想吃点什么喝点什么,需要什么就跟我说
需要什么就跟我说,必须把你娘俩
必须把你娘俩,伺候得踏踏实实得
伺候得踏踏实实得,踏踏实实的
踏踏实实的,你少喝点
你少喝点,老金
老金,你说咱们现在这个岁数也不算大
你说咱们现在这个岁数也不算大,还得有当初那种敢干敢闯的劲
还得有当初那种敢干敢闯的劲,你说是不是
你说是不是,别抖了，别抖了
别抖了，别抖了,你没事能不能出去学点什么打车的软件
你没事能不能出去学点什么打车的软件,学学英文
学学英文,拉个国际友人
拉个国际友人,我跟你说那小费都可高了
我跟你说那小费都可高了,我的妮啊，我跟你说
我的妮啊，我跟你说,我吧
我吧,干什么都行
干什么都行,你就是
你就是,别让我学这些东西
别让我学这些东西,不知道怎么回事
不知道怎么回事,我一看那有字
我一看那有字,我头疼
我头疼,就一喝墨水就恶心很陌生
就一喝墨水就恶心很陌生,行了别喝了
行了别喝了,我就喝这个
我就喝这个,我就特舒服
我就特舒服,你真的别再喝了
你真的别再喝了,瞧你这点出息
瞧你这点出息,那叫怎么说，叫胸无点墨
那叫怎么说，叫胸无点墨,哟我喝两口还拽上了你
哟我喝两口还拽上了你,你干什么呀
你干什么呀,不是说得好好的吗
不是说得好好的吗,说什么了
说什么了,你说说什么了
你说说什么了,什么时候跟我说了
什么时候跟我说了,我昨天晚上跟你说得好好的
我昨天晚上跟你说得好好的,你都答应了的
你都答应了的,昨晚不就喝酒
昨晚不就喝酒,喝完酒睡觉了吗
喝完酒睡觉了吗,你什么时候跟我说了
你什么时候跟我说了,你就喝吧
你就喝吧,我告诉你就喝成个猪
我告诉你就喝成个猪,你怎么办吧
你怎么办吧,现在人也来了
现在人也来了,这个脸往哪搁
这个脸往哪搁,什么什么怎么办
什么什么怎么办,怎么办也不能卖房子
怎么办也不能卖房子,给我闭嘴
给我闭嘴,现在人家已经来看房子
现在人家已经来看房子,你老老实实把房产证拿出来
你老老实实把房产证拿出来,孩子出国留学的事你不用操心我
孩子出国留学的事你不用操心我,你怎么在这儿
你怎么在这儿,干吗呀
干吗呀,赏 赏月呢
赏 赏月呢,你管我呢
你管我呢,你出来干嘛呀
你出来干嘛呀,我下来遛个弯啊
我下来遛个弯啊,没想到在这儿碰上你了
没想到在这儿碰上你了,你遛什么弯回去看着你的房子
你遛什么弯回去看着你的房子,回头别让人给你卖了
回头别让人给你卖了,咱能在这遇上也是缘分是吧
咱能在这遇上也是缘分是吧,是缘分孽缘
是缘分孽缘,你说本来这个事是不是说的好好的
你说本来这个事是不是说的好好的,对不对
对不对,你看我这忙活半天招了
你看我这忙活半天招了,结果到头来，你听我说
结果到头来，你听我说,你说
你说,我说什么来着
我说什么来着,说到咱俩有缘分
说到咱俩有缘分,什么缘
什么缘,对，房子
对，房子,房子是吧
房子是吧,你是房主
你是房主,你是一家之主
你是一家之主,我有权利卖吗
我有权利卖吗,我对不起你
我对不起你,那房子姓金
那房子姓金,是不是
是不是,那是你们老金家的拆迁得来的
那是你们老金家的拆迁得来的,跟我有半毛钱关系吗
跟我有半毛钱关系吗,我可真够没脸的
我可真够没脸的,有劲吗
有劲吗,你说这有意思吗
你说这有意思吗,什么你的我的都，老夫老妻这么多年了
什么你的我的都，老夫老妻这么多年了,我就是你的
我就是你的,你说这家，这家要没你操持这还是一家吗
你说这家，这家要没你操持这还是一家吗,胡说什么
胡说什么,走走，回去了回去了
走走，回去了回去了,我想待会儿
我想待会儿,你别弄我
你别弄我,你怎么了
你怎么了,你说话，怎么了？老毛病又犯了？
你说话，怎么了？老毛病又犯了？,你说你这人，我跟你说什么来着
你说你这人，我跟你说什么来着,你这趴活的时候没事活动活动
你这趴活的时候没事活动活动,那人家医生说了老毛病就得循序渐进的动
那人家医生说了老毛病就得循序渐进的动,要不功能全退化了
要不功能全退化了,你早晚被社会淘汰
你早晚被社会淘汰,受不了你这么大劲儿
受不了你这么大劲儿,你看你又赖我
你看你又赖我,家里那膏药呢
家里那膏药呢,上回就用完了
上回就用完了,那我门口去给你慢点回去啊
那我门口去给你慢点回去啊,别别，一块去，一快去
别别，一块去，一快去,你去干嘛去 赶紧回屋歇着去吧
你去干嘛去 赶紧回屋歇着去吧,得活动活动，你扶着点我
得活动活动，你扶着点我,给点劲给点劲
给点劲给点劲,真行
真行,走走慢点
你喝了呗，去去心火,对不起，我没有心火
对不起，我没有心火,我没有心火
我没有心火,要喝给你爸喝
要喝给你爸喝,你爸火比我大
还生气呢,我没气
我没气,我只是在跟你说这个道理
我只是在跟你说这个道理,按理说人老了
按理说人老了,应该铅华褪尽
应该铅华褪尽,能够平和的面对世界
能够平和的面对世界,微笑地迎接人生
微笑地迎接人生,可是你爸呢
你看你看像不像他，这样,你少跟我贫啊
你少跟我贫啊,这招是没用的
这招是没用的,方圆
方圆,咱们俩平心而论
咱们俩平心而论,我现在想想我就心寒
我现在想想我就心寒,你说我亏不亏
你说我亏不亏,你说我委不委屈
你说我委不委屈,我是好心好意
我是好心好意,我要把他们俩接过来
我要把他们俩接过来,离我们住的近一点
离我们住的近一点,有个互相照应
有个互相照应,不，其实主要是我照应他们，现在结果是什么
不，其实主要是我照应他们，现在结果是什么,好心当成驴肝肺
好心当成驴肝肺,好人是没有好报的
好人是没有好报的,我现在是明白这个道理
你按道理你也早就应该适应他了,还适应啊，我适应的还不够吗
还适应啊，我适应的还不够吗,我18岁跟你认识
我18岁跟你认识,18岁谈恋爱，是不是，你是我第一个吧，我跟你谈恋爱
18岁谈恋爱，是不是，你是我第一个吧，我跟你谈恋爱,我就开始给你打饭
我就开始给你打饭,给你洗衣服
给你洗衣服,送你进实验室
送你进实验室,接你出实验室
接你出实验室,你摸完尸体的摸我，从来没嫌弃过
你摸完尸体的摸我，从来没嫌弃过,一毕业22岁我就立马跟你结婚
一毕业22岁我就立马跟你结婚,我一天两个世界都没有过过
我一天两个世界都没有过过,我我给你生孩子
我我给你生孩子,我给他生孙女
我给他生孙女,你还要我怎么适应
你还要我怎么适应,对不起
对不起,我适应不了了真的
我适应不了了真的,换人吧不行就
所有的事情，就过去的事就让它过去,过什么去啊，我过不去
过什么去啊，我过不去,你有过去我没过去
你有过去我没过去,我的过去就是你，我跟你就是第一次
我的过去就是你，我跟你就是第一次,你说说看
你说说看,你跟我到底是不是第一次
你跟我到底是不是第一次,你之前有没有跟别人，每次一问到你这事
你之前有没有跟别人，每次一问到你这事,你看你就这德行
你怎么又说上我了,有其父必有其子
对不对,你看，是你自己说的
你看，是你自己说的,你跟你爸不一样
你跟你爸不一样,你爸跟你妈从年轻开始从一而终
你爸跟你妈从年轻开始从一而终,你跟我是从一而终吗
你跟我是从一而终吗,我是你的一吗
我是你的一吗,我问你我是你的一吗
是不是,我没不原谅他呀，我只是在跟你说这个事情
我没不原谅他呀，我只是在跟你说这个事情,说这个道理
可以啊，其实84.5这成绩还可以呀,还可以什么
还可以什么,原来90多分的
原来90多分的,掉了六十几分
掉了六十几分,吭哧吭哧爬到八十几分
吭哧吭哧爬到八十几分,85还没到
84.5跟85也没多大区别,是没多大区别
是没多大区别,就0.5分的区别
就0.5分的区别,85分叫优秀
85分叫优秀,84.5叫良
不约等于也是85,可以呀
可以呀,你四舍五入
你四舍五入,你高考的时候再帮她四舍五入一下更好
我都跟同事把班给倒好了,我会都不开了嘛
我会都不开了嘛,不去就是不去原则的问题
这么斤斤计较,原则就是原则
原则就是原则,你别一天到晚你做好人
你别一天到晚你做好人,我做恶人
我做恶人,咱们这次说好攻守同盟
咱们这次说好攻守同盟,这是不议了
你说,你要实在想去你就去
你要实在想去你就去,我陪着姑娘在家
我跟你商量个事,你说
能不能也参与进来,是这样的
是这样的,如果老板交给我
如果老板交给我,我这边完全没有问题
我这边完全没有问题,ok都ok
你就麻烦你跟老板说一声,这事老板做决策我不太好参与
这事老板做决策我不太好参与,反正我一切听老板的
但是你看杰西，你看我的团队我们也都辛苦了很长时间了,行我都知道了
行我都知道了,还有事吗
进来,老板你找我
我们家你认识吧,顺义那个？我去过
顺义那个？我去过,我上次给您送过钥匙
带上方大夫一起,有什么事吗
有点私事儿,行好
行好,那我明天下班以后过来
那我明天下班以后过来,好的，我走了
好的，我走了,你看这里边这树
真是个豪宅啊,全是独栋一栋2000多万呢
全是独栋一栋2000多万呢,我跟你说等我像安妮一样当上中国区的老总
我跟你说等我像安妮一样当上中国区的老总,咱也来一套
我是决计不敢跟你一个被窝得,那我就
那我就,我就换人跟我一个被窝
它硌得慌,你说这安妮家啊情况这么好
你说这安妮家啊情况这么好,条件这么好
条件这么好,结果孩子碰上这种事儿真是，这美国真够呛
我还跟人为这打过架,你还打过架
你还打过架,你能打架吗
但是一般都被人追的满街跑,你那个本事也就是打打我是吧
我觉得三五个壮汉都靠近不了你,你是想说你老婆我是母夜叉是吧
应该叫母变形金刚,所以我说方圆儿咱可不能把孩子送出去
所以我说方圆儿咱可不能把孩子送出去,这送到国外去
这送到国外去,这种情况还是留在自己身边
这种情况还是留在自己身边,是不是
是不是,你说
你怎么又说回来了,我就是说呀，都说把孩子送出去好
我就是说呀，都说把孩子送出去好,送出去有什么好呢，弄成这样
终身都受影响,你跟你那同学说多关照
你跟你那同学说多关照,咱朵朵在身边多好
咱朵朵在身边多好,是不是
但是就是压力大啊,压力大动力才大
压力大动力才大,没压力有什么动力
你说什么刚才,压力大动力大
压力大动力大,今天这事真的不赖我
今天这事真的不赖我,下午方欢突然打一，下午方欢突然打一个电话
下午方欢突然打一，下午方欢突然打一个电话,我也不知道怎么回事
我也不知道怎么回事,劈头盖脸就跟我说说要送朵朵出国
劈头盖脸就跟我说说要送朵朵出国,我一下就懵了
我一下就懵了,我说这事没人跟我说过
我说这事没人跟我说过,爸也没跟我说过
爸也没跟我说过,妈也没跟我说过
妈也没跟我说过,你也没跟我提过
你也没跟我提过,再说我不是没给你打电话
再说我不是没给你打电话,电话你也不接，我给你发微信
电话你也不接，我给你发微信,你也不回我的是不是
你也不回我的是不是,我这才去接朵朵得时候
我这才去接朵朵得时候,朵朵就给我拿了什么叫什么通知的让我填
朵朵就给我拿了什么叫什么通知的让我填,我不是看着这个我就懵了
我不是看着这个我就懵了,我也没仔细看
我也没仔细看,对
对,这肯定赖我要仔细看就好了
这肯定赖我要仔细看就好了,我这没仔细看
我这没仔细看,我就我就冲朵朵嚷嚷几句
我就我就冲朵朵嚷嚷几句,我还没冲
我还没冲,爸嚷嚷，我冲朵朵嚷嚷几句
爸嚷嚷，我冲朵朵嚷嚷几句,然后爸就出来跟我说说
然后爸就出来跟我说说,这次是送朵朵去
这次是送朵朵去,冬令营不是去留学
冬令营不是去留学,我说我也没说什么
我说我也没说什么,然后爸也没说什么
然后爸也没说什么,我走的时候爸也挺好的
我走的时候爸也挺好的,还说下星期朵朵再过来呢
你觉得一个老人血压190就挺好吗,我是说我走的时候他挺好
冲我爸我妈喊你是什么意思,我没冲你爸你妈喊
我没冲你爸你妈喊,我就跟朵朵发火着
我还稍微替朵朵说说两句话,行了行了，你能别翻小账吗
我不能翻小账,那女的翻小账
那女的翻小账,男的翻什么小账啊
我必须把这事说清楚,翻翻翻
你说没说,说了
如果你那一句话说,你别说了
你别说了,你别说了，我错了行不
你别说了，我错了行不,我错了行不行
我错了行不行,我认错了
我洗个澡,不生气了
不生气了,你洗个澡洗完澡我给你按个摩
让你还这么跑一趟,应该的
应该的,我也没想到他们今天要的这么突然
我也没想到他们今天要的这么突然,反正都按你说的改了
反正都按你说的改了,该加的加该减的减
该加的加该减的减,然后你签个字就行了
然后你签个字就行了,就你这个字值钱
还签什么,你再看一下
你再看一下,你看这一块整个的图标全部放大了4倍
你看这一块整个的图标全部放大了4倍,这样就特别清晰了
还出汗,是我这不知道怎么回事
是我这不知道怎么回事,老是出汗潮唧唧的
你口干不干,你别说真是，老想要喝水
你胸闷不闷,有几次吃完饭以后就觉得有一点捯不过气来
你晚上盗不盗汗,盗汗
你那个每个月还正常吗,我就没正常过
什么叫没正常过,反正最近这一年多几乎没正常过
反正最近这一年多几乎没正常过,不是早就是推迟
你没看过医生,没有
没有,我想可能是不是太忙
我想可能是不是太忙,压力太大
你上次什么时候检查的,我都记不住了
你赶紧去我准你假,这有这么严重吗
你今天就得去你听我的,好那行
好那行,行，那我把这交到公司
行，那我把这交到公司,我就下午请个假去看看去
我自己会带着去,不不不，我正好回去
不不不，我正好回去,我把他给公司
我把他给公司,他们都等着我
真的,你看，不能让你再跑一趟
你怎么了,我可能早更了
我可能早更了,因为我现在已经不排卵了
因为我现在已经不排卵了,就是说我青春期结束了
就是说我青春期结束了,我雌激素什么的肯定都没了都
你不是早更，你是起早了是不是,真的我有症状了
真的我有症状了,今天安妮跟我说我有症状了
还早更呢,那我真的不是早更哈
你今儿别开车了,不用了
不用了,我自己开好了
我自己开好了,反正我一回去就吃药
反正我一回去就吃药,要不然今天早，我等你一会呗
我晚上查房呢,怎么现在女学生一个个都挺漂亮的
怎么现在女学生一个个都挺漂亮的,是不是现在不光拼学历
是不是现在不光拼学历,还得拼颜
还得拼颜,值啊
那当然了，颜值不高我们还不招呢,对老师也挺孝敬的
对老师也挺孝敬的,都上手喂了
人家把吃的递我嘴边上怎么着我还不张嘴啊,你可以不张嘴
我不张嘴怎么着拿牙顶着,你可以扭身就走啊
你可以扭身就走啊,她还能追着你喂啊
你啊，是得吃点药,我情绪没问题
我情绪没问题,行了，你干嘛呀
行了，你干嘛呀,你干嘛一直这样对我你这我不都认错了吗
你干嘛一直这样对我你这我不都认错了吗,我这认错了，真的
我这认错了，真的,我都说一会儿我回去
我都说一会儿我回去,我买点水果去看看爸爸对不对
你千万别去你这一去给我爸带气病了,我不会啊我跟他说
我不会啊我跟他说,我说我错了
我说我错了,方圆都训我了
方圆都训我了,我错了认错了还不行吗
慢点开车啊,你还要住几天
是不是小雨这两天又闹什么幺蛾子了,天天打架子鼓
天天打架子鼓,我不说还好
我不说还好,越说打得越厉害
越说打得越厉害,我心脏突突突突地跳的
我心脏突突突突地跳的,这叫一个慌
所以,我是可以忍受的
我是可以忍受的,我也能理解小宇
我也能理解小宇,可是我怕宝宝受不了
行不行,那管用吗
好不好,那好吧
还有什么事,我没事就不能在这陪你了是吗
我没事就不能在这陪你了是吗,您这是让本宫跪安的节奏
您这是让本宫跪安的节奏,那我走了
我觉得这个还可以看着很舒服,你就知道挑好看的是吧
你定你定好吧,这个好一看就特别踏实
长得也忒那,张亮忠
漂亮吗,你别想拿这个收买我
你多包涵包涵,你最近身体怎么样
你最近身体怎么样,我给你炖点甲鱼汤吧
不能累着,他动了
这么早就退朝啦,新项目完成的好
新项目完成的好,安妮龙颜大悦
安妮龙颜大悦,赐臣妾早点回来
赐臣妾早点回来,伺候老爷
妖气十足,有吗
要不然趁孩子没回来睡个午觉,趁孩子没回来
趁孩子没回来,你去把狗窝给我收拾收拾
你去把狗窝给我收拾收拾,我去把小主的狗窝给收拾收拾
下班早是不是容易神经,干什么
你先冷静冷静,你就向着他
这跟你是不是偷看没关系,你别再向着他了
你别再向着他了,没用的我告诉你
上次那个歌迷见面会你也没这么大反应,上次歌迷见面会跟这次比你说谁重要
上次歌迷见面会跟这次比你说谁重要,这是不写作业
这是不写作业,在这写这些武侠小说
在这写这些武侠小说,而且上次是初犯
而且上次是初犯,这次是再犯
首先咱们要尊重他对不对,我尊重他了
我尊重他了,他尊重我吗
他尊重我吗,他现在尊重
他现在尊重,尊重咱们了吗
尊重咱们了吗,说关门就关门
说关门就关门,说撵我们走就撵我们走
你怎么着先想办法解决好不好,你去找他谈去
那我去睡觉了,你干嘛去了
文洁，刚刚朵朵跟我道歉,他说什么
她说对不起,你找的他
你找的他,还是他找的你
他出来跟我说,我是觉得他现在跟我越来越不亲了
我是觉得他现在跟我越来越不亲了,他道歉都找你道歉
不是她不是故意来找的我，他他是正好出来上卫生间看到我在那粘那个，就过来说,你不用解释
你不用解释,我没有怪朵朵的意思
我没有怪朵朵的意思,我是觉得我挺失败的
我是觉得我挺失败的,你看小的时候两个小时一喂奶
你看小的时候两个小时一喂奶,两个小时一喂水
两个小时一喂水,白天我抱着睡
白天我抱着睡,晚上我陪着睡
晚上我陪着睡,从托儿所到幼儿园
从托儿所到幼儿园,从幼儿园到小学
从幼儿园到小学,这一路我接我送跟着上各种补习班
这一路我接我送跟着上各种补习班,跳舞
跳舞,芭蕾外语
芭蕾外语,游泳钢琴都是我陪着
游泳钢琴都是我陪着,陪到最后现在跟我说话
陪到最后现在跟我说话,像个仇人一样
像个仇人一样,我是不是挺失败
我是不是挺失败,我跟你说是不是我出问题了
你确实是有些问题,我有什么问题
我有什么问题,没事你说我听听
没事你说我听听,你说
你就是一个好妈妈,我爱你
我爱你,谢谢你跟我说这些话
谢谢你跟我说这些话,你是我唯一的支柱
你是我唯一的支柱,我一定跟他好好沟通
我一定跟他好好沟通,我还是个好妈妈
我还是个好妈妈,我可以的
我可以的,多少分
退步一点点79,没事
没事,79挺好的
79挺好的,不就差一分吗
不就差一分吗,差一分就等于80
差一分就等于80,不是四舍五入就80了
不是四舍五入就80了,80也算是良了
80也算是良了,行，别往心里去
行，别往心里去,干嘛
我怎么觉得 恍惚间觉得说话这说话的人 怎么是我自己啊,那能怎么办
那能怎么办,上次吵架今天考79
上次吵架今天考79,你今天再骂他一顿
你今天再骂他一顿,他下次给你考69
他下次给你考69,我就这一个女儿
我就这一个女儿,我真逼死他
我真逼死他,再说你不是劝我吗
再说你不是劝我吗,我要改变改变我跟他交流的方式
我要改变改变我跟他交流的方式,我努力改变
我努力改变,我多跟他沟通
突然我觉得你形象一下就高大起来了,别这么看
别这么看,这么看的角度不好看是
行,就跟我开一辆车那老陈
就跟我开一辆车那老陈,下月他闺女结婚
下月他闺女结婚,这又得凑份子
这又得凑份子,那没辙
那没辙,咱琴琴周岁人不也来了吗
咱琴琴周岁人不也来了吗,周岁那什么年头
周岁那什么年头,200块钱还当钱
200块钱还当钱,现在200块钱等于骂人
现在200块钱等于骂人,你也别着急
你也别着急,他们也不一定在北京办
他们也不一定在北京办,他这两天去西安跟他亲家去商量这事去了
他这两天去西安跟他亲家去商量这事去了,我说呢这车呢
我说呢这车呢,没事儿
没事儿,怎么样
怎么样,没事
没事,我就说这车也别闲着
我就说这车也别闲着,我就多跑跑
我就多跑跑,那也不能24小时连轴转
那也不能24小时连轴转,玩命的那是
玩命的那是,放心
放心,累了就歇会儿
累了就歇会儿,困了不行我就睡一会是吧
困了不行我就睡一会是吧,你们吃饭睡觉也别等
你们吃饭睡觉也别等,能多挣点好事
能多挣点好事,欸
欸,我刚才在楼下碰见张总了
我刚才在楼下碰见张总了,他跟我说他得把小雨送出国
他跟我说他得把小雨送出国,人家公司老总人家有钱人爱送哪送哪对吧
人家公司老总人家有钱人爱送哪送哪对吧,咱们刚进小康
咱们刚进小康,没那条件对吧
没那条件对吧,人家有钱任性
人家有钱任性,咱没钱认命
咱没钱认命,人比人气死人甭跟人比
人比人气死人甭跟人比,要不说就不愿意跟你聊天
要不说就不愿意跟你聊天,你这人全是低气压负能量
你这人全是低气压负能量,那该怎么说
那该怎么说,什么叫没钱认命我跟你说有钱人可是有有钱人的烦恼
什么叫没钱认命我跟你说有钱人可是有有钱人的烦恼,得了他有什么烦恼
得了他有什么烦恼,小宇学习不好啊
小宇学习不好啊,你说出了国学习再没有自觉性生活上在邋里邋遢
你说出了国学习再没有自觉性生活上在邋里邋遢,你说他爸能放心吗
你说他爸能放心吗,是，那是
是，那是,所以他想给小宇找个陪读
所以他想给小宇找个陪读,让你去
让你去,讨厌
讨厌,我倒是想去人家让我去吗
我倒是想去人家让我去吗,我就想咱家琴琴啊
我就想咱家琴琴啊,咱家琴琴学习又好
咱家琴琴学习又好,跟小宇关系又铁
跟小宇关系又铁,你说他俩出去做个伴
你说他俩出去做个伴,互相监督着多好
互相监督着多好,张总再把琴琴的留学的费用给提前预支了
张总再把琴琴的留学的费用给提前预支了,两家子两全其美多好
两家子两全其美多好,你别提其美了
你别提其美了,你答应了
你答应了,没有
没有,我这不回来跟你商量吗
我这不回来跟你商量吗,省得你老说我自作主张
省得你老说我自作主张,这就对了
这就对了,是不是
是不是,我做的对吧
我做的对吧,对个屁对
对个屁对,咱琴琴以后上清华北大的高材生能跟着他们家去当使唤丫头去开玩笑
咱琴琴以后上清华北大的高材生能跟着他们家去当使唤丫头去开玩笑,这不是
这不是,你说什么
你说什么,使唤丫头
使唤丫头,你电视剧看多了吧什么叫使唤丫头
你电视剧看多了吧什么叫使唤丫头,什么陪读说的好听不就一回事吗
什么陪读说的好听不就一回事吗,是
是,咱家琴琴能考上清华北大没问题
咱家琴琴能考上清华北大没问题,可是每年到了7月份毕业季的时候
可是每年到了7月份毕业季的时候,新闻都播了
新闻都播了,就业难着
就业难着,人才市场人山人海的博士硕士都在那排队等着
人才市场人山人海的博士硕士都在那排队等着,你找公司
你找公司,人家张嘴就说起薪3000爱干不干
人家张嘴就说起薪3000爱干不干,你说你干不干
你说你干不干,咱琴琴能混到那份上去吗
咱琴琴能混到那份上去吗,那琴琴好有什么用
那琴琴好有什么用,大环境就是这样
大环境就是这样,现在社会上什么人群最苦
现在社会上什么人群最苦,CBD的那帮小白领
CBD的那帮小白领,个个看着挺光鲜
个个看着挺光鲜,挣得少花的还多
挣得少花的还多,每天背着那盒饭
每天背着那盒饭,办公室微波炉一微
办公室微波炉一微,他为什么楼下那50块钱一盒他吃不起
他为什么楼下那50块钱一盒他吃不起,行行行你打住吧
行行行你打住吧,到国外吃的好
到国外吃的好,那当然了
那当然了,喝 那大块牛肉 烤都烤不熟
喝 那大块牛肉 烤都烤不熟,咬一口血刺呼啦的
咬一口血刺呼啦的,那菜都是生的 是
那菜都是生的 是,冰水想喝口热的
冰水想喝口热的,没地找去
没地找去,你说咱孩子那胃能受的了吗
你说咱孩子那胃能受的了吗,我告诉你
我告诉你,我
我,就愿意给我闺女做爱心小盒饭
就愿意给我闺女做爱心小盒饭,让她每天拎着上班去
让她每天拎着上班去,又营养又卫生是吧
又营养又卫生是吧,你瞧你这没出息的劲儿
你瞧你这没出息的劲儿,把孩子都拐带得没出息
把孩子都拐带得没出息,什么叫血刺呼啦
什么叫血刺呼啦,人家那叫新鲜
人家那叫新鲜,人家那叫什么牛
人家那叫什么牛,住那山坡上听着听音乐溜溜达达的咱们这儿你吃到挺香
住那山坡上听着听音乐溜溜达达的咱们这儿你吃到挺香,你也就这命了
你也就这命了,咱孩子不行
咱孩子不行,对了
对了,我还跟你说
我还跟你说,我听说清华北大的毕业生出国留学率可高了
我听说清华北大的毕业生出国留学率可高了,特别是理工科的高材生
特别是理工科的高材生,真的能接到好多国外大学的offer
真的能接到好多国外大学的offer,跟你说你也不懂就是录取通知书
跟你说你也不懂就是录取通知书,说中文不是
说中文不是,你说咱早晚得把孩子送出去
你说咱早晚得把孩子送出去,干嘛不让孩子早出去呢
干嘛不让孩子早出去呢,是不是这么个理儿
是不是这么个理儿,外国什么样你知道吗
外国什么样你知道吗,你看那电视上天天演的杀人、放火、艾滋病
你看那电视上天天演的杀人、放火、艾滋病,还有校园暴力弄一神经病
还有校园暴力弄一神经病,拿着枪进去见谁都开枪
拿着枪进去见谁都开枪,行了行了
行了行了,你别再说了
你别再说了,猴年马月能赶上一回什么校园暴力
猴年马月能赶上一回什么校园暴力,我告诉你
我告诉你,赶上一回我也受不了
赶上一回我也受不了,你那是强词夺理
你那是强词夺理,什么事咱得抓重点
什么事咱得抓重点,你说北京现在这么大堵车堵的厉害
你说北京现在这么大堵车堵的厉害,为什么这么多外地人还往这涌
为什么这么多外地人还往这涌,人往高处走
人往高处走,水往低处流
水往低处流,是不是这么个理儿
是不是这么个理儿,我告诉你大城市就是眼界宽
我告诉你大城市就是眼界宽,选择广
选择广,这国外咱俩没去过
这国外咱俩没去过,没发言权
没发言权,但是咱最起码给孩子一个选择
但是咱最起码给孩子一个选择,把孩子送出去体验
把孩子送出去体验,让他在那感觉不好可以回来
让他在那感觉不好可以回来,但是孩子至少有一个选择的机会
但是孩子至少有一个选择的机会,妮儿啊
妮儿啊,咱把这事摊开了说
咱把这事摊开了说,你呢你爸你妈
你呢你爸你妈,没把你送去上大学
没把你送去上大学,你心里这个坎过不去
你心里这个坎过不去,但是你不能在琴琴身上找回来
但是你不能在琴琴身上找回来,对不对
对不对,他是咱老金家的根
他是咱老金家的根,什么叫老金家的根
什么叫老金家的根,这说孩子跟我上大学有关系吗
这说孩子跟我上大学有关系吗,你真是为了你们家根好
你真是为了你们家根好,你放眼世界
你放眼世界,你现在就把根挪到国外去
你现在就把根挪到国外去,没必要怎么了
没必要怎么了,这么大国家搁不下
这么大国家搁不下,你能不能讲点理是不是
你能不能讲点理是不是,咱们这琴琴出国最大的问题是经济问题
咱们这琴琴出国最大的问题是经济问题,这你承认
这你承认,现在机会来了
现在机会来了,财神爷就摆在面前了
财神爷就摆在面前了,何乐而不为
何乐而不为,你有完
你有完,没完
没完,谁是财神爷我干嘛
谁是财神爷我干嘛,我还卖儿卖女去
我还卖儿卖女去,你喊什么呀 你喊什么呀
你喊什么呀 你喊什么呀,怎么了 怎么了
怎么了 怎么了,我又没偷没抢我怎么我没钱怎么了
我又没偷没抢我怎么我没钱怎么了,我怎么我缺你吃了缺你穿了
我怎么我缺你吃了缺你穿了,我告诉你琴琴姓金到什么时候他都
我告诉你琴琴姓金到什么时候他都,你别老说姓金的事
你别老说姓金的事,有我只要我活着
有我只要我活着,哪儿都甭想去
哪儿都甭想去,你这怎么着你要嫌我们穷
你这怎么着你要嫌我们穷,你攀高枝去
你攀高枝去,你说说
你说说,你还我告诉你
你还我告诉你,我当年上了大学
我当年上了大学,我嫁给你瞎了眼了
我嫁给你瞎了眼了,你还活着
你还活着,你这不如死了
你不跑晚班吗,我是跑晚班
我是跑晚班,今天这么早出门
今天这么早出门,是有一特别重要的事
什么事,你的成绩一直保持在年级前10
你的成绩一直保持在年级前10,真了不起
真了不起,爸说我要重奖你对吧
爸说我要重奖你对吧,我今儿去给你买礼物去了
什么礼物,你猜猜
一个笔袋,往大了猜
一个书包,再大
熊,再大
你告诉我吧,你看，你这么聪明
你看，你这么聪明,成绩这么好
成绩这么好,回答不了这么简单的一个问题
回答不了这么简单的一个问题,呵呵好
呵呵好,打开看看
还给我买,我那手机我那手机只要能打通你的电话
我那手机我那手机只要能打通你的电话,他就是好手机
他就是好手机,你是咱家的学霸高材生
你是咱家的学霸高材生,你的东西不能将就
你的东西不能将就,怎么样喜欢吗
这手机是我妈让你给我买的,不是，这是我给你买的
不是，这是我给你买的,是我给你的礼物跟你妈没关系
你哪来这么多钱呢,我还真我的钱你就甭管了
我还真我的钱你就甭管了,行了可以
行了可以,别让你妈知道
你放心我不会出去的,我是舍不得
我是舍不得,不过可不是贿赂你的
不过可不是贿赂你的,这是给你的奖励
这是给你的奖励,这是两码事
这是两码事,记住
记住,千万别让你妈知道
你放心,行
行,回去把，我还得去拉个活
拜拜,是不是越来越不像话
是不是越来越不像话,都是你惯的
都是你惯的,我跟你说方圆
行行你还追上门吵行行行,我问问他为什么这么跟妈妈说话了
你上那么大火干嘛,不是方圆
不是方圆,为一条狗
为一条狗,为一条狗连妈妈不要了
他没有,他说我是冷血
他说我是冷血,你还护着他
你还护着他,他今天全部是你护出来的
你跟,好他不懂事我就要教育他
好他不懂事我就要教育他,我不能光养不教啊
我不能光养不教啊,这出去怎么办
这出去怎么办,是不是好像全地球都围着他一个人转
是不是好像全地球都围着他一个人转,是不是
是不是,狗谁养的
狗谁养的,狗是我养的
狗是我养的,再说了人家都说什么养狗的小朋友养宠物的小朋友有同情心
再说了人家都说什么养狗的小朋友养宠物的小朋友有同情心,你自己看看他
你自己看看他,他连自己的妈妈都不同情咱找一天了
狗交给他了现在,反正我就觉得我养一白眼狼
你大人你也跟着一块着急上火,我错了是吧
我错了是吧,我错了是不是
你这叫檀中穴按揉一会儿,我不生气
我不生气,我真的生气
我真的生气,你别弄我
你刚才没听出来吗,是感冒了
是感冒了,我说了今儿别去
你问我身都臭了,你别闹了
你别闹了,好你去洗澡去
不生气咱俩一块洗去,不是我
你别,我不是去找他
我不是去找他,我是去给他把狗找回来
你给他灌什么心灵鸡汤,我不是给他灌心灵鸡汤
我不是给他灌心灵鸡汤,我在告诉他人生有很多的别离
我在告诉他人生有很多的别离,跟任何人跟任何事不都是这样的吗
跟任何人跟任何事不都是这样的吗,包括跟狗狗跟一样东西
包括跟狗狗跟一样东西,我在教会他学会去面对学
我在教会他学会去面对学,学会去放下
学会去放下,人生路长着呢他以后再碰到这样的问题
人生路长着呢他以后再碰到这样的问题,他就不会陷进去了
他就不会陷进去了,他就会自己管理自己的情绪了
抠着我了,你要是能听懂
你要是能听懂,咱俩早就比翼双飞了
坐一小会儿,洗手去
这几天我让你伤心了,你这是
你这是,让我给你签字
您就是我家长,我怎么觉得这是个坑呢
咱这事就此掀过，黑不提白不提,你这是不想让你老爸知道你这分数
你这是不想让你老爸知道你这分数,拿我糊弄事的
就看您接不接,我签啊不过你这成绩实在是有点差
我签啊不过你这成绩实在是有点差,你下次如果比这考的稍微好一点
你下次如果比这考的稍微好一点,我就还给你签
我就还给你签,而且保证不告诉你爸怎么样够意思
怎么了,我得拍张照啊
我得拍张照啊,省着以后你黑我怎么办
咱这宝宝,特别健康
特别健康,指标一切正常
指标一切正常,而且小心脏咕咚咕咚咕咚跳的特别有力量
而且小心脏咕咚咕咚咕咚跳的特别有力量,我给你看拍照片
我给你看拍照片,他那小样看
就这成绩你也签,不是
不是,我是觉得小宇说得对
我是觉得小宇说得对,你看你一天多忙
你看你一天多忙,回家还为这些事情操心
回家还为这些事情操心,万一又着急上火
万一又着急上火,眼压又高又进医院
眼压又高又进医院,那日子还过不过了
反正我考多少都有人签,不是这样的
不是这样的,我跟他说好了
我跟他说好了,他下一次的成绩一定要比这一次的成绩好
他下一次的成绩一定要比这一次的成绩好,我才给他签的
他的话你也信,我不信能成吗
我不信能成吗,而且孩子那么可怜
而且孩子那么可怜,你不觉得最近的日子过得很平静吗
你不觉得最近的日子过得很平静吗,和谐生活对我宝宝生长是有好处的
和谐生活对我宝宝生长是有好处的,他又动了
这劲儿不小,25分
25分,你怎么一次比一次考的低
你怎么一次比一次考的低,我记得前几次
我记得前几次,还四五十分呢
还四五十分呢,我不能给你签
你就给我签了,这样你去把这些错的都订正了
这样你去把这些错的都订正了,我就给你签
我就给你签,怎么样公平吧
是不是,你先订正我再签字
我这不着急打架子鼓没功夫,不行
不行,我前几次给你签字都被你爸教训了
我前几次给你签字都被你爸教训了,我再给你签
我再给你签,我得顶多大压力
我还找你签干什么,他是不小心看到的
他是不小心看到的,我不是故意的
你给句话你到底签不签,我不签
我不签,张小宇
张小宇,我就算不是你妈也是你长辈
我就算不是你妈也是你长辈,你怎么说话呢
咱俩最多落一平辈,张小宇给我站住
张小宇给我站住,怎么着你还想打我
又怎么了,效率太低了
效率太低了,一个半小时的课现在上了40分钟了
一个半小时的课现在上了40分钟了,半个小时一直在看电视
半个小时一直在看电视,两个人咯咯地笑
两个人咯咯地笑,10分钟了
10分钟了,一道题没有解决
一道题没有解决,朵朵没有那么多时间
他就是想让他放松一下,刚刚我们俩已经跟他谈过了
刚刚我们俩已经跟他谈过了,他还这样
他还这样,我真的我没有办法把女儿交给他
我真的我没有办法把女儿交给他,我知道他很好
我知道他很好,但是他教的不适合朵朵
但是他教的不适合朵朵,朵朵现在时间宝贵
朵朵现在时间宝贵,精力宝贵
精力宝贵,什么都宝贵
怎么着你想,你去跟他说一说
你去跟他说一说,要不然
说什么,谢谢她算了吧
回头我再想想怎么跟他说,你别回头了
你别回头了,我想过了
我想过了,就今天跟他说吧
我今儿这么说啊,要不说我说朵朵一天都耽误不得
要不说我说朵朵一天都耽误不得,你自己看，那我进去说
我说我进去说,你跟他说
朵朵说小周不来了,那怎么办
那怎么办,待一会陈老师马上就到了
刚才那个老师啊，他怎么今天就来了,今儿正常补习啊
这你做的决定当然是你说了,你一天到晚做好人
你一天到晚做好人,坏人全让我做
这不是好人恶人的问题,你干嘛去啊
你干嘛去啊,你不刚上过吗
我再上一次不行吗,你上什么上
所以我给女儿起名是朵朵嘛,你有没有觉得朵朵特别不正常
你有没有觉得朵朵特别不正常,突然180度大转弯
你觉得是你不正常的还是他不正常的,不是
不是,他突然跟我这么改变
他突然跟我这么改变,他刚刚跟我吵什么吵
他刚刚跟我吵什么吵,这肯定不正常
你什么时候给我们来个晚安,什么时候你给我发奖金我就给你说晚安
你来看看,我不看
别删别删别删,张亮忠张亮忠
张亮忠张亮忠,过来 快点
怎么了,看
这不是香水吗,你看这里的成分
什么，什么成分,麝香
麝香,这里面有麝香
跟你说一事儿,你说
教的也有点感觉有点要死不活,什么要死不活
什么要死不活,本来这些东西就很枯燥的
本来这些东西就很枯燥的,你能让人蒋老师讲出花来
但是我就觉得怎么觉得好像朵朵听的时候没什么兴趣,对周佳成讲的你们是有兴趣
对周佳成讲的你们是有兴趣,不光朵朵有兴趣你也有兴趣
不光朵朵有兴趣你也有兴趣,可是暮光之城考试考吗
可是暮光之城考试考吗,你告诉我考不考
我有兴趣吗,你有没有兴趣你自己心里不清楚
这大区经理是跟人道贺一下,你说朵朵变化真是挺大的
你说朵朵变化真是挺大的,今天花送的我心里可暖了
今天花送的我心里可暖了,你说他正是那种青春期的反复无常的变化吗
关键还是看对待他的那种方式方法也不一样,怎么不一样
我能说吗,行啊，你说呀
行啊，你说呀,你说
你说,我正好想向你取经
我正好想向你取经,你说每天我管朵朵管的多是吧
你说每天我管朵朵管的多是吧,费心又费力
费心又费力,可是我现在发现我的效果还真的不如你
可是我现在发现我的效果还真的不如你,你说你到底在方式方法上有什么跟我不一样的吗
才能最终实现让他由内而外的那种根本的改变,你这么一说
你这么一说,我觉得还是有一定道理的
我觉得还是有一定道理的,你说
你说,如果我给他进行一些适当的物质奖励
如果我给他进行一些适当的物质奖励,朵朵会不会更加进取心被刺激了
朵朵会不会更加进取心被刺激了,效果会不会更好
将来可就麻烦了,你不会平时经常给他一些物质奖励
你不会平时经常给他一些物质奖励,我现在开始有点怀疑了
我怎么刺激他,你没现金你有卡
你那边叮咚一声响我不露馅了吗,你可以微信支付
你可以微信支付,手机拿来
手机拿来,手机给我
要 要手机干嘛呀,快点
嘿,下去
下去,给你念念
给你念念,今天31次31次
今天31次31次,总共消费三次
总共消费三次,90块钱消费明细
90块钱消费明细,朝阳公园游乐场你不会想告诉我说你今天童心未泯
朝阳公园游乐场你不会想告诉我说你今天童心未泯,突然一个人跑到朝阳公园游乐场玩起了三次大铁锤王
带她去公园玩了一会大铁锤就这样,放学以后4:30放学
放学以后4:30放学,然后我给你算算4:30放学
然后我给你算算4:30放学,平时到家5点读点车5:30
平时到家5点读点车5:30,今天5:23到家了
今天5:23到家了,你告诉我中间这个时间你哪有时间去朝阳公园
你告诉我中间这个时间你哪有时间去朝阳公园,你带他逃课是不是
检查完之后一看还有时间就去那朝阳公园玩打铁锤,原来是这么回事
原来是这么回事,为什么
为什么,你们两个人三张票就你们俩去
周家成小周也跟着去了,小周也青春期
小周也青春期,要玩大铁锤啊
有成年人陪着不是安全吗,你没玩那不对
你没玩那不对,你没玩三张票
你没玩三张票,那是小周坐了两回
那是小周坐了两回,还是朵朵坐了两回
就这么回事,你说你何苦
你说你何苦,方圆你早点老老实实跟我说不就完了吗
方圆你早点老老实实跟我说不就完了吗,挤羊屎蛋一样一挤一个蛋一挤一个蛋
挤羊屎蛋一样一挤一个蛋一挤一个蛋,我告诉你给我老实点
我告诉你给我老实点,一会你要再敢撒谎
一会你要再敢撒谎,你等着瞧
你等着瞧,现在不晕了
快快给我揉揉,我不揉死你
这英语分就不用考那么高了,你快给我闭嘴
你快给我闭嘴,你是不是脑子进水了
你是不是脑子进水了,向来都知道
向来都知道,英语满分试卷多的是
英语满分试卷多的是,你听过哪个人的语文得满分呢
你听过哪个人的语文得满分呢,就听周佳成在那胡说八道
就听周佳成在那胡说八道,你是不是被他洗脑
我听了那么几句,你有几个同事从国外回来
你有几个同事从国外回来,不就周佳成一个一个小丫头
不就周佳成一个一个小丫头,自己大学没毕业
自己大学没毕业,跟这胡说八道的你就当宝典了
我要是当宝宝典我要练练葵花宝宝典,我告诉你
我告诉你,你以后要再跟有事瞒着我
你以后要再跟有事瞒着我,我真让你练成葵花宝典
佳妮,主任
今年是太糟糕了,怎么了
你说这怎么办,主任您也别着急了
主任您也别着急了,要不我就替他们加个班
太好了那可是你刚下夜班,没事
没事,我昨天晚上正好也眯瞪了一会
我昨天晚上正好也眯瞪了一会,喝杯咖啡就行了
喝杯咖啡就行了,没事
你是我们社区医院专业最好最认真工作的医生,给我戴高帽
是像你这么优秀的医生肯定有上升的空间,谢谢主任
我先走了,我去收拾收拾
我去收拾收拾,佳妮，下班啦，走吧
佳妮，下班啦，走吧,早饭先吃点还热
早饭先吃点还热,我这里临时有事了
我这里临时有事了,怎么了
怎么了,没有我们单位内科的医生
没有我们单位内科的医生,还有好多家里都有事的来不了的来检查团
还有好多家里都有事的来不了的来检查团,我刚才跟主任说了
我刚才跟主任说了,我得临时
我得临时,加个班
加个班,这还
这还,这刚上完夜班又让人连轴转
这刚上完夜班又让人连轴转,让人活谁
让人活谁,我跟他说
我跟他说,行
行,你别在这嚷嚷
你别在这嚷嚷,跟你说
跟你说,这不是临时吗
这不是临时吗,紧急情况军令如山知道吗
紧急情况军令如山知道吗,这累死人了
这累死人了,我告诉你
我告诉你,刚才我们主任说了去社康中心的名单下来了
刚才我们主任说了去社康中心的名单下来了,我白投一个人
我白投一个人,真假的别忽悠你吧
真假的别忽悠你吧,怎么会忽悠我呢，再说工作重要不是为了当官
怎么会忽悠我呢，再说工作重要不是为了当官,身体更重要咱不缺那两钱
身体更重要咱不缺那两钱,行了你快赶紧回去带琴琴上奶奶家
行了你快赶紧回去带琴琴上奶奶家,晚上我下了班上那找你去吧去
晚上我下了班上那找你去吧去,你赶紧吃啊
你赶紧吃啊,谢谢
谢谢,琴琴回来啦
琴琴回来啦,怎么了这么不高兴什么事
没事,到底怎么了
就把我给牵扯进来了,没事
没事,小朋友闹矛盾用不了三天就好了
小朋友闹矛盾用不了三天就好了,没关系
没关系,快洗手去吧准备吃饭
快洗手去吧准备吃饭,社康医院的事已经发榜了
社康医院的事已经发榜了,怎么样
怎么样,还能怎么样
还能怎么样,录取的是另外一个人
录取的是另外一个人,你们主任不是答应你了吗
你们主任不是答应你了吗,有什么用啊
有什么用啊,说好了有什么用
说好了有什么用,你都没看到
你都没看到,就是一个小屁孩连个持针器都拿不好
就是一个小屁孩连个持针器都拿不好,你说他能选上了
你说他能选上了,明眼人都能看出这里边有猫腻
明眼人都能看出这里边有猫腻,也就是我傻了吧唧的打报告打申请的
也就是我傻了吧唧的打报告打申请的,一天有加班加点的有什么用
一天有加班加点的有什么用,你就算拿个大学文凭也抵不过人上头有人
你就算拿个大学文凭也抵不过人上头有人,别难过了
别难过了,我知道你们单位这破事儿确实搓火
我知道你们单位这破事儿确实搓火,可咱能怎么着
可咱能怎么着,也没辙是吧
也没辙是吧,这么些年
这么些年,你全都靠你自己
你全都靠你自己,我也帮不上什么忙
我也帮不上什么忙,你说你在单位受这么大委屈
你说你在单位受这么大委屈,我还跟你这儿掰扯
我还跟你这儿掰扯,还在这儿跟你较劲
还在这儿跟你较劲,我觉着挺没意思的
我觉着挺没意思的,就连琴琴都知道心疼自个的妈
就连琴琴都知道心疼自个的妈,你说我还跟自个媳妇在这
你说我还跟自个媳妇在这,你别跟我一般见识
你别跟我一般见识,这么多年你都拼命工作
这么多年你都拼命工作,我知道你是为了咱家那个日子过得好一点
我知道你是为了咱家那个日子过得好一点,平时我说你太要强
平时我说你太要强,实际上我是心疼你
实际上我是心疼你,我怕你累着
我怕你累着,真的说实话
真的说实话,我恨不得我多拉几趟活
我恨不得我多拉几趟活,我也不想让我媳妇就为了去一个什么社康中心去
我也不想让我媳妇就为了去一个什么社康中心去,那结果还当牛做马
那结果还当牛做马,还要看人脸色受人嫌弃
还要看人脸色受人嫌弃,凭什么呀
凭什么呀,我媳妇谁都不能欺负
我媳妇谁都不能欺负,就你欺负我
就你欺负我,我错了
我错了,我这不是来的道歉了吗
我这不是来的道歉了吗,错了
错了,我这人可能没多大志向
我这人可能没多大志向,我就觉得老婆孩子热炕头挺好的
我就觉得老婆孩子热炕头挺好的,可能你们觉得没什么出息是吧
可能你们觉得没什么出息是吧,我可没这么说
我可没这么说,我觉得你说的挺好的
我觉得你说的挺好的,那你就不生气啦
那你就不生气啦,那一天我给你做个按摩
那一天我给你做个按摩,心情不好不愿意开玩笑
心情不好不愿意开玩笑,正规按摩
正规按摩,你想哪去了
你想哪去了,我还没吃饭
我还没吃饭,我给你留了
我给你留了,我就给你拿去
我就给你拿去,你等会
你等会,我自己去吃去
我自己去吃去,你就坐着坐着我去给你拿着
你就坐着坐着我去给你拿着,不要
不要,我给你拿来
我还有点事,觉得今天蒋老师说的那话是不是话里有话
觉得今天蒋老师说的那话是不是话里有话,他不是说什么
他不是说什么,青春期再这样下去就什么来着
回头我跟朵朵交流交流,他不会说朵朵早恋
他不会说朵朵早恋,早恋
他才几岁,14搁过去14岁嫁人了
14搁过去14岁嫁人了,真的你看看到最近上课心神不宁是吧
真的你看看到最近上课心神不宁是吧,老师反映成绩摆在那成绩下滑
老师反映成绩摆在那成绩下滑,情绪又不稳定
情绪又不稳定,对我们爱理不理
对我们爱理不理,她有时候还臭打扮
早恋是你说的这样的,还用查吗
说大家都喜欢一帅哥是吗,什么帅哥
哎哎 你 你干什么呀,我去问问她去
你 你 你,小宇都知道了这事
一点证据都没有,我怎么办
没比我更,你刺探了什么
你刺探了什么,你什么都没刺探
你什么都没刺探,这是你刺探的结果
这是你刺探的结果,你什么都没有翻出来的
自然就会得到更多的情报,我跟你说
我跟你说,凭我的直观感觉
凭我的直观感觉,她那个电话肯定不是给琴琴打的
她那个电话肯定不是给琴琴打的,如果她是给琴琴打的她有什么不能说的
如果她是给琴琴打的她有什么不能说的,分明是心里面有鬼
分明是心里面有鬼,你给小宇打电话直接问
反而打草惊蛇了,怕什么 你这也不行
怕什么 你这也不行,你告诉到底怎么才行
咱们就好好引导朵朵对不对,反正你里外都有理是吧
反正你里外都有理是吧,早恋也是你说的
早恋也是你说的,早恋
早恋,回去说
他肯定怀疑咱们，看会电视,我下午才出车
我下午才出车,你让我睡会儿
你让我睡会儿,起来
起来,跟你说个事快点的
跟你说个事快点的,什么事儿
什么事儿,你说你说好好好我听我听
你说你说好好好我听我听,我姐得回来
我姐得回来,刚来的电话16号到北京
刚来的电话16号到北京,不16号到你现在叫我干吗
不16号到你现在叫我干吗,现在上机场等着
现在上机场等着,跟你说个正事
跟你说个正事,你先起来
你先起来,你说 你说 我听着
你说 你说 我听着,你还记得吗
你还记得吗,就在金台路有一个挺大的门脸
就在金台路有一个挺大的门脸,咱好几次都没舍得进那个餐厅
咱好几次都没舍得进那个餐厅,我姐夫跟人家合伙买下来了
我姐夫跟人家合伙买下来了,我姐就是来办这事的
我姐就是来办这事的,你干嘛激动成这样
你干嘛激动成这样,他分你一半
他分你一半,你傻吧
你傻吧,我姐现在是老板娘了
我姐现在是老板娘了,给你介绍的工作不是分分钟的事
给你介绍的工作不是分分钟的事,干个经理主管什么的
干个经理主管什么的,比你开出租赚那点辛苦钱强多了
比你开出租赚那点辛苦钱强多了,妮儿啊，我就一出租司机
妮儿啊，我就一出租司机,我开车挺好的
我开车挺好的,我哪干得了什么餐厅经理
我哪干得了什么餐厅经理,别给人添乱
别给人添乱,千万别
千万别,扶不起的刘阿斗
扶不起的刘阿斗,谁前两天跟我说
谁前两天跟我说,我这些年开始出租这一身毛病
我这些年开始出租这一身毛病,你的腰你前列腺
你的腰你前列腺,你这两天是不是颈椎也不大好
你这两天是不是颈椎也不大好,我看你这肩周老歪着
我看你这肩周老歪着,我跟你说我当医生的我最知道了这出租司机10个有9个都这一身毛病
我跟你说我当医生的我最知道了这出租司机10个有9个都这一身毛病,往后这都是我跟琴琴的事儿
往后这都是我跟琴琴的事儿,吴大夫
吴大夫,您真别瞧不起人
您真别瞧不起人,我这几天身体特别好
我这几天身体特别好,真的今琴琴没在吧
真的今琴琴没在吧,别闹别闹
别闹别闹,我跟你说正事
我跟你说正事,你就老嬉皮笑脸的先说正事
你就老嬉皮笑脸的先说正事,你说不是有这机会
你说不是有这机会,你干嘛不争取是不是
你干嘛不争取是不是,说话
说话,我是
我是,我就觉得我这开车也没什么不好的
我就觉得我这开车也没什么不好的,对不对
对不对,而且你姐那人吧
而且你姐那人吧,怎么了
怎么了,我跟他不熟
我跟他不熟,我看着他
我看着他,我紧张
我紧张,不熟那是正常的
不熟那是正常的,这两年不是离得远
这两年不是离得远,来往的也少
来往的也少,不管怎么说是我亲姐
不管怎么说是我亲姐,他小时候对我可好了
他小时候对我可好了,只要你愿意干
只要你愿意干,你真的你相信我
你真的你相信我,他肯定特关照你
他肯定特关照你,真的
真的,你说人琴琴
你说人琴琴,现在第五正往前三奔
现在第五正往前三奔,人家这孩子多积极要求上进
人家这孩子多积极要求上进,你是不是也赶紧行动起来
你是不是也赶紧行动起来,快说话
快说话,那你说为了琴琴这事我可以考虑
那你说为了琴琴这事我可以考虑,不过你呀
不过你呀,你跟他讲就顺便提一下
你跟他讲就顺便提一下,人家又没搭茬
人家又没搭茬,咱千万别上赶着你知道吗
咱千万别上赶着你知道吗,你这智商就别教我了
你这智商就别教我了,只要你松口
只要你松口,这事你就交给我办
这事你就交给我办,放心
放心,行了，你先睡了
行了，你先睡了,你说现在人都什么素质
你说现在人都什么素质,一点礼貌都没有
一点礼貌都没有,笑什么笑
笑什么笑,我自打今儿早
我自打今儿早,早上我就看着特别扭
早上我就看着特别扭,平时爽朗泼辣一女汉子一见着你姐
平时爽朗泼辣一女汉子一见着你姐,一见那法尼呀
一见那法尼呀,就怂了
就怂了,整个人小声小气的
整个人小声小气的,刚才这两嗓子神清气爽
刚才这两嗓子神清气爽,回来了
回来了,这什么叫回来了
这什么叫回来了,真是
真是,我跟你说我小时候比我姐漂聪学习还好
我跟你说我小时候比我姐漂聪学习还好,你现在比她强
你现在比她强,人现在你看这都什么条件了
人现在你看这都什么条件了,咱们这还我跟你说这叫什么话来着叫比人矮半截
咱们这还我跟你说这叫什么话来着叫比人矮半截,声音自然抖
声音自然抖,你甭羡慕他
你甭羡慕他,咱也不差
咱也不差,他还得羡慕你
他还得羡慕你,他羡慕我什么
他羡慕我什么,他有孩子吗
他有孩子吗,就那俩傻儿子都是前妻生的
就那俩傻儿子都是前妻生的,干什么
干什么,就一后妈
就一后妈,是不是你要到国外去保证比他嫁的好
是不是你要到国外去保证比他嫁的好,是吧
是吧,当然
当然,你就知道秀孩子怎么了
你就知道秀孩子怎么了,那我要把琴琴送出国
那我要把琴琴送出国,你干嘛老拦着
你干嘛老拦着,咱们不提这事
咱们不提这事,你怎么又来了
自个儿骂自个儿的,您可真逗 我干嘛自个儿骂自个儿 行了我都听见了
我也这么骂过我自己,张总您呢
张总您呢,为什么
为什么,您这么大老板开那么大公司
您这么大老板开那么大公司,您还怂
您还怂,还没出息
还没出息,我们老百姓没法活了
我们老百姓没法活了,真是
10分钟之前我还在这骂我自个呢,我打听一下
我打听一下,为什么出什么事儿
先别问我为什么你干嘛自个儿把自个儿跟老婆吵架了,没吵架
没吵架,闹点小别扭
怎么了,我老婆的姐从美国回来了
我老婆的姐从美国回来了,从美国回来又怎么了
从美国回来又怎么了,就感觉他爷们是奥巴马似的
就感觉他爷们是奥巴马似的,瞧人都拿鼻孔
瞧人都拿鼻孔,咱也是一大老爷们
咱也是一大老爷们,是不是
是不是,要不是瞧着我媳妇和我闺女的面
要不是瞧着我媳妇和我闺女的面,我早跟他急了
我早跟他急了,咱就是一开出租的
咱就是一开出租的,怎么了
怎么了,我不偷不抢
我不偷不抢,我怎么了
我怎么了,是不是
是不是,他们俩开个餐厅
他们俩开个餐厅,非得让我去那当什么经理
非得让我去那当什么经理,你说说我不
你说说我不,不想去
不想去,他们还不乐意
他们还不乐意,您说这叫什么事儿
是不是,您可真意思
您可真意思,咱一大老爷们不偷不抢在怕什么
这人哪有时候很容易陷入这叫舒适区,舒舒舒什么意思
这叫知足常乐,对
对,这不挺好吗
可没辙,张总您这是图什么都到
张总您这是图什么都到,这份上
当什么知道吗,当什么
当菩萨,我跟你说
我跟你说,张总
张总,您说这道理我都明白
您说这道理我都明白,可这个弯儿拐得太急
可这个弯儿拐得太急,我拐不过来
我拐不过来,你知道吧
给你包场,谢您谢您
谢您谢您,谢谢
谢谢,你怎么回事
你怎么回事,出门这脑袋是撞哪了
出门这脑袋是撞哪了,开了窍呢
开了窍呢,什么话呀
什么话呀,表现不错呀
表现不错呀,你还不乐意了是吧
你还不乐意了是吧,这我就乐意
这我就乐意,快快快 赶紧炸酱 来来
快快快 赶紧炸酱 来来,行行行 你甭管 甭管了 你出去 出去
行行行 你甭管 甭管了 你出去 出去,不用我管了
不用我管了,你自己呢给你个赞
你自己呢给你个赞,好，马上吃饭
好，马上吃饭,姐来来
姐来来,来姐
来姐,饭后甜点 喝点茶消消食
怕睡不着,没事儿
点心晚上吃 会胖的,真讲究
想想脑袋都大了,招新人
招新人,你这多不放心
你这多不放心,姐你看要不我们家老金你给安排你给你打个下手什么的
姐你看要不我们家老金你给安排你给你打个下手什么的,我跟你说他现在可要求上进了
我跟你说他现在可要求上进了,真的
你想让老金到我餐厅去做,想
我就担心我不会给他什么特殊照顾,不用特殊照顾
不用特殊照顾,就按规矩办事
就按规矩办事,真的姐你安排什么我们就干什么
真的姐你安排什么我们就干什么,没问题
没问题,我觉得要是安排职务太低了
我觉得要是安排职务太低了,不是也给你丢脸吗
不是也给你丢脸吗,是不是
我看老金人还算随和,随和随和
所以让他试试,真的
真的,真的姐
真的姐,谢谢姐
我跟你说个事,什么事你这么神神秘秘的
他是跟三个男孩一块儿,什么男孩
高一高二的,学长啊
学长啊,完了
完了,故事都是这么开始的
故事都是这么开始的,学妹碰见学长轰轰烈烈
学妹碰见学长轰轰烈烈,然后山盟海誓然后最后
然后山盟海誓然后最后,各奔东西 我自己问问去 
倒倒,我倒不匀了你说
我说你再背过去,行了你就实话实说
行了你就实话实说,是不是早恋
我就一直跟你说有三个男孩好像其中有个男孩跟他关系不错,他关系不错
他关系不错,不就是早恋
不就是早恋,完了这是彻底完了这是怕什么来什么
那男孩跟他关系不错,那男孩叫什么名字你知道吗
那男孩叫什么名字你知道吗,他父母是哪的
他父母是哪的,他个子高不高
他个子高不高,成绩好不好
成绩好不好,关键是长得丑不丑
已经看你未来当丈母娘的样子,你别跟我贫这个，我问你呢
还有这事,我怎么不知道谁我认识吗
我审你啊是我审你吗 是你自己主动交代的,那行你别说了
那行你别说了,我没时间管你的事
我没时间管你的事,你先跟我说方朵朵这事怎么办
能做到吗,不能做到
这拿着,小宇
小宇,怎么了这是
怎么了这是,怎么了
怎么了,跟我说说
你会怎么办,绝交
绝交,这么严重谁
这么严重谁,不会是朵朵吧
不会是朵朵吧,还真是朵朵
还真是朵朵,到底怎么了
到底怎么了,跟我说说
我真就是一不小心说漏嘴了,没事儿
没事儿,来擦擦眼泪
来擦擦眼泪,没事
没事,让你爸给方叔叔打个电话
让你爸给方叔叔打个电话,请朵朵到家里来
请朵朵到家里来,你们两个这么好的朋友当面说清楚肯定没问题的
你们两个这么好的朋友当面说清楚肯定没问题的,你别着急
你别着急,没问题的
没问题的,我这就去跟你爸说一下
我这就去跟你爸说一下,没事
没事,没事
你怎么确定这朵朵早恋了,我亲耳听到Ross说的
我亲耳听到Ross说的,他喜欢朵朵
他喜欢朵朵,朵朵也喜欢李想
朵朵也喜欢李想,李想还给了朵朵一定情物定情
李想还给了朵朵一定情物定情,你知道干什么用的吗
你知道干什么用的吗,早恋
找着证据了你想怎么办,找着证据啊
找着证据啊,我这次绝对不可能放过他
我这次绝对不可能放过他,必须跟我认错道歉
必须跟我认错道歉,保证这种事情不再犯断绝关系
保证这种事情不再犯断绝关系,如果断不了关系
如果断不了关系,ok没问题
ok没问题,咱们就转学
咱们就转学,如果转学还不管用
如果转学还不管用,我是去找这李想的爸爸妈妈
我是去找这李想的爸爸妈妈,我问问看为什么生出这样的孩子勾引别人家女儿早恋
我觉得这事还得冷静处理,还怎么冷静
还怎么冷静,你说还要怎么冷静再冷静下去
你说还要怎么冷静再冷静下去,说不定明天我们当爷爷奶奶了
咱要当也只能当个姥姥姥爷,我没时间跟你贫
我没时间跟你贫,你抓紧时间赶快找他
你抓紧时间赶快找他,一会就放学回来了
我觉得这事还得因因势利导循循善诱你知道吧,搞什么导什么用
搞什么导什么用,导什么导诱什么诱啊，就是之前给你导坏了
导什么导诱什么诱啊，就是之前给你导坏了,全听你的错了
全听你的错了,对不起
对不起,从今天开始我来导你别说话
你最后给孩子情感造成终身的伤害,你少吓唬我
咱们家住几楼,你别逼我我怎么办
你别逼我我怎么办,朵朵要是早恋了
朵朵要是早恋了,你告诉我怎么办
你告诉我怎么办,我所有的心血全部花在他身上
我所有的心血全部花在他身上,我跟你说方圆他要早恋
我跟你说方圆他要早恋,我也不活了
1000份,多少
所以把您请来喝酒,干得漂亮
干得漂亮,别的咱不吹
别的咱不吹,你要说论酒量
你要说论酒量,我说第二我看
我说第二我看,看谁敢说第一
看谁敢说第一,今儿我让你好好见识见识
今儿我让你好好见识见识,咱们必须他一举拿下
我看好您走,我跟你说个事儿
我跟你说个事儿,快
快,什么事
什么事,还是琴琴出国留学的事儿
还是琴琴出国留学的事儿,咱不是说不去了吗
咱不是说不去了吗,你怎么又跟我说这事儿怎么没完没了
你怎么又跟我说这事儿怎么没完没了,你看你这人一提这事就神经质
你看你这人一提这事就神经质,这不现在情况有了新的变化了吗
这不现在情况有了新的变化了吗,咱们俩好好合计合计
咱们俩好好合计合计,你看看
你看看,这是琴琴出国的学费
这是琴琴出国的学费,你说以前你不同意
你说以前你不同意,那是因为咱钱确实凑不够
那是因为咱钱确实凑不够,又不想卖房子卖地的是不是
又不想卖房子卖地的是不是,可是我姐说了
可是我姐说了,给琴琴找一个有奖学金的高中
给琴琴找一个有奖学金的高中,还给他当担保人呢
还给他当担保人呢,你姐
你姐,啊真的
啊真的,你看我算了一笔费用
你看我算了一笔费用,这琴琴一年它的学费你看是2万
这琴琴一年它的学费你看是2万,然后这生活费是1万
然后这生活费是1万,我姐说以后吃住在他那这个费用咱就算免了
我姐说以后吃住在他那这个费用咱就算免了,再申请一个至少5000块钱的奖学金
再申请一个至少5000块钱的奖学金,算下来真的是不到10万块钱人民币
算下来真的是不到10万块钱人民币,我们孩子就能出国留学了
我们孩子就能出国留学了,咱家家底是不富裕
咱家家底是不富裕,但是这点钱咱还是能凑出来的
但是这点钱咱还是能凑出来的,这样咱也不用卖房子卖地
这样咱也不用卖房子卖地,琴琴还能出去留学
琴琴还能出去留学,你不是希望她将来有出息吗
你不是希望她将来有出息吗,这美国读完书什么样的工作找不着
这美国读完书什么样的工作找不着,即便是他选择回国，那也是海归
即便是他选择回国，那也是海归,不成
不成,为什么
为什么,咱可不能因为心疼孩子
咱可不能因为心疼孩子,舍不得就把孩子给耽误了
舍不得就把孩子给耽误了,我不是说孩子不成
我不是说孩子不成,我说你姐他那人你不是不知道
我说你姐他那人你不是不知道,人又矫情
人又矫情,嘴又碎
嘴又碎,我跟你说在我们店里上上下下
我跟你说在我们店里上上下下,里里外外没有他没骂过的人
里里外外没有他没骂过的人,这也就是我大姨子这要换别人
这也就是我大姨子这要换别人,我早跟他骂了我
我早跟他骂了我,是我姐脾气你也不是不知道
是我姐脾气你也不是不知道,跟我似的刀子嘴豆腐心
跟我似的刀子嘴豆腐心,他这人说什么根本就不往心里去
他这人说什么根本就不往心里去,快得了吧
快得了吧,就凭他对我吆五喝六那样
就凭他对我吆五喝六那样,咱琴琴到他那去
咱琴琴到他那去,那还不得让他给折磨死
那还不得让他给折磨死,没准还得伺候他那俩傻儿子
没准还得伺候他那俩傻儿子,琴琴在咱家是心肝宝贝
琴琴在咱家是心肝宝贝,到那去给人家当丫头
到那去给人家当丫头,我疯了我
我疯了我,不是我跟你说
不是我跟你说,你怎么能这么想
你怎么能这么想,那俩儿子那是我姐夫前妻生的
那俩儿子那是我姐夫前妻生的,你说我姐再怎么着
你说我姐再怎么着,我是他亲妹妹这个理儿他总知道吧
我是他亲妹妹这个理儿他总知道吧,那这有血缘在这
那这有血缘在这,他那还能分不清里外人
他那还能分不清里外人,这事可保不齐
这事可保不齐,我告诉你
我告诉你,另外奖学金这事根本就不靠谱
另外奖学金这事根本就不靠谱,怎么了
怎么了,你说
你说,这按年发
这按年发,第一年说琴琴学习好
第一年说琴琴学习好,给奖学金没问题
给奖学金没问题,第二年万一她不适应环境
第二年万一她不适应环境,成绩掉下去了
成绩掉下去了,这钱没了
这钱没了,对不对
对不对,那怎么办
那怎么办,回来上高二
回来上高二,整个学习都耽误了
整个学习都耽误了,到时候高考也考不上
到时候高考也考不上,这一辈子就完了
这一辈子就完了,我就说跟你这种人过日子就全是负能量
我就说跟你这种人过日子就全是负能量,我姐说的对
我姐说的对,你遇到困难不想解决
你遇到困难不想解决,你张嘴闭嘴
你张嘴闭嘴,就你姐你去跟你姐过得了
就你姐你去跟你姐过得了,你还真别说这个
你还真别说这个,我不爱听
我不爱听,你以为我愿意瞎折腾
你以为我愿意瞎折腾,你真的
你真的,你好好看看这满墙的奖状
你好好看看这满墙的奖状,咱家琴琴多优秀
咱家琴琴多优秀,只要咱下功夫
只要咱下功夫,孩子肯定长大了有出息
孩子肯定长大了有出息,你说咱当父母的不给孩子好好提供点机会
你说咱当父母的不给孩子好好提供点机会,给他多点选择
给他多点选择,长大了他会怪咱们的
长大了他会怪咱们的,你说
你说,你这当爸的心里也过得去
你这当爸的心里也过得去,咱俩也别争
咱俩也别争,也别吵
也别吵,各有各的理
各有各的理,这事儿呢
这事儿呢,你别动我
你别动我,你别碰我
你别碰我,你别动手说话
你别动手说话,这事赖我我没本事挣不着钱
这事赖我我没本事挣不着钱,是吧
是吧,你放心
你放心,这回采购的活我肯定好好干
这回采购的活我肯定好好干,甭管怎么说
甭管怎么说,人给的工资还可以吧
人给的工资还可以吧,等咱攒几年钱
等咱攒几年钱,说不定以后也能送琴琴去个便宜点的外国大学
说不定以后也能送琴琴去个便宜点的外国大学,这有什么不好
这有什么不好,再说孩子现在这么小
再说孩子现在这么小,是不是过几年再说这事你着什么急
是不是过几年再说这事你着什么急,别着急
别着急,你攒吧等你攒够了
你攒吧等你攒够了,学费也涨了
学费也涨了,你说我们单位多少人现在还租房子住
你说我们单位多少人现在还租房子住,为什么买不起
为什么买不起,没有长远的眼光
没有长远的眼光,就是攒钱攒齐了
就是攒钱攒齐了,房价涨了
房价涨了,有什么用
有什么用,再说了出国语言关
再说了出国语言关,越早出去就越早适应
越早出去就越早适应,说一千道一万
说一千道一万,户口本在我这
户口本在我这,我要不点头
我要不点头,谁也办不了护照
谁也办不了护照,哪也去不了
哪也去不了,你行 你防着我
你行 你防着我,不怕贼偷
不怕贼偷,就怕贼惦记
就怕贼惦记,谁是贼
谁是贼,亮忠啊，你说你
亮忠啊，你说你,你说你这大老爷们
你说你这大老爷们,你说你又要照顾小宇
你说你又要照顾小宇,你还要照顾娜娜
你还要照顾娜娜,难为你了
这不把您请来 专门照顾蒂娜嘛,是是是
是是是,那啥 那个 娜娜跟我说了
那啥 那个 娜娜跟我说了,她说之前跟小宇之间他俩有点不愉快
所以他这一来这娜娜就难免受点委屈,没有
没有,我跟你说
我跟你说,这肯定是娜娜的不对
不,不你听我说亮忠啊，这娜娜啊他虽说比小宇大不了几岁
不你听我说亮忠啊，这娜娜啊他虽说比小宇大不了几岁,可是他是长辈对吧
可是他是长辈对吧,长辈他怎么能跟自己家里孩子过不去
长辈他怎么能跟自己家里孩子过不去,是不是
是不是,再说了
再说了,你说男孩他有不皮的吗
你说男孩他有不皮的吗,越聪明越皮
越聪明越皮,你说是不是这道理
你说是不是这道理,而且这娜娜也是要当妈的人了
而且这娜娜也是要当妈的人了,他也该学学怎么跟孩子相处了
他也该学学怎么跟孩子相处了,是不是
是不是,我跟你说其实我一早就跟娜娜说过
我跟你说其实我一早就跟娜娜说过,我说你看人亮忠天天在外边公司那么多事那么忙
我说你看人亮忠天天在外边公司那么多事那么忙,是吧
是吧,你怎么能让就是后院得太平
你怎么能让就是后院得太平,咱不能后院起火
咱不能后院起火,你说是不是
所以现在正在磨合,对
对,我跟你说
我跟你说,他俩其实就俩孩子
他俩其实就俩孩子,是不是
是不是,等娜娜再生一个
等娜娜再生一个,你这两窝并一窝
你这两窝并一窝,这够你热闹的
这够你热闹的,大兄弟哈哈哈哈哈哈
大兄弟哈哈哈哈哈哈,那啥亮忠
那啥亮忠,我岁数比你就大那么几个月
我岁数比你就大那么几个月,可是我现在我好歹我是小宇他姥姥是吧
可是我现在我好歹我是小宇他姥姥是吧,你放心小宇这孩子我真心喜欢他
你放心小宇这孩子我真心喜欢他,我一定替你好好做他工作
我一定替你好好做他工作,当然了我也做娜娜工作
当然了我也做娜娜工作,让他俩好好的不行再干仗了
让他俩好好的不行再干仗了,是不是
是不是,和平相处是吧
还可以,咱俩就让他俩关系更上一层楼
咱俩就让他俩关系更上一层楼,好不好
好不好,我跟你说
我跟你说,这孩子的事
这孩子的事,我有经验
我有经验,你只要是吃喝拉撒全方位的
你只要是吃喝拉撒全方位的,你照顾好它
你照顾好它,关心他他心里有数
关心他他心里有数,他知道谁对他好是吧
他知道谁对他好是吧,让他俩好好处是吧
让他俩好好处是吧,那咱们后院不就太平了吗
那咱们后院不就太平了吗,是不是
麻烦您多费心,应该的 应该的
千万别客气,好了
我还有个会我得先走了,你这大周末咋还开会
我先去了,那你先忙
那你先忙,你早点回来
一会儿再拿,妈你说你闹什么
妈你说你闹什么,我都跟你说过多少遍了
我都跟你说过多少遍了,那小宇他就是个刺头
那小宇他就是个刺头,还当着邻居的面
还当着邻居的面,你是不是嫌我这后妈好当是吧
你是不是嫌我这后妈好当是吧,现在邻居不知道怎么说
现在邻居不知道怎么说,我这后妈欺负小宇呢
我这后妈欺负小宇呢,还有亮忠
还有亮忠,他刚才青光眼差点都犯了
他刚才青光眼差点都犯了,我不是好心吗
我不是好心吗,你说他洗澡的后边够不着
你说他洗澡的后边够不着,后边老泥我替他搓搓
后边老泥我替他搓搓,这怎么
这怎么,他是个半大小伙子
他是个半大小伙子,妈你替他搓什么泥
妈你替他搓什么泥,他又不是我
他又不是我,怨我
怨我,我错了还不行吗
我错了还不行吗,真是的
真是的,我图啥
我图啥,我真是
我真是,我好心好意的
我好心好意的,你说我这不为你好吗
你说我这不为你好吗,我不是帮你吗
我不是帮你吗,哪是帮我
哪是帮我,你这是帮倒忙
你这是帮倒忙,朵朵那礼物你找着没有
朵朵那礼物你找着没有,咱们自己的事你不管吗
我说这事有谱没谱,当然有谱了
当然有谱了,我不管你说的交给你
肯定水落石出好吧,测什么血压我是装的
测什么血压我是装的,你看不出来
什么什么装的,你看看这分数
九十四嘛,你仔细看看
哇塞74,你眼瘸吗这是四吗
你眼瘸吗这是四吗,那是一啊
这全错了,我跟你说
我跟你说,之前分数考的不好是一回事
之前分数考的不好是一回事,改卷子
改卷子,这是道德品质的问题
这是道德品质的问题,这是撒谎
这是撒谎,这太恶劣了我告诉你
化学在中考里边才占80分是吧,80分不是0分吗
还是当时身体不舒服,方圆你想说什么
方圆你想说什么,方朵朵有
方朵朵有,今天就是你这么一步步惯出来的
今天就是你这么一步步惯出来的,都这样了
都这样了,你还在给他身体找理由
你还在给他身体找理由,这是撒谎
这是撒谎,这不是开玩笑的事
这不是开玩笑的事,他有第一次就有第二次
他有第一次就有第二次,有第二次就有第三次
有第二次就有第三次,他以后什么谎都跟咋们撒
我觉得这我可以从侧面来了解一下,你怎么从
所以我估计撒谎的事肯定也是小宇赶鸭子上架把朵朵给赶开的,我跟你说小宇改卷子是小宇的不对
我跟你说小宇改卷子是小宇的不对,但是朵朵同意小宇改卷子
但是朵朵同意小宇改卷子,方朵朵难道没错吗
方朵朵难道没错吗,这跟自己改有什么区别呢
这跟自己改有什么区别呢,这就是一个性质啊
这就是一个性质啊,他不知道是骗我们
我觉得小周说的还是有一定的,不是周佳成是你什么人
不是周佳成是你什么人,你是他师傅
你是他师傅,还是他是你师傅
还是他是你师傅,你跟我说说你怎么什么都听他的
是不是,你跟我说过什么谎
你跟我说过什么谎,我感觉不是什么特别
我感觉不是什么特别,不是你跟我说
不是你跟我说,我问问你我之前你到底有几个女朋友
我问问你我之前你到底有几个女朋友,啊什么
跟她交流,你说朵朵是第一次吗
什么第一次,第一次改考卷
第一次改考卷,我怀疑他不是第一次
我怀疑他不是第一次,就算他是第一次
就算他是第一次,我跟你说
我跟你说,有第一次就有第二次
有第一次就有第二次,有第二次就有第三次
有第二次就有第三次,我现在都不知道他之前给咱们看那些卷子
我现在都不知道他之前给咱们看那些卷子,哪一次的分数是真的
哪一次的分数是真的,哪一次的分数是假
哪一次的分数是假,你说我签了那么多次字
你说我签了那么多次字,你说朵朵每天上学
你说朵朵每天上学,他是直接去学校吗
他是直接去学校吗,每天放学回家
每天放学回家,他是直接先回咱们家吗
他是直接先回咱们家吗,还有他跟我说去找琴琴对功课
还有他跟我说去找琴琴对功课,他是去琴琴那了吗
他是去琴琴那了吗,还跟小宇去书店
还跟小宇去书店,那是跟小宇去书店吗
跟小宇去的肯定不是书店,你别跟我打岔
你别跟我打岔,我就是打个比方
我就是打个比方,他现在改卷子是道德品质的问题
他现在改卷子是道德品质的问题,你要是再不管他
你要是再不管他,他就是违法犯罪了
他就是违法犯罪了,你违法犯罪你还是不管他
你违法犯罪你还是不管他,我告诉你不定他将来能干什么什么惊天动地的事情
我告诉你不定他将来能干什么什么惊天动地的事情,我自己就生了这么一个
你觉得他有有可能祸国殃民吗,不是
不是,我没有说他祸国殃民
就等同于翻他日记本你知道吗,日记本我也翻过
日记本我也翻过,我也不是没翻过
我也不是没翻过,我不怕
我不怕,你看看密码
你看看密码,他改密码了他把密码说明他有鬼
他改密码了他把密码说明他有鬼,你说是不是你生日我生日
你说是不是你生日我生日,你生日不是我生日也不是
你生日不是我生日也不是,爷爷生日多少
哈,爷爷生日
4月21,奶奶生日多少
你再那么试最后就把手机给锁死了,我一分钟以后可以再试
10分钟最后你上手机店修去吧,她心虚什么，不是说好了吗
她心虚什么，不是说好了吗,一分钟以后还能试几次
其实倒是要有一个方法能把它打开,什么方法
你是猪啊他的指纹,她的指纹
不是你这样的话就等于他的孩子把他吵醒了,他睡觉向来就睡得死
他睡觉向来就睡得死,大热青春、情感、小说、青春我最狂
大热青春、情感、小说、青春我最狂,你看看就这个
你看看就这个,你看看已更新15万字了
你看看已更新15万字了,昨天还更新了
昨天还更新了,你看有没有15万字两个多月搞出来的
你看有没有15万字两个多月搞出来的,你说他成绩能好
你说他成绩能好,才怪
几十万点击量还这么多粉丝催着她更新,每天回家关屋里边
每天回家关屋里边,你以为他在用功
你以为他在用功,他在写小说
他在写小说,难怪老师说他休息不好
难怪老师说他休息不好,老师其实话里有话
老师其实话里有话,只是我们没有察觉这天天这么熬夜
只是我们没有察觉这天天这么熬夜,他休息怎么能好吗
想放松就随便写,你就别帮他说话了
你就别帮他说话了,随便写写能写出这么多字
随便写写能写出这么多字,你看看这些粉丝留言什么
你看看这些粉丝留言什么,做我的女神
做我的女神,你看我刚才看一过分的
你看我刚才看一过分的,非你不娶朵教主
非你不娶朵教主,膝盖给你 这不是这
网上都是这种,我知道
我知道,可是这么捧
可是这么捧,你说他能不骄傲吗
你说他能不骄傲吗,这不得把朵朵捧晕了
你不能待会儿一回来就又开始冲她着发火发飙,我知道不会
我知道不会,所以我悄悄的把你叫回来
所以我悄悄的把你叫回来,不是商量着怎么办吗
其实也不一定是个坏事,你说方圆我不是那个不懂道理的
你说方圆我不是那个不懂道理的,他现在没有中考这事儿
他现在没有中考这事儿,我第一个当他的粉丝
我第一个当他的粉丝,我守在电脑前面
我守在电脑前面,我天天候着他更新
我天天候着他更新,他离中考还有多少天
他离中考还有多少天,你自己算算
你自己算算,这成绩忽上忽下
这成绩忽上忽下,先是英语
先是英语,然后是化学
然后是化学,你告诉我怎么办
你告诉我怎么办,我告诉你你要如果同意说行
我告诉你你要如果同意说行,咱现在就辍学
咱现在就辍学,别上学了
别上学了,就当作家
就当作家,你同意我拍板没问题
这不更得逆反,你不是废话
你不是废话,我找你来干什么
我找你来干什么,就是商量对策的
就是商量对策的,反正我想了一个办法
反正我想了一个办法,好吧
你说,我就说家里面网断了
你这招肯定不灵,那就在学校写是不是
那就在学校写是不是,要不然还有一个方法
要不然还有一个方法,那就说我晚上还是梦游
那就说我晚上还是梦游,怕什么
怕什么,反正都这样了
反正都这样了,然后你这几天有几台大手术
然后你这几天有几台大手术,你不能分心
你不能分心,你就让我跟他睡
你就让我跟他睡,我天天晚上看着他
我天天晚上看着他,其实你跟他说是他看着我照顾我行不行
我就自己上小床上睡,你不就上个小床吗
你不就上个小床吗,你有什么代价
你又捣鼓什么呢,看一看啊
你现在看没有用,我看看他给人怎么回复的
怎么回复呢,我就看看这什么叫膝盖给你
我就看看这什么叫膝盖给你,我没看懂呢
我把什么都给你,我现在要你的膝盖
我就在你后边跪着还有什么留言,你看看那个爱他的怎么说
你看看那个爱他的怎么说,这太赤裸裸了
这太赤裸裸了,跟你说这真是的
网上就这样它不是那个,他会不会跟她喜欢他的粉丝约会
他怎么跟她约会,她不知道约出来就知道了
她不知道约出来就知道了,真的是今天晚上没去绝对遗憾
真的是今天晚上没去绝对遗憾,真的应该去见见这世面
真的应该去见见这世面,那简直那孩子能机器人比赛
那简直那孩子能机器人比赛,真是想想都不可思议
真是想想都不可思议,你能不能
你能不能,有个暂停
有个暂停,你从进门就没停过
你从进门就没停过,你都快成机器人了
你都快成机器人了,这个人就是不虚心
这个人就是不虚心,真的
真的,你说那帮孩子将来还得了吗
你说那帮孩子将来还得了吗,真的是让我特别的兴奋
真的是让我特别的兴奋,就是受益匪浅
就是受益匪浅,太激动了
太激动了,我今天看得我
我今天看得我,你说那些孩子 差一点 差多了
你说那些孩子 差一点 差多了,真的
真的,咱就说这交朋友
咱就说这交朋友,你看人张总那都是什么朋友
你看人张总那都是什么朋友,个个都是大老板
个个都是大老板,各界精英
各界精英,咱自己关上门说别看小宇现在学习不怎么样
咱自己关上门说别看小宇现在学习不怎么样,架不住人家都是跟精英的子女在一块
架不住人家都是跟精英的子女在一块,将来保不齐就怎么样
将来保不齐就怎么样,这叫物以类聚
这叫物以类聚,人以群分
人以群分,你是够臭的
你是够臭的,你那都是什么朋友
你那都是什么朋友,什么老张老王
什么老张老王,没事就桥底下瞧牌去
没事就桥底下瞧牌去,你当我不知道
你当我不知道,你能叫个暂停吗
你能叫个暂停吗,你这话比那解说员的还多
你这话比那解说员的还多,我们瞧牌怎么了
我们瞧牌怎么了,没活
没活,你让我怎么着
你让我怎么着,我抓一人塞车了
我抓一人塞车了,那叫绑票
那叫绑票,完了吧你别找借口了
完了吧你别找借口了,你没活没活能不能停在那
你没活没活能不能停在那,你就琢磨琢磨孩子的将来为孩子多想一想
你就琢磨琢磨孩子的将来为孩子多想一想,找借口
找借口,咱们家琴琴多优秀
咱们家琴琴多优秀,他就得出国
他就得出国,我告诉你出了国哈佛耶鲁的文凭随便拿
我告诉你出了国哈佛耶鲁的文凭随便拿,到时候留下想回来
到时候留下想回来,回来把简历往中华英才网上一放
回来把简历往中华英才网上一放,世界500强马上就来找你
世界500强马上就来找你,净给自己的就是不思进取
净给自己的就是不思进取,你说咱姐那天在那说的一番话
你说咱姐那天在那说的一番话,我真的是受
我真的是受,别给我提这人
别给我提这人,别提这人说点别的
别提这人说点别的,我不爱听
我不爱听,他瞧不上我我也瞧不上他
他瞧不上我我也瞧不上他,你瞧不上人
你瞧不上人,人家瞧不上你吧
人家瞧不上你吧,他凭什么瞧不上我怎么了
他凭什么瞧不上我怎么了,我凭力气吃饭我怎么了
我凭力气吃饭我怎么了,我也没嫁个快死的老头子
我也没嫁个快死的老头子,好好别说你了
好好别说你了,姐怎么了
姐怎么了,他架不住人家是见过世面的
他架不住人家是见过世面的,在美国待过的
在美国待过的,说的那话就是有水平
说的那话就是有水平,什么事没做之前先不要否定
什么事没做之前先不要否定,要去尝试它
要去尝试它,琴琴当时触动也特别大
琴琴当时触动也特别大,我跟你说
我跟你说,行了
行了,琴琴出国这事儿我好话歹话都说尽了
琴琴出国这事儿我好话歹话都说尽了,你也是软的不吃
你也是软的不吃,硬的不吃
硬的不吃,你知道就好
你知道就好,别的事都行
别的事都行,你要想跟外人把我闺女给拐走
你要想跟外人把我闺女给拐走,没门
没门,你看有门没门
你看有门没门,琴琴出国这事我告诉你砸锅卖铁我也送出去
琴琴出国这事我告诉你砸锅卖铁我也送出去,姓吴的
姓吴的,你非得让我们父女分离
你非得让我们父女分离,你才高兴
你才高兴,是不是
是不是,你才疯了
你才疯了,你说你考上什么破医生执照以后
你说你考上什么破医生执照以后,天天的100个瞧不上
天天的100个瞧不上,说我不求上进
说我不求上进,是
是,你原来当护工的时候
你原来当护工的时候,我就是一出租司机
我就是一出租司机,那会我有钱
那会我有钱,是不是
是不是,现在你当医生了
现在你当医生了,我还是出租司机
我还是出租司机,你就说我不求上进
你就说我不求上进,那怎么着
那怎么着,非得所有人都去当什么老板董事长总经理才行
非得所有人都去当什么老板董事长总经理才行,是不是
是不是,老百姓怎么着活不了了
老百姓怎么着活不了了,死去啊我告诉你你要那些东西我给不了你
死去啊我告诉你你要那些东西我给不了你,你要想攀高枝你去
你要想攀高枝你去,我不拦着
我不拦着,可是你要想把我闺女拐走
可是你要想把我闺女拐走,休想
休想,你神经病
干嘛呢,玩手机
我怎么觉得刚才你你是不是电脑给关上了,对
干嘛呢 瞅一眼,没用了不就关上了
情话悄悄的,没有
没有,我网上买东西
你网购怎么搞的还鬼鬼祟祟的 朵朵今天的情绪好像有点不是很稳定,我的情绪也不是很稳定
让你这几个月都白逛,你要是敢把我购物车给清了
你要是敢把我购物车给清了,我就敢拿我的购物车撵死你
去趟林县乡村白内障援助行动,为什么年年都是你 能告诉我为什么吗
说方圆专治白内障简称方丈,我看你是方智障
我看你是方智障,今年几个人去
今年几个人去,两人我跟谁跟学生周佳成
两人我跟谁跟学生周佳成,以前不都是男搭配
以前不都是男搭配,女女搭配吗
女女搭配吗,今天怎么男女搭配了
今年是个女学生 就跟那个女学生去 之前也带着女学生去过,你什么时候带女学生去过
我怎么没带 原来那个黄衣服的女学生不就是我带着去的,是
是,行行你有理
行行你有理,好吧
好吧,那路修好了没有
那路修好了没有,上次走了什么400多公里
上次走了什么400多公里,开了8个小时
开了8个小时,今年还是这个情况吗
今年还是这个情况吗,您问了吗
好像中间有一段是高速山路还得走,方圆
方圆,方圆
方圆,你明天要走
你明天要走,你怎么今天才告诉我
我今天医院才通知的我啊,那你现在
那你现在,跟我说我怎么给你收拾东西
跟我说我怎么给你收拾东西,我都没时间
我又不是郊游,我是给小朋友的
我是给小朋友的,酒是给小周的
酒是给小周的,上次小周来咱们家当时喜欢喝
上次小周来咱们家当时喜欢喝,正好你有车带给他
媳妇你不会往里边兑了雄黄吧,我必须加
我必须加,许公子我可提醒你
许公子我可提醒你,你要是再着了什么妖道
你要是再着了什么妖道,老衲可救不了你
老衲可救不了你,好自为之
行,你知道吗
你知道吗,以前在你上初中之前
以前在你上初中之前,几乎每个周末
几乎每个周末,我们都是这么过的
我们都是这么过的,要是能天天这样就好了
其实每天都可以阳光普照大地,我跟你较劲
我跟你较劲,小姐拜托
小姐拜托,如果你给我考个年级第一
如果你给我考个年级第一,也别年级第一了
也别年级第一了,年级前10
年级前10,哦不也别前10了
哦不也别前10了,年级前50对前100对
年级前50对前100对,哪怕100妈妈都不会这么较劲
你不跟我较劲 你不就跟老爸较劲去啦,不是
不是,我不跟他较劲
我不跟他较劲,我跟谁较劲
我跟谁较劲,你爸是我老公
你爸是我老公,我要换一个人较劲
我要换一个人较劲,你爸不乐意了
呵呵,朵朵
朵朵,我问你
我问你,我听你们老师说说你们班很多人不爱写作业
我听你们老师说说你们班很多人不爱写作业,老抄作业
老抄作业,为什么不写作业
有的嫌题难 不愿意写作业,你说这些孩子是怎么想的
你说这些孩子是怎么想的,父母呕心沥血
父母呕心沥血,辛辛苦苦挣钱送他们上学读书
辛辛苦苦挣钱送他们上学读书,不好好写作业
不好好写作业,不好好上进
不好好上进,欺骗父母
你到底想说什么,我是说朵朵
我是说朵朵,你以后不能把作业给他们抄
你是怀疑我抄别人作业,我怎么会怀疑你抄别人的作业
我怎么会怀疑你抄别人的作业,妈妈是相信你的
妈妈是相信你的,是吧
是吧,你的作业都是独立完成的
你的作业都是独立完成的,是不是
喜欢猜测别的人往往早已掉入了别人的陷阱,什么意思
合适吗,方朵朵给我站住
你为什么不相信我呢,我我是无意的
我我是无意的,我是无意在小宇的电脑里面
我是无意在小宇的电脑里面,我看到你还一直在写
我看到你还一直在写,我不就急了吗
但是为什么你们就是不相信我呢,好好你先不激动
好好你先不激动,朵朵
朵朵,你听妈妈我说两句行不行
你听妈妈我说两句行不行,首先妈妈承认妈妈做的是不太好这个手法
首先妈妈承认妈妈做的是不太好这个手法,是不太高明
是不太高明,甚至有点卑劣
甚至有点卑劣,可是你知道妈妈为什么这么做吗
可是你知道妈妈为什么这么做吗,第一
第一,妈妈已经明明说过不可以再写这个东西
妈妈已经明明说过不可以再写这个东西,你还继续再写
你还继续再写,你等于是知道妈妈不让你写
你等于是知道妈妈不让你写,你还写
你还写,你是故意瞒着妈妈的继续再写
你是故意瞒着妈妈的继续再写,你说那妈妈能不生气吗
你说那妈妈能不生气吗,而且话说回来等于是我们俩之间的观念发生了冲突
而且话说回来等于是我们俩之间的观念发生了冲突,我不让你写你非要写
我不让你写你非要写,我们俩之间有矛盾
我们俩之间有矛盾,这个矛盾是肯定要解决的
这个矛盾是肯定要解决的,这是我用了一个比较差的办法
这是我用了一个比较差的办法,第二
第二,妈妈为什么要这么做
妈妈为什么要这么做,就像爸爸说的
就像爸爸说的,你是一个青春期的孩子
你是一个青春期的孩子,你需要特殊对待
你需要特殊对待,那妈妈不知道一个青春期的孩子心里到底想的是什么
那妈妈不知道一个青春期的孩子心里到底想的是什么,那妈妈就想能够钻到你心里面
那妈妈就想能够钻到你心里面,知道你心里面到底在想什么
知道你心里面到底在想什么,那你又不跟妈妈说实话
那你又不跟妈妈说实话,这所以妈妈就想了这个方法
这所以妈妈就想了这个方法,是不是妈妈只是想怎么能够更好的跟你对话
是不是妈妈只是想怎么能够更好的跟你对话,能够知道你心里怎么想的
能够知道你心里怎么想的,我也不想装你的粉丝
我也不想装你的粉丝,我也不懂什么IP
我也不懂什么IP,我还在网上花了钱买的
我还在网上花了钱买的,结果妈妈一上网看你有这么多粉丝
结果妈妈一上网看你有这么多粉丝,妈妈也傻了
妈妈也傻了,妈妈也不知道原来你写的东西这么多人喜欢
妈妈也不知道原来你写的东西这么多人喜欢,这对妈妈也是一个教育
这对妈妈也是一个教育,第三妈妈也是被逼的
第三妈妈也是被逼的,你说你要跟妈妈说实话就不会有这个结果
你说你要跟妈妈说实话就不会有这个结果,是不是
是不是,当然妈妈也有责任
当然妈妈也有责任,最主要的问题是妈妈觉得你现在所有的时间应该对付中考
最主要的问题是妈妈觉得你现在所有的时间应该对付中考,这中考是最重要的
这中考是最重要的,你说要是我的女儿现在就已经是畅销小说作家了
你说要是我的女儿现在就已经是畅销小说作家了,就已经是作家
就已经是作家,你说妈妈能不高兴吗
你说妈妈能不高兴吗,我自己的女儿有成绩
我自己的女儿有成绩,这成为一个这么优秀的人
这成为一个这么优秀的人,我我能不高兴吗
我我能不高兴吗,可是你必须参加高考
可是你必须参加高考,你说是不是
你说是不是,妈妈也不会装粉丝
妈妈也不会装粉丝,妈妈演技也不好
妈妈演技也不好,还得天天演着你的小粉丝
还得天天演着你的小粉丝,还得琢磨应该怎么跟你说话
还得琢磨应该怎么跟你说话,这个 这
这个 这,妈妈瞒着你 还得瞒着爸爸就怕你们知道
妈妈瞒着你 还得瞒着爸爸就怕你们知道,对
对,说到知道这个事情你都知道
说到知道这个事情你都知道,你都知道妈妈知道你知道这个事情你为什么不让妈妈知道你知道呢
妈妈你在说什么,就是你都知道了妈妈在装粉丝了
就是你都知道了妈妈在装粉丝了,是不是
是不是,你都知道妈妈是装的
你都知道妈妈是装的,你为什么不让妈妈知道
你为什么不让妈妈知道,让妈妈知道你知道是不是
让妈妈知道你知道是不是,你看妈妈每天紧张
你看妈妈每天紧张,都把妈妈气晕了
我也晕了,不说了
不说了,好了 妈妈错了
好了 妈妈错了,妈妈错了
妈妈错了,妈妈向你道歉
妈妈向你道歉,的确这个事情妈妈处理的不好
的确这个事情妈妈处理的不好,那这样妈妈再问你一遍
那这样妈妈再问你一遍,是特别喜欢是不是
我真的特别喜欢写小说,你现在都这个成绩了
你现在都这个成绩了,算了算了不说这事一说就给你压力
算了算了不说这事一说就给你压力,这样咱们想一个折中的方法好不好
这样咱们想一个折中的方法好不好,比如说是一周还是一个月
比如说是一周还是一个月,还是最好是能够寒暑假的时候来更新行不行
那样会掉粉,"对
你现在粉丝好多"
"对
你现在粉丝好多",现在粉丝好多不能随便掉
现在粉丝好多不能随便掉,咱们商量
咱们商量,好不好
好不好,你满意我也满意
你满意我也满意,商量一个我们都满意的方法
商量一个我们都满意的方法,行
行,跟妈妈回家
咱们吃点东西,妈妈给你做啊
妈妈给你做啊,你怎么在这
你不想看见我,哪儿
哪儿,你怎么找着我的
反正你走到哪我都能找着,呦吼你还跟我玩个神秘的是不是
呦吼你还跟我玩个神秘的是不是,哈哈
哈哈,今儿不上课
今儿不上课,你找我有什么事
你就跟我回家,今天还得拉活
今天还得拉活,今天回不去
今天回不去,过两天
爸你别跟妈妈吵架了,琴琴
琴琴,大人的事儿
大人的事儿,我跟你也说不清楚
我跟你也说不清楚,你也不懂
你也不懂,小孩你就甭管这些
小孩你就甭管这些,你就好好学习
你就好好学习,先回去
先回去,这有钱吗
这有钱吗,我给你钱
我给你钱,你这是干嘛
这性质可就变了,我不喝
你知道他住在哪吗,她妈那儿
确定吗,那还能去哪儿
服个软,我凭什么服软
我凭什么服软,我又没做对不起他的事
我又没做对不起他的事,你说姐这两口子吵架是不是再正常不过的事了
你说姐这两口子吵架是不是再正常不过的事了,吵个架就吵个架
吵个架就吵个架,他跟个娘们似的他先走了
他跟个娘们似的他先走了,我还没说走
我还没说走,他先走了那走就走
他先走了那走就走,别回来大不了就离婚
别回来大不了就离婚,怎么地
还是在气头上随便说,我真心话
我真心话,你不知道姐
你不知道姐,只要回回提起这琴琴上学的事儿
只要回回提起这琴琴上学的事儿,他就没完没了的跟你吵
他就没完没了的跟你吵,你说跟一个又没有文化又没有见识的人
你说跟一个又没有文化又没有见识的人,你说不清道理
你说不清道理,反正我也想好了
反正我也想好了,大不了就跟他离
大不了就跟他离,我不惯他这毛病
保护好自己,这么快
这么快,那不是都得先谈谈的吗
就带着这一条,姐其实我这人真的是不讲究  我吃点苦都无所谓
姐其实我这人真的是不讲究  我吃点苦都无所谓,我这人这一辈子就这命
干嘛妹妹,姐
姐,可是我不想让琴琴跟我一样
可是我不想让琴琴跟我一样,这一辈子就这么过下去了
这一辈子就这么过下去了,你知道琴琴这孩子特别优秀
你知道琴琴这孩子特别优秀,他在学习上从来就没让我们两口子操过心
他在学习上从来就没让我们两口子操过心,回回都是年纪前10
回回都是年纪前10,他们都羡慕我有一个这么好的孩子
他们都羡慕我有一个这么好的孩子,可是真的是我们给孩子什么都没有
可是真的是我们给孩子什么都没有,我真的是想竭尽全力给孩子一个好的选择
我真的是想竭尽全力给孩子一个好的选择,姐 你说我这一辈子混来混去
姐 你说我这一辈子混来混去,有什么
有什么,我就一个好孩子
我就一个好孩子,和一个好姐姐
你的孩子不就是我的孩子吗,是
别难过了,我先走了
你慢点,这是你干的好事
这是你干的好事,你当着孩子说这些混蛋话
你当着孩子说这些混蛋话,你根本就不配当爹
你根本就不配当爹,对你说得对
对你说得对,我确实当不了这爹
我确实当不了这爹,孩子跟你你收拾东西
孩子跟你你收拾东西,我先走了
我先走了,你的电脑被我
你的电脑被我,收起来
那我写作业我用什么,写作业以后就用妈妈的电脑
这次月考没考好,你不是没考好
你不是没考好,你是考得非常不好
你是考得非常不好,非常差的一塌糊涂
非常差的一塌糊涂,我难以接受
我难以接受,不说了
不说了,朵朵之前的事情我们不说
朵朵之前的事情我们不说,我们就说以后以后你考试的事情都交给妈妈来负责
我们就说以后以后你考试的事情都交给妈妈来负责,你听妈妈的好不好
可是我,没有可是 你就得听妈妈的
没有可是 你就得听妈妈的,为什么
为什么,因为妈妈有成功经验
因为妈妈有成功经验,妈妈中考高考都是非常优秀的成绩
妈妈中考高考都是非常优秀的成绩,妈妈会把所有经验传授给你
妈妈会把所有经验传授给你,而且朵朵我们咬咬牙努力
而且朵朵我们咬咬牙努力,就201天就200天
就201天就200天,我们一起努力
我们一起努力,你相信妈妈经过这200天以后
你相信妈妈经过这200天以后,你的人生一定会是非常灿烂的
好好吧,我爱你
我爱你,妈妈非常非常爱
妈妈非常非常爱,你说别人家的孩生出来就可以抱
你说别人家的孩生出来就可以抱,说咱家这小可怜这么一小点
说咱家这小可怜这么一小点,还在那里小巷子里呆着
还在那里小巷子里呆着,娜娜想见他一面都难啊这
要不等他放学以后好不好,上啥课他整出这么大乱子来了
上啥课他整出这么大乱子来了,你赶紧给他叫来
你赶紧给他叫来,给我姑娘赔罪
你消消气好不好,琴琴给我来了个电话
琴琴给我来了个电话,说小宇今天可是没去上学
说小宇今天可是没去上学,没来这吗
这臭小子闯这么大祸还敢逃学,他去哪儿了呢
一定去他姥姥家了,张总您别着急
张总您别着急,我还真的提醒你一句
我还真的提醒你一句,蒂娜是受了委屈
蒂娜是受了委屈,但是昨儿那祸真未见得是小宇闯的
昨天晚上到底怎么回事,你们家昨天是不是有什么特殊日子
你们家昨天是不是有什么特殊日子,我去你们家看到地上又是火盆
我去你们家看到地上又是火盆,又是纸钱
又是纸钱,还有小宇妈妈的照片
还有小宇妈妈的照片,是什么日子
是什么日子,怎么了
你看我给忘得一干二净,你看
你看,我就说你说小宇这孩子是想妈妈了
我就说你说小宇这孩子是想妈妈了,烧点纸钱祭奠祭奠
烧点纸钱祭奠祭奠,这都是人之常情
这都是人之常情,可能是蒂娜妈妈觉得是起火了
可能是蒂娜妈妈觉得是起火了,一盆水给浇上去了
一盆水给浇上去了,还把妈妈的照片也给踩了
还把妈妈的照片也给踩了,小宇能不急吗
小宇能不急吗,就跟他俩人就开始吵吵
就跟他俩人就开始吵吵,蒂娜出来一劝架
蒂娜出来一劝架,关键是一地水呢
关键是一地水呢,谁知道是滑倒的还是推倒的
是这样,甭管是怎么回事
甭管是怎么回事,事已经出了对吗
事已经出了对吗,关键是母子平安
关键是母子平安,老人没事
老人没事,孩子没事
孩子没事,你就踏踏实实的
你就踏踏实实的,反正我觉得小宇这孩子淘气归淘气
反正我觉得小宇这孩子淘气归淘气,他绝对不会诚心害蒂娜的
你说我,所以你说小宇孩子多可爱
所以你说小宇孩子多可爱,这个年纪正是青春期
这个年纪正是青春期,往后你还真得多照顾他的情绪
往后你还真得多照顾他的情绪,特别是现在生了老二以后
特别是现在生了老二以后,以后张总可是任重而道远
以后张总可是任重而道远,一碗水可得端的平
一碗水可得端的平,走吧
走吧,娜娜啥意思
娜娜啥意思,他就这么说个对不起
他就这么说个对不起,这事就完事了
这事就完事了,不是你咋想的
不是你咋想的,他的鼻子吸溜吸溜你没听见
他的鼻子吸溜吸溜你没听见,还让他抱咱家皮皮
还让他抱咱家皮皮,不是传染了咋整
不是传染了咋整,妈我又不知道他感冒了
妈我又不知道他感冒了,是亮忠的意思
是亮忠的意思,想让他们兄弟俩早点见面
想让他们兄弟俩早点见面,再说孩子怎么感冒的你不知道吗
再说孩子怎么感冒的你不知道吗,这大冬天一盆凉水浇下去
这大冬天一盆凉水浇下去,不感冒才怪
不感冒才怪,活该
活该,谁让他有娘生没娘养的
谁让他有娘生没娘养的,你瞅瞅他一点家教都没有
你瞅瞅他一点家教都没有,妈行了
妈行了,你以为我真愿意再低声下气的
你以为我真愿意再低声下气的,刚生完孩子就当和事佬吗
刚生完孩子就当和事佬吗,我不还是为了你为了皮皮
我不还是为了你为了皮皮,昨天晚上是小宇妈的冥寿
昨天晚上是小宇妈的冥寿,大家伙都忘了
大家伙都忘了,亮忠也忘了
亮忠也忘了,这会儿他心里正难受呢
这会儿他心里正难受呢,我又不是不识趣
我又不是不识趣,现在跟他哭闹
现在跟他哭闹,那不是自找麻烦吗
那不是自找麻烦吗,行了啊妈
行了啊妈,行了
行了,全赖我
全赖我,姑娘
姑娘,你说我也是吧
你说我也是吧,我大半夜的我起来吃啥药
我大半夜的我起来吃啥药,你说我要不吃药
你说我要不吃药,我也整出不多这么多事来
我也整出不多这么多事来,是不是让你受那么大罪
是不是让你受那么大罪,姑娘妈心疼你知道
姑娘妈心疼你知道,我没事
我没事,我现在只想安安心心的做月子
我现在只想安安心心的做月子,妈你实在看不惯小宇
妈你实在看不惯小宇,你就躲着他点
你就躲着他点,你千万别再跟他说那些难听的话了
你千万别再跟他说那些难听的话了,顶多还有半年他不就出去了
顶多还有半年他不就出去了,他爱上哪上
他爱上哪上,我才懒得理他
我才懒得理他,我跟你说我现在就一件事
我跟你说我现在就一件事,照顾好你
照顾好你,然后好好看好我们家的大圩孙子
然后好好看好我们家的大圩孙子,咱们好好的是吧
咱们好好的是吧,你睡会
这琴琴能好好学习吗,说实在的折腾来折腾去就是苦了孩子
说实在的折腾来折腾去就是苦了孩子,我都觉得特别对不住孩子
你们俩这是在接力呢,嗨 接什么力
嗨 接什么力,您就别拿我打岔了
您就别拿我打岔了,张总
张总,我不是不听您劝
我不是不听您劝,日子真的是活不下去
你出租司机什么夫妻不和谐,我怎么没有你这说哪去了
我怎么没有你这说哪去了,我好着不怕您笑话
我好着不怕您笑话,我们俩结婚10来年了
我们俩结婚10来年了,从一开始就天天念叨我
从一开始就天天念叨我,什么没本事不能挣钱
什么没本事不能挣钱,我们跟您当然没法比了是吧
我们跟您当然没法比了是吧,还有什么不求上进
还有什么不求上进,不思进取
不思进取,反正就这些来来回回反反复复
反正就这些来来回回反反复复,我就跟您打听一下
我就跟您打听一下,这女的她要不唠叨她是不是能得病
尤其是老婆,那您家也这样
哪有不唠叨的,您遭的还是二茬罪
您遭的还是二茬罪,我这心里我这还平衡点
我这心里我这还平衡点,行
行,您都这样了
您都这样了,你唠叨我就唠叨我
你唠叨我就唠叨我,我这二皮脸无所谓了
我这二皮脸无所谓了,你别折腾孩子
你别折腾孩子,是不是
是不是,您说就为出国这事儿
您说就为出国这事儿,出多少幺蛾子
出多少幺蛾子,我就不怕您笑话了
我就不怕您笑话了,今儿就说到这了
今儿就说到这了,您知道吗
您知道吗,这姐儿俩在背后捣鼓
这姐儿俩在背后捣鼓,要跟我离婚
要跟我离婚,要嫁个大老美
要嫁个大老美,让琴琴拿着那奸夫的钱到美国念书去
让琴琴拿着那奸夫的钱到美国念书去,你说恶心不恶心这搁谁受得了
佳妮他看着不像这样的人了,好
好,我也没想到女人心海底针这知人知面不知心
我也没想到女人心海底针这知人知面不知心,这10多年了睡睡一床上
这10多年了睡睡一床上,我也没想到是这样的一人
真没想到,行
行,你要红杏出墙
你要红杏出墙,咱防不胜防
咱防不胜防,我成全你行吗
我成全你行吗,仗义
仗义,我倒要看看就他这岁数他这模样
我倒要看看就他这岁数他这模样,他姐到底给他找个什么狗屁精英
你能舍的,门都没有
门都没有,张总我打听过了
张总我打听过了,就算我们俩离婚
就算我们俩离婚,就像琴琴这种未成年想要出国
就像琴琴这种未成年想要出国,必须得我同意哈哈想走没门
必须得我同意哈哈想走没门,这回我得好好治治他
这回我得好好治治他,我得让他知道这是谁家这家姓金
给我个面子,张总
张总,您费心了
您费心了,我谢谢您
我谢谢您,这事我也没辙
这事我也没辙,咱不求他大老爷们是不是
咱不求他大老爷们是不是,我谢谢您
我谢谢您,回头我请您喝酒
回头我请您喝酒,我还得拉活去
爸,这么冷你怎么还在这小宇呢
你跟我回家吧,我还是得回你奶奶那去
我不想让你跟妈妈离婚,我也不想你也不小了
我也不想你也不小了,你也看见咱家这一阵子这过得都什么日子
你也看见咱家这一阵子这过得都什么日子,我实在是忍不了了
我就跟着你,傻孩子
傻孩子,你要是真跟着我
你要是真跟着我,你妈还能活下去吗
你妈还能活下去吗,哈
哈,你帮我个忙
你帮我个忙,照顾好你妈
照顾好你妈,等她想明白了这日子怎么过
等她想明白了这日子怎么过,再说回来的话也不迟
就是说你还是愿意回来的,爸当然舍不得离开你
爸当然舍不得离开你,就算有一天我们俩真的不在一起了
就算有一天我们俩真的不在一起了,我也
我也,我也不会离开你的
我也不会离开你的,你爸真这么说的
要不然你还是想办法给他递句软话,吃饭功课做完了吗
还差点,你吃完饭你把碗堆到池子里我洗
你干吗去,我们单位发了点东西
我们单位发了点东西,好久没去你奶奶那我给他送去
那你见了我爸一定好好说,你行了别操心了
你行了别操心了,好好做功课
好好做功课,好我去了
你慢点,把门关好
好好说,行好
行好,好好做功课 把门关好
好好做功课 把门关好,关好了
关好了,你来干嘛
你来干嘛,我为什么不能来
我为什么不能来,怎么着
怎么着,你跑这来吵架来了是不是
你跑这来吵架来了是不是,你别来劲
你别来劲,谁愿意跟你吵架
谁愿意跟你吵架,你有事说没事
你有事说没事,我进去了
我进去了,齁冷的
齁冷的,行
行,我再说一遍
我再说一遍,那天那电话是我姐瞎说的
那天那电话是我姐瞎说的,跟我一点关系都没有
跟我一点关系都没有,我跟你说什么了还是我干什么了
我跟你说什么了还是我干什么了,一个大老爷们一吵架张嘴就滚蛋
一个大老爷们一吵架张嘴就滚蛋,滚蛋就
滚蛋就,离婚离婚的你也好意思
离婚离婚的你也好意思,要不是冲着孩子
要不是冲着孩子,我懒得来理你
我懒得来理你,甭拿孩子说事
甭拿孩子说事,我跟你说我这两天我也想了想咱俩的问题
我跟你说我这两天我也想了想咱俩的问题,不是别的不是孩子咱俩的问题
不是别的不是孩子咱俩的问题,主要就是
主要就是,价值观的问题
价值观的问题,你知道吧
你知道吧,价值观
价值观,你还跟我说上价值观了
你还跟我说上价值观了,你看又来了是吧
你看又来了是吧,又瞧不起人
又瞧不起人,您是医生
您是医生,我一出租司机我就不能说个价值观
我一出租司机我就不能说个价值观,怎么了
怎么了,我告诉你我们每礼拜都学习的
我告诉你我们每礼拜都学习的,真是你也别拿你姐说事
真是你也别拿你姐说事,你要没这意思
你要没这意思,你姐能上赶着就来张罗这事
你姐能上赶着就来张罗这事,他有病非给我们家拆了
他有病非给我们家拆了,你也别不好意思承认
你也别不好意思承认,你要不想过
你要不想过,我成全你咱就拉倒
我成全你咱就拉倒,你再说一遍
你再说一遍,你再给我说一遍
你再给我说一遍,不过就拉倒
不过就拉倒,听明白了
听明白了,明白了
明白了,是你不想过了吧
是你不想过了吧,谁求谁
谁求谁,你给我起开
你给我起开,把东西拿走
把东西拿走,送你妈的
送你妈的,你骂人呢
你骂人呢,就你这智商你拉倒吧你
打算吃完这顿就不过了,不是不过了
不是不过了,是更得好好过
是更得好好过,我也算想清楚了
我也算想清楚了,以后就得自己对自己好一点
不过,不过什么你又得说我
今天我私底下找你们家老金好好聊聊,你约他了 他没给你犯浑吧
跟你没关系,姐你干嘛这么说
姐你干嘛这么说,跟你一点关系都没有
那就看他,就他那智商估计听也听不懂
说说你吧,我怎么了
你在干什么你,史上最低
史上最低,史上最差
史上最差,史上最恐怖
史上最恐怖,这种分数你还重点
这种分数你还重点,高中
高中,你拉倒 我告诉你职高普高这分数进去都是垫底
这不可能这,什么不可能方圆你还要护他
什么不可能方圆你还要护他,护到什么时候我就奇怪了
护到什么时候我就奇怪了,你到底怎么想的
你到底怎么想的,你天天护他弄得
你天天护他弄得,我跟个后妈似的
我跟个后妈似的,你把我们俩弄的跟对仇人似的
你把我们俩弄的跟对仇人似的,好三天坏两天的
好三天坏两天的,我承认我就是个分迷
我承认我就是个分迷,我就看中分数
我就看中分数,因为数据能代表一切
因为数据能代表一切,我告诉你我不跟你开玩笑
我告诉你我不跟你开玩笑,你要再这么护他的话
你要再这么护他的话,我告诉你我只有一个方法
我告诉你我只有一个方法,我搬出这个家家我交给你
我搬出这个家家我交给你,我绝对不妨碍你的宽松政策
我是觉得吧,没有不是
没有不是,她月考考成这样
她月考考成这样,你还打算瞒着我
你还打算瞒着我,你告诉我 你要瞒到什么时候 瞒到我老 还是瞒到我死
你告诉我 你要瞒到什么时候 瞒到我老 还是瞒到我死,而且我不明白你为什么要这么瞒
而且我不明白你为什么要这么瞒,你告诉我你为什么这么瞒
你告诉我你为什么这么瞒,我想不通
我想不通,方圆我不瞒你说
方圆我不瞒你说,我昨天晚上梦见我爹我妈了
我昨天晚上梦见我爹我妈了,我梦见我妈拉着我的手跟我说
我梦见我妈拉着我的手跟我说,你不能再对方朵朵这么放任不管了
你不能再对方朵朵这么放任不管了,我在梦里我一身的汗
我在梦里我一身的汗,我不愿意提这个事情
我不愿意提这个事情,我不想提
我不想提,我爸我妈在我那么小的时候就没了
我爸我妈在我那么小的时候就没了,你自己知道我一个人我无依无靠
你自己知道我一个人我无依无靠,我孤零零的
我孤零零的,我是靠什么走到今天的
我是靠什么走到今天的,我告诉你
我告诉你,没有爸爸的宽松
没有爸爸的宽松,没有妈妈的谅解
没有妈妈的谅解,什么都不靠
什么都不靠,就靠自强不息
就靠自强不息,我就靠勤奋努力
我就靠勤奋努力,我就靠我自己自立
我就靠我自己自立,我靠我自己自强
我靠我自己自强,我一步步有了今天
我一步步有了今天,我有了你
我有了你,我有了朵朵
我有了朵朵,我有了这个家
我有了这个家,我也想靠爸妈
我也想靠爸妈,但是我说我不能这样
但是我说我不能这样,我一定要过上好日子
我一定要过上好日子,我一定要让我自己好
我一定要让我自己好,我也让我爸爸妈妈在天上看到我是一个独立自强的人
我也让我爸爸妈妈在天上看到我是一个独立自强的人,我谁也不靠我一样可以好
我谁也不靠我一样可以好,呵呵
呵呵,方圆我可以像你这样
方圆我可以像你这样,我对他宽松我爱他他想吃麦当劳
我对他宽松我爱他他想吃麦当劳,我给他买麦当劳
我给他买麦当劳,想怎么样就怎么样
想怎么样就怎么样,我自己就这一个女儿
我自己就这一个女儿,我身上掉下的肉
我身上掉下的肉,我怎么不可能不让他好呢
我怎么不可能不让他好呢,但是不能这样
但是不能这样,将来有一天他会后悔的
将来有一天他会后悔的,他会说妈妈你当初为什么不对
他会说妈妈你当初为什么不对,我对我严格要求一点呢
我对我严格要求一点呢,将来他到外面他被人骂
将来他到外面他被人骂,他自己不自立不自强
他自己不自立不自强,他什么都拼不过人家的时候
他什么都拼不过人家的时候,我会后悔一辈子的
我会后悔一辈子的,我不想这样
我不想这样,反正我跟你说方朵朵考学的这个事情必须听我的
反正我跟你说方朵朵考学的这个事情必须听我的,我来管我还是那句话
我来管我还是那句话,不加压不成学霸一放松成学渣你同不同意
同意,同意就行
同意就行,我不再争这个事情了
我不再争这个事情了,这个事情我来处理好吧
去换衣服,装好了走吧
没落什么吧,你放心吧啊
你放心吧啊,给戴维的景德镇瓷器
给戴维的景德镇瓷器,还有给他太太的苏绣
还有给他太太的苏绣,还给他孩子买的孙悟空面具都装好了
麻将带了吗,什么麻将
把你妈去年带的那副麻将带上,就我们两个人怎么打麻将
戴维也跟他太太特别喜欢中国麻将,你怎么知道的
还可以促进一下感情,我怎么有个这么优秀的太太呀
我怎么有个这么优秀的太太呀,要是没有了你我该怎么办
什么都指望你就晚了 快去拿,等我一下
等我一下,我还是接受不了
我还是接受不了,我妈才60出头
我妈才60出头,怎么就
怎么就突然,我问我爸
我问我爸,他也没说清楚
他也没说清楚,电话里只是一个劲的在哭
那明成明玉呢,别提他俩了
别提他俩了,我妈走的时候
我妈走的时候,老二老三都不在身边
老二老三都不在身边,他俩真的是让我太失望了
所有人都在表现,生老病死 人之常情嘛
生老病死 人之常情嘛,戴维再冷血
戴维再冷血,他不会拿这个说事的
他不会拿这个说事的,我和家伟的关系还不错
我和家伟的关系还不错,这次公司裁员才不到我头上
万一你的工作再有什么闪失,吴非 你能不能别再说了
吴非 你能不能别再说了,我才是苏家的长子
我才是苏家的长子,你替我回去算什么呀
办好了快进去吧,你的包
你的包,非非 最近几天辛苦你了
非非 最近几天辛苦你了,你照顾好小咪
自己注意安全,苏明玉 你到底是怎么回事
苏明玉 你到底是怎么回事,为什么妈出事的时候
为什么妈出事的时候,你和明成谁都不在身边
你和明成谁都不在身边,有这么当子女的吗
都各自有原因,我不是想指责谁
我不是想指责谁,我只是想不明白
我只是想不明白,你说妈怎么就突然出事
你说妈怎么就突然出事,他到底怎么了
这也是延误治疗的主要原因,明玉呀 都已经这个时候了
明玉呀 都已经这个时候了,就别再说这些了
第一个通知的 居然是远在美国的你,爸现在怎么样
爸现在怎么样,还挺得住吗
我给你订个酒店吧,不用了
不用了,我想陪着爸
我想陪着爸,住在家里
明天的事你先眯一会,明天的仪式怎么安排的
大哥是有什么不满意的地方吗,你安排挺好的
你安排挺好的,只是我觉得你说起咱妈 就像是在说别人家的事
只是我觉得你说起咱妈 就像是在说别人家的事,你变了
大哥我们都10年没见了,儿子
儿子,你妈没了
你妈没了,我可怎么办呢
我可怎么办呢,爸你放心
爸你放心,一切有我在我一定会照顾好你的
一切有我在我一定会照顾好你的,爸 晚上我帮您洗好吗
爸 晚上我帮您洗好吗,老宅我
老宅我,我不想回去了
我不想回去了,我不想回去了
我不想回去了,我一个人呆着害怕
我一个人呆着害怕,看哪儿都好像你妈在呢
看哪儿都好像你妈在呢,走哪都觉得你妈在看着我
走哪都觉得你妈在看着我,那你想住哪儿啊
那你想住哪儿啊,要不你就住明成这儿吧
要不你就住明成这儿吧,明成这儿
明成这儿,你妈在的时候老爱收拾屋子
你妈在的时候老爱收拾屋子,就喜欢坐 明玉刚才坐的那把摇椅上
就喜欢坐 明玉刚才坐的那把摇椅上,我一看见那把摇椅
我一看见那把摇椅,就好像看见你妈了
你上我那儿住吧,不去不去 我不去
你想住哪儿啊,我哪知道我要去哪儿啊
我哪知道我要去哪儿啊,要不你把我送敬老院去
要不你把我送敬老院去,大哥同意爸去美国了
说在哪儿都能看见你妈他害怕,别听他胡说八道的
别听他胡说八道的,害怕什么呀他
害怕什么呀他,他就是想去美国住大宅子
那也不至于这样啊,至于 他就这样
至于 他就这样,你没看刚才 上苏明玉的车 死活非要上
你没看刚才 上苏明玉的车 死活非要上,我说送他回去
我说送他回去,他还不愿意
他还不愿意,他跟苏明玉都多长时间没见面了
他跟苏明玉都多长时间没见面了,也没什么感情
也没什么感情,他就是觉得苏明玉的车比我的好
他就是觉得苏明玉的车比我的好,他就这个样子
是有点奇怪,哪是有点 是很多
哪是有点 是很多,百闻不如一见吧
百闻不如一见吧,你看她本人 我说的一点都不夸张吧
你看她本人 我说的一点都不夸张吧,那张丧脸 还牛
那张丧脸 还牛,牛的都快上天了
牛的都快上天了,不就有几个臭钱吗
再说没准她就是因为妈去世了心情不好,跟妈一点关系都没有
跟妈一点关系都没有,我宁可没这个妹 不想说她了
我宁可没这个妹 不想说她了,恶心
恶心,我饿了
我饿了,我叫哥吃饭了
你先吃呗,你吃不吃
我不吃,那我也不吃
那我也不吃,妈 我能帮你干点啥吗
歇着吧,那我这不是不想让您累着吗
待会儿多吃点,好嘞 妈
好嘞 妈,妈
妈,你可不知道 我都快想死你做的饭
你可不知道 我都快想死你做的饭,学校那饭根本就不是人吃的
学校那饭根本就不是人吃的,而且我最近你也知道我写毕业论文
而且我最近你也知道我写毕业论文,我这天天吃不下睡不好的
我让你小点声,你有病吧 苏明玉 喊什么喊啊
你给我关了,我不关
我不关,有病
有病,你干嘛啊你要
你给关了,我不关
我不关,不是 你要
不是 你要,你凭什么碰我电脑啊
关了,我就不关
我就不关,你干嘛我不关
你关了,我就不关
我就不关,你别动
关了,我就不关
大哥,等我做完
等我做完,妈 真香
妈 真香,你说我大哥最近这脾气怎么这么大
你说我大哥最近这脾气怎么这么大,别 是不又没考上啊
乌鸦嘴,不是 你说这都两年了都没考上
不是 你说这都两年了都没考上,天天在家里耗着
天天在家里耗着,你说美国有这么好吗
你说美国有这么好吗,好好的清华毕业生不好好找工作
好好的清华毕业生不好好找工作,非得去什么美国
你以为都像你啊,妈 你不能这么说
妈 你不能这么说,我哥是给咱们家贴金
我哥是给咱们家贴金,我呢 就在家好好孝敬你和我爸
我呢 就在家好好孝敬你和我爸,你说是吧
你说是吧,等以后我挣大钱了
等以后我挣大钱了,我好好孝敬您
我好好孝敬您,对了 妈
对了 妈,我明天那个联谊会 你说我穿什么啊
吃完了我帮着你挑,好嘞
好嘞,你说我大哥去三年吃住行
你说我大哥去三年吃住行,还有那教材费
还有那教材费,一年15万三年
一年15万三年,45万
45万,我觉得都少了
减轻家里压力,苏明玉
苏明玉,勤什么工 俭什么学
勤什么工 俭什么学,你懂什么
你懂什么,大哥是去上学
大哥是去上学,不是去打工的
你有钱都考不上,苏明玉 你是不是
苏明玉 你是不是,这一年要15万
这一年要15万,咱这几个存折加一块没那么多吧
咱这几个存折加一块没那么多吧,要不明天你跟明哲说说
要不明天你跟明哲说说,让他提前工作得了
让他提前工作得了,毕竟是清华的毕业生
毕竟是清华的毕业生,外边都争着抢着要呢
我可丢不起这个人,他不是没钱吗
他不是没钱吗,我也想让他去呀
我也想让他去呀,可是这钱呢 钱哪来啊
我真的太羡慕了,这些笔记和教材是我这些年整理的
这些笔记和教材是我这些年整理的,如果你真的想考清华的话
如果你真的想考清华的话,对你应该有些用处
谢谢大哥,明玉像我们这种没有资源没有背景的家庭 考学是改变命运的唯一出路
明玉像我们这种没有资源没有背景的家庭 考学是改变命运的唯一出路,所以为了考学
所以为了考学,你一定要全力以赴
考清华 去美国,好
好,那大哥就在美国等着你将来亲自帮你选学校
你说的 一言为定,一言为定
你别那么多事,你说这孩子昨天晚上也不跟屋里睡
你说这孩子昨天晚上也不跟屋里睡,这早点又不吃
您没事吧,没事
来来来 那腰还能动吗,能
闹了半天 您找这个来了,给我 那是我的东西
找存折你偷偷摸摸干什么,你快 快给我
你快 快给我,这是我的
这是我的,你给我你别管
爸 您这是违法行为,违法 我违什么法
这存折上是我妈的名字,这里边是我的工资
这里边是我的工资,都是我的钱
包括这房子,还是那家老字号买的 快尝尝
还是那家老字号买的 快尝尝,你在美国肯定吃不了这么正宗的
你在美国肯定吃不了这么正宗的,明成
明成,明玉这些年 跟咱妈是不是没见过面
明玉这些年 跟咱妈是不是没见过面,咱妈上回来美国的时候
咱妈上回来美国的时候,我问她她也不说
我问她她也不说,明玉和家里的事
明玉和家里的事,你应该撮合撮合
你应该撮合撮合,你是当哥哥的嘛
你是当哥哥的嘛,他没让我当她哥 我也撮合不了
他没让我当她哥 我也撮合不了,你也不是不知道
你也不是不知道,我跟朱丽结婚她都没来
我跟朱丽结婚她都没来,不管怎么说
不管怎么说,她这回为了咱妈的后事
她这回为了咱妈的后事,那是跑上跑下出钱出力这点咱们都看在眼睛里
那是跑上跑下出钱出力这点咱们都看在眼睛里,是不是
是不是,她出点钱不是应该的吗
她出点钱不是应该的吗,妈白养她
妈白养她,不过话说回来
不过话说回来,我这回回来呀
我这回回来呀,就是觉得明玉这脾气变得确实不太好
就是觉得明玉这脾气变得确实不太好,有的时候说话呀 挺伤人
有的时候说话呀 挺伤人,挣钱了呗
挣钱了呗,牛啊
牛啊,你才跟她待了几个小时
你才跟她待了几个小时,你就有这感受
你就有这感受,说的没错
说的没错,她就是一个白眼狼
她就是一个白眼狼,行了
行了,少说两句啊
少说两句啊,不管怎么说
不管怎么说,你是当哥哥的
你是当哥哥的,你就应该多照顾她
你就应该多照顾她,多关心她
多关心她,别说了 哥
别说了 哥,吃包子吧
吃包子吧,要不然吃不下去了
要不然吃不下去了,走吧
你等会,又干什么
你跟他们怎么圆谎啊,明玉啊
明玉啊,这买的可真是够齐的
这买的可真是够齐的,从袜子裤衩 内衣内裤 到外衣外裤
从袜子裤衩 内衣内裤 到外衣外裤,这全齐了
这全齐了,我又想起个事来
我又想起个事来,你要不要再给我买点常备的药
你要不要再给我买点常备的药,我听你大哥说 美国的药可贵可贵的
但您那些什么身份证、房产证、银行卡、存折什么的,我和你妈从来不用银行卡
我和你妈从来不用银行卡,不相信那玩意
你得记住了,那我得收好了
你该怎么办,他们住的房子比我住的还大呢
他们住的房子比我住的还大呢,跟我借钱 没有
那我舅呢 我舅要找你借钱怎么办,你妈在世的时候啊
你妈在世的时候啊,我可不是你妈
苏明成要是找你借呢,我不瞒着你啊 明玉
我不瞒着你啊 明玉,你妈每笔给苏明成的钱
你妈每笔给苏明成的钱,我都给他偷偷记着账呢
我都给他偷偷记着账呢,他赖不掉
他赖不掉,他要是敢向我这 分房子分遗产
他要是敢向我这 分房子分遗产,我就先让他还钱
我就先让他还钱,爸 你看这么多新衣服
爸 你看这么多新衣服,你要不要试一试
你要不要试一试,我试也得洗完澡试
我试也得洗完澡试,也行
也行,那我先洗个澡去
你可不能不接待我,明哲
明哲,你说是这身好看还是刚才那身好看
你说是这身好看还是刚才那身好看,都挺好看的
都挺好看的,明玉挺会买东西的
明玉挺会买东西的,哪是她会买
哪是她会买,全是我自己挑的
全是我自己挑的,爸 这换下来的旧衣服我给你洗了
爸 这换下来的旧衣服我给你洗了,洗啥呀
洗啥呀,扔了吧
扔了吧,一有新的了谁还穿旧的呀
一有新的了谁还穿旧的呀,这面料多好啊
这面料多好啊,确实比这个好
确实比这个好,你把那个
你把那个,你把那大衣给我拿过来我试试
你把那大衣给我拿过来我试试,就这个浅色的
就这个浅色的,爸 咱说话稍微小声点
爸 咱说话稍微小声点,不要影响明成他们休息
不要影响明成他们休息,他们睡？
他们睡？,小声点
小声点,咱们回去换
咱们回去换,咱们到屋里试 咱们到屋里试
咱们到屋里试 咱们到屋里试,走吧走吧
走吧走吧,你衣裳给我
你衣裳给我,你把镜子搬进去
你把镜子搬进去,咱小声点啊
咱小声点啊,赶紧睡吧
赶紧睡吧,睡好了明天才能有精神
睡好了明天才能有精神,在想什么呢
在想什么呢,你妈和我
你妈和我,就存下这点钱
就存下这点钱,不多
不多,我是怕万一让明成发现了
我是怕万一让明成发现了,他就得拿去花
他就得拿去花,可是我又不知道放在哪
可是我又不知道放在哪,我不能一天到晚进门出门我都带着它呀
我不能一天到晚进门出门我都带着它呀,爸 就4万块钱
爸 就4万块钱,你说这明成
你说这明成,他们生活的挺好的
他们生活的挺好的,他们不会拿你的钱的
他们不会拿你的钱的,你不知道 明成自从结了婚
你不知道 明成自从结了婚,一直是挣的多花的更多
一直是挣的多花的更多,每个月花干净了他才老实
每个月花干净了他才老实,你妈呢
你妈呢,心疼不过经常的
心疼不过经常的,一千两千的 三千五千的接济他
一千两千的 三千五千的接济他,可他从来没还过
可他从来没还过,你说这要是让明成发现了我这有钱
你说这要是让明成发现了我这有钱,那天他手头紧了
那天他手头紧了,那还不得抢着去用啊
那还不得抢着去用啊,不会吧
不会吧,你还真别不信
你还真别不信,就这个房子 那还是我们买我们装的呢
就这个房子 那还是我们买我们装的呢,我怎么记得我妈跟我说
我怎么记得我妈跟我说,明成和朱丽对她挺好的
明成和朱丽对她挺好的,挺孝顺的
挺孝顺的,还经常给她买东西
还经常给她买东西,那是你妈偏心眼 
那是你妈偏心眼 ,不想跟你们说
不想跟你们说,还买东西
还买东西,那还不是羊毛出在羊身上
那还不是羊毛出在羊身上,那明玉呢
那明玉呢,明玉不这样
明玉不这样,那我出国以后
那我出国以后,明玉和家里的关系还那么僵吗
明玉和家里的关系还那么僵吗,你别问了
你别问了,我也不想说
我也不想说,我想等妈的事办完了
我想等妈的事办完了,咱们全家开个会
咱们全家开个会,开什么会啊
开什么会啊,你想分遗产哪
你想分遗产哪,不是这个意思
不是这个意思,我是想跟弟弟妹妹
我是想跟弟弟妹妹,把事情说明白
把事情说明白,你说父母辛苦半辈子了不容易
你说父母辛苦半辈子了不容易,咱这点钱 谁都不能动
咱这点钱 谁都不能动,包括老房子都是你的
包括老房子都是你的,谁都不能动
谁都不能动,不愧是长子
不愧是长子,还是明事理
还是明事理,不是
不是,那你说我这存折现在该搁哪
那你说我这存折现在该搁哪,要不先放你那儿吧
要不先放你那儿吧,快
快,爸你这样 国内的银行啊 有保险箱业务
爸你这样 国内的银行啊 有保险箱业务,回头我给你租
回头我给你租,保险箱
保险箱,你把这个存折 包括值钱的东西都放在里面
你把这个存折 包括值钱的东西都放在里面,谁也动不了
谁也动不了,好
好,爸 爸
爸 爸,你把存折放在袜子里干嘛呀
你把存折放在袜子里干嘛呀,我不是怕明成发现了吗
我不是怕明成发现了吗,好 睡觉
好 睡觉,回头啊 我赶紧去美国大使馆 排队办签证
回头啊 我赶紧去美国大使馆 排队办签证,等办完了签证
等办完了签证,你就跟我去美国
你就跟我去美国,美国
理由是什么,你要干什么
你要干什么,电话在哪儿打不行
我不想跟你吵架,你还知道今天是妈的葬礼
你还知道今天是妈的葬礼,苏明玉
苏明玉,你要是不想来你可以不来
你要是不想来你可以不来,你别在这搅和
你别在这搅和,你可以走
你可以走,你赶紧走
你赶紧走,反正你也没有资格来参加妈的葬礼
你那么孝顺 妈去世到现在你出过一分钱吗,你出点臭钱能怎么着
你出点臭钱能怎么着,妈白养你了吗
妈白养你了吗,你不应该出钱吗
你不应该出钱吗,从妈走了到现在你流过一滴眼泪吗
从妈走了到现在你流过一滴眼泪吗,你心里难受过吗
你心里难受过吗,出点钱怎么了
你丢不丢人,我什么时候搜刮父母血汗钱了
你自己心里不清楚啊,我不清楚 谁跟你说的
我平日里不说是给你留面子,你不用给我留面子 来来来跟大家说清楚
你不用给我留面子 来来来跟大家说清楚,明成 你今天这么做
明成 你今天这么做,有点过分
有点过分,我过分
我过分,她把妈的骨灰盒都摔了
她把妈的骨灰盒都摔了,是 可那只是个意外
是 可那只是个意外,你当时这么对明玉
你当时这么对明玉,她哪有功夫顾及到别的呀
她哪有功夫顾及到别的呀,再说了 那个骨灰盒 骨灰盒是我放在那儿
再说了 那个骨灰盒 骨灰盒是我放在那儿,你要怪的话
你要怪的话,你就怪我
你就怪我,可不管怎么说
可不管怎么说,你不能当着那么多亲戚的面去动手
你不能当着那么多亲戚的面去动手,这多丢人哪
这多丢人哪,动了
动了,怎么着吧
怎么着吧,你看她那样子
你看她那样子,那是妈的葬礼
那是妈的葬礼,一直打电话
一直打电话,发消息
发消息,你要不想来你可以不来 对吧
你要不想来你可以不来 对吧,这不搅和吗
这不搅和吗,哥 要当时不是你拦着 真抽她
哥 要当时不是你拦着 真抽她,明玉她就这样
明玉她就这样,她打小脾气就倔
她打小脾气就倔,但是她的心地不坏
但是她的心地不坏,你说我当着那么多人的面
你说我当着那么多人的面,搞得很难看
搞得很难看,那她呢 当着那么多人的面说我吸爸妈的血
那她呢 当着那么多人的面说我吸爸妈的血,今天你一定要跟我说说清楚 这明玉和妈到底怎么了
今天你一定要跟我说说清楚 这明玉和妈到底怎么了,至于闹成这样吗
至于闹成这样吗,这妈刚走 明玉和明成的关系就这么僵
这妈刚走 明玉和明成的关系就这么僵,这事咱们一定得管
这事咱们一定得管,你跟我说说
你跟我说说,我去做他们的工作
我去做他们的工作,睡觉吧
睡觉吧,爸 爸你真的希望这个家就这么散了
爸 爸你真的希望这个家就这么散了,明玉在你妈安排下
明玉在你妈安排下,不情愿地去了那个师范学院
不情愿地去了那个师范学院,大概上了有 一年半左右吧
大概上了有 一年半左右吧,也一直没回过家
也一直没回过家,后来 寒暑假都找各种理由不回来
后来 寒暑假都找各种理由不回来,你妈也挺生气
你妈也挺生气,她们两个一个见不得一个
她们两个一个见不得一个,明玉的生活费都是由你妈给我
明玉的生活费都是由你妈给我,我再转给她
那我先走了,你站住 明玉
你站住 明玉,我还没说话呢
我还没说话呢,明天晚上你得回家吃饭啊
我有事去不了,你都一学期没回家了
你都一学期没回家了,我们都挺想你的
我们都挺想你的,你妈也想你了
你妈也想你了,你就别怄气了啊
你就别怄气了啊,你说你是你妈亲生的 能有多大仇啊
你说你是你妈亲生的 能有多大仇啊,你想上大学 这不你妈也让你上了吗
你想上大学 这不你妈也让你上了吗,其实你妈呀 也挺后悔的
其实你妈呀 也挺后悔的,你妈那人你还不知道吗
你妈那人你还不知道吗,她拉不下这脸来
我妈真的这么说了吗,这事我能骗你吗
这事我能骗你吗,真这么说的
真这么说的,说好几回呢
那等端午节放假吧,那不行啊
那不行啊,明天锦江饭店都订好了
在饭店 跟谁吃啊,你二哥要订婚了
说了半天就为这事 看来不是叫我去,我不是这意思啊
我不是这意思啊,明玉
苏明成订婚关我什么事,你就去吧 又不让你说话
你就去吧 又不让你说话,你给咱们家撑撑面子
你给咱们家撑撑面子,你二哥那女朋友家里听说条件挺好的
你二哥那女朋友家里听说条件挺好的,你妈为了
你妈为了,咱们这个老苏家脸面 还给你哥买了套房呢
你不说清楚我不会去的,你别难为爸了
你别难为爸了,你妈
你妈,又买了一间房
又买了一间房,明玉 你可不能回家闹去啊
我中考的时候你连一本复习资料都舍不得给我买,明玉
明玉,别跟你妈这样说话
我不跟她说跟你说 跟你说有用吗,不是 你别冲我来
我不会回来,这件事 我妈做的确实不对
这件事 我妈做的确实不对,爸 您也应该劝劝啊
爸 您也应该劝劝啊,我劝谁呀
我劝谁呀,你妈你也不是不知道
你妈你也不是不知道,嘴太硬了
嘴太硬了,根本不让我劝哪
根本不让我劝哪,我劝也没用啊
我劝也没用啊,明玉也不搭理我
明玉也不搭理我,明玉也不让我送生活费了
明玉也不让我送生活费了,那明玉靠什么
那明玉靠什么,生活
生活,我后来是从别人那听说
我后来是从别人那听说,她一直在外面打工
她一直在外面打工,后来也不怎么着就做上生意了
什么产品,爸 你别管我
爸 你别管我,我自己能收拾
我自己能收拾,你赶紧吃饭
你赶紧吃饭,儿子 我没出过国
儿子 我没出过国,我这签证能办下来吧
我这签证能办下来吧,你就放心吧
你就放心吧,等我回去啊
等我回去啊,帮你把所有的表格资料都弄好
帮你把所有的表格资料都弄好,然后交给明成
然后交给明成,让他来帮你办
让他来帮你办,等你的签证弄完了
等你的签证弄完了,我就给你买机票
我就给你买机票,怎么了 爸
怎么了 爸,还有什么事不放心啊
还有什么事不放心啊,你说你要走了
你说你要走了,我这东西放哪儿啊
我这东西放哪儿啊,爸
爸,对不起 我这两天一忙 忘了去银行给你弄保险柜了
对不起 我这两天一忙 忘了去银行给你弄保险柜了,这事你怎么能忘了他
这事你怎么能忘了他,爸 对不起
爸 对不起,要不然我再去机场的路上
要不然我再去机场的路上,给你把这事办了
给你把这事办了,那他不也跟着吗
那他不也跟着吗,要不你给我带走吧
要不你给我带走吧,算了算了算了
算了算了算了,老婆
老婆,我刚才进屋 爸跟大哥正在说话
我刚才进屋 爸跟大哥正在说话,手里边拿着存折
手里边拿着存折,我一进去他要藏起来
我一进去他要藏起来,大哥说话也吞吞吐吐的
大哥说话也吞吞吐吐的,什么意思啊
什么意思啊,防我
多大点事啊 别想太多了,我心里面不舒服
我心里面不舒服,这为什么呀 要这样
快去快去,最近几天真是辛苦你们了
我们应该做的,原本啊 我想让明玉送我 之前的家庭会议没开成
原本啊 我想让明玉送我 之前的家庭会议没开成,有些事啊 还是跟她商量商量
有些事啊 还是跟她商量商量,但是最近几天啊 她这个电话永远打不通
但是最近几天啊 她这个电话永远打不通,发个微信她也不带回的
发个微信她也不带回的,她是故意的
她是故意的,别理她
别理她,她爱怎么样就怎么样吧
她爱怎么样就怎么样吧,我不希望这个家散掉
我不希望这个家散掉,大哥 你的想法我都理解
大哥 你的想法我都理解,但时代不一样了
但时代不一样了,家庭观念也不一样
家庭观念也不一样,就算是亲兄妹
就算是亲兄妹,那又怎么样呢
那又怎么样呢,过得到一起就过 过不到一起就散
过得到一起就过 过不到一起就散,各过各的 都舒服
各过各的 都舒服,别给对方添负担 对吧
别给对方添负担 对吧,明成啊
明成啊,你要这么说的话
你要这么说的话,真的是让我太失望了
真的是让我太失望了,你哪有那么多失望啊
你哪有那么多失望啊,你放心 爸去美国之前
你放心 爸去美国之前,我跟丽丽一定把他养的白白胖胖的
我跟丽丽一定把他养的白白胖胖的,还是本地包子好吃
还是本地包子好吃,明哲 我要去了美国是不是就吃不着了
明哲 我要去了美国是不是就吃不着了,在美国有很多的中餐厅
在美国有很多的中餐厅,实在不行 咱可以自己做
好 走了,姓孙的这明显是坑你
姓孙的这明显是坑你,你怎么不跟老孟解释一下呢
不是所有的事情都能解释明白,那老蒙说什么了
他说这事过去了,老蒙的意思明显是偏向姓孙的这边啊
老蒙的意思明显是偏向姓孙的这边啊,你就这么忍了
你就这么忍了,这不是你性格
这不是你性格,苏明玉 你肯定找好下家了
苏明玉 你肯定找好下家了,你必须得带我走
叫我仙女就好了,你们吃完了不用等我
你们吃完了不用等我,我吃的慢
我吃的慢,回头我来收拾
回头我来收拾,吃完以后
吃完以后,您洗个澡啊
您洗个澡啊,毛巾都给您烘干了
毛巾都给您烘干了,绿的擦脸
绿的擦脸,蓝的擦脚
蓝的擦脚,记住了
记住了,一个擦脸一个擦脚
好吃,明成和朱丽啊 送了你一个羊绒的披肩
明成和朱丽啊 送了你一个羊绒的披肩,他们还送了我一个领带
他们还送了我一个领带,给宝宝啊 买了两套衣服
给宝宝啊 买了两套衣服,你看
家里现在什么情况,明玉混得不错
明玉混得不错,她在她们集团公司下面的一个销售公司当总经理
她在她们集团公司下面的一个销售公司当总经理,每天可忙了
每天可忙了,明成和朱莉的收入不错
明成和朱莉的收入不错,算是属于中上等吧 明成还那样
算是属于中上等吧 明成还那样,贪玩 有点懒
贪玩 有点懒,朱丽每天工作倒是挺辛苦的
朱丽每天工作倒是挺辛苦的,她现在是注册会计师
二媳妇真能干,别看他们挣得多
别看他们挣得多,开销也蛮大的
开销也蛮大的,穿的用的都是名牌
爸怎么样,我爸还行
我爸还行,身体挺好的
身体挺好的,饭量也不错
饭量也不错,也睡得香
也睡得香,就是我爸胆小
就是我爸胆小,他总说看见我妈了
他总说看见我妈了,一会在这 一会在那
一会在这 一会在那,他不敢一个人住在老宅子
保姆费由我们出,你说到这个我倒想起来了
你说到这个我倒想起来了,我想把我爸接到美国来跟我们一块住
不能坐长途飞机,他没那个毛病
他没那个毛病,我也是这回才知道的
我也是这回才知道的,我妈呀 当初是不想来美国伺候你坐月子
我妈呀 当初是不想来美国伺候你坐月子,她才撒了这么一个谎
她才撒了这么一个谎,说我爸耳朵有毛病
说我爸耳朵有毛病,不能坐飞机
不能坐飞机,非非 我知道这事对不起你 你千万别生气
非非 我知道这事对不起你 你千万别生气,非非
非非,我知道这事是我妈做的不对
我知道这事是我妈做的不对,可我妈已经走了
可我妈已经走了,过去的事就让它过去吧
过去的事就让它过去吧,当务之急是考虑一下怎么照顾我爸
她现在一个月得损失多少退休金,一码归一码嘛
一码归一码嘛,你现在说这个事 还有什么意义呢
你现在说这个事 还有什么意义呢,目前的情况是 明成没有能力照顾我爸
目前的情况是 明成没有能力照顾我爸,明玉又不管我爸的事
明玉又不管我爸的事,你让我爸怎么办
你让我爸怎么办,这个时候就需要我们站出来承担责任
这个时候就需要我们站出来承担责任,大度一点
大度一点,别计较这些小事儿
你们家三个孩子凭什么你爸就由我们一个人负责,我是苏家的老大呀
我是苏家的老大呀,我一直在美国
我一直在美国,我亏欠家里多少啊
所以我要跟着你吃苦是吗,非非 非非 非非
非非 非非 非非,我不光是想照顾我爸
我不光是想照顾我爸,最关键的是 我想跟我爸多相处一段时间
最关键的是 我想跟我爸多相处一段时间,我妈走的时候 我都没有送上最后一程
我妈走的时候 我都没有送上最后一程,我不能再失去我爸了
我不能再失去我爸了,我知道你是最支持我的
我知道你是最支持我的,这回一定要帮我 好吗
这回一定要帮我 好吗,算我求你了
这谁煮的粥啊,那肯定是他啊 这还用问吗
苏明成,怎么了
怎么了,怎么了
我都换了多少条毛巾了,我昨天晚上不嘱咐过他吗
我昨天晚上不嘱咐过他吗,你在啊
你在啊,听到了吧
我用什么,你用我的
我不要,那你用我爸的
怎么可能,他那是新的呀
你说吧 接下来的日子怎么过,怎么过 过呀也得
我要用 我还要上班,你去哪了 爸
你去哪了 爸,起来了
起来了,买调料去了
买调料去了,我这不是想着给你熬点皮蛋瘦肉粥吗
我这不是想着给你熬点皮蛋瘦肉粥吗,没关火
没关火,明成
明成,这粥怎么都没了
这粥怎么都没了,还粥呢 都成锅巴了
还粥呢 都成锅巴了,多危险啊 爸
多危险啊 爸,我这锅要不报警
我这锅要不报警,我跟丽丽就被熏死了
我跟丽丽就被熏死了,整个楼都让你给点了
整个楼都让你给点了,我 我也不是故意的呀
我 我也不是故意的呀,我这不是想着给你们熬点粥
我这不是想着给你们熬点粥,那电饭煲我也不会用
那电饭煲我也不会用,你以后你就别做饭了
你以后你就别做饭了,我看你们都不起
我看你们都不起,想让你们多睡一会嘛 我不这都是为了你们
想让你们多睡一会嘛 我不这都是为了你们,你要真为了我们
你要真为了我们,你其他事都不用管
你其他事都不用管,就把厕所弄得干净就可以
就把厕所弄得干净就可以,这话怎么听着别扭呢
这话怎么听着别扭呢,饭不让做了
饭不让做了,连你们家厕所也不让上了
连你们家厕所也不让上了,不是 我不是这意思
不是 我不是这意思,你 你这不就是嫌弃我吗
你 你这不就是嫌弃我吗,不是啊
不是啊,你看咱俩 那不还有丽丽的吗
你看咱俩 那不还有丽丽的吗,咱们三个人同在屋檐下
咱们三个人同在屋檐下,你上厕所稍微注意点
你上厕所稍微注意点,原来是丽丽嫌弃我呀
这主要的呢 我们还是真的担心您的安全问题 是为您好,我现在有点饿了
我现在有点饿了,粥也没了
粥也没了,吃点啥
还有午餐和晚餐都是在公司里面叫外卖解决的,叫早餐倒是行
叫早餐倒是行,可是我这个午餐 怎么整啊
可是我这个午餐 怎么整啊,我合着不能上你们公司去吃去吧
那个午餐跟晚餐我都让他们直接送到家里来,那行
那行,那你们订吧
那你们订吧,订好了喊我
订好了喊我,我去收拾厕所去
说话呀,吓我一跳啊
你没发现他开始对我有意见了吗,怪我怪我
怪我怪我,你别急
你别急,我缺心眼
他现在这个脾气 怎么变得这么倔了呢,我妈不在了呀
我妈不在了呀,没人管他了
没人管他了,忍一忍
忍一忍,过两天他就去美国了
怎么上班呀,唱首歌吧
别闹,太阳
听到没有,我比你急 你放心吧
我比你急 你放心吧,爸
爸,你说
你说,明成
明成,这大米饭太干了
这大米饭太干了,有点夹生啊
有点夹生啊,那菜那肉 嚼不动啊
那菜那肉 嚼不动啊,它就这个味道
它就这个味道,你 你吃不惯是吧爸
你 你吃不惯是吧爸,我现在正在忙
我现在正在忙,我中午也回不去
我中午也回不去,你先将就一下
你先将就一下,不行的话 你泼点水
不行的话 你泼点水,然后晚上我让丽丽 给你带红烧肉回去 好吗
然后晚上我让丽丽 给你带红烧肉回去 好吗,行吧行吧
行吧行吧,好好
好好,你将就点 喝点汤
喂 老公 怎么了,我晚上要做报价表
我晚上要做报价表,可能晚点回去
可能晚点回去,你晚饭给爸提前带回去 好吗
我觉得好奇怪的,好
好,然后
然后,你啊别给他买那么贵的东西了
你啊别给他买那么贵的东西了,他嚼不动
他嚼不动,米太硬
米太硬,你就给他弄个红烧肉
你就给他弄个红烧肉,弄点米饭就行了
我平时都舍不得吃的,是啊
是啊,但他喜欢吃家常菜啊
但他喜欢吃家常菜啊,家常菜还便宜呢
家常菜还便宜呢,咱就给他弄红烧肉就行了
好了知道了,你辛苦啊
你在哪儿呢,我和周经理在外面陪客户呢 怎么了
这点找我 没好事吧,对
对,咱俩该小心了
小心什么呀,在你这儿被老蒙撞见以后
在你这儿被老蒙撞见以后,我这心里一直不踏实
我这心里一直不踏实,本来我今天是找他汇报工作去了
本来我今天是找他汇报工作去了,他压根没理我
他压根没理我,你猜他把我打发给谁了
孙副总,你知道了
他为难你了,他夸我 太可怕了
他夸我 太可怕了,他一直说我是个销售奇才
他一直说我是个销售奇才,走到哪儿都能发光发热
走到哪儿都能发光发热,你说这是不是要逼我走的意思
他是这意思,完了完了完了 我不管啊 这事你得罩着我
完了完了完了 我不管啊 这事你得罩着我,你也要小心一点
你也要小心一点,我估计下一个就得找你了
我估计下一个就得找你了,现在公司里关于我们俩要跳槽的事吧
现在公司里关于我们俩要跳槽的事吧,传的能杀人了
这是个传言,传言说1000遍
传言说1000遍,那都变成真的了
我自己都舍不得用的,是是是
我的心都快要碎了,好了 他也不是有意的 对吧
好了 他也不是有意的 对吧,我回头再给你买一套新的 好吗
他是不是应该提前给我们打个招呼啊,是啊 搞得我也很烦
是啊 搞得我也很烦,但没有办法
但没有办法,那些老同事知道妈不在了 过来陪陪爸
那些老同事知道妈不在了 过来陪陪爸,那你说我们能说什么呢
那你说我们能说什么呢,我们多包容一下 好不好
散都散不掉,好了好了好了
好了好了好了,不生气了 不生气了
不生气了 不生气了,再忍一忍
再忍一忍,他很快就要去美国了
还有你让爸洗个澡行不行啊,我从小到大都闻习惯了 行了
我觉得我已经快要窒息了，我没有办法跟你白头偕老了,我知道 我知道 我一定让他洗好不好
我知道 我知道 我一定让他洗好不好,苏明哲
苏明哲,我什么时候能够去美国
我什么时候能够去美国,你是不是缺钱哪
你是不是缺钱哪,买不起机票啊
买不起机票啊,爸
爸,这签证还没办好呢
这签证还没办好呢,签证没办好快办啊
签证没办好快办啊,要不行你就回来办吧
要不行你就回来办吧,亲自办
亲自办,我回头把资料准备好了就交给明成
我回头把资料准备好了就交给明成,然后呢 让他带你到上海去面签就行了
然后呢 让他带你到上海去面签就行了,他一天那么忙
他一天那么忙,我怎么好麻烦他呀
我怎么好麻烦他呀,我看要不你亲自回来办吧
我看要不你亲自回来办吧,爸
爸,明成没时间管你吗
明成没时间管你吗,有时间管
有时间管,怎么能没时间管呢
怎么能没时间管呢,天天对我管的可好了
天天对我管的可好了,经常地给我订外卖吃
经常地给我订外卖吃,今天中午订的是腊肉饭
今天中午订的是腊肉饭,虽说硬点吧 但我也
虽说硬点吧 但我也,饿不死
饿不死,不是
不是,明成他们不做饭的
明成他们不做饭的,做什么饭
做什么饭,家里电饭锅什么锅都没有
家里电饭锅什么锅都没有,做什么饭呢
做什么饭呢,再说我也不敢做呀
再说我也不敢做呀,万一我再把房子给点了呢
万一我再把房子给点了呢,什么点了 什么又点了
什么点了 什么又点了,我实在是太孤单太寂寞了
我实在是太孤单太寂寞了,苏明哲 我怕孤独
苏明哲 我怕孤独,我想找人说话
我想找人说话,他们两个跟我待不到一块去
他们两个跟我待不到一块去,所以
所以,苏明哲 你快点回来 给我订机票
苏明哲 你快点回来 给我订机票,你听见没有
你听见没有,最起码我上美国还能给你带带孩子
最起码我上美国还能给你带带孩子,我还有个伴啊
我还有个伴啊,哥 哥
哥 哥,我说你 是不是没有把爸照顾好啊
我说你 是不是没有把爸照顾好啊,没有啊 把爸照顾的挺好的呀
没有啊 把爸照顾的挺好的呀,那爸刚才怎么说吃不好
那爸刚才怎么说吃不好,然后天天吃外卖
然后天天吃外卖,我说你们俩 就不能给爸做个饭呢
我说你们俩 就不能给爸做个饭呢,我们自己也不做饭啊
我们自己也不做饭啊,哥 每天上班哪有时间
哥 每天上班哪有时间,然后我们买的都是最好的外卖
然后我们买的都是最好的外卖,而且我们大家都是一起吃的
而且我们大家都是一起吃的,明成啊 爸的肠胃一直都不好
明成啊 爸的肠胃一直都不好,吃外面的东西一定要小心
吃外面的东西一定要小心,好 我明白了
好 我明白了,你们俩抽空一定要多陪爸说说话
你们俩抽空一定要多陪爸说说话,爸一个人在家很孤单的
爸一个人在家很孤单的,陪呀 我们下班第一时间就回家
陪呀 我们下班第一时间就回家,哪都不去 陪爸玩
哪都不去 陪爸玩,今天还有一群他的老朋友过来陪他呢
今天还有一群他的老朋友过来陪他呢,把我们家搞得乌烟瘴气的
把我们家搞得乌烟瘴气的,到现在没收拾干净 对吧
到现在没收拾干净 对吧,我们无所谓啊 收拾就可以了
我们无所谓啊 收拾就可以了,只要爸高兴 爸高兴最重要
只要爸高兴 爸高兴最重要,爸在说什么
爸在说什么,没说什么
没说什么,那个 他就是困了
那个 他就是困了,他 他去睡了
他 他去睡了,对
对,让咱俩也别聊了
让咱俩也别聊了,我也睡了
我也睡了,拜拜
拜拜,我怕冷
我怕冷,怎么办啊
怎么办啊,一屋子味道 总得要散一散啊
一屋子味道 总得要散一散啊,那我万一感冒了咋办呢
那我万一感冒了咋办呢,你们都不在家
你们都不在家,我再死家里头
我再死家里头,什么意思啊
什么意思啊,爸
爸,还没埋怨够啊
还没埋怨够啊,不 不是我什么意思
不 不是我什么意思,我这不是怕影响你们生活吗
我这不是怕影响你们生活吗,我得需要人陪着
我得需要人陪着,我让老同事们来家里
我让老同事们来家里,这又给家里边添乱嘛
这又给家里边添乱嘛,还惹得你们不高兴
还惹得你们不高兴,是不是
是不是,我们也没说什么呀
我们也没说什么呀,我也表示理解了
我也表示理解了,对吗
对吗,那这么着 行不行
那这么着 行不行,爸 以后老同事要想再陪你
爸 以后老同事要想再陪你,你叫他们在外边吃 我请客
你叫他们在外边吃 我请客,那得花你多少钱呢
那得花你多少钱呢,我 只要你高兴
我 只要你高兴,我花多少钱我愿意
我花多少钱我愿意,儿子花钱也是应该的
儿子花钱也是应该的,行不
行不,痒痒是吧
痒痒是吧,得洗澡啊
得洗澡啊,洗个澡 舒舒服服睡觉
洗个澡 舒舒服服睡觉,好不
好不,甭管老孟怎么处理
甭管老孟怎么处理,我肯定都比你惨
我肯定都比你惨,你要有什么消息
你要有什么消息,第一时间告诉我
第一时间告诉我,吃宵夜去吧 小龙虾
跟女朋友分手了吧,她非要那个包 特别矫情
她非要那个包 特别矫情,分了
分了,真分了
真分了,你就说你去不去吧
我有约会,谁呀
你猜,你这有意思吗
你这有意思吗,你快告诉我谁
Hi,回来了
所以我多买了些 帮我递东西,非非啊
非非啊,我失业了
再找呗,那我把东西放到车库
告黑状呢,别管他了
别管他了,我反正跟他说了 以后带朋友
我反正跟他说了 以后带朋友,别往家里带
能保证吗,可以
可以,我说你要带朋友呢
我说你要带朋友呢,你就带朋友出去
你就带朋友出去,到外面吃饭去
你多久没带我出去浪漫了,那我明天带你浪漫去
那我明天带你浪漫去,咱们去吃牛排好吗
我不要,你要什么呀
你呢 让他洗个澡,那你加班 多累啊
就这么定了,老婆
老婆,开个小会
开个小会,散散心
免得集团因为内部斗争搞得人心惶惶的,哪来的狗啊
哪来的狗啊,流浪狗
流浪狗,我都喂它两天了
我都喂它两天了,今儿回家 它就跟我上电梯上楼了
今儿回家 它就跟我上电梯上楼了,你说回来了
你说回来了,这丽丽怕狗
什么事都不要管了,在哪儿呢
我刚跟我师傅分开,这我知道 那什么 关于我的事儿
这我知道 那什么 关于我的事儿,老蒙有态度了吗
你想要点什么态度,电话里不好说
电话里不好说,咱们碰面聊
还有味儿没,搞了三遍
搞了三遍,每个角落只有消毒水的味道了
想不想去我们家吃饭了,辛苦了
辛苦了,我爸不是把狗弄出去了吗
还有别的味道你不知道啊,明白
明白,他回来 我安排他洗澡
能做到吗,看我的
你千万别说是我,我不会出卖你的
我不会出卖你的,来来来
来来来,快坐快坐
快坐快坐,说吧 这股阴风一吹
说吧 这股阴风一吹,老孟是信了还是没信
还是我师傅吗,别卖关子了
别卖关子了,这姓孙的这么一折腾
这姓孙的这么一折腾,老蒙会不会收拾我
怕了,我这叫怕吗
我这叫怕吗,我这是不愿意跟老蒙伤了和气
我这是不愿意跟老蒙伤了和气,让那孙子得了利
但你撬人家的女人也不是君子所为吧,他还真能吹 什么时候成他的女人了
你就说有这事没这事,这事我给你掰扯清楚了
这事我给你掰扯清楚了,人家艾米是一堂堂的总裁千金
人家艾米是一堂堂的总裁千金,什么时候能看上他了
什么时候能看上他了,谁不知道他是结了婚
谁不知道他是结了婚,有老婆 孩子都快上中学了
有老婆 孩子都快上中学了,我这不一样
我这不一样,我这一表人才的
我这一表人才的,跟总裁千金两情相悦
跟总裁千金两情相悦,这有什么不对吗
这有什么不对吗,再说这事都翻篇了
再说这事都翻篇了,现在不是搭上小米了吗
现在不是搭上小米了吗,我跟你说清楚了啊
我跟你说清楚了啊,这事以后别揪着不放
但要我说 这事也未必是件坏事,这什么意思
这什么意思,你有话就直说
此时此刻 我师傅就在孙副总家呢,真的
正在上演一场经典对决,你说 结局会怎么样
咱就耐心等待吧,不服不行啊
不服不行啊,你这么一说 我算明白了
你这么一说 我算明白了,老蒙出手对付姓孙的
老蒙出手对付姓孙的,那也就没有精力收拾我了
你安分一点,吓我一跳
吓我一跳,吃个水果
吃个水果,甜不甜
甜不甜,你也吃一个 丽丽呢 让丽丽也吃
你也吃一个 丽丽呢 让丽丽也吃,等会儿吃 这苹果很甜 丽丽
等会儿吃 这苹果很甜 丽丽,吃完水果
吃完水果,电视一关
电视一关,洗个澡 舒舒服服睡觉
洗个澡 舒舒服服睡觉,几点了 还洗澡啊
几点了 还洗澡啊,看完电视睡觉拉倒吧
看完电视睡觉拉倒吧,那也得洗
那也得洗,洗一个吧
洗一个吧,你玩狗了
你玩狗了,我洗手了
我洗手了,还洗什么澡啊
还洗什么澡啊,老年人皮肤干燥
老年人皮肤干燥,不能常洗澡
不能常洗澡,洗一个吧
洗一个吧,还是得洗一个
还是得洗一个,我觉得你就不玩狗啊
我觉得你就不玩狗啊,这个 也到日子了
这个 也到日子了,我大哥走的时候不是说一个星期洗一回
我大哥走的时候不是说一个星期洗一回,这都好几天了
这都好几天了,那是你大哥嫌我有味了
那是你大哥嫌我有味了,你大哥在美国都闻着了
你大哥在美国都闻着了,你这话说的真是
你这话说的真是,你现在
你现在,你洗一个 洗一个不舒服吗
你洗一个 洗一个不舒服吗,那你在这看电视
那你在这看电视,你看那么晚
你看那么晚,我们也得早点睡觉
我们也得早点睡觉,明天还上班呢
明天还上班呢,我看不是你大哥让我洗澡
我看不是你大哥让我洗澡,是别人让我洗吧
是别人让我洗吧,你怎么谁
你怎么谁,就洗个澡 洗一个嘛
就洗个澡 洗一个嘛,你是不是嫌弃这糟老头子了
你是不是嫌弃这糟老头子了,这 怎么说这种话
这 怎么说这种话,你看你
你看你,不洗就不洗
不洗就不洗,咱 你就别老逼爸洗澡了
我逼着爸洗澡,不是不是 我逼的 我逼的
不是不是 我逼的 我逼的,我不逼了 好不好
我不逼了 好不好,你也别挑三拣四
我挑三拣四,明成啊
明成啊,这么晚了 丽丽还回不回来了
这么晚了 丽丽还回不回来了,别管她
别管她,由她去
由她去,毛病都是惯出来的
毛病都是惯出来的,正好给他个时间
正好给他个时间,给她点空间
给她点空间,让她好好反思反思
让她好好反思反思,说说就得了
说说就得了,别为了你爸 让你们小两口赌这么大气
别为了你爸 让你们小两口赌这么大气,不赌气
不赌气,赌气也是她找的事
赌气也是她找的事,天下女人多的是
天下女人多的是,爸就一个
爸就一个,你放心吧 爸 赶紧睡
那我们就先走了,好好 辛苦辛苦
好好 辛苦辛苦,谢谢啊
谢谢啊,明成 你没忘吧
明成 你没忘吧,你不是要带我蒸桑拿去吗 走吧
你不是要带我蒸桑拿去吗 走吧,走啊
走啊,怎么样 爸 舒服吗
怎么样 爸 舒服吗,不舒服
不舒服,热
热,热就对了呀
热就对了呀,你出汗
你出汗,这边天气这么潮
这边天气这么潮,再加上你那老寒腿
再加上你那老寒腿,多出点汗排排毒
多出点汗排排毒,腿也能舒服
腿也能舒服,明成 明天咱还来呗
明成 明天咱还来呗,这不能天天来啊
这不能天天来啊,桑拿这一个星期
桑拿这一个星期,不是 一个月
不是 一个月,蒸一回是最科学的
蒸一回是最科学的,你高血压 老这么蒸 容易犯病
你高血压 老这么蒸 容易犯病,不能天天来
不能天天来,我这刚蒸上瘾你又不来了
我这刚蒸上瘾你又不来了,不是 爸 我跟你说
不是 爸 我跟你说,这人体就那么多水分
这人体就那么多水分,天天蒸
天天蒸,人就蒸成葡萄干了
人就蒸成葡萄干了,不行不行 走吧
不行不行 走吧,这还没完呢
这还没完呢,你等这完了 咱俩真干了
你等这完了 咱俩真干了,搓个澡
都已经一个星期了,下周 我还有三次面试的机会
现在IT不好找工作 换个工作试试吧,换什么呀
换什么呀,我学的就是这个 除了IT 不会干别的
我学的就是这个 除了IT 不会干别的,水 爸
水 爸,舒服啊
舒服啊,明成 你还是把丽丽接回来吧
明成 你还是把丽丽接回来吧,她一小姑娘
她一小姑娘,我不跟她一般见识
我不跟她一般见识,不接
不接,不能接的
不能接的,万事
万事,我爸第一位
我爸第一位,这道理她不明白
这道理她不明白,永远都甭回来
永远都甭回来,这丽丽呢 确实有点矫情
这丽丽呢 确实有点矫情,可怎么办呀
可怎么办呀,他是你媳妇啊
他是你媳妇啊,你还是给他接回来吧
你还是给他接回来吧,您老说她矫情 还真不矫情
您老说她矫情 还真不矫情,从结婚到现在
从结婚到现在,袜子的内裤都是她给我洗的
袜子的内裤都是她给我洗的,没一句怨言
没一句怨言,但是她这么对我爸
但是她这么对我爸,坚决不行
坚决不行,你作为一个大男人
你作为一个大男人,你别老给女人置气成吗
你别老给女人置气成吗,这个时候你得给她个台阶下
这个时候你得给她个台阶下,要不她怎么回来呀
要不她怎么回来呀,好意思吗
好意思吗,听您的
听您的,那咱走吧
那咱走吧,干嘛去啊
干嘛去啊,接她回来啊
接她回来啊,不着急不着急
不着急不着急,怎么 不回去吃饭吗
怎么 不回去吃饭吗,再待会儿 再待会儿 跟这儿吃
你走吧,这什么意思
这什么意思,你拿人钱财得替人消灾啊
你拿人钱财得替人消灾啊,我得带你回家
事情都没有解决,解决了
解决了,爸洗的干干净净的
爸洗的干干净净的,家里也打扫干净了
你不知道自己错哪是不是啊,我知道啊
错哪了,我怎么能对老婆这个态度呢 这么说话是很不礼貌的
怎么回事,对呀 我傻呀
对呀 我傻呀,以后不可以这样
怎么办,听老婆的
听老婆的,老婆全是对的
老婆全是对的,我都是错的
惹我生气吗,真漂亮
真漂亮,人比项链漂亮
人比项链漂亮,你怎么长这么漂亮啊
你少哄我,我没哄你
我没哄你,小的时候没有人想挠花你的脸吗
小的时候没有人想挠花你的脸吗,我说的全是实话
我错了,老婆 真不怨你
老婆 真不怨你,这事儿肯定怨爸
这事儿肯定怨爸,但是当时呢 我不能站在你这边
但是当时呢 我不能站在你这边,否则的话爸得难受一辈子
行吗,好
你有没有觉得咱俩每天跟偷情似的,再忍一忍
再忍一忍,爸的签证很快就下来了
联系上明玉了吗,关机
给她发个微信呗 告诉她一声,干嘛给她发微信呀
干嘛给她发微信呀,给她发有什么用
给她发有什么用,她什么时候拿这当过家
她什么时候拿这当过家,我也不想跟他说话
我也不想跟他说话,哥
哥,明成
明成,咱爸怎么样了
咱爸怎么样了,食物中毒 没事
食物中毒 没事,食物中毒
食物中毒,他吃什么了
他吃什么了,鸭脖子
鸭脖子,明成啊
明成啊,你怎么能给他买鸭脖子呢
你怎么能给他买鸭脖子呢,不是我买的
不是我买的,他自己买的
他自己买的,他买的你就让他吃啊
他买的你就让他吃啊,你是怎么照顾爸的
你是怎么照顾爸的,你能不能上点心哪
你能不能上点心哪,我去 你别在这冤枉我行吗
我去 你别在这冤枉我行吗,这我怎么上心怎么管我
这我怎么上心怎么管我,我跟丽丽在单位
我跟丽丽在单位,他自己在家
他自己在家,我还能把爸拴腰上吗
我还能把爸拴腰上吗,天天
天天,那还不是因为你不给爸做饭
那还不是因为你不给爸做饭,你天天让他吃外卖
你天天让他吃外卖,他觉得不好吃
他觉得不好吃,他自然自己你出去买了
他自然自己你出去买了,老二啊 就你们这样的生活方式
老二啊 就你们这样的生活方式,因为你们年轻身体好
因为你们年轻身体好,你们无所谓
你们无所谓,可咱爸年龄大了
可咱爸年龄大了,他的肠胃本来就不好
他的肠胃本来就不好,明成 不是我说你啊 你真的应该多关心一下咱爸
明成 不是我说你啊 你真的应该多关心一下咱爸,你记住了
你记住了,最近这段时间一定要注意饮食卫生
最近这段时间一定要注意饮食卫生,千万别给爸再吃外卖了
千万别给爸再吃外卖了,对了 还有啊 明玉怎么回事
对了 还有啊 明玉怎么回事,她为什么不接电话
她为什么不接电话,你看你们两个人搞的
你看你们两个人搞的,一个让爸食物中毒
一个让爸食物中毒,一个永远不接电话
一个永远不接电话,有这么做儿女的吗
有这么做儿女的吗,苏明哲
苏明哲,你别再碎碎念了行不行
你别再碎碎念了行不行,你是不是觉得你在美国远程操控特帅啊
你是不是觉得你在美国远程操控特帅啊,苏明玉找不着
苏明玉找不着,你打她电话她不也关机吗
你打她电话她不也关机吗,关机关我什么事
关机关我什么事,我全地球我都管行不行
我全地球我都管行不行,这10年我跟丽丽一直在照顾爸妈
这10年我跟丽丽一直在照顾爸妈,你们这不行那不行的
你们这不行那不行的,你们来试试来
你们来试试来,太有意思了吧你
太有意思了吧你,这么大岁数人了
这么大岁数人了,你这点事不懂啊 你教训我啊你
怎么还吵起来了,他觉得
他觉得,觉得我们做的不好
觉得我们做的不好,让他来试试
让他来试试,他在美国天天想清楚
多伤兄弟感情,太难了
太难了,老婆 真的太难了
老婆 真的太难了,我真受不了了
行了,咱们正好不是在医院 咱买点安眠药
咱们正好不是在医院 咱买点安眠药,咱俩一块走了算了
现在怎么办,能怎么办
能怎么办,大哥吩咐
大哥吩咐,不能让他爸吃外卖
不能让他爸吃外卖,吃坏了肚子 又得挨骂
吃坏了肚子 又得挨骂,那给他做呗
做饭 谁做,我在我做 你在你做
那责任全在我身上吗,咱们做最多就是难吃
咱们做最多就是难吃,在外边再吃出一个食物中毒来
在外边再吃出一个食物中毒来,真没法交代
真没法交代,忍一忍 很快就去美国了
忍一忍 很快就去美国了,没几天了
喂 大哥,明玉 你怎么不接电话呢
我刚下飞机 什么事儿,咱爸病了
什么病,食物中毒 拉肚子
去医院了吗,你现在赶紧去看看
你现在赶紧去看看,我特别担心他
苏明成两口子怎么管的爸,你先别说这个啊
你先别说这个啊,你替大哥去老二家看看
你替大哥去老二家看看,看看老二整天给爸吃什么
又不怪明成,你别向着他们说话
你别向着他们说话,有他们这么做的吗
有他们这么做的吗,明成照顾才几天啊
明成照顾才几天啊,我爸就食物中毒了
我爸就食物中毒了,还有这个明玉
还有这个明玉,永远不接电话
永远不接电话,是怎么当儿女的
是怎么当儿女的,回头你把二楼的客房收拾出来
为什么呀,我现在要抓紧时间
我现在要抓紧时间,把我爸签证的资料弄好
把我爸签证的资料弄好,整理好了就给明成发过去
整理好了就给明成发过去,一天都不能等了
你觉得 现在让爸来合适吗,有什么不合适的
我不会说这些,找工作那是迟早的事
找工作那是迟早的事,但是我爸来美国 一天都不能等了
但是我爸来美国 一天都不能等了,老二一家不会照顾人
老二一家不会照顾人,我爸都食物中毒了
我们负担得起吗,这怎么能是钱的事呢
这怎么能是钱的事呢,我是苏家的老大
我是苏家的老大,我妈不在了
我妈不在了,我有责任和义务赡养我爸
你能不能面对现实,你怎么又提这个事
你怎么又提这个事,我不是跟你说了吗
我不是跟你说了吗,请你相信我
请你相信我,我能找到工作的
我能找到工作的,除非你对我没信心
可是这困难不是一时半刻就能解决的,行行行
行行行,先不要说这事了
先不要说这事了,我爸必须要来美国
我爸必须要来美国,我必须要养
我必须要养,除非你不认我爸
你是想让我牺牲 还是想让小咪牺牲啊,能不能冷静点
能不能冷静点,我们不至于这么惨
你别跟他说是我订的,走
走,就这么就回家了
就这么就回家了,不再观察观察
不再观察观察,观察什么呀
观察什么呀,医生都说可以走了
医生都说可以走了,你跟我说点实话呀
你跟我说点实话呀,我说什么实话
我说什么实话,大夫怎么说的呀
大夫怎么说的呀,食物中毒啊 你回去以后少吃辛辣食品
食物中毒啊 你回去以后少吃辛辣食品,吃两天药好了呀
吃两天药好了呀,我觉得没那么简单
我觉得没那么简单,我这半年来经常跑肚拉稀的 一定是有问题
我这半年来经常跑肚拉稀的 一定是有问题,该不会这大夫他查不出来
该不会这大夫他查不出来,让我回家等死去吧
让我回家等死去吧,爸
爸,我明天跟丽丽还得要上班呢
我明天跟丽丽还得要上班呢,咱们别折腾了行吗
咱们别折腾了行吗,那你要是信不过我们
那你要是信不过我们,你去问问医生去
你去问问医生去,是不是
是不是,医院他查不出来呀
医院他查不出来呀,我听说好些大病都是这么给耽误的
我听说好些大病都是这么给耽误的,我也听说 好些大病都是自己给自己吓出来的
我也听说 好些大病都是自己给自己吓出来的,本来人特健康
本来人特健康,胡思乱想
胡思乱想,怕 真出事儿了
怕 真出事儿了,喝点粥 喝点粥就舒服了
喝点粥 喝点粥就舒服了,怎么了
怎么了,还是热了
还是热了,榨菜一点味都没有
榨菜一点味都没有,我能不能吃点肉啊
我能不能吃点肉啊,是医生让说吃流食的呀
是医生让说吃流食的呀,再说你大早上起来吃肉 本来对身体就不好
再说你大早上起来吃肉 本来对身体就不好,粥太干了
粥太干了,我不能一日三餐都吃这个吧
我不能一日三餐都吃这个吧,你最近不是肠胃不好吗
你最近不是肠胃不好吗,我们先忍一忍
我们先忍一忍,等你好了以后
等你好了以后,早上起来 我给你弄火锅吃 行吗
早上起来 我给你弄火锅吃 行吗,那要不你给我买点菜吧
那要不你给我买点菜吧,我自个儿做
我自个儿做,别呀
别呀,你在我们家住 照顾你是应该的
你在我们家住 照顾你是应该的,做饭的事你就别操心了
有人吗,谁
谁,找谁呀
我是来给您送餐的,送饭的
送饭的,不是不让我吃外卖了吗
不是不让我吃外卖了吗,谁让你来的
谁让你来的,是男的女的
是男的女的,叫什么名
她叫 我不知道,是不是
是不是,瘦瘦的 挺漂亮的
挺漂亮的,那就是丽丽
来,谢谢啊
这桶我还得拿回去呢,那你稍微等一会
养胃的,全倒里边 全倒里边
还行吧,倒倒倒
味道还行把,这里边都放些什么呀
这里边都放些什么呀,真好吃
你要喜欢呢 我天天给您送,天天送 那得多少钱哪
慢走啊,morning sir
Morning,it's me
I have had a look at your resume. Your background is excellent. But we are looking for a basic salesperson. You are over qualified for this job I'm afraid.,No problem. I like this job.  I understand the thing is we need someone very quickly. We will have no time to train you. You look disappointed
but you have an excellent resume. You should be looking for a job in a much bigger company,我要是能找到好工作我来你这干嘛
诶 大叔,你怎么才来呀
今天特别给你做了牛肉羹,快快
补充蛋白质的,好
牛肉羹还合胃口吗,合胃口 合胃口
合胃口 合胃口,你这手艺是真好
你这手艺是真好,这几天把我胃都给吃开了
您吃的开心最重要,你贵姓
你贵姓,叫什么名
叫我小石就好,小石
小石,留个电话呗 以后我想吃什么
留个电话呗 以后我想吃什么,我就给你打电话
上面有我电话,食荤者
明总啊 这顿饭吃的 不安逸呀,谁啊
给您送饭,小石 小石
小石 小石,你开不开门是吗
开不了,你等会啊
您没事吧,有事啊 有事
有事啊 有事,快进来 快进来 小石 别换鞋了 别换鞋了
快进来 快进来 小石 别换鞋了 别换鞋了,快
快,这门怎么一下掉下来了
这门怎么一下掉下来了,差点没砸死我
大叔有没有这种内六方啊,内六方
这种内的六角扳手,家里的工具都在这
要不我下去买吧,我去吧我去吧
不是,楼下有个五金店
楼下有个五金店,我认识 你在这稍等会
我认识 你在这稍等会,小石啊 差点没砸死我啊
小石啊 差点没砸死我啊,你可得给修好了啊
你可得给修好了啊,要不他们回来我都没法交代了
你那儿所有的合同 都必须经过我这 让我先过一眼,你可算出来了
你怎么在这儿,找你有事
你好,你 你是谁呀
我,爸 爸 爸
苏大叔去买了,你是物业的
我是给苏大叔送饭的,送饭你修门啊 你 你饭呢
饭在包里,你拿 没事没事 拿你的
你拿 没事没事 拿你的,用这包送饭啊 谁让你送的饭啊
我是她朋友,丽丽的朋友
丽丽的朋友,哦 是这样
先生,你先待会啊
是不是误会,明成
明成,你说的对
你说的对,你说咱们家什么工具没有
你说咱们家什么工具没有,他非要把我支出去让我买这玩意
他非要把我支出去让我买这玩意,他给我送了三天外卖了
他给我送了三天外卖了,我跟他见了三回
我跟他见了三回,你说他是不是前三回他就是来摸底来了
你说他是不是前三回他就是来摸底来了,今个他就想
今个他就想,动手
动手,你这逻辑是对的呀
你这逻辑是对的呀,你送三天了才让我知道 多吓人啊
你送三天了才让我知道 多吓人啊,你人出去了 他要翻着东西他走了
你人出去了 他要翻着东西他走了,如果没翻着东西呢 你回来怎么办
如果没翻着东西呢 你回来怎么办,我命就没啦
我命就没啦,对啊 他肯定敲死你啦
对啊 他肯定敲死你啦,我害怕呀 明成
我害怕呀 明成,我有点站不住了
我有点站不住了,别别别 待会警察来了多没面子
别别别 待会警察来了多没面子,您站会儿 站会儿
您站会儿 站会儿,我 我蹲会行吗
我 我蹲会行吗,没事没事没事
没事没事没事,不行 明成
不行 明成,我得靠会你
我得靠会你,没事没事没事 过去了过去了
没事没事没事 过去了过去了,你救了爸一条命啊
你救了爸一条命啊,我也吓得够呛
我也吓得够呛,看来我猜的没错
看来我猜的没错,我们俩处境已经很危险了
这回确实是我的错,你这次去成都找洪总
你这次去成都找洪总,说到底也是为了公司利益
说到底也是为了公司利益,他老蒙凭什么把责任都往你一个人头上推
他老蒙凭什么把责任都往你一个人头上推,再说你还是西南地区的负责人呢
再说你还是西南地区的负责人呢,他私底下跟洪总有接触
他私底下跟洪总有接触,他为什么不告诉你这个负责人呢
他为什么不告诉你这个负责人呢,你没想过吗
你没想过吗,老蒙听信了孙副总的谗言
老蒙听信了孙副总的谗言,他不再相信我们俩
也不可能是那种轻易被别人左右的糊涂人,我当然知道他不糊涂了
我当然知道他不糊涂了,我是怕他太精明了
我是怕他太精明了,把你我都算计了
你什么意思吧,听线人报
听线人报,当晚孙蒙大战不像你说的那样
当晚孙蒙大战不像你说的那样,二人并无硝烟
二人并无硝烟,相反是老蒙做出了让步
相反是老蒙做出了让步,你看
你看,这两天孙副总在公司里耀武扬威的样子
这两天孙副总在公司里耀武扬威的样子,你能看明白吗
你能看明白吗,这回你再帮我判断一下他说的哪句话是真
这回你再帮我判断一下他说的哪句话是真,哪句话是假
哪句话是假,我看咱们俩就剩一条路可以选了
您给指条明路呗,你别明知故问了行吗
你别明知故问了行吗,另找新主呗
老蒙反而要治你一个不忠,明玉
明玉,我跟你保证 这次没那么简单
我跟你保证 这次没那么简单,你就别执迷不悟了
你就别执迷不悟了,行不行
怎么一点明辨是非的能力都没有,这事不能怪我
真行啊你,不是我报的警 不是我
你凭什么觉得别人是骗子,你凭什么找一陌生人上我们家来
他要不病了 我能找人来送病号饭吗,你弄弄清楚行不行
你弄弄清楚行不行,爸病了
爸病了,医生的诊断是食物中毒导致的腹泻
医生的诊断是食物中毒导致的腹泻,那是他自己买的鸭脖子吃的 跟我们有什么关系啊
那是他自己买的鸭脖子吃的 跟我们有什么关系啊,爸你跟他说 是不是你自己买的鸭脖子
爸你跟他说 是不是你自己买的鸭脖子,哎 你这时候不说话
哎 你这时候不说话,你就冤枉我跟丽丽
你就不能拦着呀,还生苏明玉气呀
你跟我说说,有什么原因啊
有什么原因啊,你觉得她会管爸吗
你觉得她会管爸吗,你看她对爸说话那个态度
你看她对爸说话那个态度,哪有女儿这么跟爸说话的
我觉得她说得话里有话,你多想了
你多想了,她没有那个智商
她没有那个智商,她说话一直就这么阴阳怪气的
她说话一直就这么阴阳怪气的,明哲
明哲,你怎么样
你怎么样,还好吗
还好吗,还好吗
还好吗,爸怕是在明成家住不下去了
爸怕是在明成家住不下去了,这明成又怎么了
这明成又怎么了,一言难尽哪
一言难尽哪,他们这两口子吧 也不给我做饭吃
他们这两口子吧 也不给我做饭吃,这明玉呢 叫人给我送饭来
这明玉呢 叫人给我送饭来,他们还跟人家闹
他们还跟人家闹,都动警察了
都动警察了,警察 不是 怎么警察也来了呀
警察 不是 怎么警察也来了呀,明哲
明哲,爸这心里憋屈呀
爸这心里憋屈呀,你 你快点买机票吧 让我去美国吧
你 你快点买机票吧 让我去美国吧,爸 你别着急啊
爸 你别着急啊,这样 你的签证信息啊 我都已经准备好了
这样 你的签证信息啊 我都已经准备好了,我现在就发给明成
我现在就发给明成,我已经安排好了
我已经安排好了,你到上海的面签
你到上海的面签,只要签证一拿到
只要签证一拿到,我立刻接你来美国
我立刻接你来美国,快点办吧快点办吧
快点办吧快点办吧,好的 好的
明哲 你找到了吗,找到了 找到了
我看咱爸的心啊 早就飞到美国去了,好事啊
好事啊,咱们熬到头了
喂大哥,明玉啊
明玉啊,咱爸又给我来电话了
咱爸又给我来电话了,说了今天的事
说了今天的事,今天这事啊 确实是你二哥不对
大哥我现在在外边呢,而且我也觉得 你二哥和二嫂啊 没有能力照顾咱爸
而且我也觉得 你二哥和二嫂啊 没有能力照顾咱爸,我倒是觉得你应该多去去啊 跟咱爸沟通一下
我倒是觉得你应该多去去啊 跟咱爸沟通一下,也算是替你二哥二嫂分担一下嘛
也算是替你二哥二嫂分担一下嘛,咱们做儿女的不能让老人受罪
咱们做儿女的不能让老人受罪,对不对
大哥 我正在吃,而且我觉得 咱爸要是心情不好了
而且我觉得 咱爸要是心情不好了,那还会生病
那还会生病,这一生病 怎么办签证
这一生病 怎么办签证,怎么来美国
别管别人家家事,明成 这就是说再过一个礼拜我护照就拿着了
明成 这就是说再过一个礼拜我护照就拿着了,就这么顺利
就这么顺利,真没想能到这么顺利把签证拿下来
真没想能到这么顺利把签证拿下来,我都没想到
我都没想到,就是
就是,这一大早上把我给紧张的啊
这一大早上把我给紧张的啊,别紧张别紧张
别紧张别紧张,这时候踏实了
这时候踏实了,你赶紧给你大哥打电话
你赶紧给你大哥打电话,让他买机票
让他买机票,好
好,谁的电话
谁的电话,谁的电话
是不是你已经背着我把你爸接过来了,我这 我爸迟早都要来的嘛
我这 我爸迟早都要来的嘛,签证早办也没有错
签证早办也没有错,而且签证的有效期很长
而且签证的有效期很长,等我爸要来了 再给他买张
等我爸要来了 再给他买张,机票就行了
我看他的心早就已经飞到美国了,我也没想到 签证这么快就办好了
是不是,我也好歹是名校毕业的高材生
我也好歹是名校毕业的高材生,请你相信我
请你相信我,我肯定会找到工作的
能不能放下身段,什么意思
你为什么就不可以跟人学学呢,你让我学他们 去当个蓝领
你让我学他们 去当个蓝领,去干体力活
人一个月挣的不比你原来少,行行行 不说了啊
行行行 不说了啊,下个月就是招聘季 我会成功的
有收入总比没收入强,因为我们还没有到山穷水尽的这一步啊
因为我们还没有到山穷水尽的这一步啊,为什么就不肯相信我呢
再说以你的性格又做不了管理层,我的性格怎么了
我的性格怎么了,我从一个小地方一步步努力到现在
我从一个小地方一步步努力到现在,我是不会轻易被淘汰的
我是不会轻易被淘汰的,我绝不放弃
让他们帮我带,你要干嘛
为了你尽孝,我爸来美国 
我爸来美国 , 你把孩子送走干嘛
因为我没法同时照顾你爸和宝宝两个人,那你就舍得孩子跟我们分开吗
我也不能因为此事和你离婚,我跟你说 孩子不能离开我们
我跟你说 孩子不能离开我们,孩子的成长只有一次 我们不能错过的
孩子的成长只有一次 我们不能错过的,而且孩子这么小就离开父母 会伤害她的感情
而且孩子这么小就离开父母 会伤害她的感情,会影响她的心理健康
你说,我要把我爸接回来
我就把宝宝送走,儿子 那件衣裳爸真喜欢
儿子 那件衣裳爸真喜欢,我看出来了
我看出来了,我也喜欢 好看啊
我也喜欢 好看啊,所以多少钱都不多 买 就开心
所以多少钱都不多 买 就开心,谢谢儿子
谢谢儿子,爸您别这么说
爸您别这么说,儿子给老子花钱 这不天经地义吗
儿子给老子花钱 这不天经地义吗,以后您永远别说谢谢
以后您永远别说谢谢,说得我心里不舒服
说得我心里不舒服,不能再买了啊
不能再买了啊,够了够了
够了够了,我这心里都过意不去了都
我这心里都过意不去了都,爸 你别客气
爸 你别客气,想怎么样就怎么样
想怎么样就怎么样,就这么几天了
就这么几天了,马上就要去我大哥那了
马上就要去我大哥那了,出国咱不得有里有面的
出国咱不得有里有面的,咱不能丢中国人脸吧
咱不能丢中国人脸吧,再说了 我小的时候给你添这么多麻烦
再说了 我小的时候给你添这么多麻烦,是不是
是不是,这下您去美国了
这下您去美国了,我心里边真的是不舍得
我心里边真的是不舍得,所以出国之前 您随便 我爱你 爸
所以出国之前 您随便 我爱你 爸,你的愿望我都满足
你的愿望我都满足,爸真有个愿望
爸真有个愿望,你得满足爸
你得满足爸,药我拿好了
药我拿好了,我来抱孩子吧
我来抱孩子吧,我来抱吧 孩子也没多大事
不然我就跟你拼了,不是 当时孩子摔倒的时候咱们都不在身边
不是 当时孩子摔倒的时候咱们都不在身边,咱们都有责任的好吗
那要不是因为你们家的事情会这样吗,能不能讲点道理呀
能不能讲点道理呀,当时是你在跟我吵架
你有没有想过我们母女两个人,别在这样啊 再吵架
别在这样啊 再吵架,回头把孩子又吓着了
傲对群雄 他简直判若两人哪,我爸年轻的时候
我爸年轻的时候,今年在座的这几个老伙伴 的确是看不起他
今年在座的这几个老伙伴 的确是看不起他,今天他可出气了
今天他可出气了,我也为我爸高兴
我也为我爸高兴,你看见那几个人 那眼神真的是羡慕妒忌恨 我看着也痛快
你看见那几个人 那眼神真的是羡慕妒忌恨 我看着也痛快,挺好
挺好,今天咱们这饭 吃得好
今天咱们这饭 吃得好,钱花的也值
这算什么嘛,算了算了算了
算了算了算了,别想这些了
别想这些了,只要他高高兴兴的就行
只要他高高兴兴的就行,赶紧去美国
匪夷所思的事情,就是就是我也没见过我爸这一面
就是就是我也没见过我爸这一面,真的挺吓人的
真的挺吓人的,我妈在的时候就跟我说过
我妈在的时候就跟我说过,我爸就欠收拾
我爸就欠收拾,咱们才管了爸几天
咱们才管了爸几天,我妈管了我爸一辈子 我心疼
咱们就轻松了,对
对,等他走了
等他走了,一切都回归于正常
一切都回归于正常,我还像小公主
我还像小公主,一样宠着你
记住你说的话,永远忘不掉
回来的时候 有的你忙的呢,去美国 企业家交流会
去美国 企业家交流会,这不明摆着支走你
这不明摆着支走你,然后一脚把我踢开吗
想太多老得快啊,我老了也很帅
我老了也很帅,你看你那没心没肺的样 你都被架空了
你看你那没心没肺的样 你都被架空了,你怎么还那么信任他呢
你怎么还那么信任他呢,你这叫愚忠 你知道吗
必须愚忠到底,打住
打住,你想愚忠 别拉着我陪葬啊
你想愚忠 别拉着我陪葬啊,真要冲我来
真要冲我来,大不了我不干了
大不了我不干了,此处不留爷
此处不留爷,自有留爷处
我得去提醒一下老蒙,兄弟就是兄弟啊 确实比妞强
兄弟就是兄弟啊 确实比妞强,这话说回来了
这话说回来了,这趟去美国
这趟去美国,万一还是老蒙跟姓孙的下的一盘棋
万一还是老蒙跟姓孙的下的一盘棋,你怎么办
等我回来一切就都清楚了,喂 明成
喂 明成,哥 你怎么回事
哥 你怎么回事,为什么爸去不了美国了
为什么爸去不了美国了,明成
明成,大哥这边有些事情 暂时不方便让爸来美国
大哥这边有些事情 暂时不方便让爸来美国,你有什么事啊
你有什么事啊,你就别问了
你就别问了,等爸能来的时候 我自然会通知你的
等爸能来的时候 我自然会通知你的,我当然要问清楚了 到底发生什么事了
我当然要问清楚了 到底发生什么事了,这件事情发生的有如晴天霹雳
这件事情发生的有如晴天霹雳,天霹雳啊哥
天霹雳啊哥,你知不知道爸
你知不知道爸,他很难受很伤心啊
他很难受很伤心啊,我不是说了吗
我不是说了吗,咱爸暂时不能来美国
咱爸暂时不能来美国,你就不能暂时替我安顿一下爸吗
你就不能暂时替我安顿一下爸吗,那你最起码要告诉我理由啊
那你最起码要告诉我理由啊,而且哥 当时去美国是你定的
而且哥 当时去美国是你定的,把老头弄得高高兴兴的
把老头弄得高高兴兴的,他现在每天在国内又请客吃饭
他现在每天在国内又请客吃饭,又要去蒸桑拿
又要去蒸桑拿,压根就没给自己留后路
压根就没给自己留后路,对吧
对吧,现在面签也办好了
现在面签也办好了,你突然一下说不去了
你突然一下说不去了,你想过爸的感受吗
你想过爸的感受吗,没错 是我定的
没错 是我定的,我是看爸没有人管
我是看爸没有人管,你们就没责任吗
你们就没责任吗,你们要是把爸照顾得很好的话
你们要是把爸照顾得很好的话,爸至于这么着急来美国吗
爸至于这么着急来美国吗,孙明哲 你是不是有病啊你
孙明哲 你是不是有病啊你,你朝我喊什么
你朝我喊什么,就是你定的去美国
就是你定的去美国,又不是我骗爸
又不是我骗爸,你还有理了
你还有理了,明成 算大哥求你了好吗
明成 算大哥求你了好吗,你就帮大哥再管一阵子爸
你就帮大哥再管一阵子爸,你不告诉我原因 我就不管
你不告诉我原因 我就不管,你不管我也不管 咱们谁都别管
你不管我也不管 咱们谁都别管,我告诉你
我告诉你,我回头给爸买张机票
我回头给爸买张机票,我把他送到美国去
我把他送到美国去,你当面跟他解释清楚
你就不能实话实说吗,你能不能别管
他们能不理解你,我真敢 老婆
我真敢 老婆,我就给爸发到美国去
我就给爸发到美国去,让他当面跟爸说清楚
让他当面跟爸说清楚,我不受这罪
现在呢 什么事都堆到咱们俩这 我真的都快烦死了,要是妈在的话
要是妈在的话,根本就不会发生这样的事
那你去吧,爸 你别哼唧了
爸 你别哼唧了,出去吃一顿就好了
出去吃一顿就好了,再这么慎这 出去 那好的餐厅就订不着位子了
再这么慎这 出去 那好的餐厅就订不着位子了,我大哥不靠谱
我大哥不靠谱,实在不行
实在不行,你就回老宅子住
你就回老宅子住,我不回老宅
我不回老宅,不是 暂时回去啊 立个规矩
不是 暂时回去啊 立个规矩,三个人轮番照顾你 行不
三个人轮番照顾你 行不,暂时 暂时回
暂时 暂时回,什么意思啊
什么意思啊,什么意思
什么意思,暂时回去 什么意思
暂时回去 什么意思,你哥不管我了
你哥不管我了,你也想不管我了
你也想不管我了,爸现在就剩下你这么一个儿子了
爸现在就剩下你这么一个儿子了,你要是不管我
你要是不管我,我 我可怎么办
我 我可怎么办,爸你别这样
爸你别这样,我没说不管你啊
我没说不管你啊,我哥也没说不管你
我哥也没说不管你,他只是暂时不能把你接到美国去
他只是暂时不能把你接到美国去,反正我不上老宅住去啊
反正我不上老宅住去啊,没想到你哥也靠不住
没想到你哥也靠不住,你们赶紧想想办法 想想办法
你不说话我走了啊,不是 明玉
不是 明玉,你大哥那儿我是去不了了
你大哥那儿我是去不了了,你二哥和你二嫂这儿
你二哥和你二嫂这儿,还有我
还有我,我们商量了商量
我们商量了商量,以后我住哪儿
以后我住哪儿,赡养费问题
赡养费问题,养老的问题
养老的问题,你们坐这儿说说吧
您喜欢哪个选哪个就好了呀,我有仨选择
第一跟我住啊 住我家,不去 不去
您自己住,那我也不去
这可是您自己说不去的啊,我说了 不去
脸算是丢尽了,你丢什么人啊
你丢什么人啊,你看你 这事怨我呀
你看你 这事怨我呀,我真不知道 我欠家里边这么多钱
我真不知道 我欠家里边这么多钱,我记着我都还了
我记着我都还了,而且咱俩还经常往家里买东西
从明玉头上刮下来的,你 你别把这屎盆子往我头上扣好吗
你 你别把这屎盆子往我头上扣好吗,你都不了解情况
你都不了解情况,有些钱都我妈给我的
有些钱都我妈给我的,你 你说 咱们结婚买房子 是我妈说让买的
你 你说 咱们结婚买房子 是我妈说让买的,装修
装修,也是我妈说让装的
也是我妈说让装的,办喜酒也是我妈说让办的
办喜酒也是我妈说让办的,我妈还说 这钱都不用还
我妈还说 这钱都不用还,这这 我们都记着对不对
我爸说 你不觉得很可笑吗,不可笑啊 挺可爱的
不可笑啊 挺可爱的,行了行了
行了行了,睡吧睡吧 明天再说
起来,干什么呀
干什么呀,我已经承认错误
我已经承认错误,那还没完了吗
你还要不要脸,你怎么这么说我 怎么不要脸啊
你怎么这么说我 怎么不要脸啊,人要脸 树要皮 谁不难受啊
人要脸 树要皮 谁不难受啊,我也觉得丢人啊
我也觉得丢人啊,怎么办
怎么办,事情已经发生了
事情已经发生了,你不得把自己调整好吗
你不得把自己调整好吗,有些事就让它过去 就忘了
有些事就让它过去 就忘了,算了
你真不要脸,你别再这么说我了行不行
你别再这么说我了行不行,那你要我怎么样
那你要我怎么样,我现在跑到妈坟前去 我跟她道歉
没这么简单,那你说一复杂的
用实际行动来弥补吧,我 我弥补他
我 我弥补他,我们好好对他 以后他说什么是什么 好好孝敬他不就完了吗不就
我的意思是还钱,你怎么还啊 那么多钱
你怎么还啊 那么多钱,怎么还啊
怎么还啊,我妈为什么给我钱
我妈为什么给我钱,是因为她爱我
是因为她爱我,我也疼她
我也疼她,天下父母疼爱自己的孩子
天下父母疼爱自己的孩子,我们作为子女孝敬父母
我们作为子女孝敬父母,这都是天经地义的事
这都是天经地义的事,再说我爸也没让我还
你就理所当然地啃老是吧,谁啃老了
谁啃老了,你要这么着 我非给你掰扯掰扯
你要这么着 我非给你掰扯掰扯,我们家一共三个孩子
我们家一共三个孩子,那谁天天回去陪爸妈
那谁天天回去陪爸妈,谁聆听他们的心声
谁聆听他们的心声,谁哄他们开心
谁哄他们开心,那不是我们吗
那不是我们吗,所以这是他们喜欢我们的原因
所以这是他们喜欢我们的原因,他们给我们钱的时候 他们也是开心的
他们给我们钱的时候 他们也是开心的,是快乐的
是快乐的,至少我妈是开心的
至少我妈是开心的,这家庭的账 本来就是一笔非常难算的糊涂账
这家庭的账 本来就是一笔非常难算的糊涂账,我爸还给记下来了
我爸还给记下来了,他也真是够无聊的 我觉得
我一个人还我也把它还了,你还 你女中豪杰 你厉害
你还 你女中豪杰 你厉害,咱一块还也得
咱一块还也得,慢慢还 哪有这么多钱
可最后呢 我真觉得我自己无地自容,你完全没有必要无地自容
你完全没有必要无地自容,我告诉你 苏明玉
我告诉你 苏明玉,就是在有意挑事儿 她就这么坏
就是在有意挑事儿 她就这么坏,你无地自容
你无地自容,你正中他下怀 她高兴得要命
然后才会,你说什么呢
你说什么呢,没完了是吧
没完了是吧,越错越离谱
越错越离谱,那你怎么着
那你怎么着,要不然我给你拿把刀 你砍死我
你耍无赖是吧,什么都是你说的对
什么都是你说的对,我 我还能说什么
我 我还能说什么,说的都是废话
你干嘛去,找找清楚的人说去
嗯是什么意思,错了
还钱,还
欠多少还多少,行
什么时候还,你干嘛
你起来,干 干什么
开会,这么晚你 我 我尽力吧
从现在开始 咱们俩呢 节约开支给爸还账,这事你不是明天再说吗？
明天就要执行,我真是彻底被你弄醒了
我真是彻底被你弄醒了,开个会吧 开个会 我再做计划书
开个会吧 开个会 我再做计划书,行
行,先做计划书
先做计划书,再开会
免费的在那,怎么的
怎么的,我这几日不来
我这几日不来,你这眼神也不见长啊
你这眼神也不见长啊,一百
一百,里边有张票
里边有张票,照片数字一样给我打10注
好勒,燕子
燕子,你说我今儿能中1000万吗
你气色好 一定能中,我要中了奖
我要中了奖,我请你吃面
喂,老婆下楼了
你稍等我一下,给我一粒可否
你说的 就给你一粒啊,太抠门了
这真好吃,我也觉得这好吃
他还表扬我了,很巧
很巧,今天周姐也表扬我了
今天周姐也表扬我了,说我最近工作状态非常好
说我最近工作状态非常好,明天还要带我去见一大客户
明天还要带我去见一大客户,你说她是不是要重用我
好好挣钱 不能再让你爸 大哥 明玉 瞧不起咱们,是
羞得慌,借钱 又不是抢劫 你慌什么呀
我怎么可能 怎么可能让人家瞧不起我呢 我受不了的,没有人会瞧不起你
没有人会瞧不起你,你长得漂亮
我不能这样,你别想了
你别想了,钱是我借的
钱是我借的,丢人都丢我的脸
丢人都丢我的脸,我坑多 我不怕
但是咱俩一起花的呀,别说这事了
别说这事了,今天咱们都被领导表扬了
今天咱们都被领导表扬了,对吧
对吧,我们找个地方庆祝一下
我们找个地方庆祝一下,吃顿好的
节衣缩食给爸还账,你这
你这,改天再节
改天再节,咱 咱先庆祝一下啊
走 咱们去超市 买菜回家做饭去,爸 在哪儿呢
爸 在哪儿呢,外面呀
外面呀,还有两个菜就开饭了
还有两个菜就开饭了,回来吧
回来吧,这都几点了才做饭呀
这都几点了才做饭呀,我能饿到这会儿吗
我能饿到这会儿吗,我跟外边吃了
我跟外边吃了,你甭管我了
你甭管我了,挂了啊
怎么了,嫌我们饭开晚了
爸生气了,我们上班族 又不是保姆
我们上班族 又不是保姆,哪能准点开饭
哪能准点开饭,现在越来越过分了
不认识了,老聂
老聂,瞧你这打扮 你要不摘墨镜
瞧你这打扮 你要不摘墨镜,我还以为是一小伙子呢
我还以为是一小伙子呢,你赶紧坐 快快快
你赶紧坐 快快快,老聂 有日子没见了啊
我听说 弟妹走的也突然,挺好
挺好,走得不痛苦
怎么这么快就回来了,本来都要走了
本来都要走了,小儿子舍不得我
小儿子舍不得我,我就往后拖拖呗
我就往后拖拖呗,多陪陪小儿子
大儿子在美国哪个城市啊,哟 说那城市挺大的
哟 说那城市挺大的,旧金山 好像是旧金山
还有什么那个渔人码头 那边方,老聂 打住吧
老聂 打住吧,好像你去过似的
我女儿在美国呀 去年带着我们美国自驾游了一圈 那大一点的城市都去过了,小萍去美国了
全家都在纽约 纽约呀,好
好,赶明去美国 咱俩可以搭个伴啊
问题你什么时候去呀,我这 看我小儿子什么时候放我走呗
我这 看我小儿子什么时候放我走呗,你看 光顾着说话了
你看 光顾着说话了,咱得吃
不用不用不用,你再给上碗面
不用,跟我这一样的啊 再来一碗
我吃过了,干嘛呀 老聂
干嘛呀 老聂,跟我客气什么
跟我客气什么,咱多少日子没见面了
这时候还顶着呢,顶什么顶
顶什么顶,那这么着 喝点啤酒
那这么着 喝点啤酒,你不是爱喝啤酒吗
你不是爱喝啤酒吗,服务员
服务员,你先来一瓶啤酒
怎么了 就吃这个,这不挺好吃的吗
这不挺好吃的吗,孩子们白天都上班
孩子们白天都上班,没人给我做饭
没人给我做饭,我就出来什么好吃吃点什么的呗
我就出来什么好吃吃点什么的呗,你给我吧 你甭管了
还好吃啊,你自个喝啊
你自个喝啊,我就不陪你喝了
好嘞好嘞好嘞,我要是一喝下去 这饭面条就吃不了了
我要是一喝下去 这饭面条就吃不了了,不就浪费了吗
像这种快餐少吃点,这是快餐啊
这是快餐啊,你看我这外边吃点好的
你看我这外边吃点好的,你眼气是不是
你眼气是不是,这 这还是好的呀你
让自己健康喽,我这不享受生活
我这不享受生活,这一顿消费得多少钱哪
还玩那彩票呢,玩着呢 彩票
玩着呢 彩票,一说起彩票来
一说起彩票来,我告诉你 老聂
我告诉你 老聂,那我可是行家啊
那我可是行家啊,我最近又发现一款新彩票
我最近又发现一款新彩票,怎么着
怎么着,你要是愿意我带你入入门
戒了,戒了
那还得玩点科学的,彩票还不科学
搞别的了,那我听听 你现在搞什么别的呢
理财,什么叫理财
小苏啊,您说
交给你来做,感谢周姐
有什么不明白找我啊,好好好
好好好,燕子
燕子,把这几组号打了
好勒,别动
但是呢 听我们人事部主管的口气呀 应该差不多吧,升了 那肯定升了
我还有更开心的事情呢,你说
一万二,这么厉害
这么厉害,双喜临门
双喜临门,咱们去庆祝一下
给爸买点好吃的吧,妈在的时候 买菜的时候全是他干
妈在的时候 买菜的时候全是他干,现在变成这样了
没把爸照顾好,他有钱啊
他有钱啊,嫌我们回来晚 可以自己出去吃
快一点 赶紧做饭去,你不能给他那么多现金
他不是高兴吗,我爸是不靠谱代言人
一会儿还能多吃点,你不该这么纵容爸
你不该这么纵容爸,一天50
一天50,一个月1500
一个月1500,刨去4个周末
刨去4个周末,一年得要
这钱你出 从你的零花钱里面扣,为什么
他是你爸呀,不能再扣了 丽姐
不能再扣了 丽姐,这咱每月给爸还钱
这咱每月给爸还钱,我已经不敢踩油门了
我已经不敢踩油门了,再扣下去 我只能挤公交车了
难道你还想去找别人,逻辑缜密
逻辑缜密,毫无破绽
毫无破绽,好吧
这不就结了吗,喂 明玉啊
我想过去看看你和大嫂,你来看我
你来看我,你现在人在哪啊
现在在洛杉矶呢,你来美国了
你来美国了,这是什么时候的事
这是什么时候的事,我怎么不知道
你们要是忙 咱们就下次再见,我当然在家了
我当然在家了,我的意思是说 你一定要来啊
那你把地址发给我,不用了
不用了,你到了这儿 你就给我来个电话
你到了这儿 你就给我来个电话,我亲自开车去接你 好吗
好,好拜拜
好拜拜,这个明玉呀
这个明玉呀,她怎么这个时候来
她怎么这个时候来,你说我该怎么办
什么怎么办,不能让明玉知道我失业的事情啊
咱们得面对现实,绝对不行
绝对不行,你知道别人是怎么看待失业者的吗
你知道别人是怎么看待失业者的吗,那就是人生的失败者
那就是人生的失败者,loser
loser,我是个loser吗
我是个loser吗,我只是暂时的没有工作罢了
我只是暂时的没有工作罢了,你希望我在明玉的眼中是个什么样的人
你希望我在明玉的眼中是个什么样的人,我在她面前已经丢够人了
我在她面前已经丢够人了,上次我妈走的时候
上次我妈走的时候,我作为苏家的老大
我作为苏家的老大,我原本应该承担起家里的一切
我原本应该承担起家里的一切,可是我做过什么吗
可是我做过什么吗,我妈的墓地
我妈的墓地,墓地 葬礼 都是明玉出的钱
墓地 葬礼 都是明玉出的钱,她这回要是知道我失业了
她这回要是知道我失业了,你看我这个大哥还有脸面吗
再说你忘了 因为你上次的隐瞒 闹得他们之间有误会吗,这次不一样
这次不一样,明玉要是知道
明玉要是知道,我爸不能来美国
我爸不能来美国,是因为我失业了
是因为我失业了,你让我以后怎么面对家里人
你让我以后怎么面对家里人,还有 我爸要是知道这件事情 他再受点刺激
还有 我爸要是知道这件事情 他再受点刺激,出点什么事 你让我怎么办
不明白你,老婆 算我求你好吗
老婆 算我求你好吗,千万别告诉明玉我失业的事
千万别告诉明玉我失业的事,算我求你了行吗
洗碗,我洗 你陪着孩子玩啊 我洗
我洗 你陪着孩子玩啊 我洗,我洗
大叔,小石
您说,你 你能不能帮我个忙
你 你能不能帮我个忙,在你那个餐厅给我留个桌啊
在你那个餐厅给我留个桌啊,我想带客人去你那儿吃饭
没问题啊,太好了 太好了
太好了 太好了,那你这样 你多备几套拿手菜
那你这样 你多备几套拿手菜,再给我发个位置
再给我发个位置,我这就过去
我这就过去,这汤怎么样
不错,合你口味不
好,老聂
老聂,上回你说那理财
上回你说那理财,我回去查了查
我回去查了查,我也看不太懂
我也看不太懂,要不你跟我说说
我也只是略懂 给你说不出什么道道来,别谦虚啊
别谦虚啊,还年轻人玩的
还年轻人玩的,你瞧你现在穿的这身
你瞧你现在穿的这身,戴这帽子 比年轻人还年轻人呢
你看你 你看它干嘛呀,你说你的
就是图个高兴,理财真赚钱哪
财爱理你,不是说有风险吗
一般都能赚到钱,老聂
老聂,理财这事你也带带我呗 教教我
理财这事你也带带我呗 教教我,我也想理财
我也想理财,别一个人吃独食啊
他们得同意喽,我觉得爸有点问题
又有什么问题啊,我回来啊
我回来啊,在垃圾箱里边 发现好多废的彩票
老人家平时也没什么事干 打发打发时间嘛,没你想的那么简单
没你想的那么简单,我妈在的时候 我爸就经常偷钱出来买彩票
我妈在的时候 我爸就经常偷钱出来买彩票,你一下给了他一万二
你一下给了他一万二,我怕他脑子一热全买了
爸他不能这样,我爸是不靠谱代言人
我爸是不靠谱代言人,不是跟你说了吗
行了 别擦了 赶紧去,聊聊
聊聊,我就想问问 那一万二
我就想问问 那一万二,存了吗
存了吗,还没 今天跟你聂叔出去了一趟有点事
还没 今天跟你聂叔出去了一趟有点事,那钱搁哪了
那钱搁哪了,有 有什么事吗
有 有什么事吗,没没没 没什么事
没没没 没什么事,我就是说 钱不能搁在身上
我就是说 钱不能搁在身上,搁在身上 容易丢
搁在身上 容易丢,我觉得还是得存在银行里
我觉得还是得存在银行里,我 我还没想好存不存银行呢
我 我还没想好存不存银行呢,而且这个钱 我也没想好到底怎么用
而且这个钱 我也没想好到底怎么用,对了
对了,你聂叔啊
你聂叔啊,咱别提聂叔啦
咱别提聂叔啦,现在外面骗子真的很多
现在外面骗子真的很多,听我的
听我的,您把钱存在银行里准没错
您把钱存在银行里准没错,你要是懒着存
你要是懒着存,弄不明白
弄不明白,你把钱给我
你把钱给我,我给你存
我给你存,你 你是不是想把那钱要回去
你 你是不是想把那钱要回去,没有啊
没有啊,那你什么意思
那你什么意思,没什么意思
没什么意思,丽丽
爸 怎么了,给我那个钱 是还我账的钱是吧
是 就是还账给您的,你们不是想要回去吧
您误会了,明玉啊 你现在做的不错呀
明玉啊 你现在做的不错呀,代表你们公司来美国商务考察
代表你们公司来美国商务考察,你在你们公司 地位是不是挺高的
那事情解决了吗,也没多大事
也没多大事,跟你大嫂商量着
跟你大嫂商量着,换个房子
换大房子呀 行啊 大哥你现在也不错呀,是这样的
是这样的,上回回来呀 跟你大嫂说了
上回回来呀 跟你大嫂说了,咱爸要来美国养老的事
咱爸要来美国养老的事,可不巧的是
可不巧的是,你大嫂的爸爸妈妈也提出来
你大嫂的爸爸妈妈也提出来,要来美国陪着女儿安度晚年
要来美国陪着女儿安度晚年,你大嫂家跟咱们家可不一样
你大嫂家跟咱们家可不一样,咱们家有三个孩子
咱们家有三个孩子,你大嫂可是独苗
你大嫂可是独苗,这没有任何理由不让他父母来美国
这没有任何理由不让他父母来美国,你说是不是
那肯定啊,所以我跟你大嫂合计着
所以我跟你大嫂合计着,既然两边的老人都要来
既然两边的老人都要来,那现在的房子就有点小了
那现在的房子就有点小了,而且地段啊 也不是特别好
而且地段啊 也不是特别好,离商业区比较远
离商业区比较远,所以我们就合计着 干脆 换个大点的
所以我们就合计着 干脆 换个大点的,之前倒是看上一个 跟房东也谈得差不多了
之前倒是看上一个 跟房东也谈得差不多了,价格也能接受
价格也能接受,但是这房东啊 谈着谈着就开始犹豫了
但是这房东啊 谈着谈着就开始犹豫了,一会卖一会不卖
一会卖一会不卖,所以这事 一时半会停不下来
所以这事 一时半会停不下来,我想着等这边全办妥了
我想着等这边全办妥了,直接把咱爸接来
直接把咱爸接来,直接住新房子 这多好呀
直接住新房子 这多好呀,可没想到
可没想到,就因为这事 明成和爸还跟我急了
你这不纯粹给自己添乱吗,我这话都说出去了
我这话都说出去了,跟爸承诺过了
跟爸承诺过了,那我总不能食言吧
那我总不能食言吧,我必须得做到
我必须得做到,老话说的好
老话说的好,养儿防老
养儿防老,不就是为了养老送终吗
不就是为了养老送终吗,在妈在的时候 我没陪在身边
在妈在的时候 我没陪在身边,咱妈走的时候
咱妈走的时候,我也没送上最后一程
我也没送上最后一程,我这心里有愧
我这心里有愧,我可不希望在咱爸身上 再留有什么遗憾
辛苦大嫂,没想到宝宝这么喜欢明玉呀
挺好,我要是没有失业多好
我要是没有失业多好,明玉来了
明玉来了,回头我再把爸和明成接过来
回头我再把爸和明成接过来,苏家就算齐了
你干嘛呀,不是 我对不起你
不是 我对不起你,你说明玉来了
你说明玉来了,还要你帮我一块撒谎
还要你帮我一块撒谎,对不起
其实我今天挺高兴的,高兴
关键是还喜欢孩子 特别好,那你是只看到明玉这一方面
那你是只看到明玉这一方面,什么时候啊 让你看看你的另外一面
什么时候啊 让你看看你的另外一面,你就知道了
也真的想不明白 她怎么就和你的家里人闹成了那样,这话怎么说呢
这话怎么说呢,我很早就来美国了
我很早就来美国了,就算小时候在家里啊
就算小时候在家里啊,我也只忙着读书
我也只忙着读书,别的我什么都不管
别的我什么都不管,所以明玉和我妈 明玉和我爸
所以明玉和我妈 明玉和我爸,包括明玉和明成
包括明玉和明成,到底怎么回事我也不清楚
到底怎么回事我也不清楚,但是有一点我知道啊
但是有一点我知道啊,我们家要是论吵架
我们家要是论吵架,除了我妈以外
除了我妈以外,没有人是明玉的对手
没有人是明玉的对手,我记得有一年 我放暑假回来
我记得有一年 我放暑假回来,明玉应该是读初中吧
明玉应该是读初中吧,我一进门 就看到明玉和我妈在吵架
我一进门 就看到明玉和我妈在吵架,明成呢 站在一边骂明玉
明成呢 站在一边骂明玉,好像是为了什么复习资料
好像是为了什么复习资料,具体的我也不清楚
具体的我也不清楚,我记得我妈应该是刚刚下班回来
我记得我妈应该是刚刚下班回来,累了一天了
累了一天了,她不管三七二十一 直接把明玉打了一顿
她不管三七二十一 直接把明玉打了一顿,明玉当时就反抗了
明玉当时就反抗了,把我妈的手都给咬破了
把我妈的手都给咬破了,当天晚上啊 明玉离家出走了
当天晚上啊 明玉离家出走了,整整三天 也没回来
整整三天 也没回来,我妈急了
我妈急了,只能报警
只能报警,你猜警察是在哪找到她的
你猜警察是在哪找到她的,在我们那最偏的一个湖边
在我们那最偏的一个湖边,这个明玉啊
这个明玉啊,愣是三天三夜没吃饭
愣是三天三夜没吃饭,警察找到她的时候啊
警察找到她的时候啊,人都走不动路了
人都走不动路了,是警察把她给抬回来的
明玉挺可怜的,她可怜归可怜
她可怜归可怜,但是明玉后来干的那点事啊 也确实比较偏激
但是明玉后来干的那点事啊 也确实比较偏激,那年明玉考大学
那年明玉考大学,我妈为了省钱 就托关系 让她上我们市里的一个师范学校
我妈为了省钱 就托关系 让她上我们市里的一个师范学校,明玉觉得学校不好啊
明玉觉得学校不好啊,跟我妈又吵了起来
跟我妈又吵了起来,他还发誓 从今以后啊 不用苏家一分钱
他还发誓 从今以后啊 不用苏家一分钱,不登苏家的门
不登苏家的门,10年了
10年了,她真的做到了
她真的做到了,这回要不是我妈死啊
这回要不是我妈死啊,我估计我都见不着她
我估计我都见不着她,不过这回 我觉得明玉倒是干得不错
不过这回 我觉得明玉倒是干得不错,他竟然能够说服明成来照顾我爸
他竟然能够说服明成来照顾我爸,我还真想不通
我还真想不通,你说她用了什么方法说服明成了
要多关心关心她,哪儿轮得着我啊 人家明玉在国内混的好着呢
哪儿轮得着我啊 人家明玉在国内混的好着呢,要钱有钱 要地位有地位
要钱有钱 要地位有地位,哪轮得着我这个当大哥的去关心她
听见没有,记住了
听见没有,我听见了
明哲 明玉来电话说晚上请咱们吃个饭,你没跟他说到家里来
你猜她怎么说,怎么说
我们只是沾了小咪的光,这个明玉啊 真是
这个明玉啊 真是,算了 她想请咱们吃饭咱们就去
算了 她想请咱们吃饭咱们就去,反正她现在很有钱 不吃白不吃
提起的,小石
哎 大叔,给我做个汤
要排骨汤还是鱼汤,随便 有肉就行
行,Yeah
怎么了,小石
小石,换个汤 做最好的
换个汤 做最好的,最好的最好的 今天大叔高兴
什么事这么高兴,挣钱
挣钱,小石啊
小石啊,你这个店一年能挣多少钱哪
怎么了,你说你这么年轻啊
你说你这么年轻啊,脑筋应该灵光一点
我脑筋不灵光啊？,你这么辛辛苦苦的干活
你这么辛辛苦苦的干活,一年一年的
一年一年的,这个套路不对
套路不对？,把你开店的钱 拿出一部分来做理财呀
做理财,又不用你辛苦的
又不用你辛苦的,那钱哗哗哗就进来了
没那么容易吧,我活了大半辈子了
我活了大半辈子了,刚活明白
刚活明白,这钱放在银行啊 它不赚钱的
这钱放在银行啊 它不赚钱的,只有理财 钱才能生钱
只有理财 钱才能生钱,嘿嘿
小石,我不拿你当外人才跟你说的
我不拿你当外人才跟你说的,大叔现在做的这个理财啊 公司叫豪富理财
豪富理财,利润相当高
利润相当高,我不行
我不行,我没有钱
我没有钱,小打小闹
小打小闹,你要是把你这个钱投进去
你要是把你这个钱投进去,不久你就发了
投了多少进去吗,我投得不多
我投得不多,1万出头
那也挺多的,小家子气了
小家子气了,1万出头理财
1万出头理财,那是过家家
那是过家家,我现在只是先试试水
我现在只是先试试水,有投好几万的呢 十几万的都有
家里人知道吗,知道啊
知道啊,家里都很支持我呀
家里都很支持我呀,怎么样
怎么样,小石
小石,感不感兴趣呀
感不感兴趣呀,大叔带你入入门
我没办法理财,去去去 过去赶紧给我做汤去 做汤去 快快
去去去 过去赶紧给我做汤去 做汤去 快快,饿了 饿了 饿了
我觉得你应该给明玉打个电话道个歉,你别为难我
你别为难我,有什么好道歉的
还是你的面子重要,昨天都已经闹成那样了
昨天都已经闹成那样了,我哪有脸见她呀
我觉得你应该给他道个歉,我会给他道歉的
我会给他道歉的,但不是现在
什么时候,总得等我找到工作再说吧
总得等我找到工作再说吧,这怎么还天天在外边吃
这怎么还天天在外边吃,你小心又把肚子吃坏了
你小心又把肚子吃坏了,放心
放心,儿子
儿子,我们吃得好着呢
我们吃得好着呢,你们是谁呀
你们是谁呀,你聂叔呗
你聂叔呗,怎么天天和聂叔在一块
怎么天天和聂叔在一块,你们 干什么
你们 干什么,呀你们
呀你们,我们能干什么
我们能干什么,吃吃饭 聊聊天
吃吃饭 聊聊天,听听评弹
听听评弹,甭操心了啊
甭操心了啊,没事
没事,你聂叔也跟我说了
你聂叔也跟我说了,说年轻人有年轻人的生活
说年轻人有年轻人的生活,老年人不要老往里掺和
老年人不要老往里掺和,以后啊 你们该忙忙
以后啊 你们该忙忙,不要老惦记着回来给我做饭吃
不要老惦记着回来给我做饭吃,我一天50块钱跟外边吃得可好了
我一天50块钱跟外边吃得可好了,可自由了
可自由了,省着点花
省着点花,别一下全挥霍了
别一下全挥霍了,万一我要是能挣点钱呢
万一我要是能挣点钱呢,爸说他挣钱了是什么意思
爸说他挣钱了是什么意思,他以前跟那聂叔叔的关系非常一般
他以前跟那聂叔叔的关系非常一般,突然一下 俩人走的这么热乎
突然一下 俩人走的这么热乎,还突然一下 富起来了
还突然一下 富起来了,你说他不会做一些什么不正当的生意吧
怎么可能,我爸真的有点不对
我爸真的有点不对,你不是不了解他 他有多抠
你不是不了解他 他有多抠,最近花钱有点太大方了
最近花钱有点太大方了,还买了一新手机
还买了一新手机,什么情况
什么情况,我知道了
我知道了,他中彩票了
他中彩票了,早上好 先生
早上好 先生,这是我的简历
今天叫您来呢 主要是想和您谈谈薪金和工作的问题,燕子 走吃饭去吧
你们去,这车马上就到了
谢谢了 没人看店,你让你老公过来不就完了吗
下次 下次,你看 车来了
你看 车来了,那你要不去我走了啊
好 慢走啊,老板
老板,我问一下 就是那老头经常来吗
哪个呀,刚出去脸特长
老苏呀 经常过来,是吗 中了多少个
这个就不能告诉你了,你别误会 我是他儿子
你别误会 我是他儿子,我们啊 做儿女的平时工作忙
我们啊 做儿女的平时工作忙,我爸呢 就好买个彩票
我爸呢 就好买个彩票,然后喝喝茶
然后喝喝茶,我们也没别的办法
我们也没别的办法,没时间陪他
没时间陪他,只能花钱让他快乐
是是是,我们支持他多买
我们支持他多买,所以我就想了解一下
所以我就想了解一下,他回家也不说 他中的多吗
中了 也就10块5块的,那买得多吗
你们做儿女的 满意不,特别满意
特别满意,您忙
昨天跟郭经理谈的那一单估计要黄了,什么情况
什么情况,老郭放我鸽子
因为孙副总不签字,他签什么字啊
要不然谁也没有权利调动工厂,我今天过来
我今天过来,也不想跟你废话
也不想跟你废话,咱们敞开了说啊
咱们敞开了说啊,就监理这事儿什么意思
和我无关啊,跟你无关
跟你无关,那我那批货呢 你凭什么不放呢
这种单子不做也罢了,有点意思啊
有点意思啊,说说吧 是不是因为amy的事
这不能因为这个 影响咱们两个的交情嘛,少套近乎啊
少套近乎啊,我跟你有什么交情啊
光靠兄弟你恐怕不行吧,明总去美国学习
明总去美国学习,是你给蒙总支的招吧
我也想不懂,我很久都没在这了
我很久都没在这了,特别怀念
特别怀念,跟你玩这几天 我觉得我都返老还童嘞
上道了,老聂 最近还有没有什么新的理财产品
不满意啊 不是这意思,非常满意
非常满意,我是想什么呀 老聂 想追加点投资
你还是得慎重,我想明白啦
我想明白啦,撑死胆大的 饿死胆小的
撑死胆大的 饿死胆小的,投资理财嘛 肯定有风险
投资理财嘛 肯定有风险,没风险怎么挣钱呀 是不是
准备追加多少啊,4万
4万可不是个小数目啊,不瞒你说
不瞒你说,我这些年的家产就这点了
我这些年的家产就这点了,我也不想存银行了
我也不想存银行了,干脆都拿出来投资吧
干脆都拿出来投资吧,我就坐享其成了
万一对你的日常生活造成影响怎么办,不是还有俩儿子呢吗
不是还有俩儿子呢吗,他们每个月给我的钱
他们每个月给我的钱,足够我花了
那我可就说不清楚了,赔了那就
赔了那就,那就是你的事啊
你看你,我相信你
慎重点,明玉 我跟你讲啊
明玉 我跟你讲啊,你江南这边的事儿吧 我管不了了
你江南这边的事儿吧 我管不了了,我也干不下去了
又出什么事了,我刚从老蒙办公室出来
我刚从老蒙办公室出来,他亲口跟我说的
他亲口跟我说的,他说他要安插监理
监理,我上次打电话 不是跟你说了吗
我上次打电话 不是跟你说了吗,支你去美国 他肯定有大动静
支你去美国 他肯定有大动静,现在真的要对咱们俩下手啊
不是 咱又不是工程公司 找监理来干嘛,我怎么知道啊 集团还没正式下通知呢
我怎么知道啊 集团还没正式下通知呢,这帮监理老爷们就开始欺负到我头上来了
这帮监理老爷们就开始欺负到我头上来了,整天什么事都不干
整天什么事都不干,就盯着我
就盯着我,你说我的每一笔销售事宜 都得经过他们的过目
你说我的每一笔销售事宜 都得经过他们的过目,同意签字才能实施
同意签字才能实施,我这销售怎么干
这事儿跟姓孙的有关系吗,我去找老蒙之前去找过他了
我去找老蒙之前去找过他了,我能感觉到这里面不光是我跟他的个人恩怨问题
我能感觉到这里面不光是我跟他的个人恩怨问题,这事不简单
这事不简单,你想啊
你想啊,安插监理 老蒙不点头
安插监理 老蒙不点头,谁能拿得下
你确定是我师傅,我确定 我确定 要不是当面求证
我确定 我确定 要不是当面求证,我也不相信这是老蒙点头了
我也不相信这是老蒙点头了,不过 他之前
不过 他之前,之前不接我电话 也不见我
之前不接我电话 也不见我,这倒是能说得通了
这倒是能说得通了,明玉啊
明玉啊,你还是早点回来
你还是早点回来,我得把江南这边还给你
我得把江南这边还给你,我这边业绩下滑得太厉害了
我这边业绩下滑得太厉害了,你那边也好不到哪去
你那边也好不到哪去,更重要的是 鎏金这帮小子趁机大开杀戒
更重要的是 鎏金这帮小子趁机大开杀戒,吃了我不少客户
这什么呀,送你的
明天退了啊,你不是说了很久吗
你不是说了很久吗,你喜欢这个香水
我也不要 你工作都还没找到 你买什么香水,哎呀 我有工作了 我有工作了
哎呀 我有工作了 我有工作了,我第一时间想给你打电话
我第一时间想给你打电话,但是我想给你个惊喜嘛
但是我想给你个惊喜嘛,所以我专门买了这个给你当礼物
你先别跟我说惊喜 真的假的,真的
你快说呀,LK集团 在网上看到了我的求职信息
LK集团 在网上看到了我的求职信息,就给我打电话了
就给我打电话了,让我去面试
让我去面试,一切都很顺利
一切都很顺利,我连工作合同都签了
薪金待遇怎么样,比原来涨了1/3
比原来涨了1/3,年薪12万
涨了这么多,来来来 看看看 喜欢吗
什么时候去上班,通知我下周走
走,因为这份工作需要我去上海 做上海分公司的技术支持
因为这份工作需要我去上海 做上海分公司的技术支持,当然不是永远待在上海了
当然不是永远待在上海了,我每隔三个月必须要回来一次的
我每隔三个月必须要回来一次的,干嘛呀
干嘛呀,不高兴了
不高兴了,你也知道现在找一个适合我的工作挺难的
你也知道现在找一个适合我的工作挺难的,再说了 我要回上海的话
再说了 我要回上海的话,我可以帮忙照顾你父母
我可以帮忙照顾你父母,上回你妈跟你视频的时候是不是说了 你爸腰腿不好
上回你妈跟你视频的时候是不是说了 你爸腰腿不好,干什么都不方便
干什么都不方便,对不对
你是想回家照顾你爸吧,没有
你可以每周末回去看看他们了,老婆 其实我是这么想的啊
老婆 其实我是这么想的啊,你带着宝宝 跟我一块走
你想让我辞职,我现在挣得足够多了
我现在挣得足够多了,足够养活你们了
足够养活你们了,你回归家庭
你回归家庭,你陪着宝宝 陪着我 我们永远不分开
万一你的工作再有什么,不会有万一
不会有万一,这一次真的不会再有万一了
这一次真的不会再有万一了,你也知道现在适合我的工作很难
你也知道现在适合我的工作很难,整个LK公司 就这一
整个LK公司 就这一,一份职位适合我
一份职位适合我,我要是错过这个机会
我要是错过这个机会,不知道还要再等多久了
不知道还要再等多久了,再说了
再说了,我工作合同都已经签了
那我还能说什么,我就知道你是最了解我的
我就知道你是最了解我的,爸
爸,回来了
回来了,回来了
回来了,你去哪了
你去哪了,出去玩去了
出去玩去了,去哪玩了
去哪玩了,外边
外边,哪个外边
哪个外边,你说我天天不在家
你说我天天不在家,多好
多好,你们看不见我也不嫌烦
你们看不见我也不嫌烦,你是不是又跟聂叔叔玩去了
你是不是又跟聂叔叔玩去了,你别跟他玩了
你别跟他玩了,你已经被他带入歧途了
你已经被他带入歧途了,谁说老年人就不能出去玩
谁说老年人就不能出去玩,谁说老年人就非得天天待在家里边没事干啊
谁说老年人就非得天天待在家里边没事干啊,谁说老年人就非得没有自由啊
谁说老年人就非得没有自由啊,你又喝这么多酒
你又喝这么多酒,咱俩说拧了
咱俩说拧了,我不是说不给你自由
我不是说不给你自由,好
好,我直说吧 你别再买彩票了行不行
我直说吧 你别再买彩票了行不行,谁买彩票啦
谁买彩票啦,你怎么没买彩票
你怎么没买彩票,我都打听了
我都打听了,你花了几千块钱买了
你花了几千块钱买了,然后只中了5块钱
然后只中了5块钱,你跟踪我 你跟踪我
你跟踪我 你跟踪我,妈在世的时候就说过
妈在世的时候就说过,你别老买彩票
你别老买彩票,没这命 咱就别做这梦
没这命 咱就别做这梦,我要想做这发财梦呢
我要想做这发财梦呢,爸 你真的没有这捞偏财的运
爸 你真的没有这捞偏财的运,咱把钱搁银行里行不行
咱把钱搁银行里行不行,我还就偏要捞个偏财给你看看
我还就偏要捞个偏财给你看看,捞个大偏财
明白,老聂
老聂,感谢的话不说了啊
感谢的话不说了啊,以茶代酒
以茶代酒,敬你一杯
这4万块钱理财你跟家里商量了没有,这事你甭管了
这事你甭管了,孩子们早说了
孩子们早说了,我的钱我做主
你别回头因为理财的事跟家里闹矛盾就不好了,我实话跟你说
我实话跟你说,现在这群孩子的经济头脑啊 都赶不上咱们
现在这群孩子的经济头脑啊 都赶不上咱们,就说我们家老二吧 根本没有挣钱的意识
就说我们家老二吧 根本没有挣钱的意识,天天光知道花钱
天天光知道花钱,还有那小子 脑子不灵活
还有那小子 脑子不灵活,我让他拿出钱来理财
我让他拿出钱来理财,你猜他说什么
怎么说,他说他就想开店
他说他就想开店,当一辈子厨子
你别,我懂你 这锅里的饭就这些
我懂你 这锅里的饭就这些,咱这钱可不能让人家挣了去 是吧
你这什么事,反正不管怎么说啊
反正不管怎么说啊,我那4万块钱是占上坑了
我那4万块钱是占上坑了,往后呢 我就坐等其成了
往后呢 我就坐等其成了,你呀
你呀,老聂
老聂,你说你不做理财吧
你说你不做理财吧,我太孤单了
我太孤单了,你说你怎么又玩上股票了
你说你怎么又玩上股票了,你说
你说,要不吃完饭
要不吃完饭,我请你听评弹
我请你听评弹,你再给我讲讲股票
你就别想别的了啊,这帮监理们一来
这帮监理们一来,所有销售合同
所有销售合同,每一笔出货
每一笔出货,包括回款 都得他们亲自审核盖章签字才能执行
包括回款 都得他们亲自审核盖章签字才能执行,你想想看 我们做销售工作 最重要的是什么
你想想看 我们做销售工作 最重要的是什么,灵活变通啊
灵活变通啊,就算客户大半夜打电话给我们
就算客户大半夜打电话给我们,那我们也得安排出货
那我们也得安排出货,可现在倒好 我还得等他们早上起床上班 审核盖章签字 才能批出货单来
可现在倒好 我还得等他们早上起床上班 审核盖章签字 才能批出货单来,一来二去 时间耽误了
一来二去 时间耽误了,客户就冲我发火呗
客户就冲我发火呗,发火也行
发火也行,我能忍
我能忍,但有些客户啊 见我们程序这么繁琐
但有些客户啊 见我们程序这么繁琐,直接换别家了
直接换别家了,这才一个多星期
这才一个多星期,我们两家公司就损失了好几单大生意
我们两家公司就损失了好几单大生意,咱们手里的员工都开始
咱们手里的员工都开始,抱怨了
你别絮叨了,我快搂不住了
这不回来了吗,你有对策了
没有,我说句实话
我说句实话,你别不爱听
你别不爱听,监理机制
监理机制,姓孙的喊了这么久
姓孙的喊了这么久,一直没执行
一直没执行,为什么你一去美国 老蒙就拍板了呢
我师傅这么做 肯定是有他的考量,什么考量啊 哪个老板肯拿自己企业的效益开玩笑啊
什么考量啊 哪个老板肯拿自己企业的效益开玩笑啊,肯定是被姓孙的洗了脑
肯定是被姓孙的洗了脑,你师傅是
你师傅是,老糊涂了吧
你怎么说话呢,明玉 你去美国是不是整了 变漂亮了
明玉 你去美国是不是整了 变漂亮了,我滚了谁帮你开车
我滚了谁帮你开车,说正经的啊
说正经的啊,见了老蒙以后
见了老蒙以后,你一定要问清楚
你一定要问清楚,到底是孙副总的政策重要
到底是孙副总的政策重要,还是企业效益重要
叫爸出来吃饭吧,做这么多菜有什么用呢
做这么多菜有什么用呢,人家天天要出去吃
别让爸听到了又不高兴,他哪有时间听我们说话
他哪有时间听我们说话,抱着手机玩得可开心了
抱着手机玩得可开心了,也不知道他在研究什么
咱们就说不清楚了,怎么管
怎么管,脾气这么大
好 不要再说了,这老蒙明摆着跟你打太极呢
这老蒙明摆着跟你打太极呢,他不理你 却跟姓孙的打的火热
他不理你 却跟姓孙的打的火热,他什么意思你不明白吗
他什么意思你不明白吗,你能好好听我说话吗
你能好好听我说话吗,你自己也好好想想
你自己也好好想想,他支你去美国 让你交出职权
他支你去美国 让你交出职权,再用监理机制对付我
再用监理机制对付我,你突然间回国了
你突然间回国了,打乱了他的计划
打乱了他的计划,这才跟你玩拖延
这才跟你玩拖延,没准现在正跟老孙研究怎么对付咱们俩呢
我师傅这么做肯定是另有打算呀,你甭天真了
你甭天真了,姐姐 行吗
姐姐 行吗,我告诉你啊
我告诉你啊,就因为监理机制
就因为监理机制,我丢的那几单生意 都被鎏金抢走了
我丢的那几单生意 都被鎏金抢走了,鎏金现在对江北市场的掌握已经超过众诚了
做生意嘛 风水轮转 正常,正常什么呀
正常什么呀,你不觉得姓孙的干的那事 就跟帮着鎏金对付咱们似的吗
你不觉得姓孙的干的那事 就跟帮着鎏金对付咱们似的吗,你别擦了
你别擦了,你还记得老樊吗
你还记得老樊吗,我可听说老樊 从我们这儿走了之后 直接进了鎏金
你是听说啊还是眼前为实啊,听说啊 但无风不起浪啊
听说啊 但无风不起浪啊,姐姐 我得提醒你啊
姐姐 我得提醒你啊,咱们俩在公司已经失宠了
咱们俩在公司已经失宠了,公司的天平已经偏向了姓孙的那边 一旦姓孙的大权在握
公司的天平已经偏向了姓孙的那边 一旦姓孙的大权在握,咱们俩再想反抗
咱们俩再想反抗,就都晚了
就都晚了,咱们俩面前就只有两条路
咱们俩面前就只有两条路,一 服输认怂 从众诚滚蛋
一 服输认怂 从众诚滚蛋,二 拼死一战
二 拼死一战,哪怕是两败俱伤也不计后果
你能不轻易做决定吗,行
行,那这样啊 只要你愿意
那这样啊 只要你愿意,咱们俩联手给老孟发篇檄文
咱们俩联手给老孟发篇檄文,逼老蒙表个态
逼老蒙表个态,废了监理机制
废了监理机制,让咱们两家销售公司重回正轨
让咱们两家销售公司重回正轨,这行了吧
这事没你想的那么糟,苏明玉
苏明玉,老蒙对你肯定不会太绝情
老蒙对你肯定不会太绝情,但像我这样的就不同喽
但像我这样的就不同喽,再这么耗下去 那就是死路一条
我去找老蒙,老蒙都不肯见你
老蒙都不肯见你,而且他明天就走了
而且他明天就走了,你能谈出什么来
你不差这么一天吧,我再等你一天
别在这跟这些碗什么的撒气,那我拿什么撒气呀
那我拿什么撒气呀,还不是因为你出的馊主意
还不是因为你出的馊主意,要不然爸能现原型吗
你呢 一个大男人就会抱怨 你还会干什么,我抱怨什么了
我抱怨什么了,你就应该听我的
你就应该听我的,我爸不能有钱
我爸不能有钱,有钱他就搂不住
你还有所隐瞒,我 我隐瞒什么呀隐瞒 那不是明成两口子还我的账钱吗
我 我隐瞒什么呀隐瞒 那不是明成两口子还我的账钱吗,1万多呢 现金
1万多呢 现金,我也没地儿搁呀
你全给投资了,人都说存银行亏的慌
人都说存银行亏的慌,说这个比银行利息还高呢
说这个比银行利息还高呢,谁知道它是个骗子
谁知道它是个骗子,我不就是想挣点钱嘛
人两口子管你吃管你喝 你赚什么钱,我一天到晚的 我在明成家白吃白喝的
我一天到晚的 我在明成家白吃白喝的,我这面子上过不去呀
我这面子上过不去呀,我就是想挣点钱
我就是想挣点钱,我这不是腰杆硬吗
他们俩给你脸色看了,倒不是老给
倒不是老给,有的时候给点
你也没有啊,你别上来就耍泼
你别上来就耍泼,这事我们也刚知道
你能不知道吗,我们勒紧了裤腰带省钱
我们勒紧了裤腰带省钱,把钱还给爸
把钱还给爸,每天还要给他生活费
每天还要给他生活费,你告诉我 我哪点做的不关心
你告诉我 我哪点做的不关心,我还要怎么关心
他就是用你那1万多投资的,你什么意思
你什么意思,那我还不该还钱是吗
那我还不该还钱是吗,我还还错了是吗
你不间接促成他犯错吗,怎么样了呀
怎么样了呀,老蒙说什么了
你不尝尝,你没见老蒙啊
你没见老蒙啊,到底什么情况
到底什么情况,姐姐你跟我说一下行不行
姐姐你跟我说一下行不行,行了
行了,别喝了
别喝了,说事儿
说事儿,你今儿去哪了
放了老蒙鸽子,有事儿
有事儿,什么事
什么事,什么事能耽误这么大事
我能不说吗,你说不上来吧你 你是不是忽悠我呢
你说不上来吧你 你是不是忽悠我呢,老蒙根本不想见你 是不是
真的都是我的错,行了
行了,你别说了
你别说了,都这个节骨眼了
都这个节骨眼了,你还替老蒙找借口啊
你还替老蒙找借口啊,甭跟我耽误时间了
甭跟我耽误时间了,昨天我说的两条路 痛痛快快选一条
你再给我几天时间 行吗,不行
不行,就现在 你就给我决定 是跟我一边还是跟老蒙一边
了,老子还差这份工作吗
老子还差这份工作吗,此处不留爷
此处不留爷,自有留爷处
自有留爷处,人活在世就活的一口气
人活在世就活的一口气,我现在都这样了
我现在都这样了,我还怕什么
你 你安静一会,我算是看明白了
我算是看明白了,你就是对老蒙死忠到底呗
你就是对老蒙死忠到底呗,行 苏明玉
行 苏明玉,我算看错你了
我算看错你了,钱没了还吃什么饭呢
钱没了还吃什么饭呢,你爱吃不吃
你爱吃不吃,你可以吸
你可以吸,钱找不回来我就不吃
钱找不回来我就不吃,现在钱
现在钱,找不回来也没人管我了
找不回来也没人管我了,我现在人财两空了
我现在人财两空了,让我死了算了
让我死了算了,你用粥了断自己吧
咱们现在就是等消息,我都快死了
我都快死了,还等什么消息呀
还等什么消息呀,丽丽
丽丽,你说你们天天工作那么忙
你说你们天天工作那么忙,应酬那么多
应酬那么多,你们给我找找人哪
你们给我找找人哪,我求求你们了
我求求你们了,让警察赶紧把案破了
让警察赶紧把案破了,比我吃10顿饭都强啊
哪个小石啊 小石 怎么那么多人姓石,睡了
睡了,你先别睡
你先别睡,你 你和我商量商量到底怎么办哪
你 你和我商量商量到底怎么办哪,商量什么呀
商量什么呀,我们 我们真的睡了
我们 我们真的睡了,我反正是睡不着啊
我反正是睡不着啊,你 你出来一下吧儿子
你 你出来一下吧儿子,行行行 我来了 我来了
行行行 我来了 我来了,别敲了
别敲了,别敲了
别敲了,来了来了 你干什么呀
来了来了 你干什么呀,儿子
儿子,我 我这心里不踏实
我 我这心里不踏实,你 你到底想的什么办法
你 你到底想的什么办法,你跟我说说呀
你跟我说说呀,你办法 你得有时间才能想啊
你办法 你得有时间才能想啊,哪有突然一下就能想起来的
哪有突然一下就能想起来的,那时间不等人哪
那时间不等人哪,你得想到什么时候去
你得想到什么时候去,那人得等时间啊
那人得等时间啊,明天早上起来行不行
明天早上起来行不行,我明天早上起来给你一个满意的答复
我明天早上起来给你一个满意的答复,先睡 别闹了
先睡 别闹了,睡觉睡觉睡觉
睡觉睡觉睡觉,我反正是睡不着
我反正是睡不着,我就在这等着你
我就在这等着你,等着你的好消息
等着你的好消息,那你别再敲门了啊
是 老板,我问你三个问题
我问你三个问题,一你是不是一直在这
一你是不是一直在这,我 我一夜都在门口
我 我一夜都在门口,你是有意吓我的 是吗
你是有意吓我的 是吗,我 我也是有意的
我 我也是有意的,也是不有意的
也是不有意的,三 我要是被你吓背过去
三 我要是被你吓背过去,你会自责吗
你会自责吗,会 会
会 会,你是我儿子嘛
你是我儿子嘛,你到底想出办法没有
喂 爸,明玉
明玉,爸的事你可不能甩手不管
爸的事你可不能甩手不管,你得找找关系
你得找找关系,帮爸把钱追回来呀
你现在人在哪呢,我 我现在就一个人在家呢
我 我现在就一个人在家呢,明成跟丽丽都上班去了
明成跟丽丽都上班去了,昨天被你那么一吵
昨天被你那么一吵,他俩也不管我事了
他俩也不管我事了,爸就靠你了 明玉
爸就靠你了 明玉,这些钱那是爸的命啊
这些钱那是爸的命啊,这要是追不回来
这要是追不回来,爸 爸都没法活了
又得进医院,那钱追不回来
那钱追不回来,爸这血压它没法稳定
爸这血压它没法稳定,明玉呀 想想办法啊
明玉呀 想想办法啊,这钱要真追不回来
这钱要真追不回来,血压不但不稳定啊
血压不但不稳定啊,爸这命也不能稳定
哎呀 你好好你哭什么呀 您这,你掐我干啥
你掐我干啥,你哭得太假呀
你哭得太假呀,够了够了
够了够了,疼死我了
疼死我了,你得让人相信啊
你得让人相信啊,明成 你说我就这么跟明玉说 她能管我吗
明成 你说我就这么跟明玉说 她能管我吗,你都把话说到这份上了
你都把话说到这份上了,她要再不管你
她要再不管你,那她就不是人
答应了就给你,你说
钱立刻存银行定期存存现在就存, 存存存 现在就存 明玉啊 你不知道啊 这些天你爸是怎么熬过来的
 存存存 现在就存 明玉啊 你不知道啊 这些天你爸是怎么熬过来的,生不如死啊
别数了 6万一分不少,老聂的钱也找回来了吧
你就别管别人了,我的找回来了
我的找回来了,老聂肯定也找回来了吧
存折放好了吗,一直在我手里攥着
你还去不去,那都是骗人的
那都是骗人的,其实它后面就是一个大坑
其实它后面就是一个大坑,爸这回明白了
爸这回明白了,以后啊 我不听不看
以后啊 我不听不看,啥都不相信
啥都不相信,谁也别想从我这再拿过去一分钱
怎么走了,她有事啊 那可不走了吗
那后面还俩菜 上不上,上啊
这吃得完吗,吃得完
吃得完,我现在心情大好
我现在心情大好,胃口就大开
什么事心情这么好,什么事情心情这么好
什么事情心情这么好,就我那案子破了
真的,钱让警察追回来了
钱让警察追回来了,小石
小石,我还差点让你上当受骗
我还差点让你上当受骗,真是不好意思啊
没有没有 虚惊一场,那俩菜呢 快点啊
真的啊 待会吃完啊,谁给你的权利呀 撤销我的职务
你看看撤销你的职务 理由充分不充分,一直在整我的黑材料
不是跟蒙总 跟集团公司要对着干吗,行了
行了,别乱扣帽子了
别乱扣帽子了,你不就是想借着监理机制来报复我吗
你不就是想借着监理机制来报复我吗,你以为我看不出来呀
这是蒙总为了公司的利益作出的重大战略决策,本事不小啊
本事不小啊,你给蒙总灌了什么迷魂药
你不就想赶我走吗,你爷爷我还不想在这干呢
你爷爷我还不想在这干呢,我现在就打辞职报告
是你被撤职,你再说一遍
承担法律和经济上的责任,孙子 我告诉你你什么也决定不了
孙子 我告诉你你什么也决定不了,我今天必须见到蒙总
我今天必须见到蒙总,见不到蒙总我什么都不接受
不是你个人说了算,你算老几
您还是想想 怎么跟他解释这些事,明玉
明玉,真是太够哥们意思了
真是太够哥们意思了,索性咱们就跟他干
姓孙的可以名正言顺的把你扫地出门,我怕什么呀 大不了我走
站好你的最后一班岗,什 什么叫 站好最后一班岗
什 什么叫 站好最后一班岗,连个肉丝都见不着
连个肉丝都见不着,清得不能再清了
清得不能再清了,挺好
钱那么容易要回来的,你好单纯
你好单纯,怎么可能呢 摆明了就是明玉嫌爸烦
怎么可能呢 摆明了就是明玉嫌爸烦,直接把钱给他垫上了
这么多钱,怎么样
怎么样,她不是有有钱吗
她不是有有钱吗,她花呀 让她花 花个痛快呀
她花呀 让她花 花个痛快呀,我 我也舒服
把们关上,忙什么呢
制定新的监理机制,你想好了
我们是在维护集团的利益,怪不得呢 你说要站好最后一班岗
怪不得呢 你说要站好最后一班岗,原来你早下定决心了
原来你早下定决心了,行
行,要干一块干
要干一块干,说吧 我干什么
包括中层,这么快
咱必须快人一步,行
行,你放心
你放心,我这就去准备啊
我这就去准备啊,这都两天了吧
这都两天了吧,老蒙甭管在哪 都应该看见了吧
手机始终是关机的状态,行了
行了,别想了
别想了,炮弹都打出去
炮弹都打出去,爱怎么着怎么着
那孙副总和其他人现在什么反应,这两天我上班
这两天我上班,所有人看到我 跟看到瘟神似的 都躲着我
所有人看到我 跟看到瘟神似的 都躲着我,没一个人跟我说话
这只老狐狸,行了
行了,明玉
明玉,这回我们俩 真是在同一条船上 浮沉与共
这回我们俩 真是在同一条船上 浮沉与共,你要有什么后路想好了
你要有什么后路想好了,你得知会我一声
正好可以歇一歇 完成一个我的夙愿,什么夙愿呢
读名校,诓谁呢
诓谁呢,以你现在的资历 到哪家公司不得高薪聘请你
以你现在的资历 到哪家公司不得高薪聘请你,这钱不赚 了读书去
干点有意思的事情,年富力强 有意思
年富力强 有意思,那你应该谈场恋爱
太麻烦了,我倒是不麻烦
我倒是不麻烦,我也不会给你添麻烦
我也不会给你添麻烦,要不你试试我
滚,哼哼
哼哼,谢哥们不杀之恩
明天早上 晚点来,我 我没事
我 我没事,我待会送你上楼
今天这事儿 你这口风可得给我紧点儿,明白明白
明白明白,周姐
周姐,那个今天 我也大概其听了一下
那个今天 我也大概其听了一下,这事儿是好事啊
稳赚不赔的生意,那 周姐 要稳赚不赔的话
那 周姐 要稳赚不赔的话,能不能带上我啊
你也感兴趣,感兴趣啊
感兴趣啊,稳赚不赔当然感兴趣了
你明白吗,明白
明白,那要是周姐肯带上我 又稳赚不赔
那要是周姐肯带上我 又稳赚不赔,投钱不是问题
你要入股搞投资,对
对,我觉得我们要用发展的眼光还他的钱
我觉得我们要用发展的眼光还他的钱,这样一点一点还下去
这样一点一点还下去,真的遥遥无期
真的遥遥无期,我明白了一个道理
我明白了一个道理,钱是赚出来的
钱是赚出来的,绝不是省出来的
你们俩能不能让我省点心,你吧 就老是急于否定别人
你吧 就老是急于否定别人,你 你都不听这项目到底是怎么回事
你 你都不听这项目到底是怎么回事,你听一听行不行啊
好 我听听,它是这样
它是这样,周姐 周姐要亲自搞一个项目
周姐 周姐要亲自搞一个项目,她要跟她过去的一个客户合伙开一个工厂
她要跟她过去的一个客户合伙开一个工厂,我掏钱入股
我掏钱入股,我就是股东
我就是股东,厂子一开 就能盈利
厂子一开 就能盈利,为什么
为什么,因为原来周姐就是帮这个客户推销产品的
因为原来周姐就是帮这个客户推销产品的,他们俩里应外合
他们俩里应外合,这个厂子很快就能滚动起来
这个厂子很快就能滚动起来,稳赚不赔
稳赚不赔,你明白这个道理吗
年回报是多少,说的什么东西啊
说的什么东西啊,周姐啊
周姐啊,周姐 周姐的项目她 她不可能骗我呀
周姐 周姐的项目她 她不可能骗我呀,那别的人削尖了脑袋想要参加这个项目
那别的人削尖了脑袋想要参加这个项目,到最后都被周姐给轰走了
到最后都被周姐给轰走了,这稳赚不赔的事
这稳赚不赔的事,有什么好怀疑的 什么回报率啊
那你打算投多少钱,别人要投50万
别人要投50万,我没那么多
我没那么多,我低调点 30万
钱从哪来,这要跟你商量
你想都别想,是啊是啊
是啊是啊,所以你听听我的计划
好啊,爸的钱咱能不能先不还
爸的钱咱能不能先不还,缓一缓
不可以,好
好,你爸你妈那儿 咱们是不是能疏通一下
不要再做有任何风险的投资,你急什么呀 你别喊哪
你急什么呀 你别喊哪,那 那周姐那边我已经答应了
那 那周姐那边我已经答应了,我放人家鸽子
我放人家鸽子,我以后在公司里怎么混啊
没有钱投资,我说话你别不爱听啊
我说话你别不爱听啊,我觉得这次
我觉得这次,很有可能因为你的目光短浅
很有可能因为你的目光短浅,导致咱们少赚一大笔钱
导致咱们少赚一大笔钱,你要这么不支持我
你要这么不支持我,我只能去找别人借了
你敢,我敢啊
你再说一遍,你让我说的 我敢啊
好,什么意思
什么意思,穿成这样给谁看啊这是
爸故意穿成这样 到你大哥面前去装可怜,他装可怜他别把我们玩进去
他装可怜他别把我们玩进去,这大哥看完以后不说我们虐待他吗
你又劝不住,咱们把那套给他带上
咱们把那套给他带上,在车上我可以逼他穿上
在车上我可以逼他穿上,带不带
我觉得没用,爸你这是怎么了
爸你这是怎么了,你还知道回来啊
你还知道回来啊,爸 你别这样
爸 你别这样,你不让爸去美国了
你不让爸去美国了,你是不是不想要你爸了
你是不是不想要你爸了,没有 爸
没有 爸,我前段时间在美国真的有点事儿
我前段时间在美国真的有点事儿,具体的咱们回头再说 好吗
具体的咱们回头再说 好吗,你负责联系一下明玉
你负责联系一下明玉,让她晚上务必回来
让她晚上务必回来,大家一块吃个饭
大家一块吃个饭,我觉得她不会来了
我觉得她不会来了,你就跟她说我回来了
你就跟她说我回来了,有事跟她商量
有事跟她商量,对了
对了,有件事还得麻烦你 你们对苏州熟悉
有件事还得麻烦你 你们对苏州熟悉,晚上你帮忙订个饭馆
什么情况,其实老蒙两天前就回来了
其实老蒙两天前就回来了,突发脑溢血 直接进医院了
突发脑溢血 直接进医院了,还下了病危通知书
两天了才知道 你他妈干什么吃的你,病情严重
病情严重,一直封锁消息
一直封锁消息,今天才把消息放出来
哪家医院,行了你别开车啊 把地址发我 我去接你
行了你别开车啊 把地址发我 我去接你,原本呢 我是想商量一下爸的事
原本呢 我是想商量一下爸的事,这明玉啊 她应该在场
这明玉啊 她应该在场,可她现在既然忙
可她现在既然忙,咱们就不管她了
咱们就不管她了,等把爸的事确定了
等把爸的事确定了,直接跟她说一声就行了
直接跟她说一声就行了,哥 我奉劝你一句
哥 我奉劝你一句,不要拿她当苏家的人
不要拿她当苏家的人,这样大家受的伤害都会小很多
这样大家受的伤害都会小很多,她也没拿她自己当苏家的人
她也没拿她自己当苏家的人,你看她那个态度
你看她那个态度,她要干什么
她要干什么,什么事能让她起身就走
什么事能让她起身就走,她可以不给咱俩面子
她可以不给咱俩面子,爸还在这呢
爸还在这呢,这不就是白眼狼吗
这不就是白眼狼吗,明成啊 你以后也少这么说明玉
明成啊 你以后也少这么说明玉,我这回回来 就是希望你们兄妹之间不要再因为以前的事而纠缠
我这回回来 就是希望你们兄妹之间不要再因为以前的事而纠缠,都是亲兄妹嘛 闹过来闹过去的对谁都不好
都是亲兄妹嘛 闹过来闹过去的对谁都不好,有些事啊 就过去了就算了
有些事啊 就过去了就算了,怎么能过了就算了
怎么能过了就算了,我没有她这样的亲妹妹
我没有她这样的亲妹妹,她把妈的骨灰都给摔了
她把妈的骨灰都给摔了,那明玉为了咱妈的事
那明玉为了咱妈的事,不也出了不少钱呢吗
不也出了不少钱呢吗,你不要老提钱行不行 哥
你不要老提钱行不行 哥,哥 她不应该出钱吗
哥 她不应该出钱吗,再说了 你以为
再说了 你以为,她掏钱真的是为了尽孝心吗
她掏钱真的是为了尽孝心吗,她为什么突然给爸买衣服
她为什么突然给爸买衣服,之前为什么不买
之前为什么不买,她在羞辱咱俩
她在羞辱咱俩,你不要以为她给你订个房间 请你吃个饭
你不要以为她给你订个房间 请你吃个饭,她的本质就能变好
她的本质就能变好,她还是以前那个扫把星
她还是以前那个扫把星,妈要在的话
妈要在的话,她绝对不敢这样
她绝对不敢这样,你等着
你等着,我怎么觉得 咱们俩不应该先去医院哪
为什么,姓孙那小子吧
姓孙那小子吧,在公司里上上下下散步
在公司里上上下下散步,说是咱俩把老蒙气病了
我也要去见我师傅,你知道在医院 等着咱俩的是什么吗
你知道在医院 等着咱俩的是什么吗,前方消息
前方消息,说是公司里上上下下能说上话的都到了
说是公司里上上下下能说上话的都到了,蒙太 小蒙也从英国回来了
蒙太 小蒙也从英国回来了,还有那个叫什么
还有那个叫什么,鎏金的一个副总
鎏金的一个副总,再有就是其他公司的几个眼线
再有就是其他公司的几个眼线,他们都在医院
他们都在医院,我们这一露面
我们这一露面,那没准就是刀山火海
那没准就是刀山火海,你说老蒙一直身体都 都挺不错的呀
你说老蒙一直身体都 都挺不错的呀,也没什么毛病啊
也没什么毛病啊,就算老蒙这病
就算老蒙这病,不是咱俩气的
不是咱俩气的,这可偏偏就在我们造反的时候
这可偏偏就在我们造反的时候,他就得了脑溢血了呢
他就得了脑溢血了呢,这也说不清楚啊
这也说不清楚啊,点也太背了
点也太背了,你怎么不说话呀
你怎么不说话呀,怎么了你这是
你是故意的 是不是,宝宝睡了
宝宝睡了,我给你打包了 赶紧吃饭
等你回来我们俩都饿晕了,赶紧吃东西啊
我跟宝宝吃完了,待遇不错呀
待遇不错呀,看来明玉啊 对你和宝宝是真上心
你这人怎么这样啊,怎么了
你好意思在他们面前装腔作势吗,失业怎么了
失业怎么了,在美国失业很正常
在美国失业很正常,失业了 那就找份更好的工作
失业了 那就找份更好的工作,我有说错吗
更何况还没阔起来,我怎么就变了啊
他们同意了吗,同意了
刚开始不是说好买两室吗,我想着 以后咱们肯定要给咱爸请个保姆的吧
我想着 以后咱们肯定要给咱爸请个保姆的吧,那咱爸一间 保姆一间
那咱爸一间 保姆一间,我们去了不就没地方住了
那卖老宅的事你说了吗,没说
钱谁出,我们呀
他也应当出份力啊,老二又没什么积蓄
老二又没什么积蓄,说了也白说
再说他俩收入又不差,可是我看明成没有出钱的意思呀
你一个人出啊 凭什么,我们不是
我们不是,说好了由我们出钱去买这个房子的吗
说好了由我们出钱去买这个房子的吗,那我们出钱 房子自然是写我们的名字
那我们出钱 房子自然是写我们的名字,表面上是咱爸住
表面上是咱爸住,这不也是我们的一个投资吗
你什么意思啊你,行了
行了,别生气 别生气嘛
别生气 别生气嘛,我一开始是想说卖老房子的事
我一开始是想说卖老房子的事,可是一提到老房子
可是一提到老房子,我心里面就特别不舒服
我心里面就特别不舒服,全是对以前的一种记忆
全是对以前的一种记忆,再说了 以后会在国内生活比较多
再说了 以后会在国内生活比较多,按照我现在一个月的工资
按照我现在一个月的工资,我只要节省一点开支
我只要节省一点开支,肯定可以还钱房贷的
你有没有想过留给我和宝宝的有多少,我算过了
我算过了,每个月可以给你寄1000美金
咱不还不得喝西北风去,不至于 不至于这样嘛
不至于 不至于这样嘛,这种情况只是暂时的
这种情况只是暂时的,我一定会想办法 尽快把房贷还清的
是不是,瞧你这话说的
你这样做 只会降低我跟宝宝的生活水准,非非
非非,别生气 别生气
别生气 别生气,我绝对不会降低你和宝宝的生活水准
我绝对不会降低你和宝宝的生活水准,这样吧
这样吧,我回头想想办法
我回头想想办法,我跟明玉谈谈
我跟明玉谈谈,让她也出点
让她也出点,就算是我借的
就算是我借的,回头我再还她
那我去说,你不能去说
谁也不能降低我跟宝宝的生活质量,话都已经说出去了
话都已经说出去了,你再让我收回来
你再让我收回来,你这不是逼着我出尔反尔吗
我没办法,行了行了 你别生气
行了行了 你别生气,我听你的还不行吗
我听你的还不行吗,你放心啊
你放心啊,卖老房子的事儿
卖老房子的事儿,我想办法解决
我坚决反对,你这人怎么这样呢
你这人怎么这样呢,我说出去的话 还让我收回来
我说出去的话 还让我收回来,我都跟明成谈好了
我都跟明成谈好了,他帮我去看房子
他帮我去看房子,我自然也会在网上看地段看价格的
我自然也会在网上看地段看价格的,我不会所有的事情都撒手不管的
我不会所有的事情都撒手不管的,你怎么变得这么小气呢
我摊开手 让别人拿钱的时候就大方了吗,你又不是不知道我们家里的状况
我今天就做这道 risotto captual paper,城东城南城西一二手房源 这个APP上都有
城东城南城西一二手房源 这个APP上都有,你就记住这个 这个标志
你就记住这个 这个标志,我已经给你发到手机上去了
我已经给你发到手机上去了,然后我再给你看这个 这个是一个VR系统
然后我再给你看这个 这个是一个VR系统,就是你想看什么房子
就是你想看什么房子,你就可以 就它3D的 你知道吗
你就可以 就它3D的 你知道吗,你就可以转
你就可以转,你想看哪个角落都可以看到
你想看哪个角落都可以看到,对吧
对吧,但转
但转,转慢一点
转慢一点,你要转快了
你要转快了,你看效果就是这样的
你看效果就是这样的,看得我眼睛都晕
看得我眼睛都晕,这个 这个 不错 挺好
这个 这个 不错 挺好,这样吧 儿子
这样吧 儿子,我先说说我的条件
我先说说我的条件,你根据我的条件呢
你根据我的条件呢,你帮我筛选一下
你帮我筛选一下,然后再让我
然后再让我,我看
我看,好 你说
好 你说,最好离你这个近点啊
最好离你这个近点啊,万一我有个头疼脑热的
万一我有个头疼脑热的,你得第一时间赶到
你得第一时间赶到,还有这个小区里边
还有这个小区里边,你得有小区的花园啊
你得有小区的花园啊,我这平时散个步什么的
我这平时散个步什么的,最好能像你这个小区一样
最好能像你这个小区一样,还有个人工湖
还有个人工湖,另外呢 周边的这个生活环境呢 要全 菜市场啊 超市啊
另外呢 周边的这个生活环境呢 要全 菜市场啊 超市啊,还有
还有,交通它也得方便
交通它也得方便,最好是边上就有地铁站
最好是边上就有地铁站,公交站
公交站,房子太低的不要
房子太低的不要,太高的我也不要
太高的我也不要,要有湖
要有湖,要有公园
要有公园,还要有超市
还要有超市,还要能买菜
还要能买菜,什么都
你没有脸是不是,什么什么
我没脸见他们,你不要再闹了
你不要再闹了,我很疲惫
我很疲惫,你不要再来纠缠我了 睡觉吧
你还有脸睡觉啊,那不睡怎么办呢
那不睡怎么办呢,你有钱吗你还 你就光要你的面子
你有钱吗你还 你就光要你的面子,要不咱卖车
行啊 卖,好啊
好啊,卖车投资 投完资以后
卖车投资 投完资以后,一把还清
不是给你投资的,你不投资那些钱什么时候能还上啊
你不投资那些钱什么时候能还上啊,你不投资 你 你还不上这些钱
你不投资 你 你还不上这些钱,你这些面子什么时候能挣回来呀
你这些面子什么时候能挣回来呀,还有大哥买房 摆明了就是为了投资
还有大哥买房 摆明了就是为了投资,人家那笔账算的清清楚楚的
人家那笔账算的清清楚楚的,你跟着瞎凑什么热闹啊
你跟着瞎凑什么热闹啊,死要面子活受罪
死要面子活受罪,你这太要面子
你这太要面子,你性格缺陷 你知不知道
你什么时候去跟大哥坦白事情,永远不会去
你给我回来,你让我回来我就回来
你让我回来我就回来,我告诉你
我告诉你,我不是你的玩偶
二分厂听你的,明玉 你去哪了呀 一直不接电话
明玉 你去哪了呀 一直不接电话,我刚从你办公室出来
我在二分厂,你去二分厂干嘛
我得让各分厂安定下来,安定分厂有什么用
安定分厂有什么用,集团里都快炸锅了
什么情况,眼下咱们众诚的情况是啊 尸骨未寒
眼下咱们众诚的情况是啊 尸骨未寒,后院起火
后院起火,你说老蒙还在抢救呢
你说老蒙还在抢救呢,这各方势力就纷纷登场亮相了
这各方势力就纷纷登场亮相了,你是没看见
你是没看见,刚才那叫一个热闹
刚才那叫一个热闹,差点动起手来了
你说说具体情况,公司呢 分成三派
公司呢 分成三派,你和我算一派
你和我算一派,蒙太 小蒙 算一派
蒙太 小蒙 算一派,主打家庭亲情牌
主打家庭亲情牌,再有就是张副总
再有就是张副总,仗着自己是第二大股东的身份
仗着自己是第二大股东的身份,已经开始夺权了
已经开始夺权了,你说张副总 还是蒙太太的表哥呢
你说张副总 还是蒙太太的表哥呢,他怎么能这么干呢
他怎么能这么干呢,真是树倒猢狲散啊
孙副总现在什么情况,那家伙
那家伙,天天守在医院里
天天守在医院里,看看蒙总还能不能抢救过来
看看蒙总还能不能抢救过来,好像众诚落到谁手里都跟他没关系似的
好像众诚落到谁手里都跟他没关系似的,但据我了解的情况吧
但据我了解的情况吧,集团里传的那些流言蜚语呀 说什么
集团里传的那些流言蜚语呀 说什么,集团不可一日无主
集团不可一日无主,后蒙总时代 权利和股份该怎么分配
后蒙总时代 权利和股份该怎么分配,这些屁话都是姓孙的说的
我估计都跟这个姓孙的脱不了干系,你是说 姓孙的跟张副总是站在一块的
他只有一个目的 就是搞乱众诚,他是帮鎏金做事的
我们都只能保住众诚,你要跟他斗啊
不是斗是防,防得住吗
防得住吗,姐姐
姐姐,你又不是不清楚
你又不是不清楚,这么多年他培养的亲信 已经遍布整个集团各个部门
这么多年他培养的亲信 已经遍布整个集团各个部门,部门了
部门了,你我的团队都不干净
你我的团队都不干净,怎么防
怎么防,现在你师傅要醒了
现在你师傅要醒了,就没这么多破事了
绝不能让他得逞,明玉啊
明玉啊,公司里上上下下都知道是我们俩把老蒙气病了
公司里上上下下都知道是我们俩把老蒙气病了,咱俩是罪人
咱俩是罪人,拿什么跟姓孙的斗啊
他们爱怎么想怎么想,如果说啊
如果说啊,我是说如果 真的像姓孙的说的那样 老蒙就没挺过这一关呢
但是以后的事情 我是想眼前,行吧行吧
行吧行吧,听你的
听你的,不过现在我最担心的就是老毛能不能扛得住
不过现在我最担心的就是老毛能不能扛得住,我可看见两拨人进他办公室了
咱们老地方去,组建中层联盟
才有机会跟他们形成对峙,可这些中层靠谱吗
可这些中层靠谱吗,再说了这些高层老总 他也不是吃素的
再说了这些高层老总 他也不是吃素的,我们能想到 他们也能想到 肯定早就拉拢这帮人了
让他们跟我们先形成统一战线,行我知道了
行我知道了,集团临时会议啊 时间是明天早上9点
集团临时会议啊 时间是明天早上9点,所有中高层都要参加
这么突然,孙副总通知的
蒙太出席吗,监事会好像以她不是董事的身份拒绝她参加
那就有热闹看了,怎么了
怎么了,你有办法
你今晚抽空去找一趟蒙太呗,我找蒙太
我找蒙太,那我不找死吗
你那么帅，蒙太怎么舍得让你死 ,那我找她干什么呀
煽阴风 点鬼火,这蒙太来的太是时候了
为什么我们不可以,对对对 这姓孙的
对对对 这姓孙的,你说还想害人家兄妹相残
你说还想害人家兄妹相残,这要是被老蒙知道了
这要是被老蒙知道了,肯定要清理门户
有点没有轻重缓急的意思了,我今天请你吃饭啊 主要是想跟你道个歉
我今天请你吃饭啊 主要是想跟你道个歉,上回在美国呢
上回在美国呢,我不应该冲你发火
咱不提了好吗,也行
也行,还有个事啊 应该让你知道一下
还有个事啊 应该让你知道一下,上回你走了以后啊
上回你走了以后啊,我跟你大嫂商量过了
我跟你大嫂商量过了,也跟你二哥
也跟你二哥,二嫂还有咱爸
二嫂还有咱爸,都敲定了
都敲定了,我准备
我准备,给咱爸买套房子
给咱爸买套房子,让他搬出来住
你买房,我买
你知道眼下国内的房价很高吗,我知道
我知道,但是这该买还是得买
但是这该买还是得买,不能总让咱们爸住在
不能总让咱们爸住在,二哥那嘛 时间久了不方便
他可以回老宅住啊,你也知道 咱爸触景生情
你也知道 咱爸触景生情,而且那房子老了
而且那房子老了,条件跟不上
我看他是怕触霉头吧,瞧你这话说的
瞧你这话说的,咱们做儿女的应该尽点孝心的
他没说跟你一块出钱,你二哥暂时拿不出那么多钱
你二哥暂时拿不出那么多钱,我这不是刚换了新工作吗
我这不是刚换了新工作吗,待遇不错
待遇不错,而且工资翻倍
那你不攒点钱给孩子呀,先把爸的事搞定再说
先把爸的事搞定再说,过几年手头自然就宽裕了
过几年手头自然就宽裕了,再说了
再说了,宝宝还小
宝宝还小,暂时呢 也没多大的开销
你跟小咪有事记得给我打电话,这个明玉啊
这个明玉啊,真是太让我失望了
真是太让我失望了,刚才你也听见了
刚才你也听见了,吃饭的时候她怎么说的
吃饭的时候她怎么说的,苏家的事 她不是我们苏家的人啊
再说买房的事,明玉跟你说的
对啊,明玉什么意思
明玉什么意思,她刚才吃饭的时候干嘛不说
她不想让小咪吃苦,我说你怎么 一提到买房子的事就这么抗拒呢
我说你怎么 一提到买房子的事就这么抗拒呢,我现在不管明成明玉怎么样
我现在不管明成明玉怎么样,我需要解决的就是不能让我爸一直寄养在苏明成家
我需要解决的就是不能让我爸一直寄养在苏明成家,我这个当儿子尽点孝心怎么了
我这个当儿子尽点孝心怎么了,所以我现在需要把我爸接出来
所以我现在需要把我爸接出来,让他独立住
我只负担我们应当负担的那一部分,老房子不能卖
老房子不能卖,你怎么就不能体谅体谅我呢
你怎么就不能体谅体谅我呢,我妈走得很突然
我妈走得很突然,我还没有报答过父母的养育之恩
我还没有报答过父母的养育之恩,我妈就走了
我妈就走了,你说我心里难受不难受
你说我心里难受不难受,我不卖老宅就是给苏家留个念想嘛
我不卖老宅就是给苏家留个念想嘛,还有啊 我希望我爸过得好
还有啊 我希望我爸过得好,这有错吗
这有错吗,我很早就出国读书了
我很早就出国读书了,我一直待在美国 是明成陪在我父母的身边
我一直待在美国 是明成陪在我父母的身边,他给我父母带来的欢笑
他给我父母带来的欢笑,这不能用金钱来衡量吧
这不能用金钱来衡量吧,我现在只用这么一点点钱来做个补偿
我现在只用这么一点点钱来做个补偿,我已经很占便宜了
我也尽了我现在应该尽的本分,是 你提的要求合情合理
是 你提的要求合情合理,可两家人家一块买房子
可两家人家一块买房子,我们的日子还过不过
长痛不如短痛 一起换了挺好,行
行,听你的
听你的,先把我爸的房子搞定了
先把我爸的房子搞定了,然后就给你们家换房子好吗
这日子没法过了,非非
非非,你现在怎么变成这个样子
你把话跟我说清楚,我不就给我爸买个房子吗
我不就给我爸买个房子吗,怎么了
怎么了,你至于整天算过来算过去的吗
你至于整天算过来算过去的吗,你真是变得不可理喻
而是你,喂 爸 怎么了
喂 爸 怎么了,明哲
明哲,刚刚那个 就是那房屋中介的小文子给我打电话了
刚刚那个 就是那房屋中介的小文子给我打电话了,让我现在去看几套现房
让我现在去看几套现房,这名成也不在家呀
这名成也不在家呀,要不你赶紧过来
要不你赶紧过来,你陪我去吧
你陪我去吧,行 爸
行 爸,我马上过来陪你去看房子
我马上过来陪你去看房子,好好好
咱俩还没说清楚呢,我吵不过你
我吵不过你,我躲你还不行吗
我躲你还不行吗,这事就这么定了
这事就这么定了,这附近的配套设施怎么样
还是先冷静冷静再沟通吧,非非 你带着宝宝去哪了
非非 你带着宝宝去哪了,你是不是把我钱包里的卡都拿走了
你是不是把我钱包里的卡都拿走了,你赶紧回来
大哥 我是明玉,明玉啊
明玉啊,你们怎么在一块
正好我想跟小咪多待几天,她去你那不是给你添乱吗
她去你那不是给你添乱吗,这样
这样,你让她接个电话
大嫂洗澡去了,她不接电话是吧
她不接电话是吧,那行
那行,那你帮我转告一下
那你帮我转告一下,有什么事不能好好说吗
有什么事不能好好说吗,动不动就搞离家出走
动不动就搞离家出走,还带上宝宝
还带上宝宝,还把我钱包里的卡都拿走了
还把我钱包里的卡都拿走了,这么大人了至于吗
这么大人了至于吗,喂 明玉
看完了吗,看完了
你要说什么,这边说
你长话短说,你脑子坏了
你脑子坏了,那么多人不干的事
那么多人不干的事,你为什么要出头
那这个中层联盟还有什么意义啊,你今天签了这个字
你今天签了这个字,明天所有人都会拿你当靶子
明天所有人都会拿你当靶子,你知道后果吗
我必须替我师傅守住他几十年的心血,你师傅未必会这么想
你师傅未必会这么想,我们的本意是好的
我们的本意是好的,我们是想维护集团生产销售的安定局面
我们是想维护集团生产销售的安定局面,但你要想清楚
但你要想清楚,谁当了这个主导者
谁当了这个主导者,谁就触犯了老板最大的忌讳
谁就触犯了老板最大的忌讳,那就是主导者 可以拉起班子掌控公司了
那就是主导者 可以拉起班子掌控公司了,老孟一旦从医院里出来
老孟一旦从医院里出来,你交出大权的同时
你交出大权的同时,也就是你卷铺盖走人的时候
你保护好自己,你想当主导人
你想当主导人,你怎么不早点跟我通个气呢
你怎么不早点跟我通个气呢,明玉 你这事做得确实欠考虑
明玉 你这事做得确实欠考虑,你师傅什么人呢
你师傅什么人呢,任何人都猜不到他在想什么
任何人都猜不到他在想什么,包括你在内
包括你在内,你根本想象不到他一旦醒过来 会怎么处理你这个主导人
你根本想象不到他一旦醒过来 会怎么处理你这个主导人,你看人家老毛多滑头啊
你看人家老毛多滑头啊,这个位置就应该也只有他才适合去做
这个位置就应该也只有他才适合去做,老蒙再狠
老蒙再狠,对他这个财务总监也不会怎么样
对他这个财务总监也不会怎么样,可人家为什么不把这笼头往自己脑袋上套呢
可人家为什么不把这笼头往自己脑袋上套呢,你想不明白吗
特帅,我每天都帅
这角色除了我 无人替代,行吧
行吧,反正哥们也签字了
反正哥们也签字了,要死一块死
要死一块死,我跟你大嫂的事 你都知道了
我跟你大嫂的事 你都知道了,这个非非呀 真是让我太失望
这个非非呀 真是让我太失望,她就是不想让我出钱给咱爸买房子
她就是不想让我出钱给咱爸买房子,可是你知道这事我在饭桌上跟大家都拍板了
可是你知道这事我在饭桌上跟大家都拍板了,她怎么就不能理解我一下呢
换我我也不能理解,做儿女的尽孝心是不是应该的
做儿女的尽孝心是不是应该的,所以不管你大嫂说什么
所以不管你大嫂说什么,别听她的
这钱他应该全出了才是,这些事 多少我也知道一些
这些事 多少我也知道一些,可老二现在不是没钱吗
可老二现在不是没钱吗,那我要是再不出钱的话
那我要是再不出钱的话,让咱爸怎么办
让咱爸怎么办,让咱爸继续住在明成家
让咱爸继续住在明成家,咱爸不能再受罪了
你忍心让她受委屈吗,谁不希望把钱花在自己的小家呢
谁不希望把钱花在自己的小家呢,但我是苏家的长子
但我是苏家的长子,苏家的
苏家的,担子我不担谁担
在我看来 这才是不道德的,明玉 你听我说
你还是跟你太太说去把 我们家在玉龙湾小区4001 找不到再给我打电话,周姐 我给你点的外卖
周姐 我给你点的外卖,你最爱吃的那家店
谢谢谢谢,我就怕他们送过来凉了
我就怕他们送过来凉了,所以我亲自去买的
想的真周到,赶紧趁热吃
赶紧趁热吃,来
来,您辛苦了
您辛苦了,天天还带着我们投资
天天还带着我们投资,对了
对了,我就说这投资的事
我就说这投资的事,最近这个我能不能少拿点
手头上紧,紧
对你当然可以了,那最低多少
那也得30万吧,也不少啊
别人都50万呢,明白
明白,我去筹钱
你抓紧点,好
谢谢啊,明玉家
明玉家,挺豪华的
挺豪华的,你跟小咪住在这儿我也就放心了
你跟小咪住在这儿我也就放心了,但是明玉工作挺忙的
但是明玉工作挺忙的,你别总在这打扰别人
你别总在这打扰别人,要不然你跟我回宾馆吧
你们苏家我也就能指望她了,干嘛呀 还生气
你也没有权力私自做主,我知道错了
我知道错了,我知道问题的严重性
我知道问题的严重性,所以我这不是买这礼物 过来给你赔礼道歉吗
所以我这不是买这礼物 过来给你赔礼道歉吗,你放心
你放心,以后 以后有任何事情
以后 以后有任何事情,我一定第一时间跟你商量
你跟我好好商量过吗,所以啊 我这不是知道错了吗
所以啊 我这不是知道错了吗,我这不是来跟你承认错误了吗
我希望你可以自己好好地斟酌一下我们俩未来的关系,不至于 不至于啊 非非 没那么严重
不至于 不至于啊 非非 没那么严重,我这个人你又不是不了解
我这个人你又不是不了解,咱们认识又不是一天两天了
咱们认识又不是一天两天了,对吗
对吗,再说了 咱们的孩子都这么大了
再说了 咱们的孩子都这么大了,你说这么多年了
你说这么多年了,我什么时候不尊重过你了
我什么时候不尊重过你了,对不对
对不对,只 只是 就是我妈走以后
只 只是 就是我妈走以后,我就觉得我这个苏家的长子应该承担起责任
我就觉得我这个苏家的长子应该承担起责任,把苏家弄好
把苏家弄好,只是我忽略了一点
只是我忽略了一点,我不光是苏家的长子
我不光是苏家的长子,我同时还是你的丈夫
我同时还是你的丈夫,还是孩子的父亲
还是孩子的父亲,其实正因为你们是我生命当中最重要的人
其实正因为你们是我生命当中最重要的人,所以我就总觉得吧 你们应该跟我在一块吃苦
你是哪个年代的人啊,所 所以
所 所以,所以这么想是错的呀
所以这么想是错的呀,你说谁生下来 天生就要跟着别人吃苦啊
你说谁生下来 天生就要跟着别人吃苦啊,你说你嫁给我 就得跟着我享福
你早这么想就好了,原谅我了
那接下来我们到底怎么办,你一说这事 我就头疼
你一说这事 我就头疼,我这在饭桌上都说好了
我这在饭桌上都说好了,给爸买房子
给爸买房子,你说怎么办
你说怎么办,你现在不能让我反悔呀
明成他们也应当出一部分,是 他们是应该出钱
是 他们是应该出钱,但是你又不是不了解我
但是你又不是不了解我,你让我怎么好意思跟他们去开口呢
你让我怎么好意思跟他们去开口呢,我 我这当大哥的面子往哪放
你走吧,你怎么又生气了呀
这回你老大回来 可以带你去美国了吧,美国我不想去
你不是一直惦记去美国吗,听说去了美国吃不好住不好
听说去了美国吃不好住不好,还有啊 你说跟那边连个亲戚朋友也没有
还有啊 你说跟那边连个亲戚朋友也没有,这两口子呢 白天一上班
这两口子呢 白天一上班,家里边就经常就我一人
家里边就经常就我一人,你说万一我想出去或者家里来个人
你说万一我想出去或者家里来个人,我是外语也不行啊
我是外语也不行啊,关键是什么 老聂
关键是什么 老聂,怕给孩子们添烦
还是祖国好啊,我这一说不去美国吧
我这一说不去美国吧,我这大儿子还急了
我这大儿子还急了,这就忙着换了个工作呀
这就忙着换了个工作呀,我还挺担心他呢
我还挺担心他呢,我说你换什么工作呀
我说你换什么工作呀,我大儿子说了 这工作能外派到上海来
太好了吧,他能方便照顾我
他能方便照顾我,你说这 这不孩子一片心意吗
你说这 这不孩子一片心意吗,咱得依着啊
那怎么着 你还住老二那儿,本来呢 我是想就继续跟老二那住吧
本来呢 我是想就继续跟老二那住吧,还是老大想得周全呢
还是老大想得周全呢,他说你老跟老二那住什么呀
他说你老跟老二那住什么呀,人家小两口的 也不方便呢
人家小两口的 也不方便呢,你跟那住着也不方便哪 说了老大 干脆吧 给你买个房
你跟那住着也不方便哪 说了老大 干脆吧 给你买个房,你自个儿单住
你一人单住啊,开始我也不愿意呀 没辙
开始我也不愿意呀 没辙,你说
你说,我一个人我害怕 我住那
我一个人我害怕 我住那,万一生病了都没人照顾我呀
万一生病了都没人照顾我呀,我们老大说了 说那这样 就干脆再给你找个保姆住家里头
我们老大说了 说那这样 就干脆再给你找个保姆住家里头,那孩子都这么说了
那孩子都这么说了,咱再不答应
咱再不答应,那不是伤孩子心吗
那得买多大个新房,200来平
200来平,三居呀还是四居的
你劝劝他等等啊,拦不住
拦不住,真拦不住 老聂
真拦不住 老聂,你再拦他就跟你急
你再拦他就跟你急,老大说了
老大说了,我在美国挣美元干嘛的
我在美国挣美元干嘛的,不就是拿回来给你花的吗
不就是拿回来给你花的吗,你瞅瞅 给我花的
是 听孩子们的 孩子们一片孝心嘛,老聂
老聂,你女儿不也在美国挣美元吗
是啊,干脆你让她也带点美元回来
干脆你让她也带点美元回来,你也买个房
你也买个房,咱俩在一地能做个邻居
我知足者常乐了,你跟你闺女说说 那这么着啊
你跟你闺女说说 那这么着啊,我这房买好了 你可得经常过来陪陪我
完了这事 你请吃饭啊,咱接着吃面
又吃面,我有日子没吃面了
我有日子没吃面了,这水多脏啊
这水多脏啊,这弄我一嘴你
你这么说 是因为你没穷过,是不是房子的事
是不是房子的事,我什么时候搬
我什么时候搬,不搬
不搬,那个 爸 买房子的事能不能再过几个月
那个 爸 买房子的事能不能再过几个月,爸 爸 你别生气
爸 爸 你别生气,我的意思就是你在明成家再多住一段时间就行了
我的意思就是你在明成家再多住一段时间就行了,我不在这住
我不在这住,爸 你 你别生气
爸 你 你别生气,你要是不想在明成家住
你要是不想在明成家住,你就回老宅住
你就回老宅住,不是 明哲 你什么意思
不是 明哲 你什么意思,爸 我没什么意思
爸 我没什么意思,我都说了要给你买房子
我都说了要给你买房子,我就肯定给你买
我就肯定给你买,就是我现在的资金状况出了点问题
就是我现在的资金状况出了点问题,宝宝刚给她买了一个保险
宝宝刚给她买了一个保险,再加上我上海的工作我也没去报到啊
再加上我上海的工作我也没去报到啊,我也没领到薪水啊
我也没领到薪水啊,所以这个买三房一厅的首付啊 还差一点
所以这个买三房一厅的首付啊 还差一点,你要是现在非想出去住的话
你要是现在非想出去住的话,那我就给你买个两房一厅
那我就给你买个两房一厅,说了半天
说了半天,原来是钱不够啊
原来是钱不够啊,这钱不够啊
这钱不够啊,爸 对不起
爸 对不起,买三房一厅
买三房一厅,这首付确实有点困难
这首付确实有点困难,钱不够不要紧
钱不够不要紧,把老宅卖了 填补进去不就行了
把老宅卖了 填补进去不就行了,这老宅怎么能说卖就卖呢
这老宅怎么能说卖就卖呢,这是咱们一家人的念想
这是咱们一家人的念想,念什么想
念什么想,旧的不去
旧的不去,新的不来
新的不来,赶紧把新房给我买了
赶紧把新房给我买了,你也减少点压力
你也减少点压力,不是 真卖
不是 真卖,你就别再犹豫了
你就别再犹豫了,那房子现在是我名
那房子现在是我名,我说卖就卖
我说卖就卖,行
行,那 那我去跟明成说一下
那 那我去跟明成说一下,让他抓紧时间 把老房子卖了
让他抓紧时间 把老房子卖了,你 你等等
你 你等等,怎么了
怎么了,钱的事绝对不能经过明成
钱的事绝对不能经过明成,为什么呀
为什么呀,我怕经过他手 会出问题
我怕经过他手 会出问题,哎呀 爸 有什么问题
哎呀 爸 有什么问题,你这些年一直在国外
你这些年一直在国外,你不知道家里状况
你不知道家里状况,你知道这些年明成在家里拿了多少钱吗
你知道这些年明成在家里拿了多少钱吗,为什么要卖老宅子呢
为什么要卖老宅子呢,现在房价太贵了
现在房价太贵了,你大哥还没去工作呢
你大哥还没去工作呢,我想给你大哥减减压
我想给你大哥减减压,不是 爸
不是 爸,这个老宅子里边 有我们很多儿时的回忆
这个老宅子里边 有我们很多儿时的回忆,卖了 不合适
卖了 不合适,我也想过
我也想过,你大哥现在也是有家有口的人了
你大哥现在也是有家有口的人了,光让他一个人花钱 也不合适
光让他一个人花钱 也不合适,反正房子是我住
反正房子是我住,卖了老房子买新房子
卖了老房子买新房子,里外里都是我住
里外里都是我住,这样最合适
这样最合适,爸 你不能这么说
爸 你不能这么说,我们小的时候 都是在老宅子里长大的
我们小的时候 都是在老宅子里长大的,再说以后我们要是想妈了
再说以后我们要是想妈了,我们还想去转转呢
我们还想去转转呢,活着的人重要 还是回忆重要啊
活着的人重要 还是回忆重要啊,那破房子空着 那是浪费
那破房子空着 那是浪费,况且那房子 不也写着我名吗
况且那房子 不也写着我名吗,我说卖就卖吧
我说卖就卖吧,给你们买房不也是卖了一间旧的再买新的吗
给你们买房不也是卖了一间旧的再买新的吗,怎么到我这就不行了呢
怎么到我这就不行了呢,那个 明成
那个 明成,其实事情是这样的
其实事情是这样的,他大哥我 最近经济上出了点状况
他大哥我 最近经济上出了点状况,买一个三房一厅的首付啊
买一个三房一厅的首付啊,我还差那么一点
我还差那么一点,所 所以这爸不是想帮帮我吗 就想起来卖老房的事
所 所以这爸不是想帮帮我吗 就想起来卖老房的事,其实别说是你了
其实别说是你了,我心里也不舒服
我心里也不舒服,没事啊 哥 咱们完全可以换条思路啊
没事啊 哥 咱们完全可以换条思路啊,你别给爸买那么大的房子不就完了吗
你别给爸买那么大的房子不就完了吗,他一个人住三居室有这个必要吗
他一个人住三居室有这个必要吗,好了好了 别送了啊
好了好了 别送了啊,我不是送你 我想跟你商量商量 最近房市很好
我不是送你 我想跟你商量商量 最近房市很好,把老宅卖了
把老宅卖了,这事我是同意的
这事我是同意的,行啊
行啊,只要你能理解就好
只要你能理解就好,我肯定理解呀 我这么爱你
我肯定理解呀 我这么爱你,但是呢 我觉得给爸买个三居 恐有不妥
但是呢 我觉得给爸买个三居 恐有不妥,听我的
听我的,买两居足矣
买两居足矣,剩下的钱作为投资
剩下的钱作为投资,可是这事吧 已经跟咱爸说好了
可是这事吧 已经跟咱爸说好了,现在把老房子一卖
现在把老房子一卖,买个三居不是刚好吗
买个三居不是刚好吗,说好的事情还可以再变嘛
说好的事情还可以再变嘛,我这有一个特别好的投资项目
我这有一个特别好的投资项目,是我们单位扶持内部员工的
是我们单位扶持内部员工的,多少人削尖了脑袋想要这个名额 没有
多少人削尖了脑袋想要这个名额 没有,但是我人缘好 我可以搞定
但是我人缘好 我可以搞定,你相信我 这个项目稳赚不赔
你相信我 这个项目稳赚不赔,很快我们就能挣一大笔钱
很快我们就能挣一大笔钱,到时候我们买一个别墅一家人住在一起
到时候我们买一个别墅一家人住在一起,在院里边养着鸡养着鸭子
在院里边养着鸡养着鸭子,每天早上起来拿着鲜鸡蛋
每天早上起来拿着鲜鸡蛋,面朝大湖 春暖花开
面朝大湖 春暖花开,多幸福啊
多幸福啊,明成啊 这个主意 你就不要再打了
明成啊 这个主意 你就不要再打了,这个钱是给爸买房子用的 专款专用
这个钱是给爸买房子用的 专款专用,你一分钱都不能动
你一分钱都不能动,你凭什么这么武断啊你 苏明哲 你不要欺负我法盲啊 我告诉你
你凭什么这么武断啊你 苏明哲 你不要欺负我法盲啊 我告诉你,法律规定 这个老宅子卖了 我也是有一份的
法律规定 这个老宅子卖了 我也是有一份的,你凭什么支配我那份
你凭什么支配我那份,明成啊
明成啊,既然你把话说到这了
既然你把话说到这了,那咱就把话挑明白啊
那咱就把话挑明白啊,你以为我不知道这些年来你拿了父母多少钱
你以为我不知道这些年来你拿了父母多少钱,你买房买车
你买房买车,哪样不是父母凑钱给你买的
哪样不是父母凑钱给你买的,你说你这些年来 问父母伸手要了这么多钱
你说你这些年来 问父母伸手要了这么多钱,你什么时候还过
你什么时候还过,你都这么大个人了 还啃老
你都这么大个人了 还啃老,你好意思吗
你好意思吗,不是这样的哥
不是这样的哥,妈给我的
妈给我的,再说啃老怎么了
再说啃老怎么了,啃老不是本事啊
啃老不是本事啊,你啃一个给我试试
你啃一个给我试试,不不能这么说
不不能这么说,太难听了
太难听了,谁跟你说这事的
谁跟你说这事的,是不是苏明玉
是不是苏明玉,你别管谁跟我说的
你别管谁跟我说的,反正这个钱你不能动
反正这个钱你不能动,你就说是不是苏明玉
你就说是不是苏明玉,这个钱是给爸买房子的钱
这个钱是给爸买房子的钱,你至少听我把这个项目介绍一下啊
你至少听我把这个项目介绍一下啊,你这太不尊重人了
你这太不尊重人了,老是这么固执
老是这么固执,老婆 我爸这边的事情啊 我已经处理完了
老婆 我爸这边的事情啊 我已经处理完了,我爸愿意卖老宅
真的 爸没有不高兴吧,没有
没有,他非常愿意帮我们分担负担
那我就放心了,老婆 对了 我现在就去接你和宝宝
老婆 对了 我现在就去接你和宝宝,我们也该收拾回去的东西了
我们也该收拾回去的东西了,你跟那个明玉一下
我知道了,挂了啊
挂了啊,可以听我解释吗
还要去挪用房款来投资,什么叫贼心不死
什么叫贼心不死,我也就问问大哥问一下
我也就问问大哥问一下,问一下是我的权利 对吧
问一下是我的权利 对吧,他也没把钱给我
你不要脸 我还要脸哪,肯定是苏明玉那王八蛋又跟大哥说什么坏话了
你为什么不去,我就不明白了
我就不明白了,我作为子女 花点父母的钱怎么了
我作为子女 花点父母的钱怎么了,妈在的时候对我的好
妈在的时候对我的好,现在全都变成我的错了
现在全都变成我的错了,好
好,就算我错了
就算我错了,那我不也努力
那我不也努力,在还爸的钱吗
在还爸的钱吗,这个大哥误会了
这个大哥误会了,他不知道可以
他不知道可以,你不知道吗
你不知道吗,还有爸
还有爸,就爱记人黑账
就爱记人黑账,有意思吗
有意思吗,那妈在的时候 给我钱可以拦着啊
那妈在的时候 给我钱可以拦着啊,记黑账这
记黑账这,这算什么呀 这是性格缺陷
这算什么呀 这是性格缺陷,这是
你给我出去,出去就出去
要不我们在价格方面再给他们一让,凭什么要让 这公司老板就这样 抠门
凭什么要让 这公司老板就这样 抠门,又想提高点档次
又想提高点档次,又不舍得花钱
又不舍得花钱,一提钱就能拿刀割他似的
一提钱就能拿刀割他似的,实在不行这事你别管了
实在不行这事你别管了,我亲自出马
行,你那么着急找我干嘛
你那么着急找我干嘛,给王媛买礼物
给王媛买礼物,早干吗去了
早干吗去了,他的生日礼物我早就买好了
他的生日礼物我早就买好了,小鬼 你说的是生日礼物
小鬼 你说的是生日礼物,我说的是升职礼物
我说的是升职礼物,王媛升了
王媛升了,升了
升了,你说你现在脑子里除了结婚还有别的事吗
你说你现在脑子里除了结婚还有别的事吗,噔噔瞪 两张飞巴黎的机票
噔噔瞪 两张飞巴黎的机票,后天就走
后天就走,哇塞
哇塞,真结呀
真结呀,当然了
当然了,我理想中的婚礼就是这样的
我理想中的婚礼就是这样的,两家人在一起简简单单吃个饭
两家人在一起简简单单吃个饭,把办酒席的钱拿出来去国外旅行
把办酒席的钱拿出来去国外旅行,你真是有精神病了
你真是有精神病了,结婚就够傻的了
结婚就够傻的了,还旅行结婚 傻到国外去了
还旅行结婚 傻到国外去了,去国外结婚怎么了
去国外结婚怎么了,我当初还想去国外教堂
我当初还想去国外教堂,你有宗教信仰吗
你有宗教信仰吗,你是基督徒吗
你是基督徒吗,就去教堂结婚
就去教堂结婚,好像结婚还不够悲惨似的
好像结婚还不够悲惨似的,非得昭告天下路人皆知
非得昭告天下路人皆知,韩文静你话别说的太早
韩文静你话别说的太早,你早晚也得有这么一天
你早晚也得有这么一天,是吗
是吗,你戒指呢
你戒指呢,你说你好不容易接次婚
你说你好不容易接次婚,你说你好容易结次婚
你说你好容易结次婚,为什么连个像样的戒指都没有
为什么连个像样的戒指都没有,樊斌本来说要买
樊斌本来说要买,可我觉得一个石头那么多钱
可我觉得一个石头那么多钱,我觉得太不值了
我觉得太不值了,后来我就用买戒指的钱
后来我就用买戒指的钱,订了巴黎最好的酒店
订了巴黎最好的酒店,亏的你是我朋友
亏的你是我朋友,要不然我建议你去看精神科你 傻瓜
您太太可真幸福,怎么了
怎么了,你看她干吗呢
你看她干吗呢,春心荡漾的
春心荡漾的,王媛怎么下来了
王媛怎么下来了,你告诉她了
你告诉她了,我怎么会告他
我怎么会告他,不是说给他个惊喜吗
不是说给他个惊喜吗,干嘛呢
干嘛呢,你等会儿别激动
拜拜,你说彭永辉今天晚上会来吗
你说彭永辉今天晚上会来吗,说不好
说不好,我觉得不会
我觉得不会,什么叫我尽量 吃个饭
什么叫我尽量 吃个饭,有什么好尽量的
有什么好尽量的,看你刚刚那样
看你刚刚那样,今晚卢川也不来了吧
今晚卢川也不来了吧,你少给我提他
你少给我提他,不都说好了吗
不都说好了吗,今天晚上带过来见见
今天晚上带过来见见,又抽什么风吵什么
又抽什么风吵什么,真没见过这样的人
真没见过这样的人,明明就是我甩了他
明明就是我甩了他,还要死皮赖脸发个短信过来跟我说分手
还要死皮赖脸发个短信过来跟我说分手,什么意思
什么意思,要我抱着他大腿说 求你别离开我 可能吗
要我抱着他大腿说 求你别离开我 可能吗,说实话
说实话,你们俩到底谁先提的分手
你们俩到底谁先提的分手,当然是我甩的他了
当然是我甩的他了,韩文静 我真是挺可怜你的
韩文静 我真是挺可怜你的,我以为你这回时间能长点
我以为你这回时间能长点,还是没超过一个月
还是没超过一个月,我有什么好可怜的 分手
我有什么好可怜的 分手,预示着新生活的开始 要结婚的人才可怜
预示着新生活的开始 要结婚的人才可怜,一辈子只能吊死在樊斌一棵树上
一辈子只能吊死在樊斌一棵树上,什么机会都没有了
什么机会都没有了,我看你就是嘴硬
我看你就是嘴硬,我看你挺喜欢卢川的
我看你挺喜欢卢川的,我喜欢的人多了
我喜欢的人多了,我还喜欢张国荣
我还喜欢张国荣,艳艳
艳艳,好久不见你还是这么sexy
想死你了,你孩子多大了
7个月了,你这人怎么这样
你这人怎么这样,你结婚也不跟我说一声
你结婚也不跟我说一声,我还说给你做伴娘
我可受不了,哪有
你小孩几个月了,我没结婚
我没结婚,结婚多没自由是吧
你男朋友他也不着急结呀,我没男朋友
我没男朋友,两个小时以前刚吹
我先走了,行 勤联系
行 勤联系,拜拜
拜拜,他就是传说中80D，老抢你男朋友
他就是传说中80D，老抢你男朋友,你说他什么意思
你说他什么意思,他临走的时候拍拍我 什么意思
他临走的时候拍拍我 什么意思,估计觉得你可怜 没那么大岁数还没嫁出去
估计觉得你可怜 没那么大岁数还没嫁出去,觉得我可怜
觉得我可怜,我还觉得他可怜
我还觉得他可怜,我靠 随大流随了那么多年 还随出优越感来
我靠 随大流随了那么多年 还随出优越感来,你俩斗这么多年还没斗够
你俩斗这么多年还没斗够,跟他斗 是一个量级嘛
跟他斗 是一个量级嘛,你是不是看人拖家带口的
你是不是看人拖家带口的,你特别羡慕
你特别羡慕,羡慕个鬼
羡慕个鬼,结婚有什么好羡慕的
结婚有什么好羡慕的,有个孩子倒是挺好的
有个孩子倒是挺好的,看来这事儿得列到日程上了
看来这事儿得列到日程上了,你不结婚生什么小孩
你不结婚生什么小孩,谁说非得结婚才能生孩子
谁说非得结婚才能生孩子,今年我就生个给你看看
今年我就生个给你看看,别胡说八道
别胡说八道,我以后就不打算要小孩
我以后就不打算要小孩,我得丁克
我得丁克,丁克你结哪门子婚呀
丁克你结哪门子婚呀,我爸我妈老催我
我爸我妈老催我,再说我跟樊斌在一起那么多年了
再说我跟樊斌在一起那么多年了,不结不太合适
不结不太合适,除了钱和孩子们肯定是你自己的
除了钱和孩子们肯定是你自己的,其他的未来还不一定是谁的呢
其他的未来还不一定是谁的呢,尤其是老公 不生孩子还结婚纯属自找麻烦
尤其是老公 不生孩子还结婚纯属自找麻烦,又没让你麻烦
又没让你麻烦,没让你结
没让你结,你快点吃
你快点吃,待会去我家帮我看看婚礼礼服
待会去我家帮我看看婚礼礼服,这事我得好好帮你看看
这事我得好好帮你看看,总算你有点良心
总算你有点良心,跟良心没关系
跟良心没关系,对于我来说婚礼葬礼都是需要默哀的
对于我来说婚礼葬礼都是需要默哀的,得穿得好一点冲冲喜
得穿得好一点冲冲喜,吃不着葡萄说葡萄酸
吃不着葡萄说葡萄酸,你怎么让他走了
你怎么让他走了,那能怎么办
那能怎么办,人家说了没房就没房了
人家说了没房就没房了,你把人杀了
你把人杀了,当初就跟你说我帮你订
当初就跟你说我帮你订,你不听你非得自己定
你不听你非得自己定,现在可好 傻了
现在可好 傻了,你说怎么办
你说怎么办,能怎么办
能怎么办,换个地方 这有什么好的我真没看出来
换个地方 这有什么好的我真没看出来,我带你去一个最火的地方
我带你去一个最火的地方,只要你看上了我分分钟帮你搞定
只要你看上了我分分钟帮你搞定,比这强多了
比这强多了,我就要这家酒店
我就要这家酒店,那就换个房间
那就换个房间,我就要这个房间
我就要这个房间,周小北你是不是公主病犯了
周小北你是不是公主病犯了,换地也不行
换地也不行,换房间也不行
换房间也不行,你怎么的呀
你怎么的呀,我就要这家酒店的房间
我就要这家酒店的房间,为什么
为什么,我跟樊斌在一起7年了
我跟樊斌在一起7年了,每年的纪念日都是在这过的
每年的纪念日都是在这过的,是吗
是吗,你跟樊斌连婚都没结
你跟樊斌连婚都没结,哪有什么纪念日
哪有什么纪念日,纪念什么呀
纪念什么呀,你别管
你别管,反正我不管
反正我不管,我提前一个月就订好的酒店
我提前一个月就订好的酒店,凭什么告诉我没房了
凭什么告诉我没房了,他们酒店总得注重信誉
他们酒店总得注重信誉,你非要这个酒店非要这个房间是吗
你非要这个酒店非要这个房间是吗,我去帮你搞定
我去帮你搞定,晚上吃什么
晚上吃什么,你是不是有病
你是不是有病,你是不是有毛病
你是不是有毛病,对不起 我从现在开始我都听你的
对不起 我从现在开始我都听你的,你说我去哪结我就去哪结
你说我去哪结我就去哪结,你说在哪就在那
你说在哪就在那,这破酒店你知不知道我花了多少精力
这破酒店你知不知道我花了多少精力,我打了多少电话找多少人
我打了多少电话找多少人,才帮你搞定
才帮你搞定,你哪都不许去
你哪都不许去,必须在这给我结
必须在这给我结,我错了
我错了,你原谅我这一次 你多会找 你找的地儿肯定比这好
你原谅我这一次 你多会找 你找的地儿肯定比这好,你说你是谁
你说你是谁,你是名媛韩呀
你是名媛韩呀,你给我一刀
你给我一刀,你怎么来了
你怎么来了,什么表情 你
什么表情 你,别告诉我你还没起来
别告诉我你还没起来,大姐 赶紧起来了
大姐 赶紧起来了,都快10点了
都快10点了,我昨天晚上一晚上都没睡
我昨天晚上一晚上都没睡,干嘛 知道自己要结婚了
干嘛 知道自己要结婚了,吓得睡不着觉了
吓得睡不着觉了,赶紧起来 走了
赶紧起来 走了,去哪儿
去哪儿,收拾房间
收拾房间,我把一天都腾出来给你了
我把一天都腾出来给你了,想怎么布置就怎么布置
想怎么布置就怎么布置,一会给王媛打电话
一会给王媛打电话,接上她一块过去
接上她一块过去,你快点
你快点,姑奶奶你快点
姑奶奶你快点,大姐了快服了你了
大姐了快服了你了,快快
快快,你快点 
你快点 ,你都馊了
你都馊了,王媛
王媛,我想跟你说件事
我也有事想跟你说,那你先说
我辞职了,辞职 不是升
不然又不知道整出什么幺蛾子,不是 怎么回事
老板的小舅子 刚刚留学回来的,你打算怎么办
你打算怎么办,最近要不然先休息着
换一家从头干起,没事
没事,车到山前必有路
车到山前必有路,待会咱们三个想想办法
甜甜呢,睡了
早点休息吧,你等等
你等等,你对公司员工挺好的
你对公司员工挺好的,我看电视了
我看电视了,我看电视了
全中国的人估计都看到了,又吃火锅
又吃火锅,又做足疗
又做足疗,真惬意
你还好意思说,可是有一件事我没明白
可是有一件事我没明白,记者怎么一开始说是你女朋友过生日
我还想问你呢,你放心
你放心,早晚有一天我会把这事弄明白的
老婆 咱俩好好谈谈好吗,谈什么你想干什么
你有没有想过这是为什么,我也不知道怎么回事
我也不知道怎么回事,你知不知道我每次一想到你在那些饭局上
你知不知道我每次一想到你在那些饭局上,肯定又会认识那些年轻漂亮的女孩
肯定又会认识那些年轻漂亮的女孩,我一想到这个
我一想到这个,我心里就特难受
找到病根了,什么病根啊
什么病根啊,你说我该怎么办
这不好吗,哟哟
哟哟,彭永辉 你终于说到你想说的了是吧
彭永辉 你终于说到你想说的了是吧,你终于
你终于,说到点上了是吧
说到点上了是吧,我修养怎么了
我修养怎么了,谁修
谁修,养好 你找谁去
养好 你找谁去,当年求我嫁给你的时候
当年求我嫁给你的时候,你怎么不嫌我修养不好了
你怎么不嫌我修养不好了,现在好了我老了
现在好了我老了,我黄脸婆了
我黄脸婆了,我没修养了
我没修养了,是不是
不可理喻,还好你刚刚出现了
还好你刚刚出现了,那场面真让人尴尬
那场面真让人尴尬,我都不知道该怎么办
我接你,昨天是我跟樊斌结婚的日子
我知道,那你也知道我为什么来了吧
昨天一切还好,你觉得还能顺利吗
你觉得还能顺利吗,你们单位最近体检了
体检了,你身体怎么样
我身体好着,身体要坏了还能治
身体要坏了还能治,心眼要坏了
心眼要坏了,那可就不好治了
喝吧,一个说休假了
一个说休假了,一个说出差了
一个说出差了,还有一个说快死了
还有一个说快死了,你说我该信谁
谁快死了,樊斌 你跟他一块体检的你能不知道
樊斌 你跟他一块体检的你能不知道,怎么 不好意思开口
我跟你也是朋友,然后呢
我一定告诉你,这么说你不知道
我真不知道,你能拿到他的体检报告吗
拿不到 拿不到,是拿不到还是不想拿
你,行
行,我就在这等他
我就在这等他,你也跟我一块等
比什么都强,我不用收拾
我不用收拾,我挺好的
你为什么不听劝,那也得分什么事儿
你不相信我是吗,行
行,他跟谁一块出的差
他跟谁一块出的差,你把他电话给我
你把他电话给我,干嘛呀
我真不知道他和谁出的差,你们公司保密局 他跟谁一块出差不知道
我真不知道他和谁出的差,李理
李理,我一直把你当好朋友
我一直把你当好朋友,现在连你都不跟我说实话
现在连你都不跟我说实话,我现在觉得自己真傻
我现在觉得自己真傻,所有人都知道
所有人都知道,就我不知道
你就回去把自己的日子过好了不就得了吗,你这么说我还不同意了
你这么说我还不同意了,别人心里想什么我可以弄不明白
别人心里想什么我可以弄不明白,明白
明白,但这个人是
但这个人是,死是活我得知道吧
死是活我得知道吧,要不然这在医学上叫医学事故
要不然这在医学上叫医学事故,在法律上叫悬疑案件
在法律上叫悬疑案件,李理
李理,要你女朋友跟别人跑了
要你女朋友跟别人跑了,你能当他死了吗
咱们私了就可以了,我就觉得你这人贼眉鼠眼的
我就觉得你这人贼眉鼠眼的,你干什么 你干嘛扒我的东西
你不知道啊,为什么不让贴
为什么不让贴,你干嘛的
我居委会的,我还妇联的
社会上都像你们这样乱贴广告 这环境卫生还怎么搞啊,阿姨你看这人是个逃婚犯
阿姨你看这人是个逃婚犯,他跟我谈恋爱都10年了
他跟我谈恋爱都10年了,说好今天订婚的 结果人就不见了
说好今天订婚的 结果人就不见了,打电话不接
打电话不接,发短信也不回
发短信也不回,关键是我已经怀他孩子两个多月了
关键是我已经怀他孩子两个多月了,这合适吗
这合适吗,要是你闺女你能忍
要是你闺女你能忍,你能咽下这口气
真的假的,当然是真的了
当然是真的了,要不然我不会这么干的
你得登报,现在哪有人看报纸
阿姨说的对吧,登报纸
登报纸,行啊
行啊,看的人多
看的人多,谢谢你 阿姨
谢谢你 阿姨,跑什么
电话里没骂够 跑上门骂了,我这不是有急事求你帮忙吗
我这不是有急事求你帮忙吗,卢川我给你道歉还不行吗
卢川我给你道歉还不行吗,我不应该在电话里骂你
我不应该在电话里骂你,你帮我登个寻人启事呗
我帮你问问 能插就给你插进去,回头我请你吃饭
我晚上还得跟女朋友吃饭,我们俩分手才几天就有新女朋友了
我们俩分手才几天就有新女朋友了,我尸骨还未寒呢
帮你安排一下,你长得帅了不起
站住,你不都睡了吗
这两天忙什么,忙
睡了,你小点声 别把人吵醒了
你还有害怕的时候,我
我,天不怕地不怕
天不怕地不怕,就怕老头跟我提这茬
就怕老头跟我提这茬,太闹心了
你说 你定个时间 什么时候有空,别说我没空
别说我没空,我就有空
我就有空,我也不能去啊
要不你今后怎么办,妈  咱俩探讨
妈  咱俩探讨,你说这结婚到底有什么
你说这结婚到底有什么,毫无意义
毫无意义,你看周小北结婚当天老公就跑了
你看周小北结婚当天老公就跑了,我早就劝他别结婚
我早就劝他别结婚,他不听我的
他不听我的,你看我
你看我,自由自在
自由自在,无拘无束的 也没人操心
无拘无束的 也没人操心,多好啊
多好啊,万一将来有天 我嫁一樊斌那样的男人
万一将来有天 我嫁一樊斌那样的男人,你还不得替我心疼死
是文静吗,救苦救难的观世音菩萨
救苦救难的观世音菩萨,我最爱你了么么哒
我最爱你了么么哒,怎么了
我妈跟我抱怨几句,是不是又跟你要钱了
你别管,我这有钱
我这有钱,我妈留给我结婚用的
我妈留给我结婚用的,我给你拿去
别胡思乱想,放心
放心,我可不会干那些轻者痛仇者快的事
难怪他给我打电话说他心情不太好,他最近是挺失落的
我找他聊聊去,你今天还是别去找他了
你今天还是别去找他了,让他冷静一下
让他冷静一下,其实我今天来找你是有别的事
我一定尽力,王媛他弟弟好像在老家出事了
王媛他弟弟好像在老家出事了,他现在挺需要钱
他就跟我急,我知道
我知道,他上大学你给他垫的学费
他上大学你给他垫的学费,他到现在还有压力
他到现在还有压力,听说他每个月都会拿一部分钱存到一张卡上
听说他每个月都会拿一部分钱存到一张卡上,准备攒够一块还你
准备攒够一块还你,我们都说要借他 他都不要
我们都说要借他 他都不要,更别说你了
你说怎么办,王媛现在 正在着急找工作
也都被他拒绝了,是 我就是因为知道这件事我才来找你的
是 我就是因为知道这件事我才来找你的,王媛现在工作丢了
王媛现在工作丢了,家里又需要钱
家里又需要钱,没准现在你跟他提他会答应
希望她能同意,王媛这个人就是太要强了
王媛这个人就是太要强了,前年有一次他生病去医院检查
前年有一次他生病去医院检查,说要做一个小手术
说要做一个小手术,他当时手里没钱
他当时手里没钱,他都没告诉我们
他都没告诉我们,自己去外面找了一份兼职
自己去外面找了一份兼职,给一个初中生当家教
给一个初中生当家教,一个月下来挣了2000多块钱
一个月下来挣了2000多块钱,去医院自己把手术给做了
我压根就不知道,按理说
按理说,我不应该插进你们俩的事
我不应该插进你们俩的事,可是有时候我看他那么要强
可是有时候我看他那么要强,我都替他着急
我都替他着急,在这个城市
在这个城市,除了我跟文静
除了我跟文静,他最信任的人就是你 你也算他最亲的人了
我会尽力帮助他,还有今天我来找你的事儿
还有今天我来找你的事儿,你千万别告诉他
你千万别告诉他,要不然他会生气
怎么了,我心情不好
心情不好啊,我跟你说点事
看你最近不对劲,我跟你说点事
我跟你说点事,你可千万别跟别人说
你跟我说说,我前天不是过生日
我前天不是过生日,老彭送我个生日礼物
老彭送我个生日礼物,你猜是啥
啥,笔
你知不知道这么多年我们家老陈 生日礼物 根本不送,问题是他一开始要送我的是项链
问题是他一开始要送我的是项链,你知道吗
你知道吗,然后我还从他兜里翻出两张发票来
然后我还从他兜里翻出两张发票来,其中一张就是项链
你搞没搞错,骗你干啥
我看看来,你看看
老彭外面有人了,不可能
不可能,老彭不是那种人
你自己琢磨琢磨 晚上没有回家的时候,那倒没有
那倒没有,他平时除了应酬就是回家吃饭
他平时除了应酬就是回家吃饭,他应酬跟平时也一样
你傻 这事得查,咋查
不然我才不稀管呢,你快说你急死我了
让他查查,不行
不行,这事让人知道了多丢人
你自己琢磨,你让我想想
你登的吗,你也看到了
你也看到了,怎么样
怎么样,我是不是很厉害
小北知道这事吗,告诉他干嘛
告诉他干嘛,我又不找他
这谁你出的馊主意,馊吗
馊吗,你们不是要找樊斌吗
你们不是要找樊斌吗,不这样怎么能又快又好
你可真是想起一出是一出,你以为我轻松啊 才多
你以为我轻松啊 才多,一会儿 我接电话接的手都酸了
你这纯属于是钱多了烧的,我怎么胡闹
我怎么胡闹,我这么做有什么不对
我这么做有什么不对,还不都为了周小北
你这不是帮倒忙吗,怎么是帮倒忙呢
怎么是帮倒忙呢,就算找不着樊斌
就算找不着樊斌,我也可以替小北出口恶气
我也可以替小北出口恶气,让所有人都知道这樊彬是个什么东西
让所有人都知道这樊彬是个什么东西,不跟你说了
不跟你说了,我有电话进来了
你弟弟的伤也不用治了,你这招真够贱
你这招真够贱,本来我还挺得意的
本来我还挺得意的,谁知道现在好事的人这么多
谁知道现在好事的人这么多,我接电话接的手都酸了
我接电话接的手都酸了,活该
活该,谁让你说重金悬赏
谁让你说重金悬赏,那么大一个版面 你花了
那么大一个版面 你花了,多少钱
多少钱,你等会
你等会,喂 是我
喂 是我,对
对,是我登的
是我登的,是我朋友
是我朋友,等会
等会,你告诉我你身高体重干什么
你告诉我你身高体重干什么,你年轻貌美跟我有什么关系
你年轻貌美跟我有什么关系,大姐你不识字吗
大姐你不识字吗,我这是寻人启事
我这是寻人启事,不是征婚
不是征婚,对
对,不征婚
不征婚,怎么了
怎么了,寻人启事和征婚都分不清楚
寻人启事和征婚都分不清楚,还非要约出来见面
还非要约出来见面,能不能行
你下次应该换张难看点的照片,没有下次了
没有下次了,昨天我登寻人启事的时候我还挺开心的
昨天我登寻人启事的时候我还挺开心的,心想这回可不愁找不着你了
心想这回可不愁找不着你了,就算找不着我可以出口恶气
就算找不着我可以出口恶气,这倒好
这倒好,还有人追着跟我要钱
还有人追着跟我要钱,我再接一天
我再接一天,明天我就该换号码了
明天我就该换号码了,都是你自找的
都是你自找的,你登报纸的时候
你登报纸的时候,报纸的时候 为什么不跟我商量一下
报纸的时候 为什么不跟我商量一下,我跟你商量什么
我跟你商量什么,我跟你商量
我跟你商量,你能同意我登吗
你能同意我登吗,我到现在还没吃饭
我到现在还没吃饭,你请我吃饭
你请我吃饭,凭什么
凭什么,不凭什么
不凭什么,因为你要不请我吃饭的话
因为你要不请我吃饭的话,我就把电话打开呼叫转移
我就把电话打开呼叫转移,把所有的电话都转到你的手机上
把所有的电话都转到你的手机上,请不请
请不请,你别说
你别说,我原先以为
我原先以为,都是夕阳产业
都是夕阳产业,没想到看的人还那么多
没想到看的人还那么多,没胃口
没胃口,给你吃
给你吃,干吗
干吗,你说给我自己征一个怎么样
你说给我自己征一个怎么样,孩子他爹
孩子他爹,你有孩子了
你有孩子了,没有才要征啊
没有才要征啊,你又想干吗
你又想干吗,我想生个孩子
我想生个孩子,然后看当单亲妈妈是什么感觉
然后看当单亲妈妈是什么感觉,你认真的
你认真的,可是没有合适的人选
可是没有合适的人选,我倒是有一主意
我倒是有一主意,你说
你说,你不是擅长发小广告吗
你不是擅长发小广告吗,你就把自己照片印在传单上
你就把自己照片印在传单上,满大街散去
满大街散去,上面就写上一行字
上面就写上一行字,香港富家女 体貌端正
香港富家女 体貌端正,风韵犹存
风韵犹存,苦于丈夫无法生育
苦于丈夫无法生育,现重金聘请青年男子代替 非诚勿扰
现重金聘请青年男子代替 非诚勿扰,再加一标题
再加一标题,借种
借种,发小传单的事你都知道了
发小传单的事你都知道了,天网恢恢疏
天网恢恢疏,疏而不漏
疏而不漏,知道就知道呗我身正不怕影子斜
知道就知道呗我身正不怕影子斜,你家里不是给你介绍好几个了吗
你家里不是给你介绍好几个了吗,你去见见
你去见见,要去你去
要去你去,我这么好条件 追我的人一大把
我这么好条件 追我的人一大把,何苦要去相亲
何苦要去相亲,倒是接电话 干嘛不接 女的吧
好不好,我泼妇
我泼妇,我泼妇是吧
我泼妇是吧,行 彭永辉
行 彭永辉,我今天倒让你看看什么是泼妇
我今天倒让你看看什么是泼妇,电话拿来
电话拿来,电话拿过来
电话拿过来,你把电话给我
你打,樊斌
樊斌,你现在这样去演癌症病人连妆都不用化
你现在这样去演癌症病人连妆都不用化,周小北
周小北,你给我解释
你给我解释,这到底什么意思
这到底什么意思,我给你解释
我给你解释,我还没问你
我还没问你,你先来问我
你先来问我,你干的嘛 你知不知道给我带来多大麻烦
你干的嘛 你知不知道给我带来多大麻烦,我们公司同事领导朋友
我们公司同事领导朋友,还有我父母该怎么想
还有我父母该怎么想,换成是你什么感受
换成是你什么感受,这巴掌就是替你爸你妈打
这巴掌就是替你爸你妈打,这巴掌是替
这巴掌是替,我爸我妈打的
我爸我妈打的,就凭一条莫名其妙短信就消失了
就凭一条莫名其妙短信就消失了,是死是活都不知道
是死是活都不知道,你知道你爸你妈准备了多长时间
你知道你爸你妈准备了多长时间,为办这婚宴
为办这婚宴,你考虑过你爸你妈吗
你考虑过你爸你妈吗,你考虑过我爸爸妈妈 你考虑过我吗
你考虑过我爸爸妈妈 你考虑过我吗,还有脸笑
还有脸笑,我是突然想起来
我是突然想起来,以前你跟我说过
以前你跟我说过,我敢亲你的左脸
我敢亲你的左脸,你就把右脸递过来
你就把右脸递过来,现在可好
现在可好,改打了
改打了,说 体检的事儿 得的什么病
说 体检的事儿 得的什么病,医院误诊
医院误诊,走
走,去哪儿
去哪儿,去医院
去医院,去医院干什么呀
去医院干什么呀,问问他们怎么检查的
问问他们怎么检查的,差点把你弄自杀了
差点把你弄自杀了,这么草菅人命合适吗
这么草菅人命合适吗,这不是回来了吗
这不是回来了吗,不敢去是吧
不敢去是吧,事情都过去了
事情都过去了,你觉得去有意义吗
你觉得去有意义吗,你告诉我什么才叫有意义
你告诉我什么才叫有意义,回来是来解决问题的
回来是来解决问题的,可我现在说什么你都不信
可我现在说什么你都不信,你让我说什么
你让我说什么,这就是你的回答
这就是你的回答,我承认我那样消失是不对的
我承认我那样消失是不对的,可你不能拿登报这种方式来报复我
可你不能拿登报这种方式来报复我,我报复你
我报复你,樊斌
樊斌,我们俩在一起多少年了
我们俩在一起多少年了,就算你得了绝症
就算你得了绝症,我都无权知道你死活是吧
我都无权知道你死活是吧,我在你心里算什么
我在你心里算什么,我还算你女朋友
我还算你女朋友,你在乎过
你在乎过,在乎过我的感受吗
在乎过我的感受吗,我在乎
我在乎,是你不在乎我
是你不在乎我,你为什么不想跟我结婚
你为什么不想跟我结婚,我什么时候说过我不想跟你结婚了
我什么时候说过我不想跟你结婚了,这么说你想
这么说你想,当然
当然,樊斌你敢证明吗
樊斌你敢证明吗,我敢
请问想选点什么,你好是这样的
你好是这样的,我想问一下
我想问一下,这个项链是在你们这买的吗
是我们的 有什么问题吗,哦
哦,我想问一下那天来买项链的
我想问一下那天来买项链的,是不是这位先生
对 是这位先生 您是他太太,是
项链质量有什么问题吗,没有
没有,我想问一下那天他来买项链的时候
我想问一下那天他来买项链的时候,是一个人还是两个人
我还记得当时先生说是买给太太当生日礼物的,你把我从贝克汉姆的怀里
你把我从贝克汉姆的怀里,推醒了
推醒了,我恨你
电话怎么关机了呢,我现在接电话接得脑袋都疼了
我现在接电话接得脑袋都疼了,找我什么事了
樊斌回来了,回来了
回来了,病了吗
没病,太好了
太好了,走
去哪,我会会他去
你干什么去,我让他把事情经过一五一十给我解释清楚
我让他把事情经过一五一十给我解释清楚,解释不清楚我就打 打到有病为止
跟樊斌结婚了,结婚了
刚才打电话说证都领了,领证了
他自己都迷迷糊糊的 说什么吵着吵着就领了证了,什么情况 人家吵架就吵分手
什么情况 人家吵架就吵分手,他怎么还吵结婚了
冲动,太气人了
太气人了,本来想给搅黄了
本来想给搅黄了,怎么还结了婚了呢
怎么还结了婚了呢,不行我要去找他
你过后再说不行吗,这么大的事 过后说你觉得来得及吗
你比法律还有用,周小北太过分了
周小北太过分了,我跟他绝交
我跟他绝交,绝交
拿酒干什么,小北领证了
小北领证了,我们几个好朋友想庆祝一下 送钱多俗 拿两瓶好酒意思意思
小北领着了,刚领的
你也得考虑自己的事,我知道了
我知道了,赶时间 我先走了
怎么剩了半瓶了,是吗
这是水,时间太长了挥发了
时间太长了挥发了,我先走了
我先走了,你给我打什么电话
你给我打什么电话,你谁啊
你谁啊,停车
韩文静吧,刘炎
刘炎,你怎么胖成这样了
伙食太好了,你真行
你真行,有一个人上车你也不看一眼
有一个人上车你也不看一眼,我还以为我被人绑架了
我还以为我被人绑架了,太可怕了
我在这等朋友的 谁知道你开门你就上来了,谁还没个朋友等
咱两多少年没见了,有8年了
有8年了,太巧了
现在行啊,牙套早摘了
真是女大十八变越好看,我一直就很好看好吗
我在开会 不懂事,手机怎么扔了
怕男朋友不高兴啊,谁有男朋友啊 吹了
这么漂亮的美女还 还有空窗期啊,怎么着你想补上啊
好啊,少来这一套
少来这一套,我再也不会上你的当了
我再也不敢骗你了,少给我这一套
怎么着 去哪,回家 等会 我不想回家
回家 等会 我不想回家,一回去我妈就逼我相亲
一回去我妈就逼我相亲,太讨厌了
跟我们家一样,要不去你那待会
要不去你那待会,干嘛
干嘛,你把我想成什么人了
你把我想成什么人了,我去你那
我去你那,避避风头
避避风头,叙叙旧
叙叙旧,走
再见,来了
来了,回来了
回来了,去哪了
对,你刚才给我打电话不是说是跟客户吗
甜甜呢,做作业呢
我困了 先睡了,小北
小北,一个坏消息一个好消息
一个坏消息一个好消息,你到底想先听哪个
你到底想先听哪个,随便 你按顺序来
随便 你按顺序来,我就说了
我就说了,你要听了会觉得特别的过瘾
你要听了会觉得特别的过瘾,坏消息是这次我回来跟公司说了
坏消息是这次我回来跟公司说了,想调回去
想调回去,结果公司不放人
结果公司不放人,这有什么可过瘾的
这有什么可过瘾的,我还没说完
我还没说完,本来我想辞职不干走人算了
本来我想辞职不干走人算了,后来跟李理一说
后来跟李理一说,李理就去跟公司领导说
李理就去跟公司领导说,说我们俩都想调回去
说我们俩都想调回去,如果不放人的话
如果不放人的话,我们俩都不干了
我们俩都不干了,你们领导同意了
你们领导同意了,那肯定没得说了
那肯定没得说了,我和李理这次要走了
我和李理这次要走了,公司损失就大了
公司损失就大了,这一次李理还挺够意思的
这一次李理还挺够意思的,对 李理是挺够意思的
对 李理是挺够意思的,小北
小北,我觉得你怎么好像不太开心
我觉得你怎么好像不太开心,我先不说了
我先不说了,我先去忙去了
你干嘛去,跟你不是很熟
跟你不是很熟,我们就是普通朋友
你怎么了这是,刚才为什么不跟人介绍我是你的女神 女朋友
女朋友,听力障碍啊 女朋友
你答应做我女朋友了,滚犊子
那你生什么气啊,我刚才可是搀着你
再说你还没答应我,谁说我没答应你
答应我了,谁能答应你
谁能答应你,你刚才跟人说我是你的普通朋友
你刚才跟人说我是你的普通朋友,我面子往哪搁
直到你心甘情愿愿意做我女朋友那天为止好吗,那咱说好了 我要考察你一段时间
我保证以良好的态度接受组织的考察,那考察期结束之前
那考察期结束之前,我们就是好朋友了
而且还是亲密无间的好朋友,嘿好朋友
怎么着朋友,你帮我一个忙嘛
你说,好朋友之间不就是应该互相帮助吗
这是你最喜欢吃的了,对
对,这是妈妈最喜欢吃的榴莲
而且它的味道也怪怪的,榴莲是水果中的国王
榴莲是水果中的国王,所以叫水果之王
你以前都是闻一下就放下的,今天我们买两盒好不好
我是怎么回来的吗,我管你怎么回来的
我管你怎么回来的,该
请坐,你这可够乱的 不如你家
想喝点什么姑奶奶,随便
好勒,彭永辉
彭永辉,真是彭永辉啊
真是彭永辉啊,什么情况
什么情况,你跟王媛什么关系
谁叫王媛啊,我的好姐妹 王媛
不认识啊,你别装了
你别装了,这耳环是王媛的
这耳环是王媛的,她过生日的时候我跟周小北给她定做的
她过生日的时候我跟周小北给她定做的,全世界只有这一对 不可能重样
全世界只有这一对 不可能重样,你看这还写着王媛呢
这男的你认识吗,彭永辉呀
彭永辉呀,熟吗
熟吗,不熟
不熟,没打过啵都不算熟
要那么说咱俩也不熟,你可别逗了
你可别逗了,这耳环为什么会在你这儿
人把东西放这儿人家跑了,彭永辉老婆来找你了
彭永辉老婆来找你了,这些是她给你的
怎么了,她还跟你说什么了
她还跟你说什么了,再具体一点
再具体一点,快点
疯疯癫癫,你说什么样的人才会派人去调查自己的丈夫
你说什么样的人才会派人去调查自己的丈夫,这事也别怨别人
这事也别怨别人,我看都是王媛自找的
我看都是王媛自找的,长个包子一样
长个包子一样,就别怨狗跟着
就别怨狗跟着,现在怎么办
现在怎么办,要不然你去跟刘炎说说让他别查了
要不然你去跟刘炎说说让他别查了,他本来是不想管的
他本来是不想管的,是我要求他假装调查这个事儿
是我要求他假装调查这个事儿,你想就算他不查
你想就算他不查,别人也得查
别人也得查,还不如让刘炎查
还不如让刘炎查,咱们还能掌握主动先机
咱们还能掌握主动先机,你说是吧
你说是吧,怎么办
怎么办,要不然咱给王媛打个电话告诉她
要不然咱给王媛打个电话告诉她,你可别了 她最近烦心事够多的了
你可别了 她最近烦心事够多的了,要不你顶上吧
要不你顶上吧,什么意思
什么意思,你代替王媛去见彭永辉老婆
你代替王媛去见彭永辉老婆,你叫我冒充王媛
你叫我冒充王媛,对啊 就王媛那样 去了不得让人给欺负死啊
对啊 就王媛那样 去了不得让人给欺负死啊,为什么是我去不是你去呢
为什么是我去不是你去呢,我长这样也不像威胁别人家庭的呀
我长这样也不像威胁别人家庭的呀,你不像
你不像,我像
我像,不是
不是,你真行 周小北
你真行 周小北,我是说你年轻貌美
我是说你年轻貌美,我长得其貌不扬的去了也没效果
我长得其貌不扬的去了也没效果,像你这样气场就不一样了
像你这样气场就不一样了,真的
真的,周小北真孙子
周小北真孙子,行
行,我去
我去,他老婆不就想找一个狐狸精假想敌出口恶气吗
他老婆不就想找一个狐狸精假想敌出口恶气吗,侠胆母狮 我才不怕她呢
侠胆母狮 我才不怕她呢,你说彭永辉真行啊
你说彭永辉真行啊,找了一福尔摩斯
找了一福尔摩斯,行了
行了,我走了
我走了,我要去盯着点刘炎
我要去盯着点刘炎,别跟王媛说
别跟王媛说,知道了
知道了,别跟王媛说啊
别跟王媛说啊,你们家有兄弟姐妹吗
就我一个,你79年的 那家里人没逼你结婚生孩子
逼啊 天天催,我们家也催
催你相亲吧,但我不想结婚
最起码我现在不想结,真的
真的,你父母身体怎么样
挺好的,你大爷什么的呢
也挺好的,没有家族病史
你问这干嘛呀,你过来
你干什么,头发挺好
头发挺好,你不脱发吧
你才脱发,你牙齿怎么样
你牙齿怎么样,是不是烤瓷的
你是不是要把我给遗体捐献了,不是不是
不是不是,我最近一直在考虑一个问题
我最近一直在考虑一个问题,你说人活着到底是为了什么
人活着就是活着呗,你有可能成为乔布斯吗
不能,有可能成为爱因斯坦吗
不能,那你活着干嘛
活着挣钱呗,挣好几个亿花完了怎么办
那你说人活着为什么,为生孩子
为生孩子,你为地球贡献了一个人类
你为地球贡献了一个人类,这就是你人生最大的意义
这就是你人生最大的意义,我跟你说个正经事啊
你说,那个彭永辉他老婆那边怎么样了
你说怎么样就怎么样呗,靠谱
靠谱,你过来
你过来,你就这么答复她
你这不是骗人吗,这怎么是骗人
这怎么是骗人,这是帮人
这是帮人,你答不答应
你答不答应,不答应咱两绝交
你要干嘛呀你,你管我干嘛呢
你管我干嘛呢,你就这么去做呗
你就这么去做呗,出了事我兜着
别叫东哥 叫胖子就行了,你什么情况靠不靠谱
你什么情况靠不靠谱,你差点说漏了 你知不知道
你差点说漏了 你知不知道,王媛要追问下去 咱露馅了
王媛要追问下去 咱露馅了,走嘴走嘴
走嘴走嘴,事办的怎么样
事办的怎么样,还是我一句话的事儿
还是我一句话的事儿,我让他往哪儿发展
我让他往哪儿发展,他就得往那儿发展
他就得往那儿发展,你现在就是幕后那只黑手
你现在就是幕后那只黑手,贼黑贼黑
贼黑贼黑,不过好像瞒不住
不过好像瞒不住,真瞒不住了
真瞒不住了,你听我把话说完行不行
你听我把话说完行不行,站好
站好,你说刘炎要什么都没查出来
你说刘炎要什么都没查出来,人能相信他
人能相信他,所以我让刘炎假造了一份通话清单
所以我让刘炎假造了一份通话清单,告诉那娘们查着了
告诉那娘们查着了,电话清单上谁的号码
电话清单上谁的号码,能是我的号码吗
能是我的号码吗,我新买了一部手机
我新买了一部手机,新办了一张卡
新办了一张卡,24小时待机
24小时待机,听福尔摩斯的意思好像是想把人约出来当面谈
听福尔摩斯的意思好像是想把人约出来当面谈,她还当面谈
她还当面谈,不是 不是
不是 不是,你听她那意思
你听她那意思,他到底想不想离婚
他到底想不想离婚,我觉得不想离
我觉得不想离,我现在就等他给我打电话了
我现在就等他给我打电话了,你让刘炎把电话号码给他了
你让刘炎把电话号码给他了,给了
给了,刘炎不是挺不情愿的
刘炎不是挺不情愿的,你怎么让他给的
你怎么让他给的,再不情愿能有我重要吗
再不情愿能有我重要吗,那是
那是,你现在准备以身饲虎了
你现在准备以身饲虎了,你想什么呢
你想什么呢,你以为我去给她当出气筒啊
你以为我去给她当出气筒啊,你总得有个立场
你总得有个立场,你不能去找人打一架
你不能去找人打一架,那就看他是要钱还是要人了
那就看他是要钱还是要人了,要钱好说 交给法院判 要人那就太好了
要钱好说 交给法院判 要人那就太好了,江湖规矩去财免灾
江湖规矩去财免灾,趁机把老头和王媛给搅黄了
趁机把老头和王媛给搅黄了,说不定王媛还能少奋斗两年了
说不定王媛还能少奋斗两年了,韩文静
韩文静,我发现你自从认识刘炎以后思维缜密不少
我发现你自从认识刘炎以后思维缜密不少,简直现在就是女版的超人
简直现在就是女版的超人,那是
那是,请把我的红裤衩拿来
请把我的红裤衩拿来,行送给你
我回来了,今天回来的够早
昨天晚上没休息好,天天出去吃饭
天天出去吃饭,您倒是不觉得累
您倒是不觉得累,回家就喊累
怎么我回来早倒不对了,你回来早有什么用什么
你回来早有什么用什么,你回来早也是倒头就睡
你回来早也是倒头就睡,回来晚还是倒头就睡
回来晚还是倒头就睡,你要是不回来
你要是不回来,我们娘俩睡的还安稳些
神经兮兮的,我神经兮兮
我神经兮兮,我神经兮兮
我神经兮兮,彭永辉
彭永辉,我跟你结婚多少年了
我跟你结婚多少年了,你什么时候关心过我们娘俩
你什么时候关心过我们娘俩,你每天的心思都在哪
你每天的心思都在哪,天天出去吃饭
天天出去吃饭,天天出去应酬
天天出去应酬,您倒是不觉得累
您倒是不觉得累,回来呢
回来呢,回来一句话都没有
回来一句话都没有,我每次跟你说话都得问两遍以上
我每次跟你说话都得问两遍以上,要么你就说根本不知道
要么你就说根本不知道,你把这当什么
你把这当什么,你把这当家还是当旅馆
你们娘俩吃什么喝什么,你亏不亏心啊
你亏不亏心啊,彭永辉 你亏不亏心
彭永辉 你亏不亏心,你每次出去吃饭都是工作上的应酬吗
你每次出去吃饭都是工作上的应酬吗,应酬谁啊
应酬谁啊,情人、二奶、小三
无理取闹,怎么了
怎么了,你猜刚才谁给我打电话
你猜刚才谁给我打电话,谁 彭永辉他老婆 他说什么了
谁 彭永辉他老婆 他说什么了,我等他电话等的又着急又紧张
我等他电话等的又着急又紧张,可算打过来了
可算打过来了,我接他电话说我的心就快跳出来了
我接他电话说我的心就快跳出来了,你快说他说什么了
你快说他说什么了,还能说什么
还能说什么,就是说 问我有没有时间约我见面
就是说 问我有没有时间约我见面,你现在准备去啊
你现在准备去啊,当然了
当然了,要不然呢
要不然呢,他打电话来没说什么
他打电话来没说什么,他不是兴师问罪的
他不是兴师问罪的,都是成年人了哪能
都是成年人了哪能,哪能啊
哪能啊,我觉得你得慎重 把你平常那套得收一收
我觉得你得慎重 把你平常那套得收一收,人家保卫自己家庭没什么错
人家保卫自己家庭没什么错,你可别再添出什么乱子来
你可别再添出什么乱子来,人家王媛也没想破坏他家庭
人家王媛也没想破坏他家庭,默默喜欢彭永辉这么多年 他说什么了 他跟谁说理去
默默喜欢彭永辉这么多年 他说什么了 他跟谁说理去,又不是他的错
又不是他的错,我就一直
我就一直,一直觉得咱们也不了解这人
一直觉得咱们也不了解这人,他万一是一个侠胆母狮型的 把你约到一个偏僻的地儿
他万一是一个侠胆母狮型的 把你约到一个偏僻的地儿,卸掉一只手 石沉大海
卸掉一只手 石沉大海,这话不投机干脆直接抱着你一块儿同归于尽
这话不投机干脆直接抱着你一块儿同归于尽,行了
行了,周小北
周小北,你是不是写剧本写疯了
你是不是写剧本写疯了,实在不行你陪我去
实在不行你陪我去,你就跟他说
你就跟他说,大姐你别这样了
大姐你别这样了,我老公也出轨了
我老公也出轨了,我也是刚刚才知道
我也是刚刚才知道,你看我说什么了
你看我说什么了,我什么都没做
我什么都没做,一口气忍到底
一口气忍到底,我让她向你学习
我让她向你学习,赶紧去民政局问问 结婚证能给退吗
赶紧去民政局问问 结婚证能给退吗,不都7天之内无理由退换吗
不都7天之内无理由退换吗,见完了 赶紧回来找我
见完了 赶紧回来找我,你好
你好,请坐
请坐,这是什么
这是什么,苦丁 不介意吧
苦丁 不介意吧,不介意
不介意,茶嘛
茶嘛,也不知道王小姐平时喜欢喝浓的还是淡的
也不知道王小姐平时喜欢喝浓的还是淡的,我们年轻人浓妆淡抹总相宜
我们年轻人浓妆淡抹总相宜,无所谓了
无所谓了,我喜欢喝浓的因为浓的苦
我喜欢喝浓的因为浓的苦,这茶就像人生一样
这茶就像人生一样,总得先苦后甜
总得先苦后甜,跟过日子一样
跟过日子一样,白手起家的时候总是苦的
白手起家的时候总是苦的,然后慢慢有了事业、家庭、孩子就变成甜了
然后慢慢有了事业、家庭、孩子就变成甜了,可是现在好像不流行先吃苦了
可是现在好像不流行先吃苦了,一上来就想要甜
一上来就想要甜,你说天底下哪有这样的好事呢
你说天底下哪有这样的好事呢,那还真不一定 看命吧
那还真不一定 看命吧,你不是我要找的人
你不是我要找的人,哪儿不对劲
哪儿不对劲,你没戴耳环
你没戴耳环,耳洞 我有
耳洞 我有,前两天不知道怎么回事
前两天不知道怎么回事,突然丢了一只耳环
突然丢了一只耳环,怎么找都找不着
怎么找都找不着,算了就不带了
算了就不带了,真不好意思
真不好意思,我以为我认错人了
我以为我认错人了,我觉得不应该 我认错
我觉得不应该 我认错,谁也不可能把你认错
谁也不可能把你认错,你就没什么话要跟我说吗
你就没什么话要跟我说吗,是你约的我呀
是你约的我呀,不是我约的你
不是我约的你,你就不想知道我为什么约你吗
你就不想知道我为什么约你吗,因为你们家老彭
因为你们家老彭,我想跟你聊聊我们家老彭
我想跟你聊聊我们家老彭,我想你听听 我跟我们家老彭的故事
我想你听听 我跟我们家老彭的故事,好
好,当初我跟老彭在一起的时候
当初我跟老彭在一起的时候,他什么都没有
他什么都没有,没钱
没钱,没房子没事
没房子没事,什么都没有
什么都没有,可是我跟着他
可是我跟着他,那个时候我们俩
那个时候我们俩,很苦
很苦,可是他每天都安慰我
可是他每天都安慰我,他说老婆要相信我
他说老婆要相信我,等以后我们俩有钱了
等以后我们俩有钱了,加倍补偿你
加倍补偿你,我会把亏欠的都补给你
我会把亏欠的都补给你,后来
后来,妈妈我们俩好了
妈妈我们俩好了,有钱了
有钱了,他也真的实现了他的诺言
他也真的实现了他的诺言,他让我辞职在家
他让我辞职在家,我什么活都不用干
我什么活都不用干,我在家一心带孩子
我在家一心带孩子,我想要什么我就有什么
我想要什么我就有什么,他在外面是个好老板
他在外面是个好老板,在家是好丈夫
在家是好丈夫,好爸爸
好爸爸,他总是搂着我和甜甜说
他总是搂着我和甜甜说,我和甜甜是对他最重要的人
我和甜甜是对他最重要的人,谁都代替不了
谁都代替不了,我就实话跟你说
我就实话跟你说,你想
你想,想让我跟我们家老彭离婚
想让我跟我们家老彭离婚,这是不可能的
这是不可能的,除非
除非,我死了
我死了,我今天约你来
我今天约你来,一就是想看看你到底是个什么样的人
一就是想看看你到底是个什么样的人,二
二,我想跟你做一个彻底的了断
我想跟你做一个彻底的了断,说你想要什么
说你想要什么,你想怎么样才能不缠着我们家老彭
你想怎么样才能不缠着我们家老彭,说话呀 说话呀
说话呀 说话呀,你哑巴呀
你哑巴呀,我没缠着你们家老彭
我没缠着你们家老彭,行了你
行了你,王小姐你就别跟我装了
王小姐你就别跟我装了,你这种人我见多了
你这种人我见多了,你不就是想要钱吗
你不就是想要钱吗,口口声声说什么爱情什么感情
口口声声说什么爱情什么感情,我们家老彭没钱你会跟着他吗
我们家老彭没钱你会跟着他吗,行
行,这次算我倒霉
这次算我倒霉,破财免灾
破财免灾,你说你要多少钱你能离开我们家老彭
你说你要多少钱你能离开我们家老彭,你说个数
你说个数,20万够不够
20万够不够,我要是你我就学聪明点
我要是你我就学聪明点,现在赶紧拿钱走人
现在赶紧拿钱走人,行
行,这是账号
这是账号,下午5点以前把钱打到账号里
下午5点以前把钱打到账号里,幸会
幸会,就这么着
就这么着,我以不变应万变
我以不变应万变,杀他个片甲不留
杀他个片甲不留,你不吹能死
你不吹能死,谁吹了
谁吹了,那后来呢
那后来呢,我就走了
我就走了,剩下侠胆母狮一人在包间
剩下侠胆母狮一人在包间,拔剑四顾心茫然
拔剑四顾心茫然,幸好我早有准备
幸好我早有准备,我就备着他给我钱这一招
我就备着他给我钱这一招,我现在看他怎么办
我现在看他怎么办,韩文静
韩文静,你这怎么不听指挥
你这怎么不听指挥,怎么不按套路出牌
怎么不按套路出牌,哪有什么指挥 全靠临场发挥
哪有什么指挥 全靠临场发挥,再说你也没有给我什么方向
再说你也没有给我什么方向,你背着我把银行卡办
你背着我把银行卡办,为什么不告诉我一声
为什么不告诉我一声,我哪知道用得上
我哪知道用得上,以防万一
以防万一,这能见招拆招就不错了
这能见招拆招就不错了,这要搁你去能像我一样 临危不惧视死如归吗
这要搁你去能像我一样 临危不惧视死如归吗,不能
不能,那不就得了
那不就得了,我跟你说这福尔摩斯可厉害了
我跟你说这福尔摩斯可厉害了,我差一点就露馅了
我差一点就露馅了,要不是我心理素质强
要不是我心理素质强,一般人见着她就先被吓死
一般人见着她就先被吓死,气势上直接败下阵来
气势上直接败下阵来,不是 我们得做两手准备
不是 我们得做两手准备,要么给钱了
要么给钱了,要么没给
要么没给,先想想要是没给怎么办
先想想要是没给怎么办,没给就麻烦他把这口气生生给我咽回去
没给就麻烦他把这口气生生给我咽回去,从此以后就不要再找王媛的麻烦
从此以后就不要再找王媛的麻烦,要是给了呢
要是给了呢,给了就较比难办
给了就较比难办,咱们得把钱取出来
咱们得把钱取出来,给王媛送过去
给王媛送过去,再好好跟他解释
再好好跟他解释,顺便再劝劝他
顺便再劝劝他,像他们这种家庭
像他们这种家庭,这钱也不是天上掉下来的
这钱也不是天上掉下来的,都是自己一手挣出来的
都是自己一手挣出来的,我觉得20万不会一下就拿出来
我觉得20万不会一下就拿出来,我也觉得他不会给
我也觉得他不会给,但这话他已经说了
但这话他已经说了,一会去银行查一下不就知道了吗
一会去银行查一下不就知道了吗,最好别给 王媛可不是好劝的主
最好别给 王媛可不是好劝的主,能怎么办
能怎么办,人家老婆都打上门来了
人家老婆都打上门来了,就等着彭永辉吗
就等着彭永辉吗,要么就跟他彻底断了
要么就跟他彻底断了,你觉得王媛做得到吗
你觉得王媛做得到吗,她要能做到他能走到今天吗
她要能做到他能走到今天吗,那不就得了
那不就得了,人是人老婆自己找着的
人是人老婆自己找着的,钱是人老婆自己打过来的
钱是人老婆自己打过来的,凭什么不要 我还嫌少
凭什么不要 我还嫌少,你说王媛是谈钱的主吗
你说王媛是谈钱的主吗,他只谈感情不谈钱
他只谈感情不谈钱,那就得看彭永辉的了
那就得看彭永辉的了,这么多年了也该做一个了断了
这么多年了也该做一个了断了,要么离婚
要么离婚,要么跟王媛一刀两断
要么跟王媛一刀两断,凭什么好事都让他一人占着
凭什么好事都让他一人占着,他以为他是谁
他以为他是谁,你觉得他能离婚吗
你觉得他能离婚吗,不知道
不知道,要离早离了 走
要离早离了 走,站住
怎么了,收拾桌子
你又发什么神经,家里大大小小的事都是我做
家里大大小小的事都是我做,凭什么 我是保姆
我们可以去请个保姆,你说的倒轻巧
你说的倒轻巧,那孩子怎么办
那孩子怎么办,孩子你也不管了是吧
孩子你也不管了是吧,行
行,明儿我就把他送孤儿院去
你才有病,彭永辉
彭永辉,你别以为你什么事我都不知道
你别以为你什么事我都不知道,我还以为你找个什么好东西
我还以为你找个什么好东西,还不是20万就让我打发了吗
还不是20万就让我打发了吗,你是不是真以为人家对你是有感情
你是不是真以为人家对你是有感情,真的爱你
真的爱你,告诉你彭永辉
告诉你彭永辉,如果你没钱
如果你没钱,狗屁都不是
你把谁给打发了,你问王媛去吧
你问王媛去吧,待会咱们一定得面带微笑
待会咱们一定得面带微笑,感情真挚
感情真挚,就问王媛
就问王媛,你说人生在世
你说人生在世,草木一秋
草木一秋,最重要的是什么
最重要的是什么,王媛肯定说我觉得是感情
王媛肯定说我觉得是感情,你们怎么突然问
你们怎么突然问,然后咱们就接着说 错
然后咱们就接着说 错,感情分很多种
感情分很多种,爱情算个屁
爱情算个屁,告诉你最重要的是亲情、友情和金钱
告诉你最重要的是亲情、友情和金钱,没错
没错,王媛一下懒得跟我们理论这种问题
王媛一下懒得跟我们理论这种问题,肯定满口答应表示赞同
肯定满口答应表示赞同,接下来就好办了
接下来就好办了,对
对,然后我们俩再兵分两路
然后我们俩再兵分两路,一路就谈感情
一路就谈感情,痛斥彭永辉不是人
痛斥彭永辉不是人,这么多年也没意识到他的一片真情
这么多年也没意识到他的一片真情,青春就在他身上消耗殆尽
青春就在他身上消耗殆尽,不说 还落了个满地伤心
不说 还落了个满地伤心,好
好,别打岔
别打岔,再一路就谈现实
再一路就谈现实,你看现在大环境 经济危机了
你看现在大环境 经济危机了,物价飞涨了
物价飞涨了,到最后理想都得兑换成车子、房子和银子
到最后理想都得兑换成车子、房子和银子,以此来表现金钱在当今社会的重要性
以此来表现金钱在当今社会的重要性,没错
没错,先从感情上击垮他
先从感情上击垮他,让他对彭永辉彻底绝望
让他对彭永辉彻底绝望,然后从价值观上正确引导
然后从价值观上正确引导,让他心安理得的接受这笔钱
让他心安理得的接受这笔钱,靠谱
靠谱,真行
真行,真行
真行,王媛这是什么反应
王媛这是什么反应,你说这事是办成了还是办z砸了
你说这事是办成了还是办z砸了,估计是砸了
估计是砸了,你见过王媛对谁说滚吗
你见过王媛对谁说滚吗,把彭永辉叫出来
把彭永辉叫出来,好好跟他谈谈
好好跟他谈谈,现在时机还没到
现在时机还没到,那什么时候能到
那什么时候能到,那什么时候能到啊
那什么时候能到啊,今天不能谈明天不能谈
今天不能谈明天不能谈,这一辈子都不能谈吗
这一辈子都不能谈吗,我们老家楼下那一对 从刚结婚就开始闹
我们老家楼下那一对 从刚结婚就开始闹,现在可好
现在可好,70多岁了
70多岁了,分居都40多年了
分居都40多年了,法院都疯了
法院都疯了,王媛都
王媛都,没让彭永辉离成婚
没让彭永辉离成婚,你谈就管用
你谈就管用,我不说出来有心里不痛快
我不说出来有心里不痛快,王媛太惯着他了
王媛太惯着他了,这么多年了
这么多年了,王媛一直逆来顺受
王媛一直逆来顺受,忍气吞声 跟个小媳妇似的
忍气吞声 跟个小媳妇似的,宁可为难自己也不难为别人
宁可为难自己也不难为别人,你说王媛怎么这么能忍
你说王媛怎么这么能忍,这彭永辉还算好的
这彭永辉还算好的,我一哥们前段时间闹离婚闹的心惊胆战的
我一哥们前段时间闹离婚闹的心惊胆战的,每天回家第一件事开门就看见老婆在不在家
每天回家第一件事开门就看见老婆在不在家,要是四处找的还没在
要是四处找的还没在,立马冲到窗口看有没有人跳楼
立马冲到窗口看有没有人跳楼,该
该,男人都这样
男人都这样,离婚说起来特简单
离婚说起来特简单,做起来比登天还难
做起来比登天还难,再说如果彭永辉要是抛弃他老婆跟王媛好
再说如果彭永辉要是抛弃他老婆跟王媛好,他难保以后不跟别人好
他难保以后不跟别人好,你愿意看着王媛以后变的生活跟福尔摩斯一样
你愿意看着王媛以后变的生活跟福尔摩斯一样,我不跟你聊这些了
我不跟你聊这些了,你自己找的就不是什么好东西
你自己找的就不是什么好东西,跟你聊这些无异于
跟你聊这些无异于,问道于盲
问道于盲,有一次我在一本书上看见一句话
有一次我在一本书上看见一句话,说我有老婆了
说我有老婆了,你还喜欢我 一年两年
你还喜欢我 一年两年,那是作风问题
那是作风问题,3年4年那是道德问题
3年4年那是道德问题,要是10年8年了
要是10年8年了,那就是爱情
那就是爱情,我立马就想到王媛了
我立马就想到王媛了,别往爱情上扯
别往爱情上扯,一个男人结了婚还跟你若即若离
一个男人结了婚还跟你若即若离,要么薄情
要么薄情,要么寡义
要么寡义,要么薄情寡义
要么薄情寡义,喝点酒吧
喝点酒吧,继续想办法
继续想办法,今天别喝了等等消息
来,混蛋 骗子
你看有话好好说,我跟你好好说
我跟你好好说,好好说的了吗
你干什么 彭太太,我问你
我问你,为什么
为什么,跟我见面的和给我老公送钱的是两个人
跟我见面的和给我老公送钱的是两个人,为什么
什么两个人 我不知道,你不知道
你不知道,人是你联系的你不知道
人是你联系的你不知道,你
你冷静,冷静得了吗我
是打算回去以后跟他离婚吗,我是不会离婚的
我那次跟他喝咖啡就是在这,你这怎么了 让人劫了
你这怎么了 让人劫了,一片狼藉呀
二话不说把这一通砸,侠胆母狮来了
你瞧 都逛荡了,还真是
还真是,你是不是特后悔帮我
不能够 砸坏了再换新的,行了
行了,你看看你的手
流血了,快去洗洗吧
好勒,贱
贱,我帮你收拾一下
我帮你收拾一下,一会帮我还原一下犯罪现场
一会帮我还原一下犯罪现场,小北
小北,我回来了
我回来了,小北
小北,这次我可是彻底回来了
这次我可是彻底回来了,我的大作家又在搞什么宏伟巨作
我的大作家又在搞什么宏伟巨作,你吃饭了吗
你吃饭了吗,没
没,我也没吃
我也没吃,要不咱们出去吃
要不咱们出去吃,算了
算了,领完证咱俩还没回家吃过饭
领完证咱俩还没回家吃过饭,我妈打电话说让我们有空回去吃饭什么
我妈打电话说让我们有空回去吃饭什么,什么你妈我妈的
什么你妈我妈的,是咱妈
是咱妈,咱妈
咱妈,应该的 这么长时间了
应该的 这么长时间了,也没回去看看
也没回去看看,回咱妈家
回咱妈家,我去换件衣服
我去换件衣服,小北
小北,以后咱们就朝夕相守了
以后咱们就朝夕相守了,要不咱们给这房子添点什么
要不咱们给这房子添点什么,要不把沙发给换了怎么样
要不把沙发给换了怎么样,老坐在电脑前累不累 来尝尝老公的如来玉指 怎么样
老坐在电脑前累不累 来尝尝老公的如来玉指 怎么样,老板 舒服吗
老板 舒服吗,不太舒服
不太舒服,看什么
看什么,那么入迷
那么入迷,围城
围城,城里的人都想出来
城里的人都想出来,城外的人都想进去
城外的人都想进去,这不多少年前的书了吗
这不多少年前的书了吗,你都看了好多遍了
你都看了好多遍了,重新温习一下
重新温习一下,别看了再看就看傻了
别看了再看就看傻了,小北 咱们领证以后还没好好出去吃顿饭
小北 咱们领证以后还没好好出去吃顿饭,要不叫上文静和王媛
要不叫上文静和王媛,今天晚上好好庆祝庆祝
今天晚上好好庆祝庆祝,王媛最近刚换了新工作
王媛最近刚换了新工作,我估计他没空
我估计他没空,咱们俩单独去吃
咱们俩单独去吃,可以
可以,你想吃什么
你想吃什么,吃什么都行
吃什么都行,你定
你定,女王驾到
女王驾到,谁的箱子
谁的箱子,樊斌回来了
樊斌回来了,你怎么跟猎犬似的
你怎么跟猎犬似的,你被刘炎同化了
你被刘炎同化了,人呢 又跑了
人呢 又跑了,去打包去了
去打包去了,打什么包 在家附近随便吃点就得了
打什么包 在家附近随便吃点就得了,在家附近 我可没那么大胆
在家附近 我可没那么大胆,在家附近吃
在家附近吃,万一你心情不好
万一你心情不好,加上酒精上头 把我们俩事抖搂出去
加上酒精上头 把我们俩事抖搂出去,我以后还用不用在这边混了
我以后还用不用在这边混了,你什么都没说
你什么都没说,待会你也不许提
待会你也不许提,周小北
周小北,为了维持家庭和婚姻的稳定
为了维持家庭和婚姻的稳定,你不惜忍辱负重到这种程度
你不惜忍辱负重到这种程度,你真懂事
你真懂事,快进入无性婚姻阶段了吧
快进入无性婚姻阶段了吧,你问我爸我妈
你问我爸我妈,我说你和樊斌
我说你和樊斌,吓死我了
吓死我了,我还说你要真问关于二老这问题
我还说你要真问关于二老这问题,我还真不知道怎么回答你
我还真不知道怎么回答你,你不要顾左右而言他
你不要顾左右而言他,睡觉分荤睡和斋睡
睡觉分荤睡和斋睡,你们俩现在属于哪一种
你们俩现在属于哪一种,斋睡
斋睡,我就知道
我就知道,哈哈
哈哈,我们俩在一起同居那么多年
我们俩在一起同居那么多年,斋的跟荤的有什么区别吗
斋的跟荤的有什么区别吗,周小北
周小北,你跟这么个人在同一个地方同一张床上睡那么长时间
你跟这么个人在同一个地方同一张床上睡那么长时间,你不恶心吗
你不恶心吗,你管老子
你管老子,哼哼
哼哼,你说咱们俩是不是真的老了
你说咱们俩是不是真的老了,咱们不是80后吗
咱们不是80后吗,80后不是社会的中坚力量吗
80后不是社会的中坚力量吗,怎么突然一下进入到中老年阶段
怎么突然一下进入到中老年阶段,你的思维还停留在咱们大学毕业那会儿
你的思维还停留在咱们大学毕业那会儿,现在人90后都出来混了
现在人90后都出来混了,都有人管我叫阿姨了
都有人管我叫阿姨了,我认识了好几个80后离婚都离两次了
我认识了好几个80后离婚都离两次了,起步早的人小孩都上小学了
起步早的人小孩都上小学了,什么起步早起步晚的
什么起步早起步晚的,不爱听
不爱听,又戳心窝子了
又戳心窝子了,戳
戳,戳谁心窝子了
戳谁心窝子了,我这叫起步不早不晚
我这叫起步不早不晚,不信你等着瞧
不信你等着瞧,樊斌
樊斌,聊2块钱
聊2块钱,越来越漂亮
越来越漂亮,你挺好的
你挺好的,我挺好的
我挺好的,身体也挺好的
身体也挺好的,挺好
挺好,没有得癌症
没有得癌症,一时半会也死不了
一时半会也死不了,你自己倒水喝
你自己倒水喝,王媛早上给彭永辉打了电话
王媛早上给彭永辉打了电话,约她出来见面
约她出来见面,你猜谁陪他去的
你猜谁陪他去的,胖子
胖子,不可能 你从哪听来的
不可能 你从哪听来的,胖子当天晚上跟我们吃完饭第二天就走了
胖子当天晚上跟我们吃完饭第二天就走了,胖子是走了
胖子是走了,回北京办完离职手续
回北京办完离职手续,第二天就回来了
第二天就回来了,他回来怎么没告诉我呢
他回来怎么没告诉我呢,王媛私底下还跟胖子有联系
王媛私底下还跟胖子有联系,当然了
当然了,你不知道吧
你不知道吧,处处是八卦
处处是八卦,遍地是奸情
遍地是奸情,那胖子知道王媛跟彭永辉的事
那胖子知道王媛跟彭永辉的事,所以我说王媛聪明
所以我说王媛聪明,所有事都告诉胖子了
所有事都告诉胖子了,一场苦恋又即将开始
一场苦恋又即将开始,那可不一定
那可不一定,胖子这畜生
胖子这畜生,重色轻友这词用在他身上算是应验了
重色轻友这词用在他身上算是应验了,回来都没告诉我
回来都没告诉我,直接去给人当替身去了
直接去给人当替身去了,对了
对了,这事得好好谢谢刘炎
这事得好好谢谢刘炎,改天请他吃饭
改天请他吃饭,请他吃个屁
请他吃个屁,我们俩分手了
我们俩分手了,你还有什么事你能一口气全部告诉我吗
你还有什么事你能一口气全部告诉我吗,你着什么急
你着什么急,你跟刘炎怎么了
你跟刘炎怎么了,是不是
是不是,他不愿意当你未来孩子的
他不愿意当你未来孩子的,我今天在他工作室
我今天在他工作室,手机突然找不着了
手机突然找不着了,我用他的手机给我打电话
我用他的手机给我打电话,结果你猜在他手机里我的名字叫什么
结果你猜在他手机里我的名字叫什么,搞定
搞定,搞定
搞定,他想搞定谁
他想搞定谁,他能搞定谁
他能搞定谁,他在我心里也有一个名字
他在我心里也有一个名字,叫死定
叫死定,刘炎太有才了
刘炎太有才了,搞定
搞定,你还笑你气死我了
你还笑你气死我了,你怎么起那么早
你怎么起那么早,小北你快过来
小北你快过来,我给你个惊喜
我给你个惊喜,什么惊喜呀
什么惊喜呀,打开
打开,这是你最爱吃的王记烧卖
这是你最爱吃的王记烧卖,咱们家附近开分店了
咱们家附近开分店了,没有
没有,还是原来那家
还是原来那家,不挺远的吗
不挺远的吗,我5点多就起来了
我5点多就起来了,没敢吵醒你
没敢吵醒你,我挤了一个小时公交车排了好长的队
我挤了一个小时公交车排了好长的队,又花一个小时挤回来
又花一个小时挤回来,都凉了
都凉了,我去帮你热一下
我去帮你热一下,挺好的
挺好的,那快吃
那快吃,我记得上大学那会儿咱们
我记得上大学那会儿咱们,老吃
老吃,后来好久都没吃了
后来好久都没吃了,我都记着
我都记着,这几年离得远
这几年离得远,顾不上
顾不上,以后你爱吃
以后你爱吃,我天天给你买
我天天给你买,好吃吗
好吃吗,特别好吃
特别好吃,小北
小北,以后咱们俩一根绳上的蚂蚱
以后咱们俩一根绳上的蚂蚱,我的责任就是
我的责任就是,宠着你
宠着你,哄着你
哄着你,惯着你
惯着你,是吗
是吗,怎么听着跟阴谋似的
怎么听着跟阴谋似的,我说的是真的
我说的是真的,以后你有什么不对的
以后你有什么不对的,我就让着你
我就让着你,我有什么不对的
我有什么不对的,你就毫不留情的收拾我
你就毫不留情的收拾我,我保证
我保证,无条件去服从
无条件去服从,你瞧你一身臭汗
你瞧你一身臭汗,赶紧洗澡去
你怎么来了,你不会不让我进去
你不会不让我进去,就知道你在家 一个人你还
就知道你在家 一个人你还,开火做饭 煲的什么
开火做饭 煲的什么,闻着真香 我来检验一下
闻着真香 我来检验一下,大厨的手艺真贤惠
不然 你给我做,小姐喝茶吗
我们家没茶,你还生我气
我生你什么气,我当天晚上回去就后悔了
我到现在还傻乎乎的认为自己是无公害食品,你本来就无公害绿色的
事情都已经闹成这样了,你心里还难受
还有觉得彭永辉那个老头不够了解我,事情已经是这样了
事情已经是这样了,就别想了
就别想了,接下来怎么办
要么就好好活着,文静都告诉我了
文静都告诉我了,你去找过彭永辉了
我现在觉得特别轻松,能放下
就这样由着自己 已经成惯性了,我看你都快成宗教信仰了
特别累,不是你说 难道彭永辉一点都不知道吗
要么就是不想知道,他要不知道的话他也太迟钝了
你怎么没跟樊斌在一起,他跟他们分公司的人吃饭去
他调回来之后是不是好多了,不太好
怎么了,今天上午他看见那张字条了
他什么反应,当时好像挺惊讶的
当时好像挺惊讶的,看完那张纸条再看我
看完那张纸条再看我,跟见了鬼一样
你们两个当时在一起,他在找东西不小心抖出来了
他在找东西不小心抖出来了,估计他也不知道
估计他也不知道,然后 然后就闷闷不乐
然后 然后就闷闷不乐,不知道他心里在想什么
我估计他之前也不知道这张纸条,看样子是
看样子是,不过现在他知道
那你没跟他聊聊吗,我跟他说了
我跟他说了,他给岔过去了
他给岔过去了,后来我就没再问了
要换作是我肯定忍不住,其实我就想看看他会不会主动告诉我
他可能主动告诉你吗,试试
肯定杀到你们家去当面质问樊斌,你可不能告诉韩文静
想在这吃晚饭吗,想
洗菜去,为什么我洗
韩文静,我洗就我洗 干嘛呀
我洗就我洗 干嘛呀,洗什么
番茄、茄子,我洗
我洗,你就不是好人
你就不是好人,行吧
行吧,咱两扯平了
咱两扯平了,听说你这次回来就不回去了
是啊 我刚从上海回来,不是北京吗
不是北京吗,怎么变上海了
我去看了看不太满意,什么不太满意
什么不太满意,是职务不够高还是工资不高
是职务不够高还是工资不高,不够高
职务工资其实都不错,有什么不太满意的
有什么不太满意的,我跟你说上海女孩长得还挺漂亮的
可是看着就不对劲了,哪儿不太对劲儿
我也不知道说不出来,是不是感觉一个个都在那装冷艳
有点冷酷了,他们为什么跟你装冷艳啊
我也不想知道,郑远东
郑远东,死胖子
死胖子,我告诉你鬼迷心窍了
我告诉你鬼迷心窍了,我现在跟你说什么 你都提不起兴趣
我现在跟你说什么 你都提不起兴趣,除了说王媛 你还有点出息没有
除了说王媛 你还有点出息没有,没有
没有,我问你 你一从非洲回来的
我问你 你一从非洲回来的,凭什么让我们都哄着你宠着你笑
你知道是什么吗,不知道
那就是绝不放过美国人,行了你别贫了
行了你别贫了,别的事我不管
别的事我不管,但是你要是想追求王媛
但是你要是想追求王媛,王媛的话
王媛的话,我坚决支持
我请,我家也不能回
我家也不能回,我爸又逼我去相亲
我爸又逼我去相亲,我估计这要搁古代 这韩大员外还不得建个绣楼
我估计这要搁古代 这韩大员外还不得建个绣楼,让你平时就在里面绣花
让你平时就在里面绣花,差不多的时候就出来抛个绣球什么的
差不多的时候就出来抛个绣球什么的,真要有那天我就天天在那手绢上绣脏话
真要有那天我就天天在那手绢上绣脏话,没事就抛出去一张
没事就抛出去一张,谁见着谁挨一顿臭骂
谁见着谁挨一顿臭骂,你要搁古代 你要搁谁家 就是谁家
你要搁古代 你要搁谁家 就是谁家,家门不幸
家门不幸,王媛为什么还去彭永辉在公司上班
王媛为什么还去彭永辉在公司上班,她脑残吗
她脑残吗,要不是我腿伤了
要不是我腿伤了,我就冲上去打他一顿
我就冲上去打他一顿,你这身残志坚 真让人感动
你这身残志坚 真让人感动,完了我喜欢上他了
完了我喜欢上他了,你这才见人几分钟就喜欢人家
你这才见人几分钟就喜欢人家,你懂什么
你懂什么,这叫一见钟情
人都说了最不可靠的就是一见钟情,因为你见他第一面的时候不知道他会挣多少钱
因为你见他第一面的时候不知道他会挣多少钱,你说
你说,你说我要跟他生个小孩是不是挺漂亮的
你说我要跟他生个小孩是不是挺漂亮的,你疯了 见个男的就想跟人生小孩
你疯了 见个男的就想跟人生小孩,你喜欢他不是因为想跟他生个小孩
你喜欢他不是因为想跟他生个小孩,你不知道爱情的力量
你不知道爱情的力量,我真的挺喜欢他的
我真的挺喜欢他的,你不觉得他很优秀吗
你不觉得他很优秀吗,你赶紧走吧
你赶紧走吧,我去哪儿啊
我去哪儿啊,随便去哪
随便去哪,你在这我不好意思找他聊天
你在这我不好意思找他聊天,你不出院了
你不出院了,我出什么院
我出什么院,这儿有我喜欢的男生
这儿有我喜欢的男生,我待会打石膏去
我待会打石膏去,总得有人照顾你
总得有人照顾你,就像刚刚上厕所
就像刚刚上厕所,你让你男医生陪你去
你让你男医生陪你去,不是 你操什么心
不是 你操什么心,有的是女护士
有的是女护士,站住
站住,我的包还在你病房
我的包还在你病房,干嘛呀
我知道你恨我 那你也不能挂我电话,李理 你tmd 高兴了就帮朋友打掩护骗我
李理 你tmd 高兴了就帮朋友打掩护骗我,不高兴打电话来骂我
不高兴打电话来骂我,你有病吧
你有病吧,你怎么在这儿
你还不让我回来了,干嘛走这条路
你还讲不讲理,真是人倒霉
真是人倒霉,喝凉水都塞牙
你还记恨我,找我什么事
其实我早就想把你约出来跟你谈谈 樊斌上次的事儿,李理 我明白
李理 我明白,毕竟你是樊斌的兄弟
毕竟你是樊斌的兄弟,不是我的兄弟
不是我的兄弟,我凭什么指望你在关键时候帮我
我凭什么指望你在关键时候帮我,你放心
你放心,我不恨你
真的,真的
真的,我连樊斌都不恨了
我连樊斌都不恨了,怎么可能恨你
求你了,请我喝咖啡去
还要去周围的几个城市转转,你们公司事跟我有什么关系
我们现在急需一个随同翻译,所以你就想到我了
你得帮我,傻了吧
傻了吧,现在外国语学院学法语专业的学生一抓一大把
现在外国语学院学法语专业的学生一抓一大把,你去找个学生不就完了吗
你就求求你帮帮我行吗,你怎么知道我会专业术语
对不起,站住
站住,李理你知道我最生气在哪吗
李理你知道我最生气在哪吗,有什么事你从来都不解释
有用吗,有没有用这不是你说了算的
有没有用这不是你说了算的,再说了
再说了,要走也是我先走
要走也是我先走,凭什么你先走
凭什么你先走,上次就让你跑了是吧
小北 那我这事你答应吗,我考虑再说
你答应吧 小北,喂
喂,小北
小北,你过来医院陪陪我好无聊
你过来医院陪陪我好无聊,我睡不着一个人
我睡不着一个人,我现在没时间
我现在没时间,樊斌又喝多了
樊斌又喝多了,又喝醉了
又喝醉了,他老喝醉吗
他老喝醉吗,也不是经常就这两天
也不是经常就这两天,他为什么要喝醉
他为什么要喝醉,是不是觉得婚姻不幸
是不是觉得婚姻不幸,有可能
有可能,要不然你过来问问他
要不然你过来问问他,我才懒得管你们的破事
我才懒得管你们的破事,小北
小北,你说
你说,成晓峰有没有女朋友
成晓峰有没有女朋友,我哪看得出来
我哪看得出来,不过就他那样的
不过就他那样的,估计不能被剩下来
估计不能被剩下来,你不会打算真把他培养成你未来孩子的爹
你不会打算真把他培养成你未来孩子的爹,不是打算 已经决定了就他了
不是打算 已经决定了就他了,得了吧
得了吧,你还是老老实实相亲去
你还是老老实实相亲去,你才去相亲
你才去相亲,我现在一看见成晓峰就高兴
我现在一看见成晓峰就高兴,你说我得多喜欢一个人才会这样
你说我得多喜欢一个人才会这样,万一人家有女朋友呢
万一人家有女朋友呢,有女朋友可以公平竞争
有女朋友可以公平竞争,你当初还说王媛喜欢彭永辉不道德
你当初还说王媛喜欢彭永辉不道德,你忘了
你忘了,那能
那能,一样吗
一样吗,彭永辉没离婚
彭永辉没离婚,我们家成成连婚都没结
我们家成成连婚都没结,以后你们可以管他叫准爸
以后你们可以管他叫准爸,樊斌好像吐了
樊斌好像吐了,我过去看看先不跟你说了
我过去看看先不跟你说了,明天一早医院 你过来
明天一早医院 你过来,我跟你商量人事大计
我跟你商量人事大计,你今天怎么起那么早
你今天怎么起那么早,我早就起来
我早就起来,今天我们家成成早班
今天我们家成成早班,都你们家成医生了
都你们家成医生了,看来你跟刘炎彻底没戏了
看来你跟刘炎彻底没戏了,当然了
当然了,你不觉得他长得像根铅笔吗
你不觉得他长得像根铅笔吗,型号
型号,2b
2b,你确定成医生喜欢残疾人
你确定成医生喜欢残疾人,我决定用实际行动征服他
我决定用实际行动征服他,用一个星期的时间化同情为爱情
用一个星期的时间化同情为爱情,我从来没
我从来没,听说过同情能变化成爱情的
听说过同情能变化成爱情的,你懂什么 周小北
你懂什么 周小北,王媛今天也去北京
王媛今天也去北京,是吗
是吗,他也今天走我问问他
他也今天走我问问他,吃一个
吃一个,甜不甜
甜不甜,好吃你就多吃点就给你们买的
好吃你就多吃点就给你们买的,你跟成医生是不是特别熟
导致我们院里好多女孩都喜欢他呢,特别正派
特别正派,他有没有女朋友都不知道还特别正派
不过有一回我当时在医院门口看见有个女孩在等他下班,真的 好不好看
我们在背后都说他土,你不懂这种传统男人最优秀了
你不懂这种传统男人最优秀了,而且很稀有
而且很稀有,比熊猫还稀有
你是不是就喜欢比熊猫还稀有的呀 文静姐,我喜欢熊猫眼
我喜欢熊猫眼,行了
行了,来 抱着 一会跟他们分着吃
来 抱着 一会跟他们分着吃,他一会还来吗
这个点他跟别人换班了,你还不快走
你还不快走,这么正派的人
这么正派的人,一会该说你了
谢谢文静姐,别客气了
别客气了,明天还有
不好意思,成医生
成医生,我腿疼
怎么又疼了,我也不知道为什么老疼
我也不知道为什么老疼,你看我在这吧 无依无靠
你看我在这吧 无依无靠,也没人照顾我
也没人照顾我,晚上在这种地方睡觉真的好恐怖
你怎么不给家里人打个电话,没法给他们打电话
没法给他们打电话,他们会很担心的
他们会很担心的,这么多年了
这么多年了,我一直都是报喜不报忧的
挺孝顺的,我能不能去你办公室聊会天
我能不能去你办公室聊会天,不方便
不方便,说会话
说会话,我腿疼走不了
来,谢谢啊
你坐这来,坐这
坐这,我坐这合适吗
慢点,好
回去好好休息就可以了,这么快
没住够,人都说伤筋动骨150天
人都说伤筋动骨150天,我这好像也好的也太快了点了
然后千万记住不能让他再受伤了,要不我再多住两
要不我再多住两,两天
两天,实在不行再拍个X光 ct什么的
我还真没见过像你这么爱住院的病人,主要是你们医院真太好了
主要是你们医院真太好了,尤其是医生对病人真的是太好了
我去跟护士交代点事情,好好你快回来
请进,我来还你的书
这么快就看完了,对 我
对 我,我这人看书比较快
请坐,谢谢
还没好,还行好多了
你找我有什么事情,一个人太闷了
一个人太闷了,找个人说说话
想出院了,不是
不是,不是不是
我这书可全都被你看完了,我最近有点情感的困扰
我最近有点情感的困扰,想跟你聊聊
怎么了,我爸今天又给我打电话了
我爸今天又给我打电话了,催我去相亲
催我去相亲,你说这事 你对相亲怎么看
因为我跟我女朋友就是家里人介绍认识的,是吗
是吗,你们在一起几年了
现在还处于互相了解的阶段,挺好
挺好,没有
没有,我就说那个 对
我就说那个 对,挺好的
挺好的,你谈过几次恋爱
你谈过几次恋爱,是不是问的太多了
两三次,那你有没有过那种一见钟情的感觉
那你有没有过那种一见钟情的感觉,你肯定有过 就那种
你肯定有过 就那种,见到一个人的时候怦然心动
见到一个人的时候怦然心动,你见到他的时候就开心
你见到他的时候就开心,你见不到他的时候就闹心
你见不到他的时候就闹心,有没有过
因为我属于那种比较慢热型的,你喜欢那种小鸟依人的女孩
男人十有八九应该都喜欢这种类型,我也觉得
你问问这么多干嘛,增进一下了解吗
增进一下了解吗,解解闷 行 你先忙
解解闷 行 你先忙,我不打扰你工作
我不打扰你工作,走了 这房间挺热
走了 这房间挺热,你都出汗了
你都出汗了,我走了
我走了,走了
你慢点,没事这有
没事这有,什么
什么,回头有什么好书
回头有什么好书,再给我看啊
我跟你说那个男的肯定喜欢你,怎么可能
肯定没错的,得了
你看他那眼神对你多紧张,那是因为我们是很多年的朋友
这个紧张跟朋友跟这一点关系都没有,你就是说破天我也不相信
我试给你看,怎么试
他的一个朋友是公关的,最近工作室生意怎么样
每天都有人来咨询,小丽呢
小丽呢,好几天没见他了
可能是出去拉个单子了,你没事也别老看我了
你没事也别老看我了,没事就在工作室待着
没事就在工作室待着,这段时间辛苦你跟小丽了
这段时间辛苦你跟小丽了,回头给你们发奖金
来赶紧我看看你腿伤成什么样了,你就来一整这套干什么还不如折现
你就来一整这套干什么还不如折现,你怎么知道我病了
然后我告诉他的,多嘴
我弄死他,谁都不怪 怪我
谁都不怪 怪我,我把自己当女钢铁侠了
我把自己当女钢铁侠了,横穿马路来着
那也得怪马路,你
你,帮亲不帮理的也别太过分了
你这恢复的怎么样,挺好的
挺好的,本来也就没什么大碍
这老爷子得多心疼,没告诉他 好几天没回家了
这家里人多担心,老黄这操心的事还真挺多
我都想替你躺着,老黄
老黄,我发现你这人忒不实在
我发现你这人忒不实在,你不就想问我前一阵你告诉我那生意我有没有问过我们家老爷子吗
你不就想问我前一阵你告诉我那生意我有没有问过我们家老爷子吗,你直接问我不就完了吗
你直接问我不就完了吗,拐弯抹角的累不累
小事,我帮你问了
我帮你问了,老爷子跟我说该打的招呼都打过了
老爷子跟我说该打的招呼都打过了,应该是没问题
应该是没问题,你就等信吧
听说你们工作室小丽挺能干,那是 你也不看是谁一手调教的
但好像不是你们工作室的事,看错人了吧
能自己管还就得自己管,我调教的人我放心
那是,你去吧玩吧
咱们俩聊聊,不行
不行,领导 你就放过我
领导 你就放过我,我现在真的巨困
我现在真的巨困,我现在就想回家好好睡觉
明儿早走吧,我要是不去呢
一杯一杯,说什么事
不能请你喝点东西,李理
李理,我现在真的特别困
我现在真的特别困,我一沾枕头就能着
我一沾枕头就能着,有事你快点说
我还会和你说那些话,我明白
我明白,哥们义气
跟樊斌没关系,那跟谁有关系
我也不想让你,行了
行了,李理 我知道你对我特关心 我领情
李理 我知道你对我特关心 我领情,可这事儿已经过去了
可这事儿已经过去了,我也不想再提起来了
那你,我毕竟跟樊斌都结婚了
我毕竟跟樊斌都结婚了,你这事老放心上合适吗
你这事老放心上合适吗,要不咱俩喝点
要不咱俩喝点,我祝你万事如意
祝你新年快乐,新年都还没有
新年都还没有,到呢
怎么了,我祝你生日
我祝你生日,生日快乐
生日快乐,李理
李理,你怎么还不找女朋友
不急 急什么真是,不急
不急,你都多大了还不急
你别 严肃点 你干嘛,你不是一直把我当男的看吗
你不是一直把我当男的看吗,吗
什么,别拿我打岔我告诉你 拿我打什么岔
别拿我打岔我告诉你 拿我打什么岔,等着
等着,回头我就给你介绍一个合适的
你慢点,人刘炎不就来看你吗
人刘炎不就来看你吗,你至于对人发那么大火吗
你至于对人发那么大火吗,看我 他也不挑个时候 成成马上就上班了
看我 他也不挑个时候 成成马上就上班了,万一让他误以为他是我男朋友
万一让他误以为他是我男朋友,我就前功尽弃了
我就前功尽弃了,不是
不是,你这不打算出院了
你这不打算出院了,不打算
不打算,成成一天不搞定
成成一天不搞定,我就一天不出院
我就一天不出院,你腿总得好吧
你腿总得好吧,好了我再一棍子把他打折
好了我再一棍子把他打折,你最没良心了
你最没良心了,那么长时间都不来看我
那么长时间都不来看我,闷死我了
闷死我了,我没良心
我没良心,我一下火车就来看你咱俩到底谁没良心
我一下火车就来看你咱俩到底谁没良心,不是
不是,你快跟我说说
你快跟我说说,你都是怎么对成医生展开攻势的
你都是怎么对成医生展开攻势的,可高级了
可高级了,我跟他借书来着
我跟他借书来着,借书
借书,这招挺高明的
这招挺高明的,难怪围城里说男人宁愿买书送给女人也不借书
难怪围城里说男人宁愿买书送给女人也不借书,这一借一还就有两次可以亲密接触的借口
这一借一还就有两次可以亲密接触的借口,而且还不着痕迹
而且还不着痕迹,这是男女恋爱必经的初步
这是男女恋爱必经的初步,一借书问题就大了
一借书问题就大了,钱钟书老先生很了解我
钱钟书老先生很了解我,我听说你有一个特别好的朋友叫万婕
我听说你有一个特别好的朋友叫万婕,怎么了
怎么了,这么好玩的朋友为什么不介绍给我认识你什么意思
这么好玩的朋友为什么不介绍给我认识你什么意思,估计你们俩合不来
估计你们俩合不来,为什么
为什么,人做公关的
人做公关的,做公关的怎么就不能高攀了
做公关的怎么就不能高攀了,我还名媛呢
我还名媛呢,虽然现在我只有一条腿
虽然现在我只有一条腿,我听说他又能喝酒又仗义
我听说他又能喝酒又仗义,简直就是一个隐居江湖的资深女侠
简直就是一个隐居江湖的资深女侠,这么好玩的朋友为什么不介绍给我认识
这么好玩的朋友为什么不介绍给我认识,你俩要是搁古代估计武林里会掀起一场血雨腥风
你俩要是搁古代估计武林里会掀起一场血雨腥风,估计武林盟主就是你俩的
估计武林盟主就是你俩的,没事
没事,等你腿好了
等你腿好了,我带你过去引见
我带你过去引见,说好了好吧
说好了好吧,我跟你说
我跟你说,最近我在医院都住出感情来了
最近我在医院都住出感情来了,等一会带你去参观一下
等一会带你去参观一下,你想不想去看解剖室
你想不想去看解剖室,可刺激了
可刺激了,走吧
走吧,我不去我熟
我不去我熟,你混的不错
你混的不错,怎么才混这几天
怎么才混这几天,全医院都认识你了
全医院都认识你了,我是干嘛的
我是干嘛的,名媛韩 社交女
名媛韩 社交女,主要是太无聊了
主要是太无聊了,坐会儿
坐会儿,来
来,小北
小北,刚才那病房里的女的你看见没有
刚才那病房里的女的你看见没有,我听说她老公年轻的时候吃喝嫖赌全占上了
我听说她老公年轻的时候吃喝嫖赌全占上了,还老打他
还老打他,那吃的苦就别提了
那吃的苦就别提了,现在一听说得癌了
现在一听说得癌了,她老公成天在病床前面转悠
她老公成天在病床前面转悠,赶都赶不走
赶都赶不走,一听说哪出新药了
一听说哪出新药了,开着车满世界找
开着车满世界找,一买回来马上冲到病房 一撕
一买回来马上冲到病房 一撕,老婆药来了快吃快吃快吃
老婆药来了快吃快吃快吃,是不错
是不错,就怕她还没活到
就怕她还没活到,她老公良心发现就给
她老公良心发现就给,气死了
气死了,你得意什么
你得意什么,你以为你们家樊斌能比他强多少
你以为你们家樊斌能比他强多少,这有什么的
这有什么的,我当年住院的时候
我当年住院的时候,樊斌天天在病床前守着
樊斌天天在病床前守着,不是端茶递水就是买饭买药比月嫂还强
不是端茶递水就是买饭买药比月嫂还强,是吗
是吗,那是当年 你现在再病一个试试
那是当年 你现在再病一个试试,我不病
我不病,你病不起
你病不起,那个女的你看见没
那个女的你看见没,你别看那么明显
你别看那么明显,还好
还好,你假装有事
你假装有事,我不是假装有事
我不是假装有事,我真有事
我真有事,什么事
什么事,我去见个导演
我去见个导演,我那剧本好像通过了
我那剧本好像通过了,真的太好了
真的太好了,我陪你去
我陪你去,你去不太方便
你去不太方便,我假装是你助理
我假装是你助理,你放心不到关键时刻我肯定不张嘴说话
你放心不到关键时刻我肯定不张嘴说话,我可不相信你的人品
我可不相信你的人品,当枪手
当枪手,走走 早说
走走 早说,白白浪费我那么多时间
白白浪费我那么多时间,我答应了
我答应了,为什么你疯了
为什么你疯了,我为什么不答应
我为什么不答应,这也是一个入行的机会
这也是一个入行的机会,连个署名都没有
连个署名都没有,你图什么 你贱呐
你图什么 你贱呐,我反正也是新人
我反正也是新人,也没什么代表作
也没什么代表作,就当练手了
就当练手了,周小北你没操守
你干嘛吓我一跳,等你啊
甜甜呢,送姥姥家去了
他不上学了,我要跟你谈谈
说,家你到底要不要了
我什么时候说过不要,你就做一个要的样子
这样 你告诉我我该怎么做,很简单
很简单,你就答应我几个条件就行了
你就答应我几个条件就行了,第一
第一,以后你所有的钱都归我管
以后你所有的钱都归我管,我不想要你那点可怜的生活费
可以我答应,第二 把那女的从公司开除 以后
第二 把那女的从公司开除 以后,不许跟他有一丁点联系
还是这点事,舍不得了吧
舍不得了吧,心疼了吧
心疼了吧,彭永辉
彭永辉,你的真面目终于暴露了
别发神经了,我要跟你离婚
我要跟你离婚,离婚
离婚,早想让我说这两个字
早想让我说这两个字,我跟你过了这么多年
我跟你过了这么多年,我给你养个孩子
我给你养个孩子,辛辛苦苦操持这个家
辛辛苦苦操持这个家,现在怎么着
现在怎么着,像我老了 人老珠黄了
像我老了 人老珠黄了,想一脚踹开是吧
想一脚踹开是吧,你的良心都让狗吃了
我不怕,离婚没那么容易
离婚没那么容易,我明天就告诉
我明天就告诉,甜甜 他爸死了
你混蛋,别动 我来 你别动
别动 我来 你别动,洗的干净呀
洗的干净呀,你还不相信我吗
你还不相信我吗,你就去看电视
你就去看电视,今天晚上乖乖的坐在那看电视
今天晚上乖乖的坐在那看电视,你今天怎么了
你今天怎么了,一条龙服务包你满意
一条龙服务包你满意,樊斌
樊斌,你看见遥控器了吗
你看见遥控器了吗,你在沙发底下看看
你在沙发底下看看,告诉你件事
告诉你件事,今天有人让我给他当枪手
今天有人让我给他当枪手,不会吧
不会吧,当枪手的活你也干
当枪手的活你也干,呵呵
呵呵,我这不刚入行吗
我这不刚入行吗,就当学习了
就当学习了,这是什么
这是什么,咱们家来人了
咱们家来人了,没有
没有,这是谁的
这是谁的,是不是
是不是,韩文静或者王媛落下的
韩文静或者王媛落下的,小北
小北,是这样的
是这样的,我是怕你误会
我是怕你误会,今天白天来了一个同事就上来坐了一会儿
今天白天来了一个同事就上来坐了一会儿,我跟他真的没什么真的
我跟他真的没什么真的,是谁的送去给别人的 当心人家等用
是谁的送去给别人的 当心人家等用,小北
小北,你别走
你别走,你听我说
你听我说,我跟他真的
你不必觉得内疚,你说彭永辉离婚娶王媛吗
你说彭永辉离婚娶王媛吗,怎么可能
怎么可能,以我对福尔摩斯的了解
以我对福尔摩斯的了解,如果彭永辉要跟他离婚的话
如果彭永辉要跟他离婚的话,福尔摩斯一定会先打断彭永辉的腿
福尔摩斯一定会先打断彭永辉的腿,然后再拿剪刀剪掉他搞婚外情的作案工具
然后再拿剪刀剪掉他搞婚外情的作案工具,放把火把家烧了一家三口同归于尽
放把火把家烧了一家三口同归于尽,火烧太监啊
火烧太监啊,火烧瘸太监
火烧瘸太监,怎么是瘸太监
怎么是瘸太监,腿打折了
腿打折了,真行
真行,你说这个世界上这么多男人
你说这个世界上这么多男人,王媛为什么非要在这一棵树上吊死
王媛为什么非要在这一棵树上吊死,你也是 胖子都比他们俩强
你也是 胖子都比他们俩强,小北
小北,咱们俩是怕王媛受伤害
咱们俩是怕王媛受伤害,所以总是跟他说胖子好
所以总是跟他说胖子好,胖子好
胖子好,其实胖子到底好不好
其实胖子到底好不好,咱们也不知道
咱们也不知道,胖子人挺好
胖子人挺好,他配不上王媛
他配不上王媛,是
是,可是他知道对王媛好
可是他知道对王媛好,最重要的他是单身
最重要的他是单身,比跟彭永辉在一起强
比跟彭永辉在一起强,樊斌带别的女人回家了
樊斌带别的女人回家了,我今天回家的时候在沙发底下发现一个钥匙扣
我今天回家的时候在沙发底下发现一个钥匙扣,粉红色的
粉红色的,他说有可能是你和王媛的
他说有可能是你和王媛的,我最讨厌粉红色了好吗
我最讨厌粉红色了好吗,撒谎都没智商
撒谎都没智商,王媛的 你信吗
王媛的 你信吗,我发现我现在越来越不了解樊斌了
我发现我现在越来越不了解樊斌了,我早就跟你说了
我早就跟你说了,樊斌就是一颗定时炸弹
樊斌就是一颗定时炸弹,指不定哪天就炸了
指不定哪天就炸了,现在终于炸了 男人
现在终于炸了 男人,不管是出轨还是出柜都一个德性
不管是出轨还是出柜都一个德性,打死不认账
打死不认账,就算是捉奸在床
就算是捉奸在床,也得说我是被迫的
也得说我是被迫的,你看错了重影了
你看错了重影了,人都带回家了
人都带回家了,就算是没上床
就算是没上床,心也在一个被窝里了
心也在一个被窝里了,离了吧
离了吧,你真行 周小北 当编剧
你真行 周小北 当编剧,给人当枪手
给人当枪手,结婚还给人当炮灰
结婚还给人当炮灰,刚起步吗
刚起步吗,不就没署名吗
不就没署名吗,以后会有的
以后会有的,现在变得好乐观
现在变得好乐观,是谁说自己是个悲观主义者
是谁说自己是个悲观主义者,其实我是一个悲观主义者
其实我是一个悲观主义者,别人看到是一个油炸圈饼
别人看到是一个油炸圈饼,我看到的是一个窟窿
我看到的是一个窟窿,这都谁说的
这都谁说的,油炸圈饼
回家,小北你去哪了
小北你去哪了,我都快急死了
我都快急死了,那你怎么没死
那你怎么没死,你听我解释
你听我解释,我跟他真的没什么
我跟他真的没什么,你不用解释了樊斌
你不用解释了樊斌,不是你错了
不是你错了,是我错了
是我错了,从结婚那天起我就错了
坐下,你没睡觉啊
上哪儿旅行,我去了一个
我去了一个,一个遥远的
一个遥远的,荒无人烟的地方
严肃点跟你说正经的,我很正经
眼睛还有没有我当爸爸的,有
有,我要是没有你这
我要是没有你这,当爸的 我就不去见那阿饼了
阿饼,你老人家给我介绍的相亲对象
见面以后感觉怎么样,他除了胖点丑一点
他除了胖点丑一点,脸大一点
脸大一点,傻一点
傻一点,买单抠门一点
买单抠门一点,以外 其他一切均好
配不上你,配得上 配得上
配得上 配得上,明天我就去跟他领证结婚好吧
明天我就去跟他领证结婚好吧,爸你可别再一宿一宿不睡觉了
爸你可别再一宿一宿不睡觉了,在我不在的这些日子里
在我不在的这些日子里,不知道多少个夜晚
不知道多少个夜晚,你是这样坐着过来的
你是这样坐着过来的,我多心疼
我多心疼,我发誓从明天开始
我发誓从明天开始,你说什么就是是什么
你说什么就是是什么,你让我什么时候结婚
你让我什么时候结婚,我就什么时候结婚
我就什么时候结婚,你让我什么时候生孩子
你让我什么时候生孩子,我就什么时候生孩子
我就什么时候生孩子,生不出来我给你抱一个 不对 媒妁之言
生不出来我给你抱一个 不对 媒妁之言,父母之命不敢违抗
父母之命不敢违抗,我睡觉了 困死了
我睡觉了 困死了,小北 小北
小北 小北,有话快说
有话快说,我想跟你聊聊
我想跟你聊聊,有什么聊吧
有什么聊吧,我还着急出门
我还着急出门,小北
小北,昨天的事我撒谎了
昨天的事我撒谎了,是我以前的一个朋友突然回国
是我以前的一个朋友突然回国,他看我来了
他看我来了,是叫蕊蕊
是叫蕊蕊,结婚当天你躲着我不肯回来
结婚当天你躲着我不肯回来,就是因为他 你当时跟我玩失踪
就是因为他 你当时跟我玩失踪,我忍了
我忍了,领证当天我看见他给你写的字条
领证当天我看见他给你写的字条,我又忍了
我又忍了,现在你把人都领回家了
现在你把人都领回家了,你还要我忍吗
你还要我忍吗,小北 我真的跟他没什么
小北 我真的跟他没什么,我知道了
王媛姐,你怎么来了
是想听听你的意见,好 这事我擅长 说
所以 所以他来找我倾诉来了,打住打住打住
打住打住打住,凡是以我有一个朋友开说的99.9%都是自己
我现在正在找工作,找着没有
有几个正选着,你说的人是谁
我是真不知道该怎么去安慰他了,还能思考
还能思考,还能觉得痛苦和折磨
还能觉得痛苦和折磨,那说明还没走到绝境
那说明还没走到绝境,真到了那一步
真到了那一步,哪有时间找人倾诉
哪有时间找人倾诉,脑子里就一个念头求生存吃饱饭
还没到吃不上饭的地步,那不就得了
那不就得了,越是这种时候越是痛苦
越是这种时候越是痛苦,就应该找一些平时生活习惯形成巨大反差的事情
就应该找一些平时生活习惯形成巨大反差的事情,在失败中尝尽苦头
在失败中尝尽苦头,以毒攻毒就当拓展训练了
哪有拿失败当拓展,杜威说过失败是具有教导性的
杜威说过失败是具有教导性的,一个懂得思考的人在失败和成功中的获取是一样多的
一个懂得思考的人在失败和成功中的获取是一样多的,西塞罗也说过
西塞罗也说过,一个不能在逆境中持重的人是脆弱的
一个不能在逆境中持重的人是脆弱的,尽管失败和挫折等待着人们一次又一次的夺走他们青春的容颜
尽管失败和挫折等待着人们一次又一次的夺走他们青春的容颜,但是却能给你的人生增添一份尊严
好好说话行吗,说白了 拓展就是自我折磨
说白了 拓展就是自我折磨,要么精神折磨
要么精神折磨,要么体力折磨
要么体力折磨,折磨了到头来回头一看我靠我这么能扛事
折磨了到头来回头一看我靠我这么能扛事,朱坚强
还能差到哪去,我怎么还是觉得你在说你自己
你要不信我有什么办法,我就是不信
Hello 樊斌呢,怎么 不让一个人来 怕我非礼你
今儿怎么你自己,我走了
周小北,干嘛
酒跟菜我都准备好了,这哪来的
托人从杭州带的,楼外楼的
前两天刚回来我让他买了点,打包带走
以后不敢一个人跟我喝酒了,我平声最大的弱点就讨厌别人威胁我
我平声最大的弱点就讨厌别人威胁我,我最恨激将法
我最恨激将法,别人要是激将我
别人要是激将我,明知道是火坑
明知道是火坑,我也得往里跳
肯定是你追的,放屁
放屁,你看的都是假象
你看的都是假象,樊斌特别会装
樊斌特别会装,他以前泡妞都一套以退为进
什么叫以退为进,你真想知道
你真想知道,我给你学一学
我给你学一学,他一般都是这样的
他一般都是这样的,我不在乎女孩子
我不在乎女孩子,我不需要婚姻
我不需要婚姻,我就享受现在的独身
我就享受现在的独身,因为我能我行我素
因为我能我行我素,我自由我用自由换取了孤独
要狠,对
要狠、稳、准、狠,李理 你不是说
李理 你不是说,你喜欢我吗
什么时候说的,在北京喝多那次
放心,这是文静啊
这是文静啊,我们俩是不是该考虑离婚的事了
我们俩是不是该考虑离婚的事了,离婚我不同意
离婚我不同意,你觉得现在我们俩过成这样有意思吗
你觉得现在我们俩过成这样有意思吗,反正我就是不同意
反正我就是不同意,你想想 想好了再说
周小北,来了
快点快点来不及了,周小北
周小北,你居然这么对我
你居然这么对我,我为了谁
我为了谁,这你都能忍
这你都能忍,你是忍者神龟吗
你是忍者神龟吗,你跟樊斌现在到底什么情况
你跟樊斌现在到底什么情况,冷战
冷战,还冷战
还冷战,都过成这样
都过成这样,为什么不离婚
为什么不离婚,今天不是周末吗
今天不是周末吗,好
好,我配合你
我配合你,你就当我没有来过
你就当我没有来过,我没有打开樊斌的电脑
我没有打开樊斌的电脑,没有看到他的上网记录
没有看到他的上网记录,一切都没有发生
一切都没有发生,什么都没有发生nothing
什么都没有发生nothing,你就消失吧
你就消失吧,好
好,你接着过你的狗日子
走吧,杨老师
这是 这么晚回来,我回来住一段
怎么就突然回来住了 樊斌呢,他出差去了
你们俩吵架了,没吵
没吵,他下午就出差去了
去哪了,去新疆了
去多久,怎么着也得个把月
去哪了,我让你盯着王媛你盯了吗
大姐我盯着,都怎么盯的
那是走哪盯哪,没发现他有什么不正常
没有 没发现哪不正常,她干嘛呢
除了有点心烦以外都正常,他还没找着工作
找一靠谱工作哪那么容易,要不是因为彭永辉
要不是因为彭永辉,王媛至于成现在这样吗
我跟你说我也是这么觉着的,少拍马屁
少拍马屁,我问你
我问你,王媛现在是有多心烦
王媛现在是有多心烦,是一般心烦还是特别心烦
很心烦,行
行,我知道了
我知道了,你忙你的吧
你干嘛呢,没干嘛
为什么把我通讯录里的所有联系人电话都删掉,删了就可以不用联系了
你什么意思,没什么意思
没什么意思,该联系你的自然会联系你不联系你的也不用联系
周芳 你简直是不可理喻,干嘛去呀
真的假的,回来一天了
回来一天了,为什么你不在昨天
我想问一下你做那家 每个月给多少钱,你说什么
我很想换一家,我不是保姆
对不起,没事儿
真对不起,甜甜
甜甜,今天在学校乖不乖
老师都表扬我,你今天画什么了
还有我,真棒
真棒,甜甜你觉得妈妈漂亮吗
妈妈最漂亮,真的吗
真的吗,那你见过吴芷言的妈妈
那你见过吴芷言的妈妈,你觉得我们两个人谁漂亮
他还会开车,你觉得妈妈穿什么漂亮
妈妈穿米老鼠的最漂亮了,甜甜
甜甜,等一会妈妈去接你好不好
等一会妈妈去接你好不好,现在跟妈妈去姥姥家好不好
现在跟妈妈去姥姥家好不好,好
好,真乖 走
真乖 走,趁我生病的时候把我所有的客户全部拉走了
趁我生病的时候把我所有的客户全部拉走了,这叫不仁 拉走了不跟我说一声
这叫不仁 拉走了不跟我说一声,这叫不义
这叫不义,这么多年了
这么多年了,我是怎么对他的
我是怎么对他的,没有我她能有今天
没有我她能有今天,你说这人怎么能这样 无情无义也就算了
你说这人怎么能这样 无情无义也就算了,连点最基本的职业道德都没有
连点最基本的职业道德都没有,ok
ok,就知道跟我厉害
就知道跟我厉害,有本事你找他算账去
有本事你找他算账去,窝里横
窝里横,我这不是
我这不是,不是觉得他可怜吗
不是觉得他可怜吗,行了
行了,这两年我也没看你管过工作室什么事儿
这两年我也没看你管过工作室什么事儿,都是小丽在忙前忙后的
都是小丽在忙前忙后的,你这甩手掌柜当的痛快
你这甩手掌柜当的痛快,人家自立门户也很正常
人家自立门户也很正常,怎么说他也是我一手带出来的
怎么说他也是我一手带出来的,越想越生气
越想越生气,行了
行了,别生气了
别生气了,以后多上点心
以后多上点心,没有他我也死不了
没有他我也死不了,算了 过两天再说
算了 过两天再说,还好最近我有更重要的事
还好最近我有更重要的事,什么事情
什么事情,你今天为什么不让我去你家找你
你今天为什么不让我去你家找你,我怕你打扰我创作氛围
我怕你打扰我创作氛围,还在写你的狗屁剧本
还在写你的狗屁剧本,闭关呢
闭关呢,我拭目以待
我拭目以待,小北周奥斯卡最佳女编剧
小北周奥斯卡最佳女编剧,快点啦
你自己去好了,你陪陪我 我从来都没买
你陪陪我 我从来都没买,买过淑女的衣服
你为什么要买淑女的衣服,因为我觉得成晓峰可能会喜欢我淑女的样子
我在这坐着等你好吗,你陪陪我嘛
你陪陪我嘛,帮我出主意也好
听话乖拜拜,王媛你就不能 那你就是待着哪也不去好吗
王媛你就不能 那你就是待着哪也不去好吗,我一会回来找你
我不会到大马路上自杀的,你以为我真的是只想陪你逛街吗
你以为我真的是只想陪你逛街吗,真巧
真巧,我本来就想找你出来谈谈
也许男人也觉得不了解女人呢,那你了解他吗
那你了解他吗,我今天又和彭永辉吵架了
我对你们两个人的事不感兴趣,这是我们两个人的事情
这是我们两个人的事情,可是如果不是因为你 我们会吵架吗
可是如果不是因为你 我们会吵架吗,我知道 你想让我跟彭永辉离婚
我知道 你想让我跟彭永辉离婚,可是我劝你还是趁早死了这条心吧
而且一直以来我都没有向他提过任何要求,你有也好
你有也好,没有也好无所谓
没有也好无所谓,我告诉你
我告诉你,彭永辉是不会离婚的
彭永辉是不会离婚的,哪怕他只是为了孩子
我对你们两个人的事不感兴趣,我为了彭永辉
我为了彭永辉,为了这个家庭放弃了所有的一切
为了这个家庭放弃了所有的一切,包括我自己
包括我自己,可是到头来我才明白这种放弃对于一个家庭来说不是一种帮助
可是到头来我才明白这种放弃对于一个家庭来说不是一种帮助,而是一种毁灭
而是一种毁灭,你知道吗
你知道吗,从前就算我们两个吵架
从前就算我们两个吵架,我也能感觉到彭永辉是心疼我的
我也能感觉到彭永辉是心疼我的,是爱我的
是爱我的,可是现在就算我们俩不吵架
可是现在就算我们俩不吵架,有的时候我也害怕他那种眼神充满了厌恶
有的时候我也害怕他那种眼神充满了厌恶,嫌弃
嫌弃,我一想到那种眼神
我一想到那种眼神,我心里就一阵一阵的发冷
我心里就一阵一阵的发冷,你别得意
你别得意,你如果是你嫁给了彭永辉
你如果是你嫁给了彭永辉,时间久了
时间久了,日子长了
日子长了,结果都是一样的
结果都是一样的,所以我想告诉你的就是我绝不会轻易放弃彭永辉
所以我想告诉你的就是我绝不会轻易放弃彭永辉,我誓死都会保护家庭
我誓死都会保护家庭,好
好,你坐着吧
你坐着吧,我走
再见,还是不要再见了
还是不要再见了,因为我已经把你的电话从他的号码本里删除了
因为我已经把你的电话从他的号码本里删除了,也希望你不要再跟他联系
也希望你不要再跟他联系,脸色为什么那么差
买了吗,买了
就买了一套,我能放心你一个人在这吗
我能放心你一个人在这吗,我淑不淑女
你衣服挺淑女的,你们怎么还没睡
你跟樊斌是不是吵架了,你们就为这事
我跟你爸都不放心,没有 没吵
没有 没吵,我们俩感情可好了
我们俩感情可好了,我想跟他吵
我想跟他吵,他都不跟我吵
他都不跟我吵,老是让着我 我打
老是让着我 我打,他都不跟我吵
这都连续喝了好几天了,你不是之前说 你一个人在家闷
你不是之前说 你一个人在家闷,让我回来陪陪
这么大酒味,陪陪你
陪陪你,然后我一个人就过来陪陪你
然后我一个人就过来陪陪你,想着写剧本
想着写剧本,怎么了
怎么了,你现在开始嫌我烦了
让他自己跟我说,他刚才给我打电话
他刚才给我打电话,那么晚了
那么晚了,估计是睡了
估计是睡了,呃
呃,叫起来 问个明白
叫起来 问个明白,快来尝一尝我亲手为你煲的汤
好谢谢,赶快尝一尝
赶快尝一尝,尝尝快尝尝
尝尝快尝尝,好不好喝
好喝,你别停
你别停,你接着喝 汤凉就不好
你接着喝 汤凉就不好,好喝了
好喝了,你说你天天加夜班
你说你天天加夜班,对身体多不好得补一补是吧
谢谢你,好喝就行
以后不用总给我来送汤了,你嫌稀呀
我不太好意思,没事
今天主要跟你说说你跟樊斌的事,王媛告诉你的吧
重要的是出了问题怎么解决,好
好,我听着你说
你说这能说明什么问题,对于胖子的言论
对于胖子的言论,我不置可否 抛弃我对他信不信任的因素
我不置可否 抛弃我对他信不信任的因素,我觉得樊斌最不切实际的一点就是在我们的感情世界里
我觉得樊斌最不切实际的一点就是在我们的感情世界里,他一直扮演的角色是一个30来岁的婴儿
他一直扮演的角色是一个30来岁的婴儿,人越大
人越大,生活中产生惊喜的可能性就越小
生活中产生惊喜的可能性就越小,即使是那些忽略时光
即使是那些忽略时光,忽略皱纹
忽略皱纹,忽略一切自然条件不想长大的琼瑶式人物
忽略一切自然条件不想长大的琼瑶式人物,也很难每时每刻真正相信自己只有16岁
也很难每时每刻真正相信自己只有16岁,不过樊斌可以
不过樊斌可以,总的来说这是一个心境问题
总的来说这是一个心境问题,对于樊斌来说
对于樊斌来说,直接追随自己最本能的情感走向就够了
直接追随自己最本能的情感走向就够了,仔细想想也未尝不是一种
仔细想想也未尝不是一种,幸福
咱都往后看,从前圣者克里斯多夫背着一个孩子渡河 那个孩子非常沉重
从前圣者克里斯多夫背着一个孩子渡河 那个孩子非常沉重,他历经千辛万苦终于到达彼岸
他历经千辛万苦终于到达彼岸,克里斯多夫问
克里斯多夫问,孩子你叫什么名字
孩子你叫什么名字,为什么那么沉重
为什么那么沉重,孩子说我是未来的日子
成 我说了半天对牛弹琴了,就这样你也听不懂
就这样你也听不懂,算了
算了,别说我了
别说我了,说说你跟王媛
我们约好了每天早上一块跑步,胖子你知道吗
胖子你知道吗,其实我一直特别羡慕那些从父母身边出来就直接投奔到一个好学校
其实我一直特别羡慕那些从父母身边出来就直接投奔到一个好学校,从一个好学校出来就直接投奔到一个好丈夫怀里的女人
从一个好学校出来就直接投奔到一个好丈夫怀里的女人,他们没吃过什么苦
他们没吃过什么苦,也没受过太大委屈
也没受过太大委屈,对社会上的黑暗面看的多
对社会上的黑暗面看的多,经历的少
经历的少,单纯的近乎幼稚
你说的反话吧,没有
没有,我是说真的
我是说真的,其实我在想要是我能决定
其实我在想要是我能决定,我希望他们一辈子都别谈恋爱
我希望他们一辈子都别谈恋爱,永远怀着向往跟敬畏的心情
永远怀着向往跟敬畏的心情,停留在美好爱情的憧憬
停留在美好爱情的憧憬,永远都别出来
永远都别出来,不用说想想我已然都这样了
不用说想想我已然都这样了,干脆放过王媛
干脆放过王媛,跟韩文静 有什么事都冲我来吧
破罐子破摔吗,你也觉得我是破罐子
你也觉得我是破罐子,我也觉得我是破罐子
我也觉得我是破罐子,要不咱们改天摔摔吧
彭永辉彭总是他找我极力推荐的,回来了
回来了,没准备你的饭
没准备你的饭,我也不知道你哪天回来
其实我也不知道我哪天该回来,你什么意思
就这个意思,你说你三四天才回来
你说你三四天才回来,然后一个电话都没有
然后一个电话都没有,回来就摆副臭脸
回来就摆副臭脸,你给谁看呢你
你知道你给我添了多少麻烦吗,找回来了吗
你正常人,有事要问你
有事要问你,彭永辉给你介绍工作
彭永辉给你介绍工作,为什么不去
你干嘛这么看着我,我就觉得人活在世上真挺不公平的
我就觉得人活在世上真挺不公平的,胖子那么对你 你估计都比不上彭永辉在你心里的地位
你怎么可以这样说,难道我说的不对吗
难道我说的不对吗,你心里要是没什么的话
你心里要是没什么的话,你不就去了吗
但是该怎么做是另一回事儿,我就是不想看你受委屈
我点是吧,妈我出去一下
人可是个风风火火的,他就那样 多动症
整天的不着家,还是有点区别的
还是有点区别的,晚上等我吃我一会就回来了
你好,你好
请问你是 你找我有什么事吗,我知道
我知道,我打电话约你见面
我打电话约你见面,挺唐突的
挺唐突的,我是成晓峰的前妻
我是成晓峰的前妻,你不知道他结过婚
我不知道,怎么样
怎么样,我演的怎么样
我演的怎么样,太不错了
太不错了,愤怒、悲伤
愤怒、悲伤,各种情绪被表现得淋漓尽致
各种情绪被表现得淋漓尽致,看他表情了没
看他表情了没,看见 人孩子脸都吓白跑了
看见 人孩子脸都吓白跑了,你说我是不是太过分了
你说我是不是太过分了,你也知道啊
你也知道啊,这回他们俩是不是要分手呗
这回他们俩是不是要分手呗,你跟樊斌最近怎么样了
你跟樊斌最近怎么样了,还是不死不活的
还是不死不活的,要么你死我活
要么你死我活,要么不死不活
要么不死不活,还能怎么样
还能怎么样,王媛都跟我说了
王媛都跟我说了,最近一段时间你都在你妈家住着
最近一段时间你都在你妈家住着,是不是
是不是,实在是不想回家住
实在是不想回家住,你总在你妈家住着能成吗
你总在你妈家住着能成吗,逃避解决不了问题
逃避解决不了问题,算了先不说这些了
算了先不说这些了,你送我回去吧
你送我回去吧,我不能送你
我不能送你,这么急找我干嘛
这么急找我干嘛,怎么 新公司干的不顺利
是胖子的事,胖子
胖子,胖子得罪你了
昨天突然告诉我说找着了,可怜的胖子
可怜的胖子,他给你找什么工作 好不好
一个小公司的销售经理,是不如你现在的工作
我总不能说不干,我觉得胖子现在全身心全扑你身上了
我觉得胖子现在全身心全扑你身上了,可怜的胖子
可怜的胖子,胖子
我是真觉得挺对不住他的,放心没事
放心没事,我待会就去劝劝他
我待会就去劝劝他,安慰他
让他这么费心,你干嘛这么说
你干嘛这么说,谁还没
谁还没,一个需要帮助的时候
是谁都需要帮助,怎么了
怎么了,给人王媛介绍工作人没去
给人王媛介绍工作人没去,特伤心
钱也很受伤,钱受什么伤
宰的我肉都疼,行了
行了,别生气了
别生气了,等王媛有了钱
等王媛有了钱,让他给你报销
你知道吗,我特别能理解
我特别能理解,但估计王媛心里也不好受
他跟你说什么了,他就说你给他介绍工作
他就说你给他介绍工作,他特别感动
他特别感动,后来也没去成
后来也没去成,他觉得特别对不起你
那他真的很感动,当然人心都是肉长的
当然人心都是肉长的,能不感动吗
有时候我老感觉离王媛很远,谁让你喜欢王媛了
谁让你喜欢王媛了,我告诉你王媛可不是那种两三天就能追到手的姑娘
我告诉你王媛可不是那种两三天就能追到手的姑娘,你要是想追他就得一直对他这么好
你要是想追他就得一直对他这么好,他也许有一天就会感动
这可是你说的我记住了,这么快就不受伤了
如果下次 你看我这乌鸦嘴,我告诉你胖子你别好了伤疤忘了疼
我告诉你胖子你别好了伤疤忘了疼,这次这么好的事都让你给岔过去了
这次这么好的事都让你给岔过去了,下次有什么事提前跟人沟通一下
下次有什么事提前跟人沟通一下,知道吗
这样你请我吃饭补偿我一下,凭什么我请
为什么不能你请,你见过有女的请男的的吗
文静,你也在这吃饭 好巧
女孩子就是那么爱面子,我在这等一个朋友
送给你,你要干嘛
从今天开始我再也不会让你离开我,你不会是要跟我求婚吧
我就是要向你求婚,你别给我跪下
嫁给我,你今天吃了雄心豹子胆了 你
让周小北告诉我说咱俩今天在这见面,周小北
周小北,你死定了
但是与你无关,跟我无关是吧
跟我无关是吧,我走了
我爱你,樊斌 你在这干嘛呢
樊斌 你在这干嘛呢,我在这瞎逛
我在这瞎逛,有什么好瞎逛的还不赶紧回家
有什么好瞎逛的还不赶紧回家,小北这几天跟你在一起吗
小北这几天跟你在一起吗,在一起吗
在一起吗,他在哪你不知道
他在哪你不知道,我不知道
我不知道,真行
真行,你们做男人的就应该主动一点
你们做男人的就应该主动一点,我怎么主动
我怎么主动,他都不理我
他都不理我,电话都不接
电话都不接,他是你老婆
他是你老婆,再说女人有点脾气不是应该很正常吗
再说女人有点脾气不是应该很正常吗,他前两天还跟我埋怨说你不去看他
他前两天还跟我埋怨说你不去看他,真的
真的,他其实早就想跟你和好了
他其实早就想跟你和好了,亲口跟我说的
亲口跟我说的,你想他一怒之下回了娘家
你想他一怒之下回了娘家,怎么可能一个人灰溜溜的再回来
怎么可能一个人灰溜溜的再回来,所以你得主动点去把他接回来
所以你得主动点去把他接回来,给他个台阶下
给他个台阶下,在这晃来晃去
在这晃来晃去,能把他给晃回来
能把他给晃回来,你赶紧去把他找回来
你赶紧去把他找回来,再不找回来不知道干出多少荒唐事呢
再不找回来不知道干出多少荒唐事呢,我先走了
我先走了,妈 做饭哪
妈 做饭哪,樊斌什么时候来的
今儿回来你都给忘了,这两天事太多忘了
我想带他到医院检查一下 你有认识的医生吗,韩文静不是认识成晓峰吗
再说我想去大一点的医院,对了
对了,我妈有个老同学在医院
我妈有个老同学在医院,要不然我帮你问问
要不然我帮你问问,看能不能约个专家
看能不能约个专家,对
对,还是把他带过来检查一下
还是把他带过来检查一下,比较放心一点
忙什么 最近,忙着从事文艺工作
成果怎么样,目前看来还不错
恭喜,那一天的事不好意思
什么事不好意思,就趁你喝多了对你进行骚扰
我又拖地忙一晚 累死我了,我没干什么别的缺德的事
以后叫你周三吐吧,你今天约我出来就是为了讨伐我
帮我看看,有参谋费吗
干洗费抵了,就这个
不 这个颜色有点张扬,不是你让我选的吗
不是你让我选的吗,我觉得红色挺好的
我觉得红色挺好的,特别适合你的气质
特别适合你的气质,闷骚的气质
你跟樊斌怎么样,关你啥事
一会哥们带你兜一圈,无事献殷勤
无事献殷勤,非奸即盗
减少社会自杀率,行吧
行吧,那就给你个面子
那就给你个面子,待会儿送我去超市
是不是有什么心事,没有
没有,我突然想起你在北京跟我说的那段话
我突然想起你在北京跟我说的那段话,与其双方痛苦
与其双方痛苦,不如让对方痛苦
我说的可是结婚之前,有什么不一样吗
当然不一样,哪不一样
你问我我说不清楚,你把我放在前头路口
一个大小伙子又不会照顾人,还没睡
还没睡,看什么报纸
看什么报纸,天天的看报纸
天天的看报纸,老公
老公,你看看我这新面膜怎么样
你看看我这新面膜怎么样,贴合度怎么样
贴合度怎么样,干嘛你至于吗
干嘛你至于吗,你说我跟你说句话真够费劲
你说我跟你说句话真够费劲,我前两天办了个美容卡
我前两天办了个美容卡,我一直在做美容
我一直在做美容,我觉得
我觉得,皮肤最近特别好
皮肤最近特别好,你给我看看怎么样
你给我看看怎么样,你爱他是吧
我爱谁,行了
行了,你别跟我装了
你别跟我装了,工作都给人找了
工作都给人找了,你以为我不知道
不是什么过分的事情,朋友
朋友,你怎么不说给我找份工作
明天我就给你找工作,我怎么就干不了
我怎么就干不了,你默认了吧
我默认什么,彭永辉
彭永辉,你不用这种口气跟我说话
你不用这种口气跟我说话,我不想跟你吵架
你看看你 你这分明是要找我吵架,我就想要你
我就想要你,实话
什么实话,我想要你句实话就这么难吗
我的实话就是这么过日子太没劲了,你干嘛去
请问您办理什么业务,汇款
请问收款方您认识吧,认识 我朋友
欢迎您再次光临,好
好,你还为你爸你妈生生气呢
你还为你爸你妈生生气呢,你干嘛来了
你干嘛来了,就为了问我这事
就为了问我这事,出大事了
出大事了,王媛她妈得淋巴癌了
王媛她妈得淋巴癌了,真的
真的,当然真的
当然真的,淋巴癌啊
淋巴癌啊,这可是花钱的病
这可是花钱的病,我身上不多 你要有就多给王媛打点
我身上不多 你要有就多给王媛打点,你爸你妈真要离婚了
你爸你妈真要离婚了,废话
废话,老头立马就搬了出去 净身出户
老头立马就搬了出去 净身出户,我总觉得老爷子突然这么做有点说不过去
我总觉得老爷子突然这么做有点说不过去,有什么说不过去的
有什么说不过去的,老了还第二
老了还第二,春了
春了,不是
不是,你想想你爸这么毫无征兆的第二春
你想想你爸这么毫无征兆的第二春,你觉得可能吗
你觉得可能吗,就没有从生活中的蛛丝马迹中找到一点线索
就没有从生活中的蛛丝马迹中找到一点线索,比如说突然会玩微信了
比如说突然会玩微信了,锻炼的时间明显比以前长了
锻炼的时间明显比以前长了,即使鬼迷心窍
即使鬼迷心窍,也不至于这么短
也不至于这么短,不至于什么
不至于什么,我看他就是鬼迷心窍
我看他就是鬼迷心窍,贼心不死
贼心不死,抛弃妻子
抛弃妻子,那就丧失理智了都
那就丧失理智了都,哪有这么说自己亲爸的
哪有这么说自己亲爸的,你妈呢
你妈呢,走了
怎么 怎么是你,我和我爸我妈吵架了
我和我爸我妈吵架了,他们把我轰出来了
他们把我轰出来了,我无家可归了
我无家可归了,我能不能在你这借宿两晚
但是你住在我这确实也不太方便,你就把我当成你的病人
你就把我当成你的病人,好人做到底
好人做到底,你看这么晚了
你看这么晚了,不能让我露宿街头
不能让我露宿街头,我求求你
我求求你,求求你 就几个晚上
韩文静,早上好
我准备上班去了,是吗
是吗,祝你一路平安
那你呢,你不是要轰我走吧
钥匙我留了一把在茶几上,多不好意思
那我先走了,行等你回来
我这就去,效率够快
效率够快,快什么 我们俩的关系进入瓶颈期了
快什么 我们俩的关系进入瓶颈期了,我住这个屋
我住这个屋,什么情况
什么情况,你俩室友
你俩室友,我是不是很失败
我是不是很失败,不怪我
不怪我,他这人太传统了
他这人太传统了,什么都不明白
什么都不明白,你做 我们俩在一起讨论的所有跟流行有关的话题只有一个
你做 我们俩在一起讨论的所有跟流行有关的话题只有一个,你知道是什么吗
你知道是什么吗,什么
什么,流行性感冒
流行性感冒,可以的
这么高兴 还不让看,秘密邮件 你吃饭了没
我还真有点饿了,那我请你吃饭
我哪好意思让你请我吃,你可以请我
也不想动了,那
瞎客气啥呀,你看什么看赶紧吃
你看什么看赶紧吃,你不去看你妈了
这少来 你不就想早点回家 早点回去看你的成成,就你懂我
就你懂我,讨厌
有的还有了新妈妈,小唐唐
快进来,真不错
真不错,当上医生了
你来医院干什么,我有一个特别好的朋友
我有一个特别好的朋友,他妈妈在这住院
他妈妈在这住院,我过来看看他
我过来看看他,结果一进门老太太不乐意了
结果一进门老太太不乐意了,想住个单间
想住个单间,你有没有办法
病房紧张,都说紧张
都说紧张,我知道你肯定有办法
我知道你肯定有办法,下班以后咱俩去吃个饭我请客
吃饭就不用了,你说什么
我说吃饭以后再说,你拒绝我
晚上还得回去陪他,终于找女朋友了
终于找女朋友了,太不容易了
挺投缘的,恭喜你
恭喜你,好好处
好好处,房间的事儿你还是受累帮我解决一下
这样我给你调个双人间,谢谢你
爸爸是不是不要我们了,你别胡说
你别胡说,爸爸怎么可能不要我们
你会跟谁住,爸爸真的怎么问你
妈妈你真的要跟爸爸离婚吗,吃饭
房子车公司都不属于夫妻共同财产,什么意思
大部分财产将不属于您,可是他是搞外遇
可是他是搞外遇,我才要跟他离婚的
他愿意亲口承认他是过错方吗,怎么可能
怎么可能,我要一跟他说
我要一跟他说,他就不承认了
我正在公司跟客户谈事了,我有话跟你说
什么话不能下班回家再说,我要你亲口承认
我要你亲口承认,你跟王媛有不正当的男女关系
我没有跟任何人发生过不正当的男女关系,不好意思了是吧
不好意思了是吧,行
行,我换个说法
我换个说法,我要你亲口承认
我要你亲口承认,你跟王媛有婚外情
你别无中生有好不好,谁无中生有了
谁无中生有了,你不是想离婚吗
你不是想离婚吗,我给你个机会
我给你个机会,你现在想清楚你到底说不说
给我 那是什么,干什么呀你
干什么呀你,你不是想离婚吗
你不是想离婚吗,我成全你
我希望你可以从我家离开,我回来了
我回来了,我去医院了
你生病了,我一个好朋友的妈妈生病了
我一个好朋友的妈妈生病了,我去看看他
行了,小北
小北,你改得怎么样
你改得怎么样,是不是一夜没睡
是不是一夜没睡,还算顺利
还算顺利,你起来了
你起来了,快过来吃早餐
这不会又是你做的,你想的美
手术费是不是很贵,小北
小北,你在哪呢
你在哪呢,我在北京写剧本
我在北京写剧本,那你什么时候回来
那你什么时候回来,明天吧 改完就回来
明天吧 改完就回来,怎么了
怎么了,有事啊
有事啊,没事
没事,我就随便问问
我就随便问问,你写吧 我就不打扰
你写吧 我就不打扰,明儿见
在这里客人永远是对的,晓雯
姐姐不打扰你吧,不打扰
不打扰,进来吧
你写的可真快,杨总怎么说
我们俩都挺满意的,太好了
太好了,晓雯 你找我有事
我想跟你聊聊,行
行,那你坐吧
你一定有些看不上我,为什么会这么说
你是不是觉得像我这么小的年纪就这么豁得出去,我有一个好朋友他也在北京
我有一个好朋友他也在北京,不过不是你娱乐圈的
不过不是你娱乐圈的,他的情况跟你有些像
他的情况跟你有些像,不过我从来没有觉得看不起他
不过我从来没有觉得看不起他,甚至有些时候我觉得我挺崇拜他的
甚至有些时候我觉得我挺崇拜他的,说白了现在的人都是用自己的某一部分在和别人的某一部分在交往
说白了现在的人都是用自己的某一部分在和别人的某一部分在交往,只不过有的人用真情
只不过有的人用真情,有的人用假意
有的人用假意,没有谁比谁更高尚
你真这么觉得,咱俩素昧平生
咱俩素昧平生,我有必要骗你吗
我请你吃宵夜去吧,今晚 今晚不行
今晚 今晚不行,我约了个朋友
我约了个朋友,我刚刚跟你说的
我刚刚跟你说的,要不这样
要不这样,咱俩下次
咱俩下次,等你大红大紫了
等你大红大紫了,肯定有很多人要请你吃宵夜
肯定有很多人要请你吃宵夜,你到时候一定给我插个队
我先走了,好
好,再见晓雯
但是我真没想到樊斌也是这样的,所以我觉得婚姻就是爱情的坟墓
但是话说回来能够入土为安的婚姻总比暴尸街头强,万姐
万姐,你有没有想过以后的日子
你有没有想过以后的日子,有没有想过上岸
昨天王媛给我打电话了,王媛给你打电话了
王媛给你打电话了,干嘛
你说现在这帮老板一点敬畏心都没有,怎么了
走到哪都要讲排场,你不是去北京了吗
你不是去北京了吗,怎么又突然跑回来了
不走了,干嘛你不高兴
干嘛你不高兴,你是不是很少来酒吧
你是不是常来啊,我才不常来
让我帮他换个夜班,要走 不行
要走 不行,你不许走
不去不合适,你第一次陪我到酒吧
你第一次陪我到酒吧,你就中途退场了
你就中途退场了,不行
不行,你再陪我喝两杯
喝一杯,两杯
两杯,你走吧
啊,我 我 我
我 我 我,我刚才突然良心发现了
我刚才突然良心发现了,我觉得你作为一名医生
我觉得你作为一名医生,你不能这样 要有医德对吧
你不能这样 要有医德对吧,如果这个时候突然来一个病人
如果这个时候突然来一个病人,特别需要你的话
特别需要你的话,岂不是 你到了医院给我打电话
好 你少喝点 早点回家,好
好,你走了我就走了
来 抱,拜拜
拜拜,都能演聊斋的人了
都能演聊斋的人了,就别强努着装小白兔了
就别强努着装小白兔了,好吗
说你想跟我聊什么,我叫韩文静
我叫韩文静,是周小北的朋友
你一开口我就知道了,太好了
太好了,省的我跟你废话了
要不我叫你文静姐,你甭跟我来这个
你甭跟我来这个,这段时间你就跟她在一块是吗
这段时间你就跟她在一块是吗,我不是跟你说了
我不是跟你说了,我们俩是朋友
我们俩是朋友,朋友 别装了
朋友 别装了,我没装
我没装,非逼我把话说白了是吗
非逼我把话说白了是吗,行啊你 樊斌
行啊你 樊斌,文静
文静,今天晚上事 你千万不要告诉小北好吗
今天晚上事 你千万不要告诉小北好吗,我求你了
我求你了,你让我做什么都行
你让我做什么都行,上刀山下火海都可以
上刀山下火海都可以,樊斌 跪天跪地跪父母 为了6颗心
樊斌 跪天跪地跪父母 为了6颗心,你至于这样吗
你至于这样吗,你千万不要告诉小北好吗
你千万不要告诉小北好吗,起来
起来,坐下
坐下,把你和
把你和,6颗星的事情 原原本本给我说清楚了
6颗星的事情 原原本本给我说清楚了,你让我从哪说起
你让我从哪说起,从头说
从头说,我们俩是在我在北京工作的时候在酒吧里认识的
我们俩是在我在北京工作的时候在酒吧里认识的,那个时候我挺害怕结婚的
那个时候我挺害怕结婚的,真的
真的,一方面我无法面对我自己
一方面我无法面对我自己,另一方面我也无法面对小北
另一方面我也无法面对小北,就在这个节骨眼上他突然出现了
就在这个节骨眼上他突然出现了,停
停,男盗女娼的事情就不用跟我讲了
男盗女娼的事情就不用跟我讲了,讲重点
讲重点,后来
后来,后来他就突然消失了
后来他就突然消失了,我就到处找他
我就到处找他,你为什么要到处找他
你为什么要到处找他,我是担心他出事儿
我是担心他出事儿,那小北呢
那小北呢,你知不知道你全世界找他的时候
你知不知道你全世界找他的时候,小北在疯狂的找你
小北在疯狂的找你,我知道
我知道,行
行,接着往下说
接着往下说,我几乎把整个北京城都找遍了
我几乎把整个北京城都找遍了,就没找着
就没找着,然后你就委屈自己下嫁给周小北了是吗
然后你就委屈自己下嫁给周小北了是吗,我不是那个意思
我不是那个意思,那你是什么意思
那你是什么意思,小三不见了
小三不见了,回来跟周小北结婚
回来跟周小北结婚,你把他当什么了
你把他当什么了,替补吗
替补吗,文静 你认识我和小北这么多年了
文静 你认识我和小北这么多年了,我跟小北是有感情的
我跟小北是有感情的,可一提到结婚
可一提到结婚,我真的挺害怕的
我真的挺害怕的,你对周小北但凡有一点感情
你对周小北但凡有一点感情,你也不能在那个时候弃他而去
你也不能在那个时候弃他而去,你太不负责任了
你太不负责任了,我也不知道该怎么跟你说
我也不知道该怎么跟你说,6颗星呢
6颗星呢,你爱他吗
你爱他吗,不一样
不一样,我只是喜欢
我只是喜欢,他凭什么突然消失了
他凭什么突然消失了,又突然回来了
又突然回来了,他要干嘛
他要干嘛,我也不知道他就像当初突然消失一样
我也不知道他就像当初突然消失一样,又突然出现了 你刚才说的钥匙扣那次
又突然出现了 你刚才说的钥匙扣那次,樊斌 你胆子真够大的
樊斌 你胆子真够大的,你把人带回家里来了
你把人带回家里来了,如果今天不是被我撞见了
如果今天不是被我撞见了,你们俩是不是还要回来
你们俩是不是还要回来,我真没把他带回家
我真没把他带回家,是他主动来找的我
是他主动来找的我,他一回来就找你
他一回来就找你,一回来就找你 把你当什么了
一回来就找你 把你当什么了,情趣用品吗
情趣用品吗,文静
文静,其实我挺想跟小北好好过的
其实我挺想跟小北好好过的,真的我不想对不起他
真的我不想对不起他,可
可,可他这次又
可他这次又,又回来了
又回来了,他回来干嘛
他回来干嘛,他想跟你结婚吗
他想跟你结婚吗,他说他想跟我结婚
他说他想跟我结婚,你想跟他结婚吗
你想跟他结婚吗,我当然不想了
我当然不想了,你想想 我好不容易折腾把这婚给结了
你想想 我好不容易折腾把这婚给结了,又来折腾离图什么
又来折腾离图什么,再说了当初他跟我在一起的时候
再说了当初他跟我在一起的时候,他说他什么也不为
他说他什么也不为,就只想跟我在一起
就只想跟我在一起,这6颗星可真不是什么好东西
这6颗星可真不是什么好东西,刚才在酒吧的时候可不是这么跟我说的
刚才在酒吧的时候可不是这么跟我说的,两面三刀
两面三刀,行啊
行啊,樊斌 我可算把你给看明白了
樊斌 我可算把你给看明白了,一有人逼你结婚你就退是吗
一有人逼你结婚你就退是吗,退你还不全身而退
退你还不全身而退,这边舍不得周小北那边放不下6颗心
这边舍不得周小北那边放不下6颗心,人家是喜新厌旧
人家是喜新厌旧,你比他高尚
你比他高尚,你喜新不厌旧
你喜新不厌旧,最不要脸的就是你这种人
最不要脸的就是你这种人,不知道周小北看上你什么了
不知道周小北看上你什么了,瞎了他的眼了
瞎了他的眼了,你先别生气
你先别生气,我就这么跟你说
我就这么跟你说,其实男人九十九朵花他都见过了
其实男人九十九朵花他都见过了,唯独那片清新的绿叶他是最在乎的
唯独那片清新的绿叶他是最在乎的,小北就是那片绿叶
小北就是那片绿叶,真的
真的,我不想失去小北
我不想失去小北,小北这么好
小北这么好,你当然不想失去他了
你当然不想失去他了,可是那6颗心人家那么爱你
可是那6颗心人家那么爱你,专程为了你跑回来
专程为了你跑回来,你怎么打算
你怎么打算,只要你不把今天晚上的事告诉小北
只要你不把今天晚上的事告诉小北,这个事我一定把它处理好
这个事我一定把它处理好,少给我来这套缓兵之计
少给我来这套缓兵之计,鬼才信你呢 樊斌
鬼才信你呢 樊斌,你真不是个东西
你真不是个东西,我先上个洗手间
我也得试一下,小北
小北,你去哪了
你去哪了,我到处找你呢
我到处找你呢,你找我干嘛
你找我干嘛,小北 你听我解释
小北 你听我解释,昨天晚上我是跟韩文静在这喝酒 可我喝
昨天晚上我是跟韩文静在这喝酒 可我喝,我已经签了 你也签吧
我已经签了 你也签吧,小北 你听我说
小北 你听我说,我这几天会出去住
我这几天会出去住,你别去我爸我妈家找我
你别去我爸我妈家找我,我也不会在我妈那 离婚的事儿
我也不会在我妈那 离婚的事儿,一个字都别提
一个字都别提,小北
小北,你听我解释
你听我解释,昨天晚上我真的不知道怎么回事
昨天晚上我真的不知道怎么回事,我喝多了
我喝多了,你听我说呀
你听我说呀,不用说了
这里面肯定有误会,我也希望是我看错了
文静 他怎么可能啊,我一直觉得韩文静说话虽然刻薄了一点
我一直觉得韩文静说话虽然刻薄了一点,但办事还是挺靠谱的
但办事还是挺靠谱的,性格嚣张
性格嚣张,但人是善良的
但人是善良的,我真傻
而且他特别懂得去体谅别人,现在我不这么想了
现在我不这么想了,他在我这的印象彻底被推翻了
怎么可能呢,你知道我为什么不能原谅他
一会我来收拾 你吃饭吧,我没胃口
还是再好好想想,就这么定了
你们两个好不容易结的婚就这么离了,这次我是铁了心了
你不能因为一件事情而否定一个人,提他干嘛
提他干嘛,都过去了
你吃饭 我出去一趟,你去哪
我上班,你现在在干什么工作
小北 你在这儿,你找王媛把
你找王媛把,他在睡觉
他在睡觉,我帮你去叫他
让他接着睡,你找他有什么事
我就想过来看看他最近过得怎么样,他最近挺不好的
他最近挺不好的,他妈生病了
他妈生病了,现在在住院
现在在住院,他又找了一份晚班的活
他又找了一份晚班的活,所以每天不是在上班
所以每天不是在上班,就是在医院照顾他妈
一个大惊喜,我想在你这住几天
真离了,这不是你想要的吗
他们俩离婚了,真的
我跟文静说了,什么时候说的事
刚才,她怎么说
她说 晚上和你见面谈谈,你今天没事啊
陪你说说话,你妈情况怎么样了
做手术,医生说有风险吗
我妈这一病我是第一次觉得后悔,后悔什么
多陪陪他,北方这个气候
北方这个气候,他们说不定来了也不适应
咱们仨喝酒的时间都比这长,不过我刚刚看阿姨气色挺好的
不过我刚刚看阿姨气色挺好的,事情已经这样了
事情已经这样了,你也别太上火
尽量不惹他生气,是
是,老人开心比什么都重要
老人开心比什么都重要,我之前一直拖着不跟樊斌离婚
我之前一直拖着不跟樊斌离婚,也就是不想让我爸妈伤心
这事迟早得知道,我知道
我知道,我不就想
我不就想,能多瞒一天是一天吗
能多瞒一天是一天吗,阿姨还在上面
阿姨还在上面,你赶紧上去 我没事
离婚的事是不是对你打击挺大的,没有
没有,挺轻松的
挺轻松的,就像那种绝望以后的轻松
我一定比他对你还要好,我怎么听着好像我要你对我负责任似的
其实我心里很内疚,你内疚 你不早就想让我离吗
好歹咱俩也商量一下,咱俩商量得着吗
咱俩商量得着吗,再说了
再说了,你怎么知道我离婚是为了你
不然你为了谁,行了行了不说了
行了行了不说了,你今天怎么没去兼职
他们今天停课一天,你现在到底在干吗
我不跟你说了吗 一个夜校给别人讲课,讲什么课
让我过去跟他们培训,挣多少钱啊
没多少钱,怎么样
怎么样,离婚了是不是一身轻
离婚了是不是一身轻,你要是来看笑话的
你要是来看笑话的,那就不必了
那就不必了,怎么会呢我是来关心你的
怎么会呢我是来关心你的,干嘛还不让进
干嘛还不让进,我们俩现在都不是朋友了
我们俩现在都不是朋友了,有什么话就在这说
有什么话就在这说,周小北我们俩做好朋友多少年了
周小北我们俩做好朋友多少年了,你要因为一个樊斌跟我绝交是吗
你要因为一个樊斌跟我绝交是吗,不然呢
不然呢,我们俩坐下来讨论讨论樊斌的床上功夫是吗
我们俩坐下来讨论讨论樊斌的床上功夫是吗,绝交就绝交
绝交就绝交,你别后悔
你别后悔,我后什么悔呀
我后什么悔呀,就樊斌这种东西 人嫌狗不待见 送给我我都不要
要不我下楼去问问他,随她去吧
随她去吧,我再也不想见她
你不是说找他好好谈谈 你这是干什么,我是想找他好好谈谈来着
我是想找他好好谈谈来着,你看他那
你看他那,那样
那样,他想跟我谈吗
如果换作是你不生气吗,我站在谁的角度考虑问题才对
我站在谁的角度考虑问题才对,他生气他活该
你怎么能这么说话,你们两没一个是好东西
你们两没一个是好东西,在一起那么多年了 白处了
在一起那么多年了 白处了,你不知道我是什么人吗
好 谢谢你,彭永辉
彭永辉,我想清楚了
我想清楚了,房子归你
房子归你,车 归你
车 归你,钱归你
钱归你,公司也归你
女儿呢,归我
归我,我当初跟你在一起的时候
我当初跟你在一起的时候,你就是个穷光蛋
你就是个穷光蛋,什么都没有
什么都没有,可是那时候的日子
可是那时候的日子,很美好
很美好,所以我要跟甜甜过以前的日子去
我只要女儿 你考虑,彭永辉
彭永辉,我用我性命发誓
我用我性命发誓,你一旦离开家门
你一旦离开家门,咱俩就算离婚了
咱俩就算离婚了,以后你别想再见甜甜 也别想让甜甜叫你一声爸
没别的办法了吗,没有了
没有了,我没有那么多耐心
我没有那么多耐心,你自己做决定
你不是最怕鬼吗,昨天王媛来我家非得看
昨天王媛来我家非得看,看一半人走了
看一半人走了,把我一个人留家里了
把我一个人留家里了,我一晚上没敢上厕所
我一晚上没敢上厕所,干脆接着看
这什么,你赶紧放回去
你赶紧放回去,放冰箱里安全 快快
我说你不至于 躲着人都不敢见,这不见你了吗
你这婚离的是不是有点草率,不然怎么样
不然怎么样,我还得一哭二闹三上吊
这是小姨子情节的变种,瞧把你明白的
瞧把你明白的,就跟你多懂似的
你这婚离了感觉怎么样,挺好的
真挺好,真的
真的,我都不知道当初自己干嘛非得结婚
我都不知道当初自己干嘛非得结婚,就为了让我爸我妈高兴
就为了让我爸我妈高兴,我以前觉得婚姻挺简单的
我以前觉得婚姻挺简单的,就两个人搭伙一起过日子
就两个人搭伙一起过日子,一起吃饭
一起吃饭,说说话 偶尔吵吵闹闹
说说话 偶尔吵吵闹闹,可后来发现婚一结 俩人连话都没有
可后来发现婚一结 俩人连话都没有,冰凉的
冰凉的,怎么想怎么难受
樊斌找过你吗,离婚以后樊斌给我打的电话
离婚以后樊斌给我打的电话,比这些年加起来还多
说什么,除了嘘寒问暖
除了嘘寒问暖,假装表示关心以外
假装表示关心以外,时不时转弯抹角的就打听我跟你的进展
时不时转弯抹角的就打听我跟你的进展,经常打着打着电话就说一句
经常打着打着电话就说一句,你跟李理最近怎么样
你怎么说,我一开始还说实话
我一开始还说实话,后来问烦了
后来问烦了,我干脆就告诉他
我干脆就告诉他,联系 总联系 我们俩都同居了
要不你陪我出去转转,我不想见人
我一会找人给你送过来,什么东西啊
咱们以后好好过,昨天已经跟你说的很清楚
昨天已经跟你说的很清楚,你只要迈出家门
你只要迈出家门,咱俩就算离婚
别当着孩子的面说这些事好不好,你还知道有孩子
这样会伤害到他,我伤害他
我伤害他,到底
到底,是谁在伤害这个家
干嘛非得吵架,好
好,我问你
我问你,你昨天去哪了
我睡在办公室了,谁能证明
没人能证明,我就知道
让你这么猜疑我,你干什么了
你干什么了,你自己知道
我知道我自己从来没有做过任何对不起你和对不起家庭的事情,你听没听过一句话叫无风不起浪
你听没听过一句话叫无风不起浪,你知道什么鸡蛋招苍蝇吗
你知道什么鸡蛋招苍蝇吗,臭鸡蛋
简直就像一个村妇,怎么了
怎么了,我就这样
我就这样,看不顺眼你滚
所有家长电话都打过了,你说我干吗
你说我干吗,我干嘛不把他锁在教室里
我干嘛不把他锁在教室里,我得孩子 孩子也找不着我
我得孩子 孩子也找不着我,甜甜
孩子有可能去哪儿,我平时很少带他出去
我平时很少带他出去,我不知道他去哪了
我不知道他去哪了,老公
老公,他不会被人贩子给拐走了吧
他不会被人贩子给拐走了吧,我害怕
我们现在想想他最有可能去哪去,儿童乐园、儿童乐园
儿童乐园、儿童乐园,喝酒 接着喝
喝酒 接着喝,接着喝喝酒
我们来看一下,你干什么
我让你喝个够,你疯了吧你
失意时候的借口,我不跟你说
快走烦了吧,一点都不烦
一点都不烦,跟你在一起感觉好满足好开心
跟你在一起感觉好满足好开心,有时候我在想未来到底是什么样子呢
有时候我在想未来到底是什么样子呢,你有没有想过未来是什么样子
你有没有想过未来是什么样子,没有
拌我干吗,我愿意
我愿意,就特别想知道将来有一天你跟我求婚的时候是什么样子
就特别想知道将来有一天你跟我求婚的时候是什么样子,我走了
那总听说过吧,回来了
回来了,来
来,把鞋换了
妈睡了,给你准备的水果
给你准备的水果,来
来,坐下
我不吃了,吃一口
真不想吃,怎么了
怎么了,你心情不好
最近有一个同事有点不太正常,不正常
不正常,什么意思
同性恋,现在这种人不是挺多的
现在这种人不是挺多的,太正常了
关键他觉得我也是,为什么觉得你也是
以前都特别尊敬,现在
他们觉得我跟他一样,怎么可能
怎么可能,他们不知道有我的存在吗
他们不知道有我的存在吗,我是你女朋友
是吧,还说什么
说这些还不够吗,不是我是说
不是我是说,谁先传出来
谁先传出来,出来的
倒显得我气急败坏,你看你不是挺明白的吗
你看你不是挺明白的吗,在这个世界上谁能不说别人
在这个世界上谁能不说别人,谁都不被人说
谁都不被人说,你想明白就行
你想明白就行,过你自己的别太在意了
过你自己的别太在意了,别生气了
别生气了,你看你工作了一天也挺累的
你看你工作了一天也挺累的,还憋一肚子
还憋一肚子,肚子气干嘛 早点休息
肚子气干嘛 早点休息,老江 这回玩的怎么样呢
你这一身打扮是不是为了他打扮的,姜还是老姜辣
姜还是老姜辣,聪明睿智帅不帅
聪明睿智帅不帅,帅不帅
这个老东西也不知道,好了
好了,我们今天不提他
幸福是最重要的,你同意了
冲冲喜,你至于吗你
你至于吗你,你缺钱 缺成这样
我就是缺钱,缺钱也不能到夜场来卖酒
我坑蒙拐骗了,你再说一遍
你再说一遍,你是不是因为你妈住院的事
你是不是因为你妈住院的事,是不是
是不是,因为你妈住院的事
因为你妈住院的事,我有钱
我有钱,我真的有钱
我真的有钱,拿着
我不要,怎么回来了
这两天过得怎么样,挺好的
我来接狗的,你怎么那么快就回来了
你怎么那么快就回来了,你不是要走好几天吗
起名了吗,起了
起了,叫小七
小七,他还没吃饭
吃饭了啊,来
来,小七
小七,李理. 咱俩认识多长时间了
问这干嘛,得有七八年了
得有七八年了,李理要不这样
李理要不这样,咱们俩各养一个星期
多可怜,你要怎么办
你方便我也方便,你还想人狗两得
你就那么不愿意,没有
没有,愿意
愿意,我就好久没出门了
我就好久没出门了,出来的有点不太适应
其实那条狗本来就是送给你的,你为什么送我狗啊
哭吧,好了
好了,没事了
没事了,吓着你了吧
哭够了,差不多了
见你哭的人特少吧,除了我父母
除了我父母,还有几个
还有几个,不过都不是人
骂我呢,我没骂人
你跟韩文静和好没,你别跟我提韩文静
你别跟我提韩文静,谁要再劝我跟他和好
谁要再劝我跟他和好,我就跟谁绝交
越生气越证明你在乎他,李理你以为你是我什么人
李理你以为你是我什么人,随便把我拉出来一个地方就开始教训我跟韩文静怎么着
随便把我拉出来一个地方就开始教训我跟韩文静怎么着,我跟樊斌怎么着
我跟樊斌怎么着,那是我自己的事儿
那是我自己的事儿,你以为你谁
不过你看你现在还有人样吗,你敢转过来看着我的眼睛再说一遍吗
那天在我们家脱得给我吓坏了,前尘往事
前尘往事,如梦似幻
想起来还挺后悔的,人生在世
人生在世,全靠健忘
全靠健忘,大夫我过一阵想生小孩
大夫我过一阵想生小孩,你看我身体
你看我身体,还行吗
气血有点虚,气血虚影响大吗
我给你开几服药调理一下,还要喝中药
还要喝中药,我是不是不能喝酒了
最好是戒酒,好吧
好吧,你开吧
你开吧,越贵越好
越贵越好,胖子你怎么在这儿
身体不舒服,我舒服的很 找中医帮我调一下
我舒服的很 找中医帮我调一下,你干嘛
看咱们中医有什么办法没有,行啊你 二十四孝女婿
我成晓峰有没有对不起你的地方,没有
没有,你可不能听信什么谣言
就算是谣言,谣言你能相信吗
谣言你能相信吗,真行
真行,自从我跟你在一起之后
自从我跟你在一起之后,我就下定了决心
我就下定了决心,谁都不能动摇我们俩
我装什么了,刚才给你打电话你还好好的
刚才给你打电话你还好好的,你这哪根筋搭错了
我跟你结过婚对吗,你这都听谁说的
你还好意思问我听谁说的,谣言
谣言,你看谣言你能相信吗
你看谣言你能相信吗,不是跟你说了真理
不是跟你说了真理,是掌握在少数人手里的
你过分你,你听谁说的
你听谁说的,这个人简直就是造谣诽谤
要想人不知你除非己莫为,不是 你要听我解释
这些事情到底是不是你做的,是
怎么发这么大火,我是不是跟你有仇
我是不是跟你有仇,每次见到我都会倒霉
小北我正找你呢,我这不来跟你坦白来了吗
坦白什么,我跟李理在一起了
我跟李理在一起了,怎么了
怎么了,这不是模仿你的做事风格吗
这不是模仿你的做事风格吗,先斩后奏
不是 我找你不是因为这事 ,那是什么事
韩文静给我打电话说他跟成晓峰分手了,跟我有什么关系吗
要嫁给成晓峰让你看看,让我看看
让我看看,跟我有半毛钱关系
他就这么说的 他还说 ,还说什么
还说什么,韩文静我还没追究你跟樊斌上床的事
韩文静我还没追究你跟樊斌上床的事,你别给我蹬鼻子上脸得寸进尺
你别给我蹬鼻子上脸得寸进尺,一我不叫韩文静
一我不叫韩文静,我随我妈姓了
我随我妈姓了,请叫我江文静
请叫我江文静,二我跟樊斌上床的事是个误会
二我跟樊斌上床的事是个误会,谁让你不听我解释的
谁让你不听我解释的,你有什么好解释的
你有什么好解释的,我亲眼都看见了
我亲眼都看见了,不要轻易相信自己亲眼看见的
不要轻易相信自己亲眼看见的,亲眼看见的也不一定是真的
亲眼看见的也不一定是真的,我不相信我看见的
我不相信我看见的,我相信你 我和你相处这么多年
我相信你 我和你相处这么多年,我真没发现你就是个两面三刀的东西
我真没发现你就是个两面三刀的东西,周小北你以为你是什么好东西
周小北你以为你是什么好东西,到头来还不因为个贱男人误会我跟我绝交
到头来还不因为个贱男人误会我跟我绝交,你好意思说吗
你好意思说吗,你都跟樊斌上床 都被捉奸在床了
你都跟樊斌上床 都被捉奸在床了,这人不要脸天下无敌
这人不要脸天下无敌,是不是
是不是,你跟成晓峰告的密
你跟成晓峰告的密,成晓峰跟你分手就对啦
你为什么不听,你别再跟我提韩文静了
那提李理 说说怎么突然跟他好,他对我好
怎么对你好了,他送我狗
他送我狗,笑什么呢
你倒好两样都占了,我现在觉得狗挺好的
我现在觉得狗挺好的,至少不会背地里害人
至少不会背地里害人,不像韩文静
你别为了气樊斌才跟李理好,你别以己推人
你别以己推人,我跟李理跟你跟胖子不一
我跟李理跟你跟胖子不一,你跟胖子怎么样
可就是不知道该怎么做,你这明显的是带着补偿得心理谈恋爱
也许 我们俩算是谈恋爱吗,你跟胖子聊聊
他为什么要背着我去找中医呢,人家还不是关心你吗
心里特别烦,怎么了
怎么了,看你情绪不高涨
看你情绪不高涨,是不是最近太累了
心里有点闷,是不是还是因为王媛她妈要不要做手术的事
有点仓促,人家毕竟不是你亲妈
人家毕竟不是你亲妈,再说了手术的结果
再说了手术的结果,我们谁也不能预料怎么样
我们谁也不能预料怎么样,王媛就是想尽份孝心
王媛就是想尽份孝心,我特别能理解他
把我给骂了,人都是冲自己最亲近的人才发火
真的,当然了
当然了,你平时见过王媛冲谁发火吗
还真见过,谁
彭永辉,不一样
不一样,肯定是真生气了
肯定是真生气了,他对你吧最多是一种情绪上的宣泄
他对你吧最多是一种情绪上的宣泄,一种依赖
一种依赖,知道吧
知道吧,王媛她妈马上就要做手术了
王媛她妈马上就要做手术了,他心情肯定特别压抑
他心情肯定特别压抑,就让着点他
我也是人我也有情绪,你有情绪就冲我发
你我可不敢,那就得了
还没睡,你一个电话就出去了
你一个电话就出去了,我也不知道你什么事
我也不知道你什么事,我能睡着
我去看一眼,没事吧
甜甜玩多开心,不仅他开心
不仅他开心,我也很开心
现在看来我的想法太简单了,也不是老公
也不是老公,我也有很多做的很过分的地方
我总想去帮帮他就这么简单,我知道你们每个男人心中都有那么一点英雄主义
我知道你们每个男人心中都有那么一点英雄主义,应该说叫英雄救美
应该说叫英雄救美,你还生气
生什么气呀,你听我解释这事不是你想的那样的
你听我解释这事不是你想的那样的,你听我解释
可想而知,等会儿 周小北是我最好的朋友
等会儿 周小北是我最好的朋友,他非常固执
他非常固执,他在婚姻里不幸福
他在婚姻里不幸福,他每天都非常痛苦
他每天都非常痛苦,我只能这样做
我只能这样做,他才能跟樊斌离婚
他才能跟樊斌离婚,再说 我跟樊斌什么事都没有
令人发指,不是
不是,小庄确实是我找出来的
小庄确实是我找出来的,我是你前妻的事确实是我编的
我是你前妻的事确实是我编的,我只是想跟他开个玩笑
我只是想跟他开个玩笑,我想吓唬一下他
我想吓唬一下他,我怎么知道他会当真
我怎么知道他会当真,我怎么知道这个玩笑会对你们造成那么大的影响
你就是属于那种为了达到目的不择手段的人,我不是 小庄如果真的喜欢你
我不是 小庄如果真的喜欢你,他为什么不信任你
他为什么不信任你,如果他信任你
如果他信任你,他为什么不来找你
他为什么不来找你,如果他真的喜欢你
如果他真的喜欢你,他完全可以来找你
他完全可以来找你,当面问你
当面问你,可以跟他解释清楚
可以跟他解释清楚,就不会有今天这一系列的误会
就不会有今天这一系列的误会,他根本就不爱你
他根本就不爱你,再说我这么做都是因为 都是因为我喜欢你
千万不要轻易说出喜欢两个字,你当初不是跟我说你喜欢我吗
还为韩文静的事生气,别给我提韩文静
别给我提韩文静,你说他是不是有病
你说他是不是有病,她自己跟成晓峰分手
她自己跟成晓峰分手,说我告的密
说我告的密,说我给搅黄的
说我给搅黄的,我还没追究他跟樊斌 凭什么说我 这不是疯狗吗
狗咬狗嘛,不许骂狗
不许骂狗,再给我倒一杯
看什么,你看那房顶上那些纹路像不像一张张蜘蛛网
你看那房顶上那些纹路像不像一张张蜘蛛网,悄无声息
悄无声息,把这个房间发生的所有猫腻全看在眼里
跟我出去转转,你去吧
你去吧,我不想去
你写不出来就现在别写了,时间也不早了
时间也不早了,你早点回去
你早点回去,我想一个人待会
走了,小北
小北,我有话想跟你说
我有话想跟你说,我最讨厌借酒装疯
我最讨厌借酒装疯,小北
小北,你怎么还有钥匙
再来一盒甜甜圈怎么样,咱们再来一笼小笼包
好,你吃
你吃吧莹莹,最近老感觉我吃不饱
最近老感觉我吃不饱,每天都累死了
每天都累死了,我也觉得我瘦了
我也觉得我瘦了,你说我要不要回老家
你说我要不要回老家,待在上海还有没有前途
待在上海还有没有前途,你说我这一年不吃不喝的拼命工作
你说我这一年不吃不喝的拼命工作,才能买两平米的房
才能买两平米的房,而且都是偏僻的地方
而且都是偏僻的地方,可是我要是回老家考个公务员
可是我要是回老家考个公务员,我就活得不用那么斤斤计较了
要不你考试试,别提了
别提了,我一说回家 我爸就跟疯了一样
我一说回家 我爸就跟疯了一样,要死要活的 说什么
要死要活的 说什么,回家那些孩子都是没有前途的
回家那些孩子都是没有前途的,让我在上海好好混
让我在上海好好混,这不刚给我打了5000块钱
这不刚给我打了5000块钱,其实说实话
其实说实话,我现在长这么大了
我现在长这么大了,还管家里要伸手牌
还管家里要伸手牌,我心里特别难受
我心里特别难受,可是我没法拒绝
可是我没法拒绝,我就怕我这样要着
我就怕我这样要着,就变成理所当然的了
翻倍,你以为这块考试那么容易
你以为这块考试那么容易,就我这智商
就我这智商,肯定没戏的
肯定没戏的,巧克力看上去很好吃
巧克力看上去很好吃,这让咱们甜甜圈
这让咱们甜甜圈,情何以堪
我查查这是什么,大师级巧克力
大师级巧克力,太够意思了
太够意思了,好好吃啊 关关
好好吃啊 关关,你说咱们邻居是干什么
你说咱们邻居是干什么,那件衣服看着很普通
那件衣服看着很普通,可是穿她身上
可是穿她身上,好看死了
别的东西肯定也便宜不了,完了
完了,正宗白富美
正宗白富美,我现在对对她羡慕嫉妒就是没有恨
我现在对对她羡慕嫉妒就是没有恨,一盒巧克力就把我给收买了了
一盒巧克力就把我给收买了了,太没节操了我
我回来了,樊姐
樊姐,看样子有戏
你们说我是不是应该降低一下标准 比如说小破车一辆 普通住宅一套 就像咱们隔壁两居室,2203肯定不行 首先性别不达标的
2203肯定不行 首先性别不达标的,而且是个超级白富美 我在她面前一站 就跟凤凰前面的草鸡似的 也就樊姐能和她比一比了
我怎么跟人家比 人家有房有车 我就一堆破衣服,喂 老谭
喂 老谭,我要换房子
我可是按照你的要求找的,房子没问题
房子没问题,邻居太烂
邻居太烂,那帮小女生闹腾的很
算是投资 你住着也方便,记得我要安静一点
记得我要安静一点,人少一点
人少一点,还有照样离公司不能太远
还有照样离公司不能太远,20分钟车程 ok
穿什么,穿你上次十点在唯品会抢的那件衣服
是这件吗,高端大气上档次
低调奢华有内涵,bingo
也不知道几点才能睡上觉,你现在 属于 赚着员工的钱
你现在 属于 赚着员工的钱,操着老板的心
操着老板的心,直接跟你们老板说网络死翘翘了
直接跟你们老板说网络死翘翘了,没法弄了
啊啊啊,关雎尔
关雎尔,我以一个早你一年毕业的师姐身份来告诉你
我以一个早你一年毕业的师姐身份来告诉你,你应该多学学
你应该多学学,我趁年轻记忆好多考几个证傍身
我趁年轻记忆好多考几个证傍身,只有一个个硬pass才是真正属于你的
只有一个个硬pass才是真正属于你的,你每天拼死拼活工作那么长时间
你每天拼死拼活工作那么长时间,你都要写在履历上吗
你都要写在履历上吗,你总不能写
你总不能写,我每天工作16个小时 是完全不可能的
玩尽兴了我自己会走,关关 关关 快快 帮我看一下 你觉得
关关 关关 快快 帮我看一下 你觉得,这两件衣服哪个好看 这件好看 还是这件
穿那么好看干嘛呀,明天跟我一块上课的
明天跟我一块上课的,有我们公司财务部的
有我们公司财务部的,白主管 白帅哥也跟我一起上那节课
白主管 白帅哥也跟我一起上那节课,所以我想穿的漂漂亮亮的去吸引他
我不跟你说了 他们又上线了,工作需要成熟
工作需要成熟,谈恋爱吸引男生也要成熟吗
别光顾着看白主管 要适当的听听课,怎么样樊姐 我这身 好看吗
好看 再配一条夸张点的项链应该会更好看,樊姐 我没有那种夸张的项链
那就算了,樊姐 周六干啥去
在家梳头发玩,ok走了
挂了 拜拜,今天我两坐地铁的时候特别护着我
今天我两坐地铁的时候特别护着我,就这样就挡着我前面 怕人家挤我
就这样就挡着我前面 怕人家挤我,然后到我到了以后
然后到我到了以后,他先把我送出去
他先把我送出去,他再回地铁站再去坐地铁
他再回地铁站再去坐地铁,是不是对我特别好
就不会让你坐地铁了,他没车
他没车,而且我觉得我们俩坐地铁挺好的
而且我觉得我们俩坐地铁挺好的,我们俩可以近距离接触一下吗
你看这是什么,白开水
这如果是白主管给你的就变成巧克力了,你怎么知道 我现在这种心情
你怎么知道 我现在这种心情,我就是这样
我就是这样,我就觉得
你得让我哥把资料给我,是因为我们的车敞篷吗
是因为我们的车敞篷吗,今天已经好几辆车拿大灯晃我了
男人征服欲爆棚,你看你旁边那辆车已经跟了我们三个红绿灯了
你看你旁边那辆车已经跟了我们三个红绿灯了,他们想干嘛
看看能不能勾搭上,樊姐
樊姐,樊姐 你不愧是资深的hr
樊姐 你不愧是资深的hr,这么一点点小心思都逃不过你的法眼
你旁边那辆灰色的车里面有4个进水的脑袋都快把头伸到咱们车上来了,脑袋进水
脑袋进水,我觉得有时候中文的形容词还真的是很有趣
我觉得有时候中文的形容词还真的是很有趣,我觉得你也是个很有趣的人
我觉得你也是个很有趣的人,我有点点开始佩服你了
我有点点开始佩服你了,一会我有一个问题想要请教一下你
我都快不记得这世界上有荷尔蒙这种东西了,哪里有猫
什么问题,有个网友
有个网友,我不知道我该不该见
网友,他叫奇点
他叫奇点,我们是在一个科幻网站上认识的
我们是在一个科幻网站上认识的,他很幽默
他很幽默,我关注他一年多了
我关注他一年多了,之前我们论坛在讨论一个有关虫洞的问题
之前我们论坛在讨论一个有关虫洞的问题,我与人争论
我与人争论,他屡屡发言支持我
他屡屡发言支持我,所以后来我们就开始站内的短信往来
有互相暴露自己的性别吗,其实混那种论坛的
其实混那种论坛的,大部分都是男性
大部分都是男性,因为这段时间我回国工作实在是太忙了
因为这段时间我回国工作实在是太忙了,很久没有上网
很久没有上网,所以奇点问我怎么消失了
所以奇点问我怎么消失了,后来我告诉他
后来我告诉他,我回到中国
我回到中国,目前在上海上班
目前在上海上班,他说他也在上海
他说他也在上海,希望能够找时间请我吃饭
我坐下来那会儿,是因为我很喜欢奇点的风格
说实话是不是在暗恋呢,怎么可能
怎么可能,我连他是男是女都不知道
我连他是男是女都不知道,我怎么可能那么
我怎么可能那么,我不是花痴
我不是花痴,这太滑稽了 这绝对
这太滑稽了 这绝对,绝对不可能发生
为什么不找个时间见个面吃个饭呢,他是有给我他的电话
他是有给我他的电话,还有他的微信号
还有他的微信号,可是我觉得就这样见一个男网友
可是我觉得就这样见一个男网友,会不会真的很花痴
难以预料,我倒没有想过什么条件不条件呢
我倒没有想过什么条件不条件呢,我只是觉得他的文字很有趣
我只是觉得他的文字很有趣,所以心中很雀跃的希望能够跟他见面
所以心中很雀跃的希望能够跟他见面,算了
算了,我还是回个站短
我还是回个站短,说我这段时间很忙
说我这段时间很忙,没有时间
Andy你一定要帮帮我,小曲 我想你应该要明白这件事情只有你能够帮你自己
我爸爸就会抛弃我的,你先别哭了
你先别哭了,你告诉我到底怎么回事
你告诉我到底怎么回事,为什么你爸抛弃你
你一定要帮帮我,行了
行了,别哭了
别哭了,把资料拿过来
把资料拿过来,去看电影了
看完电影干嘛去了,看完电影去K歌
然后呢,然后就吃宵夜了
这个白主管今天是大出血了呀,还好吧
还好吧,我们俩都是团购的
我们俩都是团购的,电影是团购的
电影是团购的,K歌也是团购的
K歌也是团购的,对了
对了,K歌包房里还送小蛋糕
K歌包房里还送小蛋糕,下次
下次,我带你去 性价比特别高
我们都急坏了,203的小曲跟安迪他们很熟吗
203的小曲跟安迪他们很熟吗,我刚才看见小曲进安迪房间了
他俩又到一起去了,什么叫又到一起去了
国外品牌代理 还说要让安迪帮忙,怪不得
怪不得,我看见曲筱绡拿着电脑跟文件夹进了安迪房间
陪我去吧,我实在太困了我就不去了
我实在太困了我就不去了,要不然
要不然,我把你送过去我再回来
等我的好消息,樊姐
樊姐,你醒啦
你醒啦,樊姐你今天打算去哪
万一遇人不淑是吧,是挺可怜的
是挺可怜的,但是现在很多奉子成婚
更何况是你,可是我也不能挑三拣四
可是我也不能挑三拣四,蹉跎到30岁
蹉跎到30岁,我挑别人
我挑别人,别人挑我是不是
这两个人在一起 就是有动力,我们已经想好了
我们已经想好了,只要考上就马上跳槽
应该的,樊姐我走了
走吧,你怎么住这么远
你怎么住这么远,你这样的话每天不是把大好的时光全浪费在这4个轮子上了
而不是你走了太多的冤枉路,我相信科技除非GPS骗我
我相信科技除非GPS骗我,今天要我来干嘛
今天要我来干嘛,是不是那件事情
是不是那件事情,有进展
暂时还没消息,那今天是
咱们就这么直接去合适吗,有什么不合适的
有什么不合适的,他们人都特别好
他们人都特别好,关雎尔比我小一岁是我最好的朋友
关雎尔比我小一岁是我最好的朋友,樊姐是一家外企的hr
樊姐是一家外企的hr,但是是个大美女
但是是个大美女,曲筱绡他们家特别有钱
曲筱绡他们家特别有钱,我也不知道为什么他会住这儿
我也不知道为什么他会住这儿,还有一个安迪是一家大公司的首席财务官
还有一个安迪是一家大公司的首席财务官,但是人特别好
但是人特别好,没有架子
没有架子,反正你一会见了你就都知道他们
人呢,抽风跑步去了
抽风跑步去了,说要和安迪学什么健康规律的生活
说要和安迪学什么健康规律的生活,两个人一块有去了
你不是有约会吗,他半夜给我发短信
他半夜给我发短信,说要帮一个朋友搬家
说要帮一个朋友搬家,所以我今天没有什么事可做
谈恋爱谈的不务正业了,我心不在焉 
我心不在焉 ,看不下去
看不下去,樊姐
樊姐,他是半夜给我发的短信
他是半夜给我发的短信,你说会不会是有什么其他的女孩约他出去了
之间的分寸还得你自己用心去把握,但是他跟我说他心里只有我一个人
但是他跟我说他心里只有我一个人,说我一进公司他就注意我了
说我一进公司他就注意我了,如果可是我这心里为什么还是那么发慌
看书去给自己找点事去,樊姐 樊姐
樊姐 樊姐,你说我要不要再给他发条短信
你说我要不要再给他发条短信,主动联系一下他
你需要把垃圾倒一下,樊姐我觉得你说的太有道理了
樊姐我觉得你说的太有道理了,我不能再这样胡思乱想
我不能再这样胡思乱想,我得给自己找点事做
我得给自己找点事做,垃圾我就不倒了
垃圾我就不倒了,我回去看书了
Hi,你怎么在这
顺便躲避一下小蚯蚓的哀声叹气,小邱怎么了
我在想会不会跟小曲有关,小曲今天早上刚给我发的短信
小曲今天早上刚给我发的短信,说他今天要搬新公司
说他今天要搬新公司,他应该没有这些功夫
搬公司 小蚯蚓说小白是帮别人搬家,不可能
不可能,他们才认识多长时间
我这衣服好看吗,不错
不错,很美
因为我最近胖了,完全看不出来perfect
我会不会 其实我有一个不情之请,没事
没事,有什么话你说
我是不是有点死要面子活受罪,我理解你
我理解你,干脆这样
干脆这样,小邱心情也不好
小邱心情也不好,我就请他们两个去你约会的酒店吃饭
我就请他们两个去你约会的酒店吃饭,然后我们一个车去一个车回
然后我们一个车去一个车回,这样的话你的朋友就不会送你回来
我都不知道该怎么谢谢你,我帮你也不是白帮的
我帮你也不是白帮的,我也需要请你帮我一个忙
我也需要请你帮我一个忙,我想让你推荐一些上海比较好的餐厅
我想让你推荐一些上海比较好的餐厅,最好帮我标注
最好帮我标注,主打菜
谢谢,小邱怎么样
已经被我跟关关安抚好了,这件事情小曲确实做得的有点
怎么办,这种事情其实我也不知道该怎么办
这种事情其实我也不知道该怎么办,但是我觉得无论如何都不能因为这件事而影响我们22楼5个女孩之间的关系
我昨天晚上回来晚没有吵到你们吧,没吵
没吵,反正我也没睡着
反正他也不在,你也知道是吧
你也知道是吧,以曲筱绡的性格
以曲筱绡的性格,他肯定希望越多人知道他越开心
他肯定希望越多人知道他越开心,所以你肯定也是知道的
所以你肯定也是知道的,为什么樊姐你知道也不告诉我
为什么樊姐你知道也不告诉我,洪洞县里无好人
洪洞县里无好人,这回我总算是知道了
莹莹 不都说好不生气了吗,就生气怎么了
还是右脸,我才不打你
我才不打你,我问你
我问你,你为什么曲筱绡给你塞纸条的事
你为什么曲筱绡给你塞纸条的事,你不告诉我
所以当时没跟你说 这结果你还真多想,怕我多想
怕我多想,如果不是你主动给他打电话
如果不是你主动给他打电话,他怎么知道你的电话号码的
他怎么知道你的电话号码的,他就更不可能让你去给他帮忙搬家了
你说我怎么办,你说的真的假的
不是因为你我理她干吗,我最喜欢吃的甜甜圈
我最喜欢吃的甜甜圈,这很难买的
这很难买的,你是不是排了很长的队
不生气了,看你表现
你不要给自己太大压力,你认识我那么久
你认识我那么久,什么时候看过我有压力
一块吃饭去,吃饭
吃饭,不行
不行,今天中午我跟朋友约会
我怎么没听说你在国内还有朋友,网友
网友,怕自己中文退化
怕自己中文退化,在论坛练笔认识的
要不要我去给你当保镖,公共场合吃顿饭应该不会有什么问题
公共场合吃顿饭应该不会有什么问题,再说我没有给对方留手机号
他们很容易盯上,我想到了
我想到了,所以直接约的办公室楼下走过去就可以了
所以直接约的办公室楼下走过去就可以了,再说了聊了这么久
再说了聊了这么久,不会这点信心都没有吧
有什么事的话记得给我打电话,奇点
我是  Andy 终于见到你了,我坐这吗
我就推翻了之前的想法,可是你见到我还是有点惊讶
但是没有猜对其他的,其实这点上我也猜错
其实这点上我也猜错,我以为混迹科技论坛的都是些年轻人
我以为混迹科技论坛的都是些年轻人,Sorry
Sorry,我这样说不太礼貌
没关系,我对中餐不太熟悉
我对中餐不太熟悉,你点菜
你点菜,我中午大概有一个半小时的时间
我中午大概有一个半小时的时间,晚一点也没关系
你这个人很直接 有喜欢的口味吗,荤的
荤的,大荤最好
像一个混网络的怪叔叔,还真有点 年龄、长相、谈吐风格
还真有点 年龄、长相、谈吐风格,都跟我想的不太一样
2D 3D版总有区别 习惯了就好,现在有一点熟悉的感觉
你呢,金融 就在这附近上班
金融 就在这附近上班,不过确实最近这两年有点操心
不过确实最近这两年有点操心,还好
还好,你似乎一直在判断我
你似乎一直在判断我,你似乎一直在
你似乎一直在,判断我
假如我有判断错误的地方请你指正,为什么
为什么,我只是
我只是,被你判断的有一点
被你判断的有一点,浑身不自在
浑身不自在,这个是什么
大荤,是挺荤的
怎么样,有一点酸酸的
有一点酸酸的,但是口感很好
用料非常考究,所以你对吃很讲究
为什么还这么瘦,怎么办
怎么办,吃到现在我才觉得你是我认识的奇点
凉拌、生吃任凭处置,你不用付账了
你不用付账了,要不我们AA
否则有赖账的嫌疑,我可以问个私人问题
可以,你结婚了吗
你结婚了吗,对不起
对不起,我很直接也很没礼貌
我很直接也很没礼貌,但是在私人交往方面
但是在私人交往方面,我需要根据这个把握分寸
拜拜,其实我有一套装备
其实我有一套装备,我每次逛街的时候都会带着相机
我每次逛街的时候都会带着相机,然后让店员给我搭好
然后让店员给我搭好,我就拍照
我就拍照,打印出来塑封好
打印出来塑封好,塞在衣服兜里
塞在衣服兜里,所以你再去收纳或者是再去搭配的时候都不会
所以你再去收纳或者是再去搭配的时候都不会,不会乱
不会乱,你要不要用
拍照存档,一周才7天
一周才7天,一季也没有几周
一季也没有几周,要那么多搭配干嘛
要那么多搭配干嘛,其实我觉得出于礼节
其实我觉得出于礼节,一周只要不重样
一周只要不重样,两周围巾不重样
两周围巾不重样,这就够了
这就够了,今天中午我请奇点吃饭
今天中午我请奇点吃饭,一起去吗
见了面感觉怎么样,中年男子跟我想象中有点不太一样
中年男子跟我想象中有点不太一样,小关那天见到了
既然有下一次看来不是见光死,奇点
奇点,看上去很安全
看上去很安全,那样子
那样子,可以做朋友
可以做朋友,不过现在还在发愁
不过现在还在发愁,因为餐厅是他定的
因为餐厅是他定的,我也不知道在哪
我也不知道在哪,所以我很害怕一会又迷路迟到
所以我很害怕一会又迷路迟到,只能靠GPS了
我就是你的GPS,谢谢 拜
谁都不可能跟你一辈子,Sorry
Sorry,我想我迷路了
或许我可以给你指路,上海真的有太多长的一样的巷子了
上海真的有太多长的一样的巷子了,我刚才路过的是上海十二中
我刚才路过的是上海十二中,我现在在绿杨新路
然后上北环高架,北在哪
北在哪,北在哪儿
北在哪儿,我真的分不清东南西北
我真的分不清东南西北,你能不能告诉我是往左还是往右
等你上了高架之后我再指点你,Ok我大概知道了
Ok我大概知道了,我需要掉头了
我需要掉头了,好
好,你等我
你等我,待会见 bye
他们携家带口,我不是太适应家庭的氛围
我不是太适应家庭的氛围,Sorry
我们自己坐,兵来将挡水来土掩
兵来将挡水来土掩,上一次见你
上一次见你,看你坐地铁回去
看你坐地铁回去,我还内疚半天不该让你买单
我还内疚半天不该让你买单,现在看起来其实一顿饭对你也不算什么
来 喝杯甜的暖暖心,樊姐 你不是说这个是治痛经的吗
喝了这个就能变漂亮了是吧,我要变漂亮
我要变漂亮,可是我变漂亮有什么用
可是我变漂亮有什么用,白主管也不喜欢我
对不对,可是我还是喜欢白主管
可是我还是喜欢白主管,我还是喜欢白主管
渣男不值得留恋,我还是想白主管
他说你那车是从他们店里卖出去的,真的吗
真的吗,那是我老板的车 被我抢过来了
那是我老板的车 被我抢过来了,我们认识10年了
我们认识10年了,我记得我从博士毕业之后就跟他在一起工作
我记得我从博士毕业之后就跟他在一起工作,他是个处理复杂关系的天才
怎么样,很鲜
很鲜,看来你很懂美食
经常跟人出来应酬多少知道一点,谢谢你今天让我吃了这么多好吃的
谢谢你今天让我吃了这么多好吃的,我很开心
你会发现其实最想念的还是家里妈妈做的饭菜,我是孤儿
我是孤儿,从小被收养到国外
从小被收养到国外,我是孤儿
我是孤儿,从小被收养到国外
从小被收养到国外,其实我对中餐的印象也就是福利院的饭菜
其实我对中餐的印象也就是福利院的饭菜,我记得那个时候我们拿的都是搪瓷碗
我记得那个时候我们拿的都是搪瓷碗,然后一个铝制的调羹 就在排队等打饭
然后一个铝制的调羹 就在排队等打饭,福利院的饭菜其实就是一些蔬菜
福利院的饭菜其实就是一些蔬菜,上面飘着几片肥肉
上面飘着几片肥肉,吓到了
现在谜团渐渐解开了,在意吗
还是你把自己培养的这么优秀,你不觉得我很古怪
你不觉得我很古怪,有点不合群吗
我一直相信曲高和寡,你安慰人的方式很特别
小蚯蚓,不饿 我打算洗心革面
不饿 我打算洗心革面,重新做人
重新做人,先罚自己饿三顿
先罚自己饿三顿,饿死带眼不识人的傻瓜
还有夏威夷果,这是三只松鼠
这是三只松鼠,你先帮我收着
你先帮我收着,我要反省我不能吃
你还是好好想想明天怎么上班,我已经想好了
我已经想好了,我肯定不能辞职
我肯定不能辞职,我就算辞职也得找好下家才能辞
我就算辞职也得找好下家才能辞,要不然我喝西北风去
他如果事事都针对你是迎战还是逆来顺受,樊姐
樊姐,你就是我亲姐
你就是我亲姐,这件事你不但没有
这件事你不但没有,怪我还帮我出头
怪我还帮我出头,你放心
你放心,以后我肯定不这样了
以后我肯定不这样了,以前都是我鬼迷心窍
以前都是我鬼迷心窍,他让我
他让我,干什么我就干什么
干什么我就干什么,以后我再也不这样了
以后我再也不这样了,我以后再也不会受他欺负了
我去吃啦 三只松鼠,帮我留着点
拉倒吧,我突然觉得好饿
害得我差点闷死,我昨晚一夜没睡
我昨晚一夜没睡,老谭
老谭,我没问题了
我没问题了,周一准时上班
周一准时上班,对了
对了,刚接触的项目我考察了一下
刚接触的项目我考察了一下,我觉得回报率还挺高的
我觉得回报率还挺高的,还不错
还不错,我已经让关大鹏做方案了
我已经让关大鹏做方案了,周一我们讨论一下
周一我们讨论一下,Ok bye
我不管你请客吃饭,想吃什么
想吃什么,不知道 办公室恋情 一向是没有好结果的
不知道 办公室恋情 一向是没有好结果的,反倒我是觉得
反倒我是觉得,对樊小妹刮目相看
明眼人一看就知道他在硬撑,你以为个个都像你 生下来就可以继承公司
你以为个个都像你 生下来就可以继承公司,衣食无忧
衣食无忧,我觉得樊小妹挺不容易的
我觉得樊小妹挺不容易的,生性热心肠
生性热心肠,小邱这件事情 是多亏有了小樊和小关
我最烦她 绷着全身细胞求上进的样子,有时候听你说话真的挺好玩的
有时候听你说话真的挺好玩的,但是我觉得小关是个好职员 相反小丘吧
但是我觉得小关是个好职员 相反小丘吧,算了 换个话题
算了 换个话题,你的公司怎么样了
能不能签约就看后天,签约之前
签约之前,一定要使劲把这个气球吹大
一定要使劲把这个气球吹大,就算你的条件是一个狗尾巴草
就算你的条件是一个狗尾巴草,你要把它包装成一个有气质特立独行的狗尾巴草
你要把它包装成一个有气质特立独行的狗尾巴草,等到双方绑在一条船上的时候
等到双方绑在一条船上的时候,再努力做实事
我听着怎么觉得像反话,不是反话
不是反话,就像我刚跟你说
就像我刚跟你说,我觉得小关会是一个好的职员
我觉得小关会是一个好的职员,是因为他的条框太多
是因为他的条框太多,所以他做事情的时候总会把预设的东西往他的条框里装
所以他做事情的时候总会把预设的东西往他的条框里装,太束手束脚了
太束手束脚了,但你没有
但你没有,我相信一定把你的狗尾巴草包装的独一无二了
我相信一定把你的狗尾巴草包装的独一无二了,但因为你的经验不够
但因为你的经验不够,我才想告诉你说把它包装得更有气质
我才想告诉你说把它包装得更有气质,更特立独行一些
更特立独行一些,千万不要把狗尾巴草说成是玫瑰花
22楼就你一个人拎得清,常与同好争高下
常与同好争高下,不共傻瓜论短长
不共傻瓜论短长,高
高,我最烦脑袋转不过弯的人
我最烦脑袋转不过弯的人,但是在生活中无数的小外延条件项
但是在生活中无数的小外延条件项,在某些特定的条件项下
在某些特定的条件项下,有些人就算他智商不高
有些人就算他智商不高,但是他术业有专攻
但是他术业有专攻,他依然可以成为小外延条件项下的专家
他依然可以成为小外延条件项下的专家,所以以后不管我们是跟谁说什么
所以以后不管我们是跟谁说什么,一定要看清前提
一定要看清前提,当然了
当然了,有些话题只能是不共傻瓜论短长
没问题,我想了想我也太悲催了
我想了想我也太悲催了,从小到大都没有收到过玫瑰
从小到大都没有收到过玫瑰,爱情即使全部都是精神上的
爱情即使全部都是精神上的,总得有一点体现在玫瑰上
总得有一点体现在玫瑰上,我怎么这么傻
别怪我,姐 你说什么
姐 你说什么,我闹别人我也不可能闹你
我闹别人我也不可能闹你,你就是我亲姐
你就是我亲姐,除非你不认我
除非你不认我,你能把那两朵玫瑰给我吗
你要干嘛,以毒攻毒幡然醒悟
你走不走,我一会跟安迪走
我一会跟安迪走,反正我不想坐地铁了 一坐地铁我就想到那个衰人
反正我不想坐地铁了 一坐地铁我就想到那个衰人,樊姐 努力 加油
这孩子没事吧,你什么时候来的
你什么时候来的,你怎么不进去
生意的事我不管 我是来陪你吃饭的,吃饭
吃饭,所以你真的是来监督我吃饭的
所以只好舍命陪君子了,我已经好了
我已经好了,没事了
挖到我这儿累死累活,那也是
那也是,找弟弟
找弟弟,弟弟的事情也是
弟弟的事情也是,我知道你为什么来
我知道你为什么来,放心
放心,我真的没事
我真的没事,我现在只是想希望老严能够尽快找到我弟弟
我现在只是想希望老严能够尽快找到我弟弟,一想到他孤零零的在外面一个人
一想到他孤零零的在外面一个人,我就不能心安
我就不能心安,他竟然躲着我
他竟然躲着我,你知道吗
你知道吗,我今天早晨的时候我看见他了
我今天早晨的时候我看见他了,他也看见我了
他也看见我了,我还在她她看完我以后会不会想着怎么来跟我解释怎么道歉
我还在她她看完我以后会不会想着怎么来跟我解释怎么道歉,本来都在想
本来都在想,如果他来跟我解释的话
如果他来跟我解释的话,我会不会原谅他
我会不会原谅他,可是他见着我他就走了
可是他见着我他就走了,这男人一点担当都没有
我还怕他遇见你找你麻烦,我知道
我知道,我知道他干的特别多混蛋的事
我知道他干的特别多混蛋的事,可我现在心里面特别想着
可我现在心里面特别想着,要是这混蛋事
要是这混蛋事,不是他干的多好
不是他干的多好,小关你不理解我那种感觉
小关你不理解我那种感觉,特别爱一个人
特别爱一个人,你跟他在一起那么美好
你跟他在一起那么美好,可是我就是不明白两个人之前那么好
可是我就是不明白两个人之前那么好,为什么说变就变了
为什么说变就变了,那么多美好的回忆一下子就全都没了
但你得答应我一个条件,你说
我不希望因为这个伤害到自己,好
好,我答应你
你慢慢吃,谢谢你
我们先会替你保管你的出入门卡,可是我是举报者
可是我是举报者,我没有贪污
我没有贪污,为什么要停我工作
为什么要停我工作,停几天
停几天,这停工作的期间还照常发我工资吗
公司会酌情补偿,行
行,反正 反正我问心无愧
反正 反正我问心无愧,我相信公司
我相信公司,早 还没睡醒
可不嘛 没几个小时,今天要见客户了
今天要见客户了,英文单词背熟了没有
不过我有备用的利器,如果你需要人手
如果你需要人手,202的小邱刚失业
留个职位总是有的,我们那儿啊
我们那儿啊,我们那只需要两种女人
我们那只需要两种女人,铁娘子或者绝色花瓶
那我呢,花瓶怎么和狐狸精比 当然可以
花瓶怎么和狐狸精比 当然可以,失恋又失去工作
失恋又失去工作,我失恋了
我失恋了,我工作也没了
我工作也没了,樊姐
怎么起得这么早啊,我睡不着
我睡不着,关关 我失恋又失去工作
关关 我失恋又失去工作,然后我就开始漫长的找工作
然后我就开始漫长的找工作,我没有钱就得向爸妈伸手
我没有钱就得向爸妈伸手,他们又得埋怨我
他们又得埋怨我,我这季度的物业费都没交
我这季度的物业费都没交,我怎么办
我怎么办,我干脆跳楼
我干脆跳楼,算了
你有工作经验了,对
对,前段时间我们公司刚来几个大学生来面试
前段时间我们公司刚来几个大学生来面试,穿着跟cosplay似的
穿着跟cosplay似的,我们同事偷偷给我打电话让我去围观
我们同事偷偷给我打电话让我去围观,我总比他们强是吧
我总比他们强是吧,是吧
因祸得福,可是我眼前怎么办
可是我眼前怎么办,我现在没有钱交物业费
我现在没有钱交物业费,也没有钱吃饭
也没有钱吃饭,今天你怎么没下来跑步
我翻着翻着我就睡晚了,樊小妹之前教过
樊小妹之前教过,我一个俚语
我一个俚语,没事
没事,开个同学会 拆散一对是一对 是这样吗
开个同学会 拆散一对是一对 是这样吗,读书的时候有没有喜欢的人
安迪姐参加过同学会吗,没有
没有,因为我读书的时候跳了几级
因为我读书的时候跳了几级,所以班上的同学都比我年纪大
所以班上的同学都比我年纪大,他们不爱跟我玩
安迪姐你都跳过几级,我 year three
我 year three,and five 还有在high school的时候都有跳过
and five 还有在high school的时候都有跳过,跳过
怎么样好吃吗,好吃
多少都管够,可是吃一顿有什么用
可是吃一顿有什么用,等你走了之后我又要挨饿
等你走了之后我又要挨饿,没有工作就没有收入了
没有工作就没有收入了,租房要钱
租房要钱,物业也要钱
物业也要钱,我不想在上海呆了
你一定要在上海坚持住,我不想在上海待了嘛
我不想在上海待了嘛,我们同学都回老家了
我们同学都回老家了,他们回去以后房要车有车
他们回去以后房要车有车,还要家里人照顾
还要家里人照顾,我一个人在上海我多可怜
我一个人在上海我多可怜,而且他们都欺负我
那就得进城去大地方,爸 你就真的不准我回家
爸给你烙了几张饼在冰箱里,爸 你注意安全
你照着条热着就行了,你一个人 不是说你爸爸来了
你一个人 不是说你爸爸来了,我爸已经走了 回家了
我爸已经走了 回家了,那什么
那什么,这些书还有盘全是我爸给我买的
这些书还有盘全是我爸给我买的,都是我鼓励我学习上进的
都是我鼓励我学习上进的,你看 这本书 做最好的自己
你看 这本书 做最好的自己,我没看之前我真的什么都不懂
我没看之前我真的什么都不懂,看完以后我觉得我自己干劲特别大
看完以后我觉得我自己干劲特别大,不是前段时间刚揭穿了一个假博士吗
不是前段时间刚揭穿了一个假博士吗,这个书这是逻辑是不通的
这个书这是逻辑是不通的,比如说你像这个故事
比如说你像这个故事,一个从未出过
一个从未出过,门的农民
门的农民,为了追债 跑遍了整个中国
为了追债 跑遍了整个中国,然后债务人外逃
然后债务人外逃,他跟了追到国外去 一次家都没有回
他跟了追到国外去 一次家都没有回,然后意外的在国外发现商机
然后意外的在国外发现商机,转身一变成为一代侨领
转身一变成为一代侨领,首先
首先,如果一个从未出过门
如果一个从未出过门,门的一个农民
门的一个农民,他要是出国
他要是出国,他是不是应该回家
他是不是应该回家,办护照办签证
办护照办签证,其次 外国人也没那么傻
其次 外国人也没那么傻,遍地是黄金的故事
遍地是黄金的故事,不要相信
不要相信,别不信
别不信,我上网查了
我上网查了,真的有这个人
真的有这个人,不信我再查给你看
不信我再查给你看,我知道会有这种人
我知道会有这种人,但是这种故事3分真7分假
但是这种故事3分真7分假,他才能够骗你这样的人
他才能够骗你这样的人,小邱
小邱,我倒觉得其实你可以去思考一下
我倒觉得其实你可以去思考一下,成功的定义到底是什么
成功的定义到底是什么,人一定要有钱
人一定要有钱,有地位才叫成功吗
有地位才叫成功吗,非得要这样的成功
非得要这样的成功,人生才够完美吗
人生才够完美吗,你是饱汉不知饿汉饥
你是饱汉不知饿汉饥,你有房有车
你有房有车,功成名就 当然可以责问成功
功成名就 当然可以责问成功,但是我不行
但是我不行,我现在就需要成功
我现在就需要成功,可是逻辑
可是逻辑,不通又煽动人心的书
不通又煽动人心的书,不是好书
不是好书,你真的不应该看 人一定要有钱有地位才能成功的话
你真的不应该看 人一定要有钱有地位才能成功的话,按照人类大范畴来说
按照人类大范畴来说,成功的几率是很小的
成功的几率是很小的,你只能靠这些书来自己欺骗自己说我会成功吗
你只能靠这些书来自己欺骗自己说我会成功吗,Andy你是不是特别看不起我
Andy你是不是特别看不起我,我知道你比我聪明
我知道你比我聪明,你留过学
你留过学,但是我知道我自己在做什么
但是我知道我自己在做什么,我有分辨能力
我有分辨能力,我知道我自己能看什么书
我知道我自己能看什么书,我求你别管我也别替我操心了行吗
我求你别管我也别替我操心了行吗,Sorry
Sorry,我看
我看,so什么rry
so什么rry,我没说完呢 安迪
我没说完呢 安迪,你等会儿我
你等会儿我,你别跟我sorry
你别跟我sorry,我还没说完
我还没说完,那是我爸我买的
那是我爸我买的,樊姐 你终于回来
樊姐 你终于回来,怎么了
怎么了,你买这么多大蒜干什么
你买这么多大蒜干什么,晚上打算跟僵尸对攻啊
晚上打算跟僵尸对攻啊,那僵尸表示压力很大
你坐外面干什么呢,你一说这个
你一说这个,你一说我就生气了
你一说我就生气了,我爸不是来了吗
我爸不是来了吗,给我买了好多本书
给我买了好多本书,讲的都是成功人士的经验
讲的都是成功人士的经验,他让我好好学习好在上海立足
他让我好好学习好在上海立足,我那正学着我正有干劲的时候
我那正学着我正有干劲的时候,安迪进来了
安迪进来了,安迪进来以后 我就给他介绍这些书
安迪进来以后 我就给他介绍这些书,我说如果你喜欢的话我可以介绍给你
我说如果你喜欢的话我可以介绍给你,可是他说什么
可是他说什么,他说这些都是坏书都是没逻辑
他说这些都是坏书都是没逻辑,把我讽刺一通以后他就跑了
把我讽刺一通以后他就跑了,跑了我就追
跑了我就追,结果她进屋了
所以你别多想,我没多想
我没多想,樊姐 我没
樊姐 我没,可是他一直说我的书没逻辑没逻辑
可是他一直说我的书没逻辑没逻辑,他都不想想
他都不想想,这书是我爸给我买的
这书是我爸给我买的,我爸当然知道现在我适合看什么书了
我爸当然知道现在我适合看什么书了,而且我现在属于低潮期
而且我现在属于低潮期,我就应该看这种书
我就应该看这种书,我觉得挺好的
我觉得挺好的,他怎么能说没逻辑
他怎么能说没逻辑,我知道
我知道,他就是嫌
他就是嫌,我跟我爸没能力 直接说就行了
我跟我爸没能力 直接说就行了,他为什么拐弯抹角的 直接说不就行了吗
他为什么拐弯抹角的 直接说不就行了吗,是不是
是不是,我又失恋我又失业的
我又失恋我又失业的,所以他看不起我
帮姐个忙,行
让姐睡半个小时,我帮你
我帮你,反正半个小时以后我再说
安迪姐,起晚了
起晚了,因为邱莹莹吧 昨天我看她在看成功学的书
因为邱莹莹吧 昨天我看她在看成功学的书,说了她几句
说了她几句,他好像很不高兴
可莹莹她不是有意的,其实我说他也是希望能够帮他
我感觉好多天都没见到他,小曲忙着赚钱呢
小曲忙着赚钱呢,你别看他平时吊儿郎当的
你别看他平时吊儿郎当的,其实聪明的很
其实聪明的很,什么时候该做什么事情
什么时候该做什么事情,心里清清楚楚的
有的时候我就在想我是不是从小到大乖乖听话听错了,你也想变成小曲那样
还不如曲筱绡随便打个电话找个朋友有用,话不是这么说
话不是这么说,其实每个人都有自己的立身之本
其实每个人都有自己的立身之本,小曲的歪点子多
小曲的歪点子多,那也只有他的这种性格才做得到
那也只有他的这种性格才做得到,你只要踏踏实实做事
你只要踏踏实实做事,自然会有人欣赏你的
自然会有人欣赏你的,其实人生的路很长
其实人生的路很长,未来你就知道了
未来你就知道了,不是走得快
不是走得快,懂得多就好
懂得多就好,重要的还是要找到一个适合自己的道路
不解释一下吗,解释什么
解释什么,邻居
邻居,一个特别能闹腾的邻居
一个特别能闹腾的邻居,他叫曲筱绡
他叫曲筱绡,今天他签了个合同非常高兴 来找我庆祝
今天他签了个合同非常高兴 来找我庆祝,谁知道乐极生悲
谁知道乐极生悲,一进门就崴了脚
一进门就崴了脚,所以我让小王送他去医院了
不管 这合适吗,要是是别人我不知道
要是是别人我不知道,但是曲筱绡不用担心
但是曲筱绡不用担心,你没见过他
你没见过他,古灵精怪的
古灵精怪的,只有他欺负别人的时候
只有他欺负别人的时候,从来都没有别人欺负他的时候
从来都没有别人欺负他的时候,而且他也不会小肚鸡肠
而且他也不会小肚鸡肠,我跟他说了
我跟他说了,我一开完会就去医院接他
是跟以前有点不一样了,什么不一样
不像你在美国的时候连个说话的人都没有,朋友
朋友,你指曲筱绡
我走了,怎么
怎么,想给医生打电话
而中才是我的性格,你年纪不大
你年纪不大,心眼不少
心眼不少,说吧
说吧,为什么要骗我
我怎么会骗你呢,你还在跟我装
你还在跟我装,一个项目谈下来
一个项目谈下来,你爸的实力我基本已经摸清了
你爸的实力我基本已经摸清了,不过你放心
不过你放心,我有我的职业道德
我有我的职业道德,只不过你爸很疼你
只不过你爸很疼你,你怎么可以把自己说的像没有人疼没有人爱一样
你怎么可以把自己说的像没有人疼没有人爱一样,真是个小滑头
不要生气了好不好,你说为什么你追赵医生
你说为什么你追赵医生,我一点都不觉得猥琐
我一点都不觉得猥琐,要是别的女孩那么主动
要是别的女孩那么主动,我真的接受不了
有没有,Ok. 
Ok. ,来扶着我
家还是公司,在家里
我刚出差回来 见个面,又是吃饭
我带你去个好玩的地方,好
好,不过要我请客
不过要我请客,欠债还钱天经地义
欠债还钱天经地义,不许跟我争
满足我随叫随到,我以为我自己很聪明
我以为我自己很聪明,可你总有办法算计我
地址给我 我来接你,欢乐颂小区
欢乐颂小区,到了打我电话
害怕吗,你还真是童心未泯
你还真是童心未泯,不过这个地方做的还真的挺逼真的
敢吗,你觉得我像不敢的人吗
你不觉得很恐怖吗,故弄玄虚
故弄玄虚,地震区
地震区,不会有这样的地貌
不会有这样的地貌,这里面是充满低压气体的
这里面是充满低压气体的,有一个连接高压电瓶的电极
有一个连接高压电瓶的电极,电极
电极,所以手一触摸自然就这样像闪电一样
你行吗,我最会玩游戏了
要比赛的,没问题
谁时间最接近谁就赢,Ok
Ok,到你了
不错,天哪
天哪,你太棒了
你太棒了,一点点
一点点,再来一次
再来一次,没关系
大家都说 他光速升为副主任跟这个有关系,你打算怎么样
还能怎么样,有女朋友你也追啊
基本上可以判断恋爱失效,可是你没有见过他女朋友
可是你没有见过他女朋友,你凭什么这么判断
樊姐 你好讨厌,你口水都快掉下来了
你口水都快掉下来了,至于吗
其实你们应该学学我 白刀子进红刀子出 越简单越好,我要走了
我要走了,小关在地下车库等我
她干嘛跑到地下车库等你,不是明天走吗
去呢,应该也不至于
应该也不至于,不是还有同学吗
这是追求女生的第一步,樊小妹也说了
樊小妹也说了,爱情就像便便 来了
爱情就像便便 来了,挡也挡不住
这是麦兜说的,麦兜是谁
麦兜是谁,居然比樊小妹还灵光
居然比樊小妹还灵光,我要认他做偶像
是真心想帮我怎么办,你为什么不直接问他车上到底会坐几个人呢
你为什么不直接问他车上到底会坐几个人呢,只是回个家而已
只是回个家而已,不会这么麻烦
不会这么麻烦,如果林师兄真的喜欢你也不是什么坏事
他会不会误会,他误会你什么
他误会你什么,对不起 小关
对不起 小关,情感的问题我真的不太有经验
情感的问题我真的不太有经验,可是我只觉得他是你的师兄
可是我只觉得他是你的师兄,你搭他的顺风车
你搭他的顺风车,能够发生什么呢
能够发生什么呢,他能够把你绑回家吗
对吧,所以
所以,如果你真的很担心的话
如果你真的很担心的话,这样好了
这样好了,你一上车就假装自己睡着
你一上车就假装自己睡着,一直到目的地
一直到目的地,再下车这不就完了
这样是不是伤害能小一点,小曲太野  你又太乖
小曲太野  你又太乖,如果你们两个能够综合一下就好了
拜拜,我有话想跟你说 我能进来吗
进来,我能坐下跟你说吗
我能坐下跟你说吗,樊姐
樊姐,我觉得我自从白主管那事儿以后
我觉得我自从白主管那事儿以后,我就干什么都不顺
我就干什么都不顺,以前还有你跟关关安慰我
以前还有你跟关关安慰我,可是我现在觉得连你们两个都不想理我了
想听真话还是假话,真话
我对你发过脾气吗,樊姐
樊姐,我现在该怎么办
拜拜妈妈,我知道你是谁你是在功夫里面包租婆
吓死我了,这个包是王帅哥送你的
这个包是王帅哥送你的,这可是BV的包 一个包一两万
这可是BV的包 一个包一两万,看来王帅哥是真的喜欢你 樊姐
看来王帅哥是真的喜欢你 樊姐,樊姐
樊姐,我觉得王帅哥他是真心喜欢你
我觉得王帅哥他是真心喜欢你,为什么 听我跟你分析啊
为什么 听我跟你分析啊,第一他追你追的很殷勤
第一他追你追的很殷勤,他给你买这么贵的包
他给你买这么贵的包,你俩还是青梅竹马
你俩还是青梅竹马,俊男美女 在上海重逢了
俊男美女 在上海重逢了,勾起了无限美好回忆
勾起了无限美好回忆,你这简直是韩剧里面的男女主角
哪还可能追我啊,樊姐
樊姐,樊姐你怎么能这么想呢
樊姐你怎么能这么想呢,反正在我心里我觉得樊姐是最好的
目标选的怎么样,给你看
你有这方面的经验吗,我之前不是在市场部做文员
我之前不是在市场部做文员,我可以写在简历里
我可以写在简历里,就说我在市场部待了两年半
你想好怎么回答了吗,可是如果公司招我以后不是得进行职前培训吗
可是如果公司招我以后不是得进行职前培训吗,我觉得那个都没事的
我觉得那个都没事的,樊姐 你主要是帮我看看
樊姐 你主要是帮我看看,你觉得哪个公司比较有前途
你觉得哪个公司比较有前途,我想进小关那种公司
我想进小关那种公司,工资水准高
工资水准高,环境好
环境好,工作稳定
工作稳定,我觉得去到那种公司最起码水涨船高
我觉得去到那种公司最起码水涨船高,没准
没准,我的工资还能再高一点是吧
没前途,我听樊姐的
我听樊姐的,不过樊姐 你今天讲了这么多个小卷卷
不过樊姐 你今天讲了这么多个小卷卷,打扮的这么好看
打扮的这么好看,是不是要去跟王帅哥约会呀
打扮得漂亮就一定要约会吗,小邱怎么了
小邱怎么了,怎么突然开窍了
说是要去什么人才招聘市场试试看的,看来还是樊小妹有办法
看来还是樊小妹有办法,不过小邱也是挺可爱的
不过小邱也是挺可爱的,他都不知道他自己错在哪里
他都不知道他自己错在哪里,就过来跟我道歉
就过来跟我道歉,真是一个很单纯的姑娘
我真不知道该怎么办才好,樊姐你看这都是我在唯品会特卖会上买的 好看吗
樊姐你看这都是我在唯品会特卖会上买的 好看吗,还有这件 
你怎么净选点不合适自己的,这不适合我啊
你干什么呢,我学樊姐走路
我学樊姐走路,樊姐走路最淑女
学关关 好吧,想不到我工作这么多年
想不到我工作这么多年,连走路还得学关关
赶紧去加油,樊姐 我
我觉得这个你还是应该要知道一下,手机业务影响不大
手机业务影响不大,PC业务需要调整
PC业务需要调整,但公司的根本还是在于家电这一块
但公司的根本还是在于家电这一块,从这个角度来看
从这个角度来看,收购红星势在必行
收购红星势在必行,而且红星在老一辈人当中的品牌认知度很高
而且红星在老一辈人当中的品牌认知度很高,所以如果我们要是把它收购了的话
所以如果我们要是把它收购了的话,也有助于我们晟煊品牌在国内的知名度有进一步的提升
也有助于我们晟煊品牌在国内的知名度有进一步的提升,但是现在关键就在于我们的规模相当
但是现在关键就在于我们的规模相当,想要收购 难度不小
正好 借此也让他们看看你的实力,好吧
好吧,拿资本家的钱 替资本家做事
无聊不无聊,你怎么知道
你怎么知道,是
是,朋友们都被我吓跑了
朋友们都被我吓跑了,想请我吃顿大餐安慰一下我
那都不叫朋友,谢谢你老谭
还跟我说这种话,是
是,所以更该请你吃顿饭
所以更该请你吃顿饭,想吃什么
想吃什么,尽管宰我
尽管宰我,但是过了这个村就没这个店了
那得好好想想,总觉得有人在跟着我
上海本来就没有几个朋友 谁会跟着你,我也觉得奇怪
我也觉得奇怪,加上今天已经好几次了
加上今天已经好几次了,总觉得有人在跟着我
总觉得有人在跟着我,一回头什么都没有
一回头什么都没有,你说
你说,会不会是我自己的幻觉
会不会是我自己的幻觉,还是
安迪别胡思乱想,安迪 是你 我找了工作了
安迪 是你 我找了工作了,卖咖啡
卖咖啡,我以后就卖咖啡了
我以后就卖咖啡了,我真没有想到这么快找到工作了
我真没有想到这么快找到工作了,McAfee 很好
McAfee 很好,非常有名的软件公司
非常有名的软件公司,恭喜你
恭喜你,我不是在那个软件公司上班
我不是在那个软件公司上班,我的意思是说我以后就是卖咖啡的了
我的意思是说我以后就是卖咖啡的了,我在咖啡馆工作
我在咖啡馆工作,卖咖啡卖那些咖啡
卖咖啡卖那些咖啡,他们破格录取我的
他们破格录取我的,我都没有想到他们能录取我
我都没有想到他们能录取我,你等一下 我买了蛋糕 我跟你一块庆祝
你等一下 我买了蛋糕 我跟你一块庆祝,不用了
不如教我一些跟人打交道的合作技巧,樊姐
樊姐,你是不是要搬走了
为什么会问这样的问题,因为你同学很有钱
因为你同学很有钱,他还舍得给你买这么好的东西
他还舍得给你买这么好的东西,他一定很爱你
他一定很爱你,肯定恨不得早点买房跟你结婚
懂吗,樊姐 你说这话好有道理
樊姐 你说这话好有道理,我得牢牢记下 发个朋友圈
你第一天上班不用早去吗,我第 对 我今天第一天上班 我都给忘了
我第 对 我今天第一天上班 我都给忘了,我得早点去给同事留一个好印象
我得早点去给同事留一个好印象,我走了
这两款是罗马尼亚全自动,刘 刘姐 刘姐
还有什么不明白的吗,能不能再说一遍
能不能再说一遍,我没听清
这两款是罗马尼亚全自动,意大利全自动 罗马利亚全自动
记好了过来跟我了解一下咖啡豆,这么多咖啡豆全都得记住
用多久的时间脱壳脱皮,脱壳脱皮
就是论坛上 头版上海归美女高管的帖子 赶紧的,是前几天拍的
是前几天拍的,我以为我自己感觉出问题了
我以为我自己感觉出问题了,原来是真的
原来是真的,国外回来
国外回来,海归美女 毕业于 这种帖子就是nonsense
海归美女 毕业于 这种帖子就是nonsense,随便
随便,反正这种事情我没
反正这种事情我没,做过
你万一公司的人知道你会毁了你的声誉的,我的声誉不会被影响的
我的声誉不会被影响的,认识我的人都知道我是个清教徒
时间到了,ok我马上过来
ok我马上过来,不跟你说了 我挂了
假的都会变成真的的,樊小妹
樊小妹,谢谢你这么关心我
谢谢你这么关心我,可是我现在忙得不可开交
可是我现在忙得不可开交,根本就没有时间管这种帖子
根本就没有时间管这种帖子,好吧
好吧,我一会再打给你好吗
我一会再打给你好吗,Ok
你下次有事我一定也帮你,樊小妹
樊小妹,谢谢你
谢谢你,之前提醒我
之前提醒我,我今天能够提前下班
我今天能够提前下班,要不要接上小关一起吃个晚饭
知道吗,其实这个帖子也没事的
其实这个帖子也没事的,这些人只不过是通过网络发泄一下情绪而已
这些人只不过是通过网络发泄一下情绪而已,本来也不是真实的事情
本来也不是真实的事情,我不怕别人说三道四
咱俩一起商量,好
好,我们见面再聊
我们见面再聊,拜拜
我在想会不会是奇点有主,之前我问过
之前我问过,他说他没有女朋友
看看他有没有什么线索,现在人在国外
现在人在国外,联络起来也不是那么方便
联络起来也不是那么方便,我跟他也好几天没联系了
搞不好还能跑你公司拉横幅抗议,谢谢你
谢谢你,樊小妹
樊小妹,没想到
我不可能看别人欺负,Hello老谭
那个叫魏渭的是不是就是你说的那个人,你看到帖子了
现在都是依法办事,你逼她道歉了
现在还在包厢里端茶倒水求原谅,谢谢你小曲
谢谢你小曲,不过人家已经道歉了
不过人家已经道歉了,厚道一点
懂不懂,不过你说的也对
不过你说的也对,这个问题你比我在行 听你的
这个问题你比我在行 听你的,说真的
说真的,这件事情真是给我带来不少麻烦
这件事情真是给我带来不少麻烦,幸亏有你
这情谊可不能忘,你放心以后只要是你的事
你放心以后只要是你的事,我能帮一定帮
我能帮一定帮,我好像看到绯闻男主角
你真认识他,回来之前认识的
回来之前认识的,但不是网上说那种关系
但不是网上说那种关系,我先不跟你说了
我先不跟你说了,拜拜
拜拜,事情已经解决了
事情已经解决了,谢谢你
谢谢你,特意跑一趟
而且反而会更加弄得弄假成真了,也不是
也不是,只是个小朋友做一点手脚
只是个小朋友做一点手脚,你带手机了吗
你带手机了吗,你上网看看就明白了
很糟糕,你知道是谁发的帖子吗
那就更麻烦了,我的一个邻居为了担心我的安全
我的一个邻居为了担心我的安全,坚持要接送我
坚持要接送我,还有两个邻居正在赶回来的路上
还有两个邻居正在赶回来的路上,准备下午的网络酣战
准备下午的网络酣战,为我正名 另一个邻居刚刚给我解决了一个大事
为我正名 另一个邻居刚刚给我解决了一个大事,所以我不能丢下这些好朋友不管
合作机会多的是 一准亏不了,我这人有个毛病
我这人有个毛病,一紧张就要喝水吃东西
一紧张就要喝水吃东西,突然到你家来 更是如此
突然到你家来 更是如此,我不客气
我不客气,我已经数过了
我已经数过了,每个人15只
每个人15只,我已经吃完了我的15只
看来我给自己找了一个绝无仅有的奇葩,所以
这房子怎么样,风景很好
风景很好,我喜欢能够看到灯火的房间
我喜欢能够看到灯火的房间,不会太喧嚣
不会太喧嚣,也不会太寂寞
也不会太寂寞,从这看出去真的能看到半个上海的灯火
从这看出去真的能看到半个上海的灯火,很奢侈
特别合我的胃口,嘻嘻
熬夜做功课的,是
是,你真的早就留意到我了
你真的早就留意到我了,我还以为是我先留意你的
我还以为是我先留意你的,我觉得你这个人不怎么说话
我觉得你这个人不怎么说话,但是说一是一句让人印象很深
我跟女朋友分手,分手
分手,为什么
连同我整个人都,他在你最困难的时候
他在你最困难的时候,时候离开你
你呢,第一次见面
第一次见面,差点打退堂鼓
差点打退堂鼓,因为你这个人表面亲切风趣
因为你这个人表面亲切风趣,实则戒心很重
实则戒心很重,而且
而且,长相一般
长相一般,要不是那一次我欠你一顿饭 加上之前对你的印象奇佳 第二次见面应该不会有
当心又像昨天似的把自己喝醉了,樊姐 你怎么知道的
樊姐 你怎么知道的,我现在正在纠结要不要喝咖啡呢
就你那点小心思还能瞒得了我吗,可是如果我现在不喝咖啡
可是如果我现在不喝咖啡,我怎么学习
我怎么学习,而且我觉得我现在特别无聊
而且我觉得我现在特别无聊,无所事事的感觉
悠着点,对啊 樊姐
对啊 樊姐,我怎么没想到
我怎么没想到,谢谢樊姐
谢谢樊姐,我现在我就上网赶紧去学习那些视频里的东西
我现在我就上网赶紧去学习那些视频里的东西,残忍
残忍,用拳头和谩骂
用拳头和谩骂,提醒我是谁
提醒我是谁,后来长大了
后来长大了,不能习惯热闹的场合
不能习惯热闹的场合,不能像其他人一样亲密无间的嬉戏往来
不能像其他人一样亲密无间的嬉戏往来,我会远远地躲开那些普通人
我会远远地躲开那些普通人,把我自己的特殊当成一种病
把我自己的特殊当成一种病,我记得那个时候 老谭他还在美国
我记得那个时候 老谭他还在美国,有一天他去看我
有一天他去看我,他看到我在院子里跟一只捧着花生米准备埋到地底下的松鼠对峙
他看到我在院子里跟一只捧着花生米准备埋到地底下的松鼠对峙,其实我就是这么看着他
其实我就是这么看着他,就这样一直看着他
就这样一直看着他,后来可能连松鼠都觉得我很无聊
后来可能连松鼠都觉得我很无聊,干脆把花生米吃了 恨恨而去
干脆把花生米吃了 恨恨而去,后来
后来,他一定逼我要住到 downtown apartment
他一定逼我要住到 downtown apartment,可是他不知道
可是他不知道,那里进进出出根本就没有什么人
那里进进出出根本就没有什么人,连松鼠都没了
所以你回国之后就索性混迹于烟火之中,那是一个意外 我本来是想要换房子
那是一个意外 我本来是想要换房子,可后来我发现我的那些邻居们
可后来我发现我的那些邻居们,也没我想的那么可怕
也没我想的那么可怕,而且他们很有意思
今天的事情说明你和邻居们相处得很好 你虽然特殊 但大家都能接受,我觉得没有什么
我觉得没有什么,可是没有想到他们每一个人都把这件事情当成自己的事情去奔波
可是没有想到他们每一个人都把这件事情当成自己的事情去奔波,我原本以为
我原本以为,他们不一定会接受
他们不一定会接受,可能会觉得我跟他们相处会别有用心
可能会觉得我跟他们相处会别有用心,可是我今天发现他们真的把我当好朋友
可是我今天发现他们真的把我当好朋友,我很爱她们
那跟我在一起就更不用担心什么了,我之前跟你说过
我之前跟你说过,我弟弟生死不知
我弟弟生死不知,下落不明
下落不明,可如果有一天我找到他
可如果有一天我找到他,我会即刻带他回美国
我会即刻带他回美国,所以我离开了我的那些邻居们
所以我离开了我的那些邻居们,她们顶多是惋惜几天 如果是你 
她们顶多是惋惜几天 如果是你 ,这个话题
这个话题,到此为止
这不是爱情是什么,别瞎说
相信我,我没有办法跟别人亲密接触
我没有办法跟别人亲密接触,我甚至很讨厌在我做事的时候
我甚至很讨厌在我做事的时候,有别人在我身边
有别人在我身边,从小她们就说我很古怪 说我很冷漠
从小她们就说我很古怪 说我很冷漠,很讨厌
很讨厌,我不认为我有能力
我不认为我有能力,或者我有可能会去爱上别人
我很猥琐,我没想好
Jesus christ. ,如果你要后悔了
如果你要后悔了,我还没想好
Jesus christ,如果你要后悔了
如果你要后悔了,也可以不招惹我
我喜欢被你折磨,不开玩笑
不开玩笑,我是真的没想好
我是真的没想好,答案 也许不如你意
我觉得你的心里并非是毫无意义的,我说你怎么突然回来了
我说你怎么突然回来了,原来是他
他把我从头到脚的骂了一遍,谢谢你
谢谢你,小樊在吗
小樊在吗,樊姐还没回来
樊姐还没回来,跟你说
跟你说,自从樊姐那个同学来到上海以后
自从樊姐那个同学来到上海以后,隔三差五的请樊姐吃饭
隔三差五的请樊姐吃饭,还时不时的送他一些名牌礼物
还时不时的送他一些名牌礼物,根据我的推断
根据我的推断,过不了多久
过不了多久,樊姐就会抛弃我们
樊姐就会抛弃我们,你找樊姐什么事要不要我帮你传话
你找樊姐什么事要不要我帮你传话,也没什么
也没什么,就是有一桩复杂的人际关系
就是有一桩复杂的人际关系,希望征求他的意见
希望征求他的意见,没事回头再说
没事回头再说,小邱你去咖啡馆上班了
小邱你去咖啡馆上班了,我之前跟你说过
我之前跟你说过,卖咖啡的你忘了
卖咖啡的你忘了,我现在咖啡馆的
我现在咖啡馆的,名字叫做咖咖奥咖啡馆
名字叫做咖咖奥咖啡馆,可有情调了
可有情调了,你以后跟朋友要想聊天的话去那就行
你以后跟朋友要想聊天的话去那就行,不过离你稍微有一点远
不过离你稍微有一点远,好
好,你那卖咖啡豆吗
你那卖咖啡豆吗,刚好我想买点咖啡豆
刚好我想买点咖啡豆,你家的不是还有两包绿山吗
你家的不是还有两包绿山吗,送同事了
送同事了,回头你有什么好推荐给我推荐
回头你有什么好推荐给我推荐,我现在就可以给你推荐
我现在就可以给你推荐,他们都说曼特宁咖啡很好
他们都说曼特宁咖啡很好,可是我喜欢夏威夷可娜
可是我喜欢夏威夷可娜,他们都说我重口味
他们都说我重口味,因为那可娜的口味稍微有点重
因为那可娜的口味稍微有点重,我不知道你会不会喜欢
我不知道你会不会喜欢,好
好,你推荐的可娜 多少钱一磅
你推荐的可娜 多少钱一磅,我要三磅
我要三磅,但是我没有零钱
但是我没有零钱,我都是100的
我都是100的,这样我先帮你买了
这样我先帮你买了,然后给你
然后给你,到时候你再把零钱给我
到时候你再把零钱给我,ok
ok,现金就是麻烦
现金就是麻烦,要是网购动动手指就能解决了
要是网购动动手指就能解决了,你说是不是
你说是不是,小邱
小邱,Hey
Hey,你怎么了
你怎么了,安迪
安迪,我太聪明了
在屋,我昨天晚上喝了一晚上咖啡
我昨天晚上喝了一晚上咖啡,我兴奋的睡不着觉
我兴奋的睡不着觉,来我给你看看东西
什么东西,过来
这是什么,这是网上咖啡店
这是网上咖啡店,昨天安迪找我来买咖啡
昨天安迪找我来买咖啡,但是他没带零钱
但是他没带零钱,所以特别不方便
所以特别不方便,我就想要不然我就弄一个网上咖啡店
我就想要不然我就弄一个网上咖啡店,像安迪这种买咖啡的人就方便多了
像安迪这种买咖啡的人就方便多了,你过来看这一排是偏苦的
你过来看这一排是偏苦的,然后这一排加上这个是偏酸的
然后这一排加上这个是偏酸的,还可以自己选择礼盒包装
这些都是你弄的,你都不知道
你都不知道,我为了弄网店
我为了弄网店,我一晚上没睡觉我难受
我一晚上没睡觉我难受,死了
死了,我参考了各种网店可难了
我参考了各种网店可难了,还好我之前在咖啡店
还好我之前在咖啡店,我把所有的咖啡都喝了一遍
我把所有的咖啡都喝了一遍,并且记了下来
并且记了下来,而且我还拍了照片
而且我还拍了照片,要不然我可是真的不知道该怎么办了
要不然我可是真的不知道该怎么办了,怎么样
怎么样,还不错吧
还不错吧,我爸爸老跟我说
我爸爸老跟我说,邱莹莹你不聪明
邱莹莹你不聪明,所以你要学会笨鸟先飞
所以你要学会笨鸟先飞,知道吗
知道吗,你看安迪那么聪明
你看安迪那么聪明,有那么高的学历
有那么高的学历,我肯定比不上 樊姐呢 能干
我肯定比不上 樊姐呢 能干,我也肯定比不上
我也肯定比不上,但是我可以努力
但是我可以努力,我决定了一会我去店里就跟店长说开一个咖啡网店
我决定了一会我去店里就跟店长说开一个咖啡网店,这样的话能卖多少就是多少
我要赶紧通过实习期坚决不要被他们刷下来,当然没问题的
当然没问题的,你这么努力肯定可以的
你这么努力肯定可以的,关关
关关,等我以后赚钱了
等我以后赚钱了,我得请你好吃的
我得请你好吃的,火锅、海鲜自助
火锅、海鲜自助,你想吃什么随便挑
买它的几大箱,不想出门他嫌麻烦
不想出门他嫌麻烦,而且我看好多网上成功的网站一天卖出上百件
别等客人来了一问三不知,可是店长
你要开网店他肯定不同意,可是网站也有好的
可是网站也有好的,你想现在大家工作这么忙
你想现在大家工作这么忙,谁有时间来咖啡厅慢慢喝咖啡
谁有时间来咖啡厅慢慢喝咖啡,而且我觉得进店喝咖啡跟开网站
而且我觉得进店喝咖啡跟开网站,这两者也没什么冲突
干活吧,樊姐 亲爱的们 告诉你们个好消息
樊姐 亲爱的们 告诉你们个好消息,老板同意我开网店了
老板同意我开网店了,我刚刚在网上做了人生中第一笔生意
我刚刚在网上做了人生中第一笔生意,而且我老板还夸我了
而且我老板还夸我了,夸了我一下午说什么还要请我吃饭
夸了我一下午说什么还要请我吃饭,让我传授给大家经验的
用你网购的丰富经验碾压他们,但是樊姐我从小到大都没有被人这么夸过
但是樊姐我从小到大都没有被人这么夸过,今天我们老板夸我
今天我们老板夸我,夸的我都找不着北了
看样子咖啡店比公司更适合你,是的
是的,谢谢
谢谢,樊姐
樊姐,亲爱的樊姐
亲爱的樊姐,谢谢您
谢谢您,还有小关关
还有小关关,谢谢你对我的支持和鼓励
小蚯蚓么么哒,怎么了
我就被上司给批了,你哭的原因是什么
你哭的原因是什么,上司冤枉你
上司冤枉你,米雪儿不认账
米雪儿不认账,还是你犯的错误太大
还是你犯的错误太大,你承受不了
到时候肯定会影响我能不能留在这个公司,你解释没有
都赖他,想听真话
想听真话,还是安慰的话
你会批我吗,说说我的观点
说说我的观点,不过可能会有点不中听
不过可能会有点不中听,我一个高管的朋友跟我说过
我一个高管的朋友跟我说过,如果有机会再让他从底层做起
如果有机会再让他从底层做起,他相信他一定能够做一个非常优秀的配合上司完成工作的一个好员工
他相信他一定能够做一个非常优秀的配合上司完成工作的一个好员工,因为他已经足够懂得每一个岗位所需要担的责任
因为他已经足够懂得每一个岗位所需要担的责任,作为公司的高层
作为公司的高层,需要正确的规划和分解所有的工作发放到下面去
需要正确的规划和分解所有的工作发放到下面去,然后由公司的各个阶层的人完成这些工作
然后由公司的各个阶层的人完成这些工作,创造出利润才能给股东一个交代
创造出利润才能给股东一个交代,所以你说公司每一个员工
所以你说公司每一个员工,他们所围绕的轴心是什么
工作,轴心就是工作
轴心就是工作,所以上司他并不care你跟米雪儿之间发生了什么
所以上司他并不care你跟米雪儿之间发生了什么,他也不care工作到底是谁完成的
他也不care工作到底是谁完成的,你跟米雪儿在交接的时候
你跟米雪儿在交接的时候,你犯了一个很大的错误
你犯了一个很大的错误,你没有检查之前的内容
你没有检查之前的内容,但是你在最后一页签上你的名字
但是你在最后一页签上你的名字,这就代表你需要为这件事情负所有的责任
这就代表你需要为这件事情负所有的责任,你的上司批评你合情合理
你的上司批评你合情合理,你没有必要喊冤
等年底考核我肯定完蛋了,不用在意你的这些检讨书会放到档案里
不用在意你的这些检讨书会放到档案里,我看过很多考核资料
我看过很多考核资料,其实一年下来每一个人到年底都是千疮百孔的
其实一年下来每一个人到年底都是千疮百孔的,你的上司会有他的审核标准
你的上司会有他的审核标准,当然归根结底所有的考核标准只有一个
当然归根结底所有的考核标准只有一个,你能不能做好工作
你能不能做好工作,让你的上司省心
让你的上司省心,所以承认错误
所以承认错误,承担责任
承担责任,把因为你的错误而导致的损失降低到最少
把因为你的错误而导致的损失降低到最少,这是你要做的
工作好累,跟你分享一个开心的事
跟你分享一个开心的事,其实之前我跟小曲探讨过
其实之前我跟小曲探讨过,如果有一天你要是失业了
如果有一天你要是失业了,其实我和小曲都愿意聘用你
安迪姐 你们都愿意要我,因为日久见人心
因为日久见人心,我们都很明白你是一个很认真
我们都很明白你是一个很认真,而且能够做好事
而且能够做好事,事情的人
事情的人,所以我相信你的上司应该也会跟我和小曲的判断差不多
真的 安迪姐,当然你只需要改掉你的一点点
当然你只需要改掉你的一点点,娇气就好
可我不想让他看死我,你就坚强一点
你就坚强一点,别让他看死你
没有 还提醒我劳逸结合,你把他怎么样了
你把他怎么样了,他怎么可能主动发短信问你
好幸福,你不是很大胆的吗
你不是很大胆的吗,直接找上门去吧
你可得给他们肯定的答复,所以你刚才都是铺垫
所以你刚才都是铺垫,现在才说到正经
帮不帮 一句话,好
好,Email给我
Email给我,我需要承担什么责任和风险
我需要承担什么责任和风险,我有知情权
我有知情权,这与商业利益有关
这与商业利益有关,必须说明
大可以放心,那倒也是 我只不过是老谭的一个排头兵
那倒也是 我只不过是老谭的一个排头兵,你就算拿我背书
你就算拿我背书,人家也未必认
人家也未必认,对了
对了,你生意怎么样了
你生意怎么样了,顺利吗
今天还要继续努力,客户对你还认可吗
客户对你还认可吗,我的意思是 我刚开始工作的时候还很年轻
我的意思是 我刚开始工作的时候还很年轻,那个时候也不懂得什么办公室的规矩
那个时候也不懂得什么办公室的规矩,所以经常得不到同事的认可
所以经常得不到同事的认可,认为我承担不起什么重任
对了 安迪 以后有需要的我还得拉上你和你老板的大旗啊,我可以不承担责任的让你扯
我可以不承担责任的让你扯,但你千万不要扯我老板
你见过没有,见过一面怎么了
空欢喜一场,你告诉他了
当然了 ,我真的不明白樊小妹到底是哪里得罪你了
我真的不明白樊小妹到底是哪里得罪你了,一定要这么 
环境菜式都还满意吗,你不用这样
哪样,对我这么好
对我这么好,从来都没有人这么对我 我不习惯
都希望跟你分享,早知道是我一个人来这么好的地方享受 我应该叫上我的邻居 特别是樊小妹
早知道是我一个人来这么好的地方享受 我应该叫上我的邻居 特别是樊小妹,他最喜欢这种情调
他最喜欢这种情调,请教一件事情
请教一件事情,在国内 30岁的男人出手也很大方
在国内 30岁的男人出手也很大方,只是开着一辆租来的宝马车
只是开着一辆租来的宝马车,这有什么讲究吗
追你的人吗,当然不是
当然不是,是樊小妹的同学
是樊小妹的同学,他们两个现在是有一点点来电
他们两个现在是有一点点来电,不过我那邻居也是很奇怪
不过我那邻居也是很奇怪,他明明是自己租的房子
他明明是自己租的房子,但是却是想在对方面前表现出来
但是却是想在对方面前表现出来,那是他的产业
打扰一下,我的菜做好了
法式鹅肝配龙虾 请慢用,那我先吃饭
哦呦,樊姐 楼下那女的
樊姐 楼下那女的,带着物业一起来找我了
带着物业一起来找我了,非要进屋查看 我怎么弄到现在
以免有把柄,可是
可是,我刚跟那女的吵了一架
我刚跟那女的吵了一架,然后那男的在门口一直踹门
然后那男的在门口一直踹门,我现在要开门
我现在要开门,我开门我怕他打我
小关还没回来啊,没回来
没回来,我一个对俩不是对手
我一个对俩不是对手,我现在怎么办
咱们现在不能吃眼前亏,那男的
那男的,现在还骂人 骂的可难听了
现在还骂人 骂的可难听了,你听
我都想入非非很多年了,你别怪我多管闲事
你别怪我多管闲事,我咨询 过在国内男人刚开始创业的时候
我咨询 过在国内男人刚开始创业的时候,其实租车是很正常的一件事情
其实租车是很正常的一件事情,而且有些男人还会租办公室来给自己撑门面
而且有些男人还会租办公室来给自己撑门面,所以我相信你的王同学应该不是为了要骗你才租车的
曲筱绡这个大嘴巴什么都告诉你了,他连他的公司运营状况都告诉我
他连他的公司运营状况都告诉我,还有什么不能说的
还有什么不能说的,不过这也没什么大不了的
不过这也没什么大不了的,只要你的王同学是真心实意地待你
只要你的王同学是真心实意地待你,有没有车并不重要
所以你理解不了,我能够理解 人都是希望能够求安稳的 朝不保夕的感觉很不好
人的本质不应该是利己主义,我不知道那么多的主义
我不知道那么多的主义,那都是文科生该考虑的事情
那都是文科生该考虑的事情,我只知道若有余力帮助他人
我只知道若有余力帮助他人,就是对社会最大的贡献
就是对社会最大的贡献,不过 我倒有一个疑虑
不过 我倒有一个疑虑,社会能够有实力的人也很少
社会能够有实力的人也很少,既然这样
既然这样,为什么你不愿意考虑跟一个人
为什么你不愿意考虑跟一个人,比如说像你的王同学
比如说像你的王同学,你们一起合伙筑巢 
我给他们打电话就行,我说的呢 不过也是 要是没意思干嘛这么帮他
我说的呢 不过也是 要是没意思干嘛这么帮他,小关命真好 这么多男的追她
小关命真好 这么多男的追她,有房有车这还是个
有房有车这还是个,记者
取妻如此一劳永逸,也不会那么功利
也不会那么功利,小关一看就是那种家庭幸福里成长出来的
小关一看就是那种家庭幸福里成长出来的,孩子 温润如玉
孩子 温润如玉,谁不喜欢跟这样的女孩相处
真要是结婚方方面面都得考虑,我都有点羡慕小关了
我都有点羡慕小关了,这种精英男就没有追我的
这种精英男就没有追我的,我就只能跟白渣男那种人混在一起
我就只能跟白渣男那种人混在一起,樊小妹
樊小妹,现在有点资产
现在有点资产,资产的年轻男人都那么走俏吗
这是相亲得以立项的基本条件,要是有好房
要是有好房,有百万名车呢
男人太容易得到手是不会珍惜的,樊小妹
樊小妹,如果有个人他很认真的追求
如果有个人他很认真的追求,处处都为我着想
处处都为我着想,你说 我该不该接受他
上次提到的那个魏兄,之前我跟他说过一些我的事情 因此他断言我喜欢他 而且上一次有人在网上攻击我
之前我跟他说过一些我的事情 因此他断言我喜欢他 而且上一次有人在网上攻击我,他专门从国外赶回来 向我表白
他专门从国外赶回来 向我表白,他说 他等我的答案
他说 他等我的答案,可是我又害怕
害怕你对他只是好感 或者友情,我也不知道
我也不知道,我之前没有过跟别人相处的经验
我之前没有过跟别人相处的经验,我怕如果只是一个误会
我怕如果只是一个误会,我会拖累他
把主动权掌握在自己手中,就像你和你的王同学那样
你不会觉得我太自私了,没有
没有,我 每个人都有每个人的生活方式
我 每个人都有每个人的生活方式,我不会去评价
我不会去评价,当然我觉得你是个聪明人
当然我觉得你是个聪明人,聪明人不会随波逐流
聪明人不会随波逐流,只考虑自己
只考虑自己,也是还要负责任的
我帮你收拾一下,刚才我的话没有别的意思
完蛋了,怎么了
我就想见赵医生一面,见到了
连句俏皮话都说不出来,他可能是手术不太成功
他可能是手术不太成功,心里有点难受
心里有点难受,听我的
听我的,你先别去招惹他
你先别去招惹他,让他一个人静一静
晚上可以晚睡了,你回来了 你真去相亲去了
你回来了 你真去相亲去了,怎么样 怎么样 遇没
怎么样 怎么样 遇没,遇到什么极品男之类的
樊姐呢,樊姐好像没回来
樊姐好像没回来,别转移话题
别转移话题,干什么工作的
干什么工作的,长得帅不帅
还是做得好重要,干嘛问我这个
这干的再好也不如找个好人强,你妈说的对
你妈说的对,我也是这么觉得的
我也是这么觉得的,我来上海两年了
我来上海两年了,可是我觉得每天都过得特别辛苦
可是我觉得每天都过得特别辛苦,过得很艰难
过得很艰难,如果有可能的话可以嫁到一个好
如果有可能的话可以嫁到一个好,人家 有房有车
人家 有房有车,想想也挺开心
你看看安迪姐他靠自己不也什么都有了吗,人家安迪什么智商咱俩什么智商
人家安迪什么智商咱俩什么智商,你就别说安迪了
你就别说安迪了,就说樊姐 你看樊姐长得好看也比咱俩聪明
就说樊姐 你看樊姐长得好看也比咱俩聪明,你说他现在不还天天去相亲吗
你说他现在不还天天去相亲吗,就盼着能够嫁个好人家
就盼着能够嫁个好人家,所以女人工作只是一时的
所以女人工作只是一时的,只有嫁到一个好
只有嫁到一个好,人家才是最后的出路
一门心思嫁个好人得了,我也想这样
我也想这样,可是得有人配合我
可是得有人配合我,如果现在面前站着一个高富帅霸道总裁
如果现在面前站着一个高富帅霸道总裁,他向我求婚
他向我求婚,我肯定答应他
还用得着跟咱俩挤到一起去吗,也是 就像我之前一心扑到白主管身上
也是 就像我之前一心扑到白主管身上,结果我工作也丢了
结果我工作也丢了,人还差点憋出毛病
人还差点憋出毛病,可是我现在我虽然没有男朋友
可是我现在我虽然没有男朋友,但是我自己管理着网店
但是我自己管理着网店,每天卖出一两件商品
每天卖出一两件商品,我还觉得挺有成就感的
俊男美女就是好看,这你也值得这么骄傲
我要拿回家自我欣赏,这种话你都说的出来
人类早就灭绝了,你跟赵医生才认识多久
你跟赵医生才认识多久,你喜欢他什么呢
帅,帅
帅,万一他人不好
万一他人不好,性格有缺陷
性格有缺陷,就是谈个恋爱而已
累不累,可是你对一个人什么都不了解
可是你对一个人什么都不了解,你怎么知道自己爱不爱他呢
你怎么知道自己爱不爱他呢,光凭帅就觉得爱的话
光凭帅就觉得爱的话,那万一等到他老了他丑了
那万一等到他老了他丑了,你就不爱他了
你才能知道自己心里最真实的感受,我不同意
我不同意,人跟动物是不一样的
人跟动物是不一样的,人是有思维的
人是有思维的,就拿我来说
就拿我来说,我就算交朋友
我就算交朋友,我都希望能够在精神上沟通跟交流
我都希望能够在精神上沟通跟交流,更何况是谈恋爱
在干嘛,早餐 顺便一心二用
还有两天就回来,正在考虑
正在考虑,还需要一点时间
尤其问题涉及到我 更是如此,哈喽
我有事跟你说,好我现在过来
好我现在过来,你跟着我干嘛
来 我帮你拿,不用 不用
看在同胞的份,你别再跟着我了
你别再跟着我了,我不想吃 也不想玩
咱俩好歹也算 合作伙伴嘛,你没事吧
看来是走不了了,你别告诉我
你别告诉我,你出门太着急
你出门太着急,没有订到房间 要赖在我这
全猜中了,理由太低级
理由太低级,Hello
Hello,sir
sir,I'm in room 103. Is there an ensuite available for tonight
I'm in room 103. Is there an ensuite available for tonight,What about a standard room
What about a standard room,OK
我没骗你吧,这个酒店没有房间
这个酒店没有房间,你可以去其他的酒店
你可以去其他的酒店,如果你订不到的话
如果你订不到的话,我可以让我的管家帮你 ok
求收留 求包养,no
你就当我是家具 行吗,No
这大过年的 心寒,Ok. 沙发归你
Ok. 沙发归你,房间归我
房间归我,你只准在我规定的地方活动
你只准在我规定的地方活动,有任何的冒犯
有任何的冒犯,我随时把你赶出去
就知道你善良,你的脚没事啊
这没什么吧,跟小曲无关
那你为什么这么排斥我,因为我刚分手
因为我刚分手,心情不好
咱们俩应该算是同道中人,我跟你不一样
我跟你不一样,我是孤儿
我是孤儿,从小没有娱乐休闲时间
孤儿 ,你不知道 看来小曲还是没有出卖我太过分
那我的呢,你出去吃 出去玩 出去找房子
那你呢,吃完饭继续睡觉啊
沙滩上堆个城堡 多美好啊,No
假期过得怎么样,还行吧
还行吧,你知道这个人 要求也不是太高
你知道这个人 要求也不是太高,不过唯一烦人的是 我们的客户小包总 他来了普吉岛
不过唯一烦人的是 我们的客户小包总 他来了普吉岛,赖在我这儿不走
不然我给他打电话,不用
不用,我自己能够处理得了 你处理
这种事情你是最不会处理的,其实他虽然闹吧
其实他虽然闹吧,但是我让他离我远一点的时候
但是我让他离我远一点的时候,他还是挺听话的
他还是挺听话的,而且他是我们的客户
而且他是我们的客户,我也不想跟他闹太僵
但说好了 有棘手的还是要给我打电话,好
好,谢谢你啊 总这么帮我
这么客气,我不跟你说了
我不跟你说了,我再晚一点 东西都没得吃了
谁招你了,没有啊
我能信吗,你有没有经历过一种感情
你有没有经历过一种感情,两个人明明很相爱
两个人明明很相爱,但就不能够在一起
但就不能够在一起,在一起
在一起,只会让对方更痛苦
只会让对方更痛苦,因为只有分开 才是对对方最好的选择
我对你 我 我下不了手,我有我的理由
我有我的理由,你找过那么多的女朋友
你找过那么多的女朋友,那你是不是超级混蛋
你看看 我看上的女孩以为我是个花花公子 我多冤枉啊我,所以照你的意思
所以照你的意思,我跟他分手
我跟他分手,是因为我不爱他吗
是因为我不爱他吗,我们之前没有什么爱不爱的问题
我们之前没有什么爱不爱的问题,是我对他太坦白
所以你们两个并不开心 对吗,你怎么知道
你比如说你对我感觉怎么样,感觉很烦 
呵呵,你怎么不说话
你笑什么,我就是笑
我就是笑,我觉得咱们两个太有默契了
我觉得咱们两个太有默契了,怎么说的话都一样啊
怎么说的话都一样啊,你说我们两个以后 会想的一模一样吗
人和人 怎么能想的完全一样,那如果以后想的不一样了怎么办呀
那我就听你的呗,那我也听你的
你打算什么时候回上海呀,我 我还不知道你
你怎么不说话了,我室友给我发微信了
我室友给我发微信了,我先不跟你说了
我先不跟你说了,我先挂了
我先挂了,他说他想我了
他说他想我了,他是不是喜欢我
你不烦啊,那你说呀 昨天到底发生什么了
要不然 你给我个提示,我们喝酒了
不过你酒品太差了,然后呢
真不记得了 ,包奕凡 你今天必须找房子
包奕凡 你今天必须找房子,你住在这里不合适
看我口型 no,那你不去我去
那你不去我去,昨天到底发生什么了
喂莹莹 ,小关关
你是不是喝多了,你怎么知道我喝酒了
你怎么知道我喝酒了,现在头有点晕
现在头有点晕,我们过年邻居
我们过年邻居,不是邻居
不是邻居,我们亲戚轮流地请客吃饭
我们亲戚轮流地请客吃饭,今天轮到我们家了
今天轮到我们家了,正在外面吃呢
正在外面吃呢,我好想你啊 关关 过年过得怎么样啊
莹莹 你最近有安迪姐的消息吗,我怎么知道啊 你们都不知道安迪姐的消息 我更不知道了
我怎么知道啊 你们都不知道安迪姐的消息 我更不知道了,估计 她现在在哪个海边看小帅哥呢吧 
你以为安迪姐像小曲那么花痴呀,不知道 
我妈叫我了,明白
明白,懂你
干吗跑这么快啊,关关
什么事,我想死你了
我也想你了,我 我遇到一个猥琐男 巨猥琐
我 我遇到一个猥琐男 巨猥琐,在公交车上就开始盯着我
在公交车上就开始盯着我,我下公交车以后他还跟着我 我 我走路我害怕啊 这个点外面没什么人了
我下公交车以后他还跟着我 我 我走路我害怕啊 这个点外面没什么人了,我就一路跑
我就一路跑,跑到这了
你怎么突然回来了,你不是
你不是,跟我说吗 樊姐心情不好
跟我说吗 樊姐心情不好,我想早点回来陪她
我想早点回来陪她,你呢 你怎么这么早回来了
要我早跑不动了,别提了
别提了,我是硬撑着
我是硬撑着,其实我早就累的不行了
其实我早就累的不行了,走
走,咱给樊姐一个惊喜去
咱给樊姐一个惊喜去,北风萧萧 雪花飘飘
北风萧萧 雪花飘飘,向我了吗 我给你带啥
吃饭了吗,我想要一包香辣牛肉面
我这就给你们俩泡,终于回来了
让我送你一程,不用了
不用了,我可以跟我司机联系
我可以跟我司机联系,你不用那么客气
你不用那么客气,你走吧
你走吧,我们只是普通朋友
我们只是普通朋友,不用对我那么好
这一下飞机 变成普通朋友了,我认为 你可以选择性地忘记一些事情
我认为 你可以选择性地忘记一些事情,我不跟你说了
我不跟你说了,我要到前面去给我的好朋友买礼物
我要到前面去给我的好朋友买礼物,拜拜
新年快乐,给我的
普吉岛玩的怎么样,还不错啊
还不错啊,踏踏实实地睡了好几天
踏踏实实地睡了好几天,对工作的热情空前高涨
有件事儿不知道该不该告诉你,说
魏渭打电话来 问你的情况,你怎么说
你怎么想,长痛不如短痛吧
长痛不如短痛吧,魏兄人很好
魏兄人很好,但是他太了解我了
但是他太了解我了,我内心所有的恐惧 他都感同身受
我内心所有的恐惧 他都感同身受,我不能因为我自己的原因 去改变别人的人生轨迹
我不能因为我自己的原因 去改变别人的人生轨迹,这样的分手 真的太痛了
这样的分手 真的太痛了,经历不起第二次
经历不起第二次,我宁可到此为止
怎么样,我跟他什么也没发生
我跟他什么也没发生,花花公子 阅女无数
花花公子 阅女无数,可能觉得我跟别的女人不一样
可能觉得我跟别的女人不一样,有点新鲜感吧
有点新鲜感吧,但是 这让我反倒轻松
但是 这让我反倒轻松,每天吃吃喝喝睡
每天吃吃喝喝睡,不用动脑子
不用动脑子,也不用理他
可我看他对你 倒是很认真,他的认真也就是三分钟热度吧
他的认真也就是三分钟热度吧,我跟他都不是一个世界的人
我跟他都不是一个世界的人,我不适合谈感情
我不适合谈感情,只适合谈工作
不要一次失败 就把大门关上,谭宗明
谭宗明,我觉得你很奇怪
我觉得你很奇怪,你请我回国 是为了帮你收购红星的
细化收购方案,Ok. 我把方案再过一遍
Ok. 我把方案再过一遍,尽快安排
就是在他临终前 能够见到你这外孙女一面,Sorry
Sorry,我没有见他的理由
毕竟是血浓于水啊,血浓于水
血浓于水,当初他抛下我妈妈的时候
当初他抛下我妈妈的时候,怎么没有想到这个词
行吗,你不用求我
你不用求我,对于你和他 我没有兴趣
对于你和他 我没有兴趣,也拒绝来往
也拒绝来往,我不想跟你做无谓的争吵
我不想跟你做无谓的争吵,我请你离开这里
病情又进一步加重了,你不用跟我说这些来博取我的同情
你不用跟我说这些来博取我的同情,在这个世界上我唯一的亲人 就是我弟弟
在这个世界上我唯一的亲人 就是我弟弟,我不会去看他的
我不会去看他的,你死心吧
没有 我也刚来,头发理了
头发理了,衣服总算也穿多了
衣服总算也穿多了,你们项目做完啦
今天终于能见到你了,吃饭吧
我怕凉了,你把饭包在羽绒服里面
你把饭包在羽绒服里面,这羽绒服都馊了 还能穿吗
你快尝尝吧,羽绒服
羽绒服,扔洗衣机里面洗呀
扔洗衣机里面洗呀,生平第一次听到
生平第一次听到,哇 咖喱饭
哇 咖喱饭,这 这白的是什么
瑶柱 这是西兰花瑶柱 你快尝尝,好好吃
好好吃,不过你这饭不是自己做的吧
不过你这饭不是自己做的吧,饭店买的
饭店买的,而且是在很贵的饭店买的
而且是在很贵的饭店买的,是不是
是不是,如果你下次再这样的话我就不吃了
如果你下次再这样的话我就不吃了,你给我买这么贵的饭
你给我买这么贵的饭,我吃起来会内疚的
我这食欲都跟着好起来了,你在变相说我是吃货
你在变相说我是吃货,是不是
我这食欲都跟着好起来了,你在变相说我是吃货
你在变相说我是吃货,是不是
我真没有,逗你的
逗你的,看你吓的
看你吓的,而且我本来就是吃货
而且我本来就是吃货,我就是喜欢吃东西
我就是喜欢吃东西,真的 什么都喜欢吃
真的 什么都喜欢吃,不过作为老乡
不过作为老乡,我得劝你一句
我得劝你一句,上海买房子很贵的
上海买房子很贵的,别天天想着吃喝玩乐
别天天想着吃喝玩乐,你得攒钱买房子 知道吗
你得攒钱买房子 知道吗,这咖喱真好吃
这咖喱真好吃,回去我要自己买 自己做
钱是得省着点花,你工资这么高
挣那些做项目的钱,骗人
骗人,工资不高
工资不高,怎么可能买得起房子呢
怎么可能买得起房子呢,我本来以为你跟我一样
我本来以为你跟我一样,一个月的工资只能吃一日三餐
一个月的工资只能吃一日三餐,没想到
没想到,你还是个青年才俊
我哪是啊,今天可真温暖
今天可真温暖,太阳照着 我都能感觉到春天的气息了
太阳照着 我都能感觉到春天的气息了,什么叫做放飞心情
什么叫做放飞心情,就是被太阳照着
就是被太阳照着,还能吃好吃的
你 你这些够吃吗,够吃
我这还有,不用了 我够了
这是肉 你尝尝这个,你知道吗
你知道吗,你是姐姐在这个世上 唯一的亲人
你是姐姐在这个世上 唯一的亲人,昨天晚上 有一个自称是我们姥爷的人
昨天晚上 有一个自称是我们姥爷的人,过世了
过世了,姐姐没有去见他
姐姐没有去见他,因为姐姐认为
因为姐姐认为,我们不应该原谅他
我们不应该原谅他,对吗
对吗,可是姐姐心里还是很难过
可是姐姐心里还是很难过,为妈妈难过
为妈妈难过,为我自己难过
为我自己难过,也为你难过
也为你难过,姐姐不懂
姐姐不懂,既然是亲人
既然是亲人,为什么会走到这一步
为什么会走到这一步,我知道我跟你说什么你都不懂
我知道我跟你说什么你都不懂,什么都不懂
什么都不懂,才会更开心
才会更开心,才会知道笑
笑 笑好,姐姐跟你一起笑
工作上的事还是魏兄,魏兄 也不全是 这几天发生很多事情
魏兄 也不全是 这几天发生很多事情,我外祖父 是血缘上的外祖父 感情上我没有认他
我外祖父 是血缘上的外祖父 感情上我没有认他,他去世了
他去世了,我去黛山看了我的弟弟小明 秀媛院长说
我去黛山看了我的弟弟小明 秀媛院长说,魏兄去了黛山
魏兄去了黛山,和小明在一起住了几天
学着跟小明相处,也许是吧
你真的决定要跟他分开吗 ,阴影已经存在了
阴影已经存在了,老谭也说过
老谭也说过,真相是扎在人心头的刺
真相是扎在人心头的刺,靠近只会互相伤害
靠近只会互相伤害,还不如分开
也许会更美,道理我都懂
道理我都懂,我也以为自己很理智
我也以为自己很理智,可是现在才知道有些事情理智不代表不在乎
可是现在才知道有些事情理智不代表不在乎,比如我外祖父
比如我外祖父,又比如魏兄
真的,可你身边有王柏川呀
我就一天没有安全感,房子有那么重要吗
房子,可是王百川已经很努力了
可是王百川已经很努力了,你不用这么心急啊
怎么活都不容易,还真是
还有我们呢,谢谢
谢谢,你也是啊 有什么心事
你也是啊 有什么心事,也可以过来跟我说
我有先见之明吧,我这schedule上都有这些讯息啊
我这schedule上都有这些讯息啊,你要是在意一定
你要是在意一定,会留意
让我顺藤摸瓜的 对吗,随你怎么想
要不然会被人笑话的,我保证不告诉别人
我保证不告诉别人,没有人会笑话
怎么了,Sorry
Sorry,我很认真的告诉你
我很认真的告诉你,我最近烦心的事情很多
我最近烦心的事情很多,我不想被打扰
谢谢你啊,谢我什么
好在你不见怪,还好啊
还好啊,你妈人挺好的
你妈人挺好的,而且也很随意
而且也很随意,我们是真的要去你家吗
不是不是 披着羊皮的狼,第一次听到有人 这样形容自己妈妈的
我小时候她是操着棍子跟我爸站联合阵线一起压制我,那我们现在去哪
那我们现在去哪,好地方
放松 第一次玩,第一次
发泄出来 是不是好一点,谁告诉你我心情不好的
小口喝,所以 你知道我心情不好
所以 你知道我心情不好,特意带我来发泄
而且更适合你,那你怎么不问为什么
早晚的事,其实我以前 不管什么事情我都希望自己思路清晰 就像对待我工作一样
其实我以前 不管什么事情我都希望自己思路清晰 就像对待我工作一样,可现在慢慢发现
可现在慢慢发现,有时候也不用太理性
有时候也不用太理性,不过有你这么一个特别聪明的朋友
不过有你这么一个特别聪明的朋友,挺好的
挺好的,我还是希望今天晚上你不要来骚扰我
我还是希望今天晚上你不要来骚扰我,我有我自己的原因
我有我自己的原因,我不打算接受任何的追求
你完全可以不用在意我,我最喜欢吃这家麻辣烫了
来过了,我最喜欢吃丸子
我最喜欢吃丸子,我喜欢吃肉
我喜欢吃肉,我不喜欢吃菜 只要是丸子跟肉就行
你可以经常来啊,你不知道
你不知道,关关啊嫌这里脏不陪我来
关关啊嫌这里脏不陪我来,樊姐呢嫌这里乱也不陪我来
樊姐呢嫌这里乱也不陪我来,小曲跟安迪都不用说了
小曲跟安迪都不用说了,更不想陪我来了
更不想陪我来了,我自己来着也没什么意思
五一 你准备怎么回家呀,不是还有一个月吗
不是还有一个月吗,我现在还没想好
你就带点好吃的就行,那怎么行啊
那怎么行啊,你这样太吃亏了
你这样太吃亏了,要不然这次 什么油费路费咱俩各出一半吧
还省得我犯困呢,可是
这就算帮我大忙了,那好吧
那好吧,小曲
小曲,这全是我这个月的销售记录
这全是我这个月的销售记录,你帮我看看
你帮我看看,按照这个算提成的
我眼花 看不清,3月15日意大利原口进口咖啡
3月15日意大利原口进口咖啡,店内最低价100元
店内最低价100元,卖出20包
卖出20包,共计2280元
共计2280元,提成20挣80
提成20挣80,3月16日精选蓝山咖啡豆
3月16日精选蓝山咖啡豆,店内最低价120元
店内最低价120元,卖出5包
卖出5包,总计650元
总计650元,挣了50块钱
挣了50块钱,提成12块5
提成12块5,3月18日
3月18日,印尼原装猫屎咖啡店内最低价180元
印尼原装猫屎咖啡店内最低价180元,拿货170
拿货170,卖出30包
卖出30包,共计5500元
等等 等等 等等,挣400元
这个价格怎么这么低,这个是批发价 量大
买一堆在家里搁着 赚差价比你拿提成强多了,这量已经够大的了
这量已经够大的了,我一个月的工资都够不了这些量
我得回去睡觉,不行
不行,我还等着你救我命呢
睡着了,行吧 行吧
行吧 行吧,你回去吧 我会好好考虑你今天跟我说的话的
喂 安迪,老谭
老谭,我也不知道我自己怎么了
我也不知道我自己怎么了,一边心里放不下魏渭
一边心里放不下魏渭,一边又跟包子牵扯不清
一边又跟包子牵扯不清,不知道为什么
不知道为什么,我就是没有办法拒绝他
我就是没有办法拒绝他,你说我是不是很花痴
你说我是不是很花痴,我继承了我妈妈的基因
我继承了我妈妈的基因,骨子里就是放荡的
骨子里就是放荡的,对不对
是不是觉得更快乐,好像是这样
好像是这样,但可能是因为我没有那么在意他吧
但可能是因为我没有那么在意他吧,他
他,又很无赖
又很无赖,但其实这不能成为理由啊
否则这世上 哪来那么多的痴男怨女,我也不懂
我也不懂,也许是我自己经验还不够吧
也许是我自己经验还不够吧,可是我现在的做法确实违背了我自己的原则
够吃吗,吃饱啦
你下午下班我去接你 咱庆祝一下,好厉害
好厉害,你们搜狗公司好有钱啊 攒着 别花 千万别花
但是 开了奖金怎么也得庆祝一下,可以庆祝
可以庆祝,不过这次说好了 我请客
不过这次说好了 我请客,老是你请 我都不好意思了
老是你请 我都不好意思了,如果你要是不让我请的话
如果你要是不让我请的话,就说明你嫌弃我
就说明你嫌弃我,你嫌弃我 你嫌弃我 你嫌弃我了
我可不能总让女孩请客,下次再说下次的吧
下次再说下次的吧,我可不可以带上我同屋的樊姐
我可不可以带上我同屋的樊姐,她男朋友出差了
她男朋友出差了,关关也不在房间
关关也不在房间,她一个人挺无聊的
她一个人挺无聊的,而且22楼她对我最好了 像亲姐姐一样
而且22楼她对我最好了 像亲姐姐一样,能不能带上她呀
我 穿的有点随意,这身
这身,算了吧 你再怎么捯饬也那样
算了吧 你再怎么捯饬也那样,而且我又不嫌弃你
晚上什么安排,你不是说不能答应别人的晚餐邀约吗
我爸妈强烈邀请你供进晚餐 去还是不去,你爸妈每年要提出几次这样的要求啊
我跳进黄河也洗不清了,不去
不去,应付不来
我要独占,到底谁是你的女人
到底谁是你的女人,谁答应让你独占了
你嘛,你真是比我还疯
我疯一个让你见识见识,我今天晚上回上海
我今天晚上回上海,你跟你爸妈说 我公司有事
你跟你爸妈说 我公司有事,我先回去了
我先回去了,你笑什么
我爸妈这回可能会大跌眼镜,为什么
居然还有女孩子不愿意嫁给我们包家,惊讶吗
惊讶吗,你惊讶吗
但是 乐此不疲,等等
等等,你往哪里开呀
回酒店,回酒店干嘛
刚才不是说好了吗,包奕凡 你不要乱来啊
能在你的管理下幸存下来,樊姐樊姐 你觉得应勤怎么样
樊姐樊姐 你觉得应勤怎么样,你觉得他怎么样嘛
你觉得他怎么样嘛,你快说一说 你认识的人比我多 你见的也比我多
你快说一说 你认识的人比我多 你见的也比我多,你见的也比我多 你肯定知道他什么样
你见的也比我多 你肯定知道他什么样,你肯定知道他什怎么样 他怎么样啊 
长得还行,长得还行 是吧
长得还行 是吧,我也觉得他长得还行
我也觉得他长得还行,我觉得他长得特别像黄轩
我觉得他长得特别像黄轩,但他鼻子比黄轩大一点
但他鼻子比黄轩大一点,那 那其他的 其他的呢
吃饭还AA制啊,他吧 他总请我 每次都是他请客
他吧 他总请我 每次都是他请客,我觉得心里特别过意不去
我觉得心里特别过意不去,今天我好不容易奖金发下来了
今天我好不容易奖金发下来了,我说服了他 他才让我请客的
跟你还挺合适的,是吗樊姐 你都觉得我们俩合适了
是吗樊姐 你都觉得我们俩合适了,那就肯定合适了
那就肯定合适了,既然樊姐你都觉得我们俩合适
既然樊姐你都觉得我们俩合适,那我就可以放心大胆
多说几声谢谢就行了,那不行
那不行,谁的钱都不是大风刮来的呀
谁的钱都不是大风刮来的呀,是不是
是不是,每次都他请客 他得赚多少钱啊
每次都他请客 他得赚多少钱啊,他也赚钱 我也赚钱
他也赚钱 我也赚钱,我们两个呢 AA 不牵扯经济
我们两个呢 AA 不牵扯经济,这样的感情才纯粹啊
你看这22层啊 我 安迪 曲筱绡 哪一个出去吃饭是跟男人AA制的,那那个曲筱绡倒追赵医生呢
那那个曲筱绡倒追赵医生呢,她还是赔钱货呢
都是赵医生买单好吗,这到底做的是什么
把这个面包放在掺有蔬菜丁肉丁的鸡蛋液里头 一炸就好了,这么简单
怎么样,还行啊
怎么着也比你好吧 还行,这个怎么薄一点
这个怎么薄一点,这又是一种做法吗
那就是摊鸡蛋,老谭
还打了你一巴掌,真是好事不出门
所以魏太才认定你是小三,难怪这个魏太太会疑心这么重
难怪这个魏太太会疑心这么重,直接打上门来
直接打上门来,魏国强就是一个
魏国强就是一个,就是一个没有担当的人
就是一个没有担当的人,当年对我妈妈那样
当年对我妈妈那样,现在对他太太还是这样
现在对他太太还是这样,如果这样的话
如果这样的话,这个女人也是挺可怜的
你反倒同情起她来了,将心比心啊
将心比心啊,夫妻这么多年 男人要闹离婚
夫妻这么多年 男人要闹离婚,女人当然受不了
女人当然受不了,如果这个女人心理素质差的话
如果这个女人心理素质差的话,说不定会被魏国强 逼得像我妈一样发疯
说不定会被魏国强 逼得像我妈一样发疯,所以说女人
所以说女人,时代发展这么多年
时代发展这么多年,却依然只有忍和闹两条路可以走
却依然只有忍和闹两条路可以走,好像没有男人活不下去一样
好像没有男人活不下去一样,真是唏嘘
我最欣赏的就是你这一点,别给我戴高帽子了
别给我戴高帽子了,下次这个魏太太再来的时候
下次这个魏太太再来的时候,麻烦你让保安拦住一下
麻烦你让保安拦住一下,我不想再被打第二次
放心,等小美啊
咱们能出去聊吗,有什么事情就在这说吧
最多一个小时 不 半个小时就够了,你是说包奕凡
你是说包奕凡,你不是有他的电话吗
你不是有他的电话吗,你可以给他打电话啊
因为也是现在生意难做 竞争太激烈了,你在他那边有业务啊
想请你帮个忙,好 没关系 我明白了
好 没关系 我明白了,那我先给他打个电话
好,我先上去了
可是现在这邻居 关系能处得这么好吗,当然了 我们跟其他邻居不一样
当然了 我们跟其他邻居不一样,关关 我最好的朋友
关关 我最好的朋友,我没钱的时候啊 可以分一块蛋糕
我没钱的时候啊 可以分一块蛋糕,一杯奶茶
一杯奶茶,还有樊姐
还有樊姐,比我亲姐对我还好
比我亲姐对我还好,每当我遇到事的时候
每当我遇到事的时候,都是她在为我撑腰
都是她在为我撑腰,还有安迪 人美 能力强
还有安迪 人美 能力强,我每个月赚的钱 还不足她的一个零头
我每个月赚的钱 还不足她的一个零头,但是她从来不会把自己高看一等
但是她从来不会把自己高看一等,对每个人都特别地实诚
对每个人都特别地实诚,唯独一个人曲筱绡
唯独一个人曲筱绡,我恨不得有的时候
我恨不得有的时候,当然她吧 关键的时刻还挺仗义的
当然她吧 关键的时刻还挺仗义的,需要她帮忙
需要她帮忙,她都会站出来
她都会站出来,我到了 你不用送我进去了
我还是送送你吧 ,不用送进去了
还是送送你吧,我们小区很安全的
我们小区很安全的,你看 那还有监控呢
是 是这边吗,这边走
你 你不是说你邻居挺好的吗,我邻居是挺好的
我邻居是挺好的,她是个例外
她是个例外,也不是说她不好
也不是说她不好,她做很多事吧 特别过分
她做很多事吧 特别过分,但她又时常帮助我 就是很复杂很奇怪的一个人
但她又时常帮助我 就是很复杂很奇怪的一个人,我不想让你们认识
我不想让你们认识,暂时不想
五一一起回家,不是
不是,之前都说好了吗
之前都说好了吗,对了
对了,你觉得刚刚那个女孩好看吗
但是你可爱,不对
不对,情人眼里出现西施
情人眼里出现西施,你应该觉得我最好看
你应该觉得我最好看,你说她好看
你说她好看,就说明你心里有鬼
就说明你心里有鬼,你心里不对劲了
你心里不对劲了,你不对劲了
你不对劲了,是不是
莹莹 你最漂亮,真的吗
喂 ,你干什么呀 干吗让我去找你报到啊 回来
回来啦,在等电梯呢
你俩在车里干嘛了呀,你现在这套对我一点用都没有了
你现在这套对我一点用都没有了,我什么都不跟你说
我什么都不跟你说,放心吧 我不会告诉你的
想不想听我继续给你讲这个故事呀,你等我 马上到
你得拿你男朋友的故事来换,那不行 万一你说的故事是编的呢
你看那么紧干嘛,我又跟你不一样
我又跟你不一样,我谈恋爱那是要过一辈子的
我又不是没见你分手过,谁假纯了
谁假纯了,你现在说这句话很伤我心 你知道吗
你现在说这句话很伤我心 你知道吗,我刚刚在底下还说你好话呢
我刚刚在底下还说你好话呢,那上次的事儿你又不是不知道 是那个白渣男三心二意
那上次的事儿你又不是不知道 是那个白渣男三心二意,又不是我的问题
又不是我的问题,我上次吃你一次亏已经够了
我上次吃你一次亏已经够了,如果你这次 再想故伎重演的话
如果你这次 再想故伎重演的话,我绝对不会放过你
我绝对不会放过你,应勤是个好男孩
应勤是个好男孩,你不许再捣乱了知道吗
你不许再捣乱了知道吗,知道吗
你还不知道被那个渣男纠缠到什么时候呢,可是你这种插手的方式我非常不喜欢
你这不是在揭自己老底吗,你看魏太的架势
你看魏太的架势,我不做她能放过我吗
你觉得她会甘心吗,其实我刚才临时抱佛脚
其实我刚才临时抱佛脚,看了一下国内的继承法
看了一下国内的继承法,她作为赡养人 是可以对遗嘱提出异议的
她作为赡养人 是可以对遗嘱提出异议的,她甚至可以提出 遗嘱涉嫌欺诈的控诉
她甚至可以提出 遗嘱涉嫌欺诈的控诉,指控我跟魏国强联合起来欺骗何老
指控我跟魏国强联合起来欺骗何老,冒充何老的血亲
冒充何老的血亲,根据国内的民事诉讼法
根据国内的民事诉讼法,谁主张 谁举证 她能够提出的证人证词 都能够证明我之前跟何老无任何的瓜葛
谁主张 谁举证 她能够提出的证人证词 都能够证明我之前跟何老无任何的瓜葛,还有
还有,我更担心的就是
我更担心的就是,如果她当庭指证我 我的身世很有可能会曝光
如果她当庭指证我 我的身世很有可能会曝光,DNA鉴定只能够证明我跟何老的血缘关系
DNA鉴定只能够证明我跟何老的血缘关系,我不是冒充的
我不是冒充的,并不能证明什么
并不能证明什么,而且刚才你也看到了
而且刚才你也看到了,魏国强并没有承认我跟他的关系
魏国强并没有承认我跟他的关系,只是点名我跟何老的关系
只是点名我跟何老的关系,所以 我还心存侥幸
一起去吃饭,你真的要好好请我吃顿饭
你真的要好好请我吃顿饭,安抚一下我现在的心情
安抚一下我现在的心情,可能你还要
可能你还要,开车送我回去
开车送我回去,以我现在的状态好像真的开不了车了
现在看来 有长进,对啊
对啊,我刚才居然紧张得忘了喝水
我刚才居然紧张得忘了喝水,难怪我渴的要死
狐狸精的名声传出去对你不好,我倒不担心这个
我倒不担心这个,我更担心那个魏太太
我更担心那个魏太太,一个人财两空又离婚的女人
一个人财两空又离婚的女人,可能什么极端的事情都做得出来
可能什么极端的事情都做得出来,你看她今天的架势
你看她今天的架势,好像什么都敢做
好像什么都敢做,看来我是要遭池鱼之灾了
看来我是要遭池鱼之灾了,这个魏国强 自从他找到我
这个魏国强 自从他找到我,我就麻烦不断
他难道不心疼吗,本来就不是他的
本来就不是他的,他只是遵照遗嘱
还有 像他那样一个人 大张旗鼓地去打离婚官司 也不正常,难道真的像那个魏太太说的
难道真的像那个魏太太说的,魏国强原本是想独吞这些遗产
魏国强原本是想独吞这些遗产,我只是被他利用了
我只是被他利用了,他百密一疏
他百密一疏,但是没有想到这魏太太能够找到我也是一种可能
你小心为上,要真是这样的话
要真是这样的话,我一口吞掉这些遗产
我一口吞掉这些遗产,一毛钱都不留给他
你只管好好打理工作,为什么觉得 这件事情继续走下去
为什么觉得 这件事情继续走下去,有点像一个不可测的黑洞
有点像一个不可测的黑洞,关于遗产的事情
关于遗产的事情,魏国强为什么事先不跟我沟通
魏国强为什么事先不跟我沟通,这更像是 他自己精心设计的一个陷阱
这更像是 他自己精心设计的一个陷阱,可他把我拖进这个陷阱又 又是为什么
生怕重蹈了白主管的覆辙,小曲这人就是这样
小曲这人就是这样,她以为她自己好心能够办好事
她以为她自己好心能够办好事,有的时候未必是这样
可真的是烦人死了,可有的时候鲶鱼对于醉生梦死的人来说 也是一件好事啊
可有的时候鲶鱼对于醉生梦死的人来说 也是一件好事啊,只是过程比较痛苦
只是过程比较痛苦,管她呢 都是成年人了
管她呢 都是成年人了,走吧
晚安,谢谢啊
谢谢啊,其实你不用陪着我的
其实你不用陪着我的,我自己这样跑店推销都没问题的
我也不放心,你对我真好
你对我真好,可是你今天一直陪着我 不用上班
可是你今天一直陪着我 不用上班,没关系吗
你吃这个 这个挺好吃的,你也吃 
后来她又缠着你了吗,你别提了
你别提了,她本来要告诉我个发家致富的故事
她本来要告诉我个发家致富的故事,但是她非要拿咱俩的故事做交换
那 那你换了吗,我傻呀
我傻呀,我当然不跟她换了
我当然不跟她换了,她才见了你一面
她才见了你一面,就能把你车牌号给记住这要是告诉她咱俩的故事
就能把你车牌号给记住这要是告诉她咱俩的故事,她还不把你查个底朝天啊
你为什么不想让她知道咱俩的事啊,小曲这个孩子吧
小曲这个孩子吧,人是挺善良的
人是挺善良的,也挺仗义的
也挺仗义的,但她就是唯恐天下不乱
但她就是唯恐天下不乱,她就是喜欢抢别人男朋友
找个男朋友应该也不难,你为什么总问我她的事啊
你为什么总问我她的事啊,你是不是对她起了贼心了
我所有心思全在你这儿了,那你不许再问了
那你不许再问了,如果你再问的话
如果你再问的话,我就该怀疑你对她一见钟情了
这也是我一早上想明白了,你过去的女朋友都会问你这个问题吗
不会有如此的自信,可我还不是你的女朋友
可我还不是你的女朋友,你怎么那么自负
在没遇到你之前的确 可是遇到你之后之后 我甘拜下风,你腰伤了不能这么坐着
你腰伤了不能这么坐着,换个姿势吧
肯定得有1000块吧,保守啦
保守啦,我将近2000块呢 厉害吗
好,我想了 我这个月客户如果没有意外的话
我想了 我这个月客户如果没有意外的话,下个月80%还得来
下个月80%还得来,那也就是说我不用做什么
那也就是说我不用做什么,我还可以赚到这些提成
我还可以赚到这些提成,可是我还可以发展其他客户啊
可是我还可以发展其他客户啊,那我可发大财啦
咱们可以一起请大家吃饭,没问题
没问题,樊姐 你什么时候有空啊 我跟关关拿到工资了
樊姐 你什么时候有空啊 我跟关关拿到工资了,想请大家吃饭
周末都行,周末有时间啊
周末有时间啊,你不用跟我王帅哥约会的吗
你不用跟我王帅哥约会的吗,自从你跟王帅哥在一起以后
自从你跟王帅哥在一起以后,好久没跟我们聚会了
想知道他为什么会这样,那之前的林师兄 对 林师兄 也是给你这种感觉吗
那之前的林师兄 对 林师兄 也是给你这种感觉吗,我不这么认为啊 我觉得你很优秀
我不这么认为啊 我觉得你很优秀,当然可能有些男人会喜欢像小曲那样
当然可能有些男人会喜欢像小曲那样,能够
能够,勾魂的女孩子
勾魂的女孩子,但是也会有真的男孩子喜欢你吧
大概只有 大而化之的男孩才会喜欢我吧,那你可以主动一点
那你可以主动一点,算了 我知道你做不到
算了 我知道你做不到,换我我也做不到
你为什么做不到,那你为什么做不到
所以我特别羡慕小曲她能那么勇敢,我是把所有一切心动的感觉都当做邪念
我是把所有一切心动的感觉都当做邪念,所以用我自己的理智把他们清理掉
所以用我自己的理智把他们清理掉,你不用学我
你不用学我,在这方面我是弱智
没必要这么大费周折,的确
的确,可他这什么意思呢
免得她以后继续骚扰你,好
好,其实魏国强怎么想不重要
其实魏国强怎么想不重要,他太太怎么想更不重要
他太太怎么想更不重要,我希望这件事情就到此为止
我希望这件事情就到此为止,我不会 也更加不想跟他们有任何的纠葛
还是我们在门口找一个咖啡店,我是来看 刚刚归我名下的一个房子
你要搬到这儿来住啊,只是房子刚刚归到我名下
只是房子刚刚归到我名下,我 我来见识见识 房子是遗产
大黑天的你也是第一次去那儿吧,不好意思
不好意思,麻烦你了
面对我 你永远都不需要紧张,对不起
为什么要说对不起,我们之间
我们之间,都是我的错
都是我的错,这句对不起
这句对不起,我欠你太长时间了
同时 也解放了我,谢谢你
谢谢你,理解我
保重,忘了跟你说了
忘了跟你说了,我签了协议了
我签了协议了,继承了三套豪宅
继承了三套豪宅,还有一些字画
这么快,我不知道魏国强
我不知道魏国强,他闷着什么计划
他闷着什么计划,就这么快
一夜暴富 感觉如何,我本来也不缺钱
我本来也不缺钱,当然这种感觉还是挺奇妙的
当然这种感觉还是挺奇妙的,一个跟我有那么深渊源的人
一个跟我有那么深渊源的人,素未谋面
素未谋面,抛弃我们母女这么多年之后
抛弃我们母女这么多年之后,突然把他所有的遗产都给了我
突然把他所有的遗产都给了我,这要是换了别人
这要是换了别人,我会觉得是个很拙劣的故事
我会觉得是个很拙劣的故事,可现在我就是这故事的主角
可现在我就是这故事的主角,感觉有点复杂
所以才来找我,我今天见到我前男友了
还是他来找的你呀,我继承的其中一套房子
我继承的其中一套房子,跟他在同一个小区
他纠缠你了,他不会
他不会,他不是这种人
他不是这种人,而且我说过
而且我说过,是我对不起他
是我对不起他,我早知道跟他的关系不会长久
我早知道跟他的关系不会长久,我以为我自己很理智
我以为我自己很理智,很坚强
很坚强,可到了真正说再见的时候 还是会有点难过
得善待他,别跟我开这种玩笑
我觉得肚皮舞和钢管舞 我还是比较倾向于肚皮舞,你选的不错啊
你选的不错啊,钢管舞如果没有舞蹈功底的话会非常容易受伤
咱们还能有折扣,我不适合舞蹈
我不适合舞蹈,我想学拳击
拳击,不可以吗
可以可以,那边有学拳击的地方吗
然后这样子咱俩再商量,我不用看了
我不用看了,你选的一定不会错
你选的一定不会错,你这个人考虑问题很周全
你这个人考虑问题很周全,办事情也很放心
办事情也很放心,这种事情交给你 我放心
安迪姐 你说话好像我上司呀,是吗
是吗,那你的上司一定很信任你的工作能力
我好开心,不好意思啊
不好意思啊,今天我没有请小樊
我的样品没通过,是的
是的,不过包奕凡建议你尽快出第二次的样品
不过包奕凡建议你尽快出第二次的样品,我请你来也是想把质检师提出来的一些评估的资讯 转达给你
我请你来也是想把质检师提出来的一些评估的资讯 转达给你,好让你
好让你,让你尽快调整
先别告诉小美,所以我今天单独请你来
所以我今天单独请你来,就怕你有这个顾虑
鲍总那边说是什么问题了吗,负责质检的赵工说
负责质检的赵工说,轴承的材质和做工都有问题
轴承的材质和做工都有问题,虽然这是一个很小的零件
虽然这是一个很小的零件,但是如果说润滑度不够的话
但是如果说润滑度不够的话,会增加摩擦
会增加摩擦,影响主机的使用寿命
影响主机的使用寿命,而且好像你的做工 离他们想要的标准相差甚远
但是他们没有合适的设备来达到包总要求的加工精度,是他对你要求太苛刻了
是他对你要求太苛刻了,如果是这样的
如果是这样的,你直接告诉我
你直接告诉我,我去问他
他们的加工水平已经达到他们现有的加工能力,那你就可以换一个能够达到他们标准的加工公司啊
我是没有什么希望了,如果是没有什么希望了
如果是没有什么希望了,那不如先吃饭吧
那不如先吃饭吧,也不知道这家菜好不好吃
也不知道这家菜好不好吃,先吃点东西吧
但是我没有什么胃口,包奕凡让我转达一下他对你的歉意
我不想冒这个险,其实你不用这么看轻你自己啊
其实你不用这么看轻你自己啊,我们22楼的女孩都觉得你很好很不错
我们22楼的女孩都觉得你很好很不错,你年轻 事业又刚起步
你年轻 事业又刚起步,你做的是平常生意
你做的是平常生意,没有人指望你会 发横财啊
没有人指望你会 发横财啊,自信一点
而力不足,这样吧
这样吧,我答应
我答应,先替你隐瞒一个季度
先替你隐瞒一个季度,不好意思
不好意思,让你等这么久 是不是等我很久了
你住这小区是挺不错的,就是普通小区
就是普通小区,又不是高档小区
又不是高档小区,有什么好的
我来小区里接你了,那个曲筱绡不在
那个曲筱绡不在,不怕她捣乱了
你还是不信我呀,我不是不放心你
那是因为什么,那是因为我太在乎你了
那是因为我太在乎你了,我决定了 我五一跟你一起回家
真的,应勤 你快把我放下来 那儿有人看着呢
早上樊姐说的是怎么回事呀,王柏川送样品了到包奕凡的公司
王柏川送样品了到包奕凡的公司,样品检测没有通过
样品检测没有通过,他担心小樊会批评他
他担心小樊会批评他,所以希望我对她隐瞒
可你也是为他们俩好呀,但是出发点不能作为借口
但是出发点不能作为借口,错了就是错了
错了就是错了,不过王柏川说
不过王柏川说,今天等小樊情绪平复一点
今天等小樊情绪平复一点,他会向她道歉
他会向她道歉,乐观其成吧
安迪姐 你是不是也是因为才答应王总的,我只是看到王柏川 真的是很不容易
我只是看到王柏川 真的是很不容易,所以才一时感情用事答应他了
所以才一时感情用事答应他了,这确实是我不对
这确实是我不对,但是我的道歉也就到此为止
但是我的道歉也就到此为止,没有更多
误会,我不在乎被她误会
我不在乎被她误会,我向她道歉也只是承认我的错误
我向她道歉也只是承认我的错误,我并不是想挽回什么
我并不是想挽回什么,我觉得她在乎王柏川是否成功
我觉得她在乎王柏川是否成功,远超过她在乎这个人
远超过她在乎这个人,过去我以为她身上这些问题 都是因为她的家庭 给她造成的问题
过去我以为她身上这些问题 都是因为她的家庭 给她造成的问题,现在也不尽其然
现在也不尽其然,一个人把自己的人生寄托在另一个人身上
一个人把自己的人生寄托在另一个人身上,她为什么不能接受和理解这个人的失败
她为什么不能接受和理解这个人的失败,如果她执意要误会我
如果她执意要误会我,我可以放弃与她的友谊
哭什么呀,经理 我难受
今天店里人少 回家休息 好不好,真的吗
回家休息了,谢谢经理
洗什么澡嘛,安迪 明明是我的错
安迪 明明是我的错,你怎么写都是他的责任了
你怎么写都是他的责任了,这就叫强词夺理啊
这就叫强词夺理啊,我并没有判断你们感情上的对错
我并没有判断你们感情上的对错,我只是在剖析过程
我只是在剖析过程,指出程序上的瑕疵
指出程序上的瑕疵,在这个基础上 明确你们各自需要承担的责任
在这个基础上 明确你们各自需要承担的责任,不行 安迪
不行 安迪,应勤是个本分的人
应勤是个本分的人,咱们不能这么对他
咱们不能这么对他,我在第8条写明了
我在第8条写明了,我只是在陈述事实
我只是在陈述事实,我并没有责备
我并没有责备,而且我也并没有要求他一定要向你道歉
而且我也并没有要求他一定要向你道歉,可是樊姐说得那么在理都没用
可是樊姐说得那么在理都没用,你这种强词夺理能有效果吗
你这种强词夺理能有效果吗,该说的我已经说了
该说的我已经说了,有没有效果
有没有效果,看他怎么做
随便吧,给你
不用你给,本来希望你能够帮我买到客车票
本来希望你能够帮我买到客车票,没想到你买了机票 是我害你破费了
没想到你买了机票 是我害你破费了,不过其实你们开车回去是最简单的
所以还是出点钱给她买张 给她买张机票,很可惜呀
什么意思,你是不是以为我打算要劝你啊
你是不是以为我打算要劝你啊,我没有这个打算
我没有这个打算,说实话
说实话,我已经三十几岁了
我已经三十几岁了,这三十几年 我一直很鄙视男欢女爱
这三十几年 我一直很鄙视男欢女爱,后来我才知道是我自己潜意识记忆里的一个生理排斥
后来我才知道是我自己潜意识记忆里的一个生理排斥,我不光要跟异性保持距离
我不光要跟异性保持距离,跟同性 我也不喜欢有任何的身体接触
跟同性 我也不喜欢有任何的身体接触,其实这期间有很多人劝过我
其实这期间有很多人劝过我,有很多人不理解我 全部驳回
有很多人不理解我 全部驳回,因为我认为我有自己的一个思想体系
因为我认为我有自己的一个思想体系,所以我相信你也一样
其实我以为 你想用你强大的逻辑来说服我回到小邱身边,以前没有人能够说服得了我
以前没有人能够说服得了我,所以我也不认为我能说服你
所以我也不认为我能说服你,在我身上证明不可能实现的事情
在我身上证明不可能实现的事情,我不可以对别人做
我不可以对别人做,不过说实话
不过说实话,我后来思想真的有了慢慢的转变
我后来思想真的有了慢慢的转变,是因为我认识了22楼这些人和真正关心我的人
是因为我认识了22楼这些人和真正关心我的人,这种转变的感觉其实挺微妙的
这种转变的感觉其实挺微妙的,很难跟你解释
很难跟你解释,不过我觉得我很庆幸的是
不过我觉得我很庆幸的是,我没有因为我自己的原有思想体系而错过她们
我没有因为我自己的原有思想体系而错过她们,而且她们对我很有耐心
而且她们对我很有耐心,也很有勇气
也很有勇气,否则 多年以后 我可能会对现在的自己说一句
否则 多年以后 我可能会对现在的自己说一句,很可惜
很可惜,你怎么了 樊姐
我今天看了个笑话,什么笑话
因为我看到卖西瓜的了,这个老公跟他
这个老公跟他,跟他好像啊
线上走,那他
而且这说明他 他对你是不含糊的,真的 
这就说明他在意你,可是好可惜
可是好可惜,我都没法跟应勤一起回家了
那你们俩和好还是有机会的,樊姐 我听你的
你喜欢的,不是吃西餐吗
不是吃西餐吗,怎么会有小笼包
谁家法律规定了吃洋人的玩意儿 就不用吃蟹粉小笼了呢,可是现在远离市区能够吃到蟹粉小笼也是不容易呀
应该说是你最喜欢的,你怎么知道我喜欢
尝尝 怎么样,挺好的
小惊喜,其实今天不是我的生日
其实今天不是我的生日,是我进孤儿院的日子
是我进孤儿院的日子,也是我生母的忌日
我上网查一下啊,不用了
不用了,最好的祭奠
最好的祭奠,是放在心里
你一发微信他就回吗,那可是以前的时候他在上班啊 他在上班的时候肯定没法回我微信
那可是以前的时候他在上班啊 他在上班的时候肯定没法回我微信,可是现在都放假回家了
可是现在都放假回家了,他 他有时间 他为什么不回我微信
他 他有时间 他为什么不回我微信,樊姐 我知道我这样做挺不好的
樊姐 我知道我这样做挺不好的,可是我真的憋不住
可是我真的憋不住,我真的特别想他
我真的特别想他,我就特别羡慕你跟王总
我就特别羡慕你跟王总,我觉得王总对你特别好
我觉得王总对你特别好,说什么
说什么,王总马上就答应
王总马上就答应,可是应勤以前对我也挺好的
可是应勤以前对我也挺好的,结果现在就成这样了
结果现在就成这样了,樊姐 我好难过
不是 不是说就没的,是吗 樊姐 是 是真的对我有感情吗
是吗 樊姐 是 是真的对我有感情吗,我知道 我不该瞎想
我知道 我不该瞎想,可是我心里就是慌得很
可是我心里就是慌得很,樊姐
樊姐,我就是特别想他
我就是特别想他,我怕他不喜欢我了 怎么办
这不是对他不信任吗,樊姐你说得对
樊姐你说得对,我得信任他我得信任他
只要心里有彼此 没有什么跃不过去的坎,真的吗 樊姐
真的吗 樊姐,你觉得他心里真的有我吗
怎么那么不自信呢现在,樊姐 你说得对
樊姐 你说得对,我得自信
我得自信,那我这两天先不打扰他了
那我这两天先不打扰他了,等我回上海以后
等我回上海以后,我再跟他说
我再跟他说,行吗 樊姐
别在这儿纠结这问题,我听樊姐你的
我听樊姐你的,樊姐 再见
所以应该算是工伤,可是他是自己骑摩托车摔的
那也算工伤,但他们说自己摔的不算
住所地经常居住地职工宿舍的合理路线的上下班途中遇到的交通交通事故应该也要认定为工伤,我记不住
如果他们不认你就起诉,能赢吗
能赢吗,你能帮我起诉吗
你能帮我起诉吗,要赢了我一定付你钱
咱们先发个律师函,我知道这首歌my precious possession我最珍贵的财产
我知道这首歌my precious possession我最珍贵的财产,罗槟说成了你最珍贵的财产
没人反对你知道歌词,我是说罗槟他说错了
我是说罗槟他说错了,他把我最珍贵的财产说成了你最珍贵的
他把我最珍贵的财产说成了你最珍贵的,my precious possession
你在说什么,我说罗槟他错了
我说罗槟他错了,他把我最珍贵的财产他说成了你最珍贵的财产
他没在和你说歌词哥们,他不尊重我
他不尊重我,我是个有原则有底线的人
我是个有原则有底线的人,我应该被人尊重
他在帮着你收拾烂摊子去,我不同意任晓年
我不同意任晓年,它本身就是个烂摊子
它本身就是个烂摊子,不是我把它变成烂摊子的
安安静静的走,我想问你一个问题
我会知道任晓年的航班,对
我问过他助理,他的助理为什么告诉你呢
因为我是栗娜,我还想问你一个问题
那是他的损失,你说的是真心话吗
你太在乎别人对你的态度了,不我不在乎
不我不在乎,但是我讨厌别人误解我
但是我讨厌别人误解我,尤其是讨厌罗槟
尤其是讨厌罗槟,他误解我
他误解我,他总是误解我
他总是误解我,他总是先把我描绘成一个可笑的人
他总是先把我描绘成一个可笑的人,然后他开我的玩笑
然后他开我的玩笑,而他开我的这些玩笑完全是基于对我的误会
我知道你是栗娜,我是问你你怎么知道这是我的外卖
我刚刚路上发生了一点意外,什么意外
实在抱歉,这不叫意外
这不叫意外,这叫过失
这叫过失,由于你的过失餐掉到了地上
由于你的过失餐掉到了地上,我可以给你差评
您千万别打差评,你给我解释一下什么叫过失
而发生的过错被电梯门夹到真的不是因为疏忽,我再给你一个机会
我再给你一个机会,你认真的想一想
你认真的想一想,到底是意外
到底是意外,还是过失意外
意外是指受外来的非本意的料想不到的事件被电梯门,你赢了
你赢了,是意外
是意外,订单已取消
订单已取消,我希望你通过这件事情得到一个教训
他也会想办法报复你,我并没有取消订单
外冷内热,你了解我
现在是21世纪了,有些东西是永恒的
只有变化是永恒的,那也是永恒的
侵犯了人家的知识产权了,对不起刘律师
叫我大刘就好,我后面有点事
赚的比赢的还多,可是我不知道您说什么
随便给你一个你就够了,您的意思是说我的当事人没钱也没名
您的意思是说我的当事人没钱也没名,我要是给他做代理的话
我要是给他做代理的话,我也赚不到什么钱
我也赚不到什么钱,就算是打赢了这场官司
就算是打赢了这场官司,那也只是一锤子买卖
那也只是一锤子买卖,因为他不会总打官司
因为他不会总打官司,那我还不如胡乱替他敷衍一下
那我还不如胡乱替他敷衍一下,让他输了这场官司
让他输了这场官司,但是你们会赔偿给我
但是你们会赔偿给我,不会让我白输
不会让我白输,我理解对吗
你录音了,对啊，回去转告你的朋友任晓年
对啊，回去转告你的朋友任晓年,如果他不想输给我们
如果他不想输给我们,还会有更体面的解决办法
还会有更体面的解决办法,承认抄袭
承认抄袭,公开道歉
公开道歉,并且下架所有已侵权的作品，向我的当事人赔付500万
就是法院判他也不可能判那么多的,法院见
法院见,你又答应人家什么事了
就是帮人家发个律师函,你
你,你能不能别老给我添麻烦
你能不能别老给我添麻烦,你还嫌我不够忙啊
律师函我写以你的名义发就行了,那是要负责任的
我不会给你惹事的,还不会我惹事儿
还不会我惹事儿,就门口要不是因为你求我
就门口要不是因为你求我,你说他特别可怜
你说他特别可怜,没钱打官司我才懒得理
任晓年找了好多水军天天微博上骂他,我就是没钱
我就是没钱,我要有钱
我要有钱,我也找好多水军上微博上骂他去
我也找好多水军上微博上骂他去,他就那么一人
他就那么一人,你做什么他都觉得应该的
你做什么他都觉得应该的,不但得无偿免费
不但得无偿免费,还得把所有事情做到他满意为止
还得把所有事情做到他满意为止,你赶紧跟他说一声
你赶紧跟他说一声,让他换一个律师
谁给钱替谁说话呗,对我们的职业就是这样
对我们的职业就是这样,正义是要有成本的
正义是要有成本的,律师打官司是要收费的
为什么是咖啡师,我不喜欢开玩笑
我没有和你开玩笑,律所成立了公益中心
律所成立了公益中心,由我来负责
恭喜你好好干,我需要你配合我的工作
我为什么要配合你找我自己的麻烦,这是公益事业公益
我看你是公报私仇,你小人之心度君子之腹
多君子之腹,我不是伪君子
我不是伪君子,我是来跟你讲道理的
我是来跟你讲道理的,我不是什么客户都伺候的人
我不是什么客户都伺候的人,任晓年
任晓年,就是我让给你的
可以走了吗,我没说完
你还要说多久,我才刚刚开始热身
请你先去交费,我作为一名资深的法律顾问
我作为一名资深的法律顾问,我的律师意见也是很贵的
可以给他优惠98折,我不是来跟你咨询的
我不是来跟你咨询的,我是来告诉你
我是来告诉你,你犯了一个错误
我从来不犯错误,如果我是你我最珍贵的财产
如果我是你我最珍贵的财产,是我能紧紧抓住的东西
紧握拳头是没有办法去抓住新东西的,我不是在跟你说握拳或者是松手
我不是在跟你说握拳或者是松手,我在跟你说if I were you
我在跟你说if I were you,my precious possession would be the ones I hold so close
my precious possession would be the ones I hold so close,如果我是你我最珍贵的财产
如果我是你我最珍贵的财产,是我能紧紧抓住的东西
是我能紧紧抓住的东西,是我最珍贵的财产
是我最珍贵的财产,不是你最珍贵的财产
不是你最珍贵的财产,My precious possession是我
My precious possession是我,不是你昨天说错了
不是你昨天说错了,你把我说成了你
我可以让给你,我在跟你说这个歌词
我在跟你说这个歌词,你昨天说错了
你昨天说错了,这首歌是席琳迪翁演唱
这首歌是席琳迪翁演唱,由艾斯佩肯和罗门一起填的词
由艾斯佩肯和罗门一起填的词,if I were you
好人,别找我
别找我,我可不管了
我帮他找法律援助,你帮他找干嘛你让他自己找不就完了吗
压根就是法盲,咱能不能吃一堑长一智
咱能不能吃一堑长一智,你跟艾伦什么关系
你跟艾伦什么关系,他不就去你店里取过几次餐吗
他不就去你店里取过几次餐吗,你为什么要相信他
你为什么要相信他,他万一胡说八道怎么办
他万一胡说八道怎么办,就跟那吴美薇一样
以后不管是谁我都不找你不给你添麻烦,你给你自己添麻烦也不行
你给你自己添麻烦也不行,咱以后都不多管闲事儿了
我又没多管闲事,还没管
还没管,那吴美薇那个事不就是你让我管的吗
但是现在不也是皆大欢喜吗,皆大欢喜
皆大欢喜,你管这叫皆大欢喜啊
你管这叫皆大欢喜啊,你们连商量都没跟我商量
你们连商量都没跟我商量,就全面投降
好,这是我接的第一个案子
这是我接的第一个案子,我想打败罗槟
我想打败罗槟,我想看到他被客户痛骂的样子
我想看到他被客户痛骂的样子,我最讨厌的就是他们总是拿钱办事
我最讨厌的就是他们总是拿钱办事,他们做的应该是道歉
他们做的应该是道歉,而不是随便给点钱
而不是随便给点钱,这事就这么过去了
拿的钱多,你跟我说这些干嘛
你跟我说这些干嘛,我没你想的周到
我没你想的周到,我是没你想的周到
我是没你想的周到,我不如你聪明
好 我这是在跟你复盘,不用
不用,不用
不用,你要想复盘的话
你要想复盘的话,你还是帮自己复下盘吧
你还是帮自己复下盘吧,你好好想想
你好好想想,你是怎么把一手好牌给打烂的
你是怎么把一手好牌给打烂的,你是怎么成功的沦落成为一名社会青年
你是怎么成功的沦落成为一名社会青年,你没法从事任何需要有文凭的工作
你没法从事任何需要有文凭的工作,你甚至连参加司法考试资格都没有
干什么我按摩呢,你要是也想按摩
你要是也想按摩,你可以跟我借
你可以跟我借,或者我买一个送给你也可以
你跟柏静红说过什么呢,他现在还不是你的客户
我问的是你跟柏静红说我什么了,我们俩就随便聊聊
我们俩就随便聊聊,不是我去参加一个活动
不是我去参加一个活动,恰恰我们俩坐在一起就聊了两句
恰恰我们俩坐在一起就聊了两句,他问我
他问我,说你为什么到现在还单身
说你为什么到现在还单身,说你这么帅还这么能干
说你这么帅还这么能干,我就跟他说
我就跟他说,我说因为
我说因为,喜欢你的女人太多了
喜欢你的女人太多了,这不是造谣吧
为什么要说丽娜,他问我都有哪些女人喜欢你
他问我都有哪些女人喜欢你,我一时我想不起来别人的
你就是故意的,我就是故意的了又怎么了
对方就会跟你签了吗,只要他不跟你签
只要他不跟你签,我就开心极了
我就开心极了,至于跟不跟我签我无所谓的
至于跟不跟我签我无所谓的,我不像你做什么事情都要对自己有利
我不应该给您出这种馊主意的,我为什么还是觉得他
我为什么还是觉得他,有点像那天送外卖的
你要再这么背后议论罗槟,我没有背后议论
那你说人找一个助理是送外卖的,我不是这个意思
你会怎么样,我一定跟他翻脸
我一定跟他翻脸,我是有职业荣誉感的
我是有职业荣誉感的,任何进入我们律所的人
任何进入我们律所的人,无论是男女老幼必须是毕业于名校
你什么居心啊,我就说
我就说,他有点像
你有脸盲症,是
是,我经常认错人
我经常认错人,我有脸盲症
我有脸盲症,我不是那个意思
我不是那个意思,我什么意思都没有
我什么意思都没有,你千万不要误会你
没有误会你 为了你好,我以后再也不乱说
我不能推给任何人,我要去见客户
我要去见客户,他们要找最好的法律顾问
他们要找最好的法律顾问,终于找到了我
他们是在网上搜的,不有人给他们推荐了10个律师
不有人给他们推荐了10个律师,他们经过了反复的斟酌
他们经过了反复的斟酌,最终认为我是最佳人选
那肯定是你的朋友给他们推荐的,我师妹朱莉他跟他们老板推荐的
还推荐了其他9个废材,能不能在一起玩耍了
太感谢了您真的是个好人,不不不
不不不,我不是
您尝尝是卤猪蹄,谢谢你妈妈
谢谢你妈妈,但是
但是,我不是罗槟律师
我不是罗槟律师,我们是同事非常好的同事
我们是同事非常好的同事,我们律所成立了一个公益中心
我们律所成立了一个公益中心,由我来负责
由我来负责,你放心
你放心,我会把罗槟热心公益帮助你父亲的事迹写到我的工作报告里去
我会把罗槟热心公益帮助你父亲的事迹写到我的工作报告里去,这样以后你有什么事情你可以来找我
这样以后你有什么事情你可以来找我,你叫我何赛律师就好
已经起草好了,槟
槟,买早餐去 咱俩一起去
我不买,我也不买
你刚才说你要买,我刚刚说的是咱俩一起去买早餐
我刚刚说的是咱俩一起去买早餐,你买我就买
你买我就买,你不买我就不买
你这是唱的哪出呢,封印跟我说了
封印跟我说了,说你很多事情其实不是针对你是一个有点孤傲的人
我还一直以为我相当平易近人的,昨天我见了咱们的师妹朱莉
昨天我见了咱们的师妹朱莉,你还记得他吗
他怀孕了,你怎么知道
否则他为什么不自己做要介绍给你呢,他做了一半了
他做了一半了,已经起诉了
已经起诉了,我还奇怪
我还奇怪,我说他为什么找我没找你
我说他为什么找我没找你,你们之间有什么过节吗
是耀宾的案子吧,他找过你
你不能接,为什么
利益冲突,跟谁利益冲突
柏静红,你跟柏静红签了吗
但是今天会签,我也是今天要签
这属于消费欺诈何赛擅长,什么呀
一个礼物,送我礼物干什么
求你接一个案子,罗槟让你求我
你接还是不接,干嘛不自己接
你觉得呢,他觉得对不起我
他觉得对不起我,还是因为案子太棘手
还是因为案子太棘手,客户太难缠啊
我可拿走了,留着吧
留着吧,我可是因为你不是因为他
我可是因为你不是因为他,我把廖佳敏介绍给了耀宾
我把廖佳敏介绍给了耀宾,你别恨我
我为什么要恨你,好
好,那我们就冰释前嫌
那我们就冰释前嫌,我接受你的道歉
我对你做错了什么,槟
槟,你知道你做错了什么
我不知道,你不知道自己错在哪了
你不知道自己错在哪了,你让栗娜送给我礼物
什么礼物,茶具
栗娜说是我送的,我懂了
我懂了,是栗娜觉得你错了
是栗娜觉得你错了,所以他在替你打搅了
是他希望我们两个人能缓和关系,到底我们俩是谁的错造成了我们之间的关系紧张
你说是廉颇的错还是蔺相如的错,你是说我是廉颇
你是说我是廉颇,我应该对你负荆请罪
蔺相如到哪里去干一票完璧归赵呢,我必须把话说清楚
我必须把话说清楚,咱们俩在任晓年的事情上有分歧
但是,是任晓年他
是任晓年他,可算不上块和氏璧
他充其量算是一只煮熟了的鸭子,你以为客户争取最大利益为荣
你以为客户争取最大利益为荣,我和你不一样
你以此为耻,对
对,我以代理像
我以代理像,任晓年这样的
任晓年这样的,客户为耻
客户为耻,深以为耻
深以为耻,我学习法律不是为了给他这样的人争取利益的
他女儿也挺喜欢你的,我没见过他女儿
你送合同去的时候谁接待的,齐老板秘书
那就是他女儿,是吗
是吗,我都没看出来
我都没看出来,他女儿挺朴素的
他女儿挺朴素的,也挺谦和的
感觉怎么样,我有女朋友了
还没听你说起过,我们就没有公开
为什么,我们俩以前是大学同学
我们俩以前是大学同学,中间有很多人认识
中间有很多人认识,他怕公开以后会有人来打听我们的事
他怕公开以后会有人来打听我们的事,他是一个不喜欢被人打扰的人
他现在从事什么职业,也在律所实习
实习多久了,刚实习没多久
你去哪儿,回家
家在哪里,望京
我捎你,不了主任我肚子有点饿了
不了主任我肚子有点饿了,我准备去吃口东西
我请,别别别了主任
别别别了主任,我跟我女朋友我们俩最近闹分手的
我跟我女朋友我们俩最近闹分手的,准备今儿晚上吃散伙饭了
你刚才没说,我没好意思跟您说
也是刚和男朋友分手,听我跟你解释
听我跟你解释,我是以前不知道
我是以前不知道,我是现在才知道的
我是现在才知道的,我们所老大跟你们所老大有仇
那跟你假装不认识我有什么关系吗,如果他知道你是我女朋友
如果他知道你是我女朋友,还是知道你在权璟工作他肯定接受不了
你就打算一直瞒着他了,我准备攒一点资源就换律所
我准备攒一点资源就换律所,我不是怕全传 怕这事传到廖佳敏耳朵里吗
我不是怕全传 怕这事传到廖佳敏耳朵里吗,咱俩的事你没跟别人说吧
我们就假戏真做,别你干嘛
别你干嘛,当时我说我饿了
当时我说我饿了,他说他也饿了
他说他也饿了,他是我老板
他是我老板,难道我跟他说对不起
难道我跟他说对不起,我不想跟你吃
我不想跟你吃,那我能这么说吗
你就说你跟你女朋友吃饭要怎么了,他知道我跟你吃饭
他知道我跟你吃饭,你没听他说吗
你没听他说吗,他请还让我把你给叫上吗
对不对,你哪给我丢人了
你哪给我丢人了,你太给我长脸了
你太给我长脸了,关键是你不是罗宾的助理
关键是你不是罗宾的助理,你知道他有多恨罗槟吗
你知道他有多恨罗槟吗,罗槟抢过他的客户还搅黄过他的官司
有仇,都有
都有,而且还不是一个仇
而且还不是一个仇,跟你们律所老大那是情仇
您好,您好 我是罗槟的姐姐
您好 我是罗槟的姐姐,我找他有急事
我找他有急事,我给他打电话
我给他打电话,发微信他都不回
所以说可能没有办法接电话,那就找不到他了是吗
您可以跟我说,好
我们这边请,昨天晚上回家
昨天晚上回家,我们头让我们在群里面马上发当月的营业额
我们头让我们在群里面马上发当月的营业额,我在带孩子没听见
我在带孩子没听见,所以我就没发
所以我就没发,今天早上一大早
今天早上一大早,我们单位的人事部就让我办辞退手续
辞退,对
对,而且不给任何赔偿
我陪你去找他们,你陪我去
而且还要给你赔偿,真的吗
真的,那我们走吧
你还在那干什么去,大家可都在传你冲冠一怒为红颜
你不用每件事都向我汇报,我不是在向你汇报
你在传八卦,我是提醒你们要注意影响什么影响
我是提醒你们要注意影响什么影响,你看你罗槟向来是以冷静理智著称的
你看你罗槟向来是以冷静理智著称的,怎么会为了一个没来几天的女助理就跟客户翻脸呢
认知能力,我能理解
那你还有什么问题呢,但是我不赞同
但是我不赞同,你赞同什么
我赞同你不赞同,你这话什么意思
你这话什么意思,你到底是赞同我的意思还是不赞同我的意思
这都理解不了,我跟你说我最讨厌你这种笑了
顺便把他叫过来,总打削球欺负我
总打削球欺负我,全是带旋转的
有进步,有进步也打不过你
有进步也打不过你,我跟你说
我跟你说,以后机器会代替人类的大部分工作
以后机器会代替人类的大部分工作,尤其是你们法律工作
尤其是你们法律工作,有了法律机器人以后想打官司
有了法律机器人以后想打官司,把双方的诉讼证据全部交上去
把双方的诉讼证据全部交上去,这机器人法官就会在网上把这个案情的结果公之于众
这机器人法官就会在网上把这个案情的结果公之于众,结案了
结案了,所以说
所以说,机器是最公正的
也最无情,所以适合你的法律工作呀
最不适合,不适合吗
不适合吗,不适合对
不适合对,情理法
情理法,对人是有感情的
对人是有感情的,所以是情在理前面
就复杂了,没错
没错,就像我跟你姐一样
我得让着他,这么多年你怎么俩个还争这件事呢 这事我有发言权
这么多年你怎么俩个还争这件事呢 这事我有发言权,我做了深刻的研究
我做了深刻的研究,这双胞胎剖腹产的顺序它跟顺产是一致的
这双胞胎剖腹产的顺序它跟顺产是一致的,只不过有的时候医生接生婴儿的时候它是随机的
只不过有的时候医生接生婴儿的时候它是随机的,哪个顺手他先接哪个
哪个顺手他先接哪个,所以谁是老大
所以谁是老大,不是你们两个说的算
不是你们两个说的算,是人家医生说的算
是人家医生说的算,他是老大知道吗
你今天怎么突然有时间约我打球了,好久没见你了
让人骗了,我不是傻子
我不是傻子,我怎么总让人骗
你长的挺像人骗的,没有
有什么事的话别憋在自己心里找我,最近见你姐了吗
刚巧我没在,她是不是遇到什么事了
怎么了,我好久没见小安了
我好久没见小安了,我每次问他
我每次问他,他就跟我说他带小安去旅行了
那我问问他,没事不需要
没事不需要,我都问过了
我都问过了,问了他朋友
问了他朋友,他没旅行去
那你为什么不直接去找他,他警告我说没有他的允许
他警告我说没有他的允许,我不能去找他 找他的话
我不能去找他 找他的话,他就可以禁止我去见小安
他没这个权利,他有这个权利他说了
他有这个权利他说了,他认识全中国最好的律师
你怀疑我我没有,你有
我没有,你有
你有,你的助手告诉她了
你的助手告诉她了,如果我有任何精神类的疾病
如果我有任何精神类的疾病,或是有可能影响小孩身心健康的疾病
或是有可能影响小孩身心健康的疾病,他都可以让法院酌情去处理这事
他都可以让法院酌情去处理这事,有可能就不让我见小安了
有可能就不让我见小安了,你干嘛
你干嘛,不是你别给他打
不是你别给他打,我不想得罪他
我没有让我的助理去给我姐出主意,我相信你相信
我相信你相信,对不起
什么对不起 应该是我跟你说对不起,其实想想这事
其实想想这事,我也能理解你姐
我也能理解你姐,能理解她
那我想请问你成天能理解这个能理解那个 你是想见小安还是不想见,我想见小安 我很想我做梦都想 我想
我想见小安 我很想我做梦都想 我想,我知道你姐什么脾气
我知道你姐什么脾气,我不想得罪他
我不想得罪他,我不想惹毛他
我不想惹毛他,其实我就想了解这事
其实我就想了解这事,抑郁症
抑郁症,抑郁症这病能不能影响孩子
抑郁症这病能不能影响孩子,会不会影响他的身心健康
会不会影响他的身心健康,如果真的影响
如果真的影响,我可以考虑我不见小安
我可以考虑我不见小安,我能做到
我陪你来多打打球没事的,你不说了吗
你不说了吗,我被人骗的时候才能找你
可是我对人基本的判断还是,你以为他是一个视金钱如粪土的人吗
你以为他是一个视金钱如粪土的人吗,我跟你说他所有的客户都特别有钱
我跟你说他所有的客户都特别有钱,而且是特别特别的有钱
那也不能说明他唯利是图,不你今儿怎么了
不你今儿怎么了,你干嘛老替他说话
你干嘛老替他说话,你以前不是特恨这种人
他为什么要跟任晓年翻脸呢,我也不知道为什么
我也不知道为什么,我也想知道这不符合他的逻辑
因为任晓年他缺乏对法律对规则最起码的敬畏,我先给你说清楚了
我先给你说清楚了,任晓年现在可是我们的客户
又怎么样,至少我们现在合作的很愉快
倒是要看看你们能愉快多久,能不能不一言不合扭头就走
我要赶紧去找罗琦了,那我跟你一块去
你赶紧的,怎么招呼都不打就来了
小安呢 我给他买了奶黄包,去同学过生日去了
这么小的孩子就聚众过生日,对
对,现在从幼儿园就开始了
什么小安,他马上要结束了
他马上要结束了,我们去接他
我问你刚才说什么小安,罗小安
你把姓改了,对
你不让他见孩子是吗,对
为什么,因为现在冀小安已经不见了
因为现在冀小安已经不见了,现在只剩下罗小安了
你不能这么做你知道吗,我知道你们是兄弟
我知道你们是兄弟,所以这件事情我也不准备告诉你
所以你就去找我的助理了是吗,对你助理挺好的
对你助理挺好的,人好心好也非常能干
人好心好也非常能干,这小嘴巴巴巴的
这小嘴巴巴巴的,可不比你当年差
不让他管你的事,行
行,不找他了
不找他了,我忘了我弟弟是胳膊肘往外拐的
你真的不能这么做,罗大律师
罗大律师,我现在已经这么做了
父母任何一方也不应该把孩子的姓给改了,那就去告我吧灯关了
他有这个权利,我认为他没有
不是你说没有就没有,你在跟我说法律吗
你再这样他可以告你的,那为什么不告我
那是因为他不愿意伤害你,那就让他伤害自己
他刚好一点点,所以不能见孩子
所以不能见孩子,这个病得慢慢养
咱们路上说好吗,我不要我不想听你唠叨一路
你知不知道,我后悔的事情已经做的很多了
我后悔的事情已经做的很多了,不差这一件
你为什么忽然就不让他来探望孩子了,是罗槟叫你来的
罗槟他根本就不让我管这个事儿,你跟罗槟说
你跟罗槟说,他那个兄弟如果继续他们孩子的话
他那个兄弟如果继续他们孩子的话,会对孩子不好
罗槟他打算让他这个兄弟去法院申请强制执行,那我就会说我的前夫有严重的健康障碍
那我就会说我的前夫有严重的健康障碍,如果他再行使探望权的话
如果他再行使探望权的话,会影响到我孩子身心健康的
会影响到我孩子身心健康的,我会让法院终止他的探望权
怎么就损害了孩子的身心健康,他得过抑郁症
或者说根本就没有严重的健康障碍,他已经有新的女朋友了
法院他也不会因此就剥夺了他的探望权了,小安的奶奶跟他说
小安的奶奶跟他说,说他爸爸会给他再找一个新的比原来的妈妈还要好
说他爸爸会给他再找一个新的比原来的妈妈还要好,问他喜不喜欢
问他喜不喜欢,老太太嘴巴一张亲妈就没了
老太太嘴巴一张亲妈就没了,我女儿要管一个我根本不认识的女人叫妈
我女儿要管一个我根本不认识的女人叫妈,将心比心
将心比心,这件事搁谁受得了
这件事搁谁受得了,你受得了吗
你受得了吗,你怎么找到这来了
这很难找吗,戴曦是叛变了
戴曦是叛变了,还是本来就是你派来的卧底
现在想找一个人没那么复杂,栗娜 是不是 肯定是栗娜说的对不对
你把小孩藏起来冀遇快崩溃了,你不要跟我提这个名字
你知不知道,疯了
疯了,那就更不能见孩子
那就更不能见孩子,否则的话会影响孩子的身心健康的
这事没告诉你让你生气了,他找不找女朋友
他找不找女朋友,他结不结婚跟我没有半毛钱关系好吧
那你为什么不让他见孩子呢,我不想让我的孩子知道他爸又给他找了一个新妈
我不想让我的孩子知道他爸又给他找了一个新妈,我也不想让我的孩子在两个妈之间做比较
我也不想让我的孩子在两个妈之间做比较,这个理由充分吗
你就剥夺了他对自己亲生子女的探望权,你跟我谈法律是吧
你跟我谈法律是吧,罗槟
罗槟,那就跟我的律师谈
不要闹了行不行,我没有闹
我没有闹,就是因为我不闹
就是因为我不闹,所以我要找律师
所以我要找律师,你们律师都是专业的
你们律师都是专业的,受过训练的
受过训练的,都非常冷静
都非常冷静,我是冷静不了
我是冷静不了,所以我必须要找律师
你真的假的,你说一下
什么东西,这是我律师的名片
这是我律师的名片,他叫麦飞
他叫麦飞,可能你也认识
你什么时候找的他,我的律师叮嘱我
我的律师叮嘱我,只要我找了他
只要我找了他,我就不能回答任何人的问题
我不是任何人,你是律师
你是律师,你是替我前夫来跟我交涉探望权的
你又不怕被人看见啦,看见就看见呗
万一廖主任找你麻烦呢,他看不见他这会儿陪客户呢吃饭
没事你接吧,罗律
我要见你,我下班了我没在所里
你在哪我来找你,是这样
是这样,我今天晚上安排事了
我今天晚上安排事了,我们可以约其他时间见面吧好吗
你知道我找你什么事,是因为罗琦吧
所以你躲是躲不了的,我并没有躲
我并没有躲,我只今天晚上有事
我只今天晚上有事,您跟我约其他时间
您跟我约其他时间,谢谢
我给你弄点喝的醒醒酒,那个跟罗琦聊得怎么样
那个跟罗琦聊得怎么样,同意我见小安了
等你醒了咱们再谈好吗,我现在醒着呢
我现在醒着呢,我跟你说我今天去他那了去找小安去了
我跟你说我今天去他那了去找小安去了,人家传达室大爷没让我进
人家传达室大爷没让我进,我说我干什么
我说我干什么,我说我找我孩子
我说我找我孩子,他说孩子谁
他说孩子谁,我说冀小安
我说冀小安,他说冀小安我说对
他说冀小安我说对,我就把小安的这个身份特征身份证什么全都告诉他
我就把小安的这个身份特征身份证什么全都告诉他,你进屋去 你去给我问问
你进屋去 你去给我问问,你猜他出来跟我说什么 给我笑死了
你猜他出来跟我说什么 给我笑死了,跟我说没有冀小安
跟我说没有冀小安,我们这有罗小安
我们这有罗小安,罗小安 好笑吧
罗小安 好笑吧,我后来仔细一想
我后来仔细一想,你姐他把小安姓都给改了
你姐他把小安姓都给改了,随你姓了
随你姓了,罗小安
罗小安,姓都给改了
不客气,你怎么知道的
你怎么知道的,罗琦告诉你的
罗琦告诉你的,但罗琦怎么知道的
你为什么不告诉他,没想好怎么告诉啊
没想好怎么告诉啊,怎么说呀
怎么说呀,就是因为这事吧 他生我气不让我进
就是因为这事吧 他生我气不让我进,不让我见小安还把小安姓给改了
不让我见小安还把小安姓给改了,因为这个是不是你说话是不是
她需要时间去消化这件事,消化消化可以她消化
消化消化可以她消化,但是我妈想孩子
但是我妈想孩子,我也想孩子
我也想孩子,真的想见小安
真的想见小安,真的罗槟
真的罗槟,我好久没见小安了
我只看结果,栗娜没有在座位上
栗娜没有在座位上,所以我就直接走进来了
你也不是爬进来的,一点也不好笑
幸亏我的职业不是逗你开心,封印昨天到处找你
封印昨天到处找你,说你也不接电话
说你也不接电话,客户也找不到你
客户也找不到你,你的助理也不在
不用你告诉我,你干嘛呢
工作,可栗娜约好了是今天上午咱们俩谈话
谈什么,你忘了
你忘了,你说要找一个时间
你说要找一个时间,我们俩好好谈谈关于我们俩的关系以及存在的误会
我们俩好好谈谈关于我们俩的关系以及存在的误会,还有未来情感的发展方向
我这些邮件必须要在客户一上班打开电脑就能看见,我从来都是提前完成的
我从来都是提前完成的,我昨天晚上
出去跟栗娜重新约时间,栗娜不在工位上
那就等他来了以后再约,对不起
对不起,我实在太忙了
我实在太忙了,我一会还上班
罗槟不知道我来找你,他早晚会知道的
他可以找律师告诉你,不谈这些了
不谈这些了,说点别的
说点别的,你怎么知道的
罗槟就是要去看小安跳芭蕾舞,我说句真心话
我说句真心话,你别介意
也许我会介意,那我就不说了
我不介意,我介意
我介意,我正找你
我正找你,你收到校友会的邀请了吗
我不会去的,为什么
鱼死网破,你是怕碰见蓝红吧
闭嘴,你说你当时跟蓝红那么好
你说你当时跟蓝红那么好,为什么要分手呢
闭嘴,我当时都觉得你们完全是天生的一对
我当时都觉得你们完全是天生的一对,我没有恶意
我没时间,不
不,我是想请你给我
别吞吞吐吐的好吗,我听说蓝红的老公他有要收一家游戏公司
我帮不了你,我在并购这方面
我在并购这方面,法律问题我非常的了解
法律问题我非常的了解,我在这方面就是一个专家
或许他会找你,不不不
不不不,你误会我了
去了让我误会你,是这样
是这样,我有可能很快要做一家游戏公司的法律顾问
我有可能很快要做一家游戏公司的法律顾问,而这家公司有可能被别人收购
而这家公司有可能被别人收购,但是在这众多的打算收购这家游戏公司的公司当中
但是在这众多的打算收购这家游戏公司的公司当中,有一家上市公司
有一家上市公司,这家上市公司的老板恰好是蓝红的老公
这家上市公司的老板恰好是蓝红的老公,也就是说我在不久的将来
也就是说我在不久的将来,有可能会跟蓝红老公的公司有很多工作上的接触
请问这跟我有什么关系,你看你我之间多多少少的有那么一丝丝的矛盾
我也不会到你的客户那儿去说你不好,你承认咱们之间有矛盾了
你承认咱们之间有矛盾了,你终于承认咱们俩之间有矛盾了
你终于承认咱们俩之间有矛盾了,但是没关系
但是没关系,有矛盾没关系
有矛盾没关系,有人的地方那就有矛盾吗
我并没有谈我们俩有没有矛盾,那你说 你说 咱们俩之间有什么矛盾啊
你找栗娜约我的时间,他没有在位置上
等他来了再约,你说最近有点奇怪
你说最近有点奇怪,昨天你消失
昨天你消失,今天他消失
今天他消失,这是怎么回事呢
这是怎么回事呢,别生气别生气别生气
你到底要干什么,我没有要偷看
我没有要偷看,我只是想离你再近点
我能听得见,我怕别人听见
我奉劝你压根就不要说出口,你看是这样的
你看是这样的,你看上学的时候
你看上学的时候,我跟蓝红之间
我跟蓝红之间,关系一般
你们俩是相互鄙视,我早就看透了他了
我早就看透了他了,对不对
对不对,我当时我就反对你们俩
我当时我就反对你们俩,但是你没有听我的建议
我庆幸没有听你的建议,所以你没有听我的建议
所以你没有听我的建议,所以造成了你这段失败的爱情
根本就不知道什么叫爱情,我当然知道什么是爱情
什么叫爱情,爱情属于所有人
爱情属于所有人,但是爱情分真爱和假爱
但是爱情分真爱和假爱,在天愿为比翼鸟
在天愿为比翼鸟,在地愿为连理枝
在地愿为连理枝,忠贞不渝
忠贞不渝,这才叫真爱
你的意思是从一而终,不
不,我说的是忠贞不渝
如果两个人接触了一段之后才发现并不合适,那他们就不是真爱
那他们就不是真爱,像你跟兰红之间那就不叫真爱
真爱只有一次,对
那么是不是就意味着这一生他不再接受其他人,我不是这个意思
明明你刚才说的真爱只有一次,不
不,我的意思是如果一个人他同时爱上了很多人
我的意思是如果一个人他同时爱上了很多人,他这就不叫真爱
他这就不叫真爱,但是一个人爱上了另外一个人
但是一个人爱上了另外一个人,另外一个人消失了
另外一个人消失了,比如说离世了
比如说离世了,那么这个人当然可以再去追求他新的爱情
那么这个人当然可以再去追求他新的爱情,不然的话就是泯灭人性了
爱几次就应该有几次真爱,对
说话,我给罗琦打电话了
我给罗琦打电话了,他接了
他接了,然后跟我说你有什么事去找我律师去
然后跟我说你有什么事去找我律师去,然后把电话给挂了
然后把电话给挂了,我再打就不接
我再打就不接,我打了很多遍他都不接
我打了很多遍他都不接,罗槟你告诉我
罗槟你告诉我,你觉得罗琦他能这么对我吗
你觉得罗琦他能这么对我吗,我要见到他
我要见到他,我要见到小安
我要见到小安,我需要见到他们
我向你保证你先冷静,我冷静不了
我冷静不了,我冷静不了
我冷静不了,我听不了拟说
我听不了拟说,我冷静不了
我冷静不了,冷静不了
冷静不了,我要见到小安
跟谁打听的,怎么了
肖凯丽走了吗,你要早点回来就见到他了
说服他了吗,咱们是常胜的法律顾问
咱们是常胜的法律顾问,他是常胜的女朋友
他是常胜的女朋友,王慧珠不但是常胜的前妻也是常胜公司的股东之一
王慧珠不但是常胜的前妻也是常胜公司的股东之一,他要搞王慧珠来找咱们
他要搞王慧珠来找咱们,那是不是找错门了
你可不能跟他这么说,我没说
我没说,我劝了我劝了半天算是劝住了
我劝了我劝了半天算是劝住了,但能不能让常胜跟王慧珠说说
但能不能让常胜跟王慧珠说说,别在网上骂了
别在网上骂了,就算骂也别骂那么难听了
大不了输了赔钱,不是赔钱的事儿
不是赔钱的事儿,还得赔礼道歉
还得赔礼道歉,公开的
你以后不许再让戴曦陪你的客户打游戏,是他愿意
不管她愿不愿意 你都不能直接找他,为什么
你要找他必须要通过罗槟的同意,那罗槟也可以用我的助理啊
你再说一遍,是这样的栗娜
是这样的栗娜,律所对全体实习生的归口管理是在我这的
罗槟的除外,封印没这么跟我说
不幼儿园,你怎么又来了
你怎么又来了,你生怕别人不怀疑咱俩
你为什么不接,我们这儿都快乱套了
要跟我们聊探望权的事儿,你这样
你这样,你们下午过来
你们下午过来,我下午都在律所
我下午都在律所,随时过来行吧
嗯 好,我走了啊
什么事儿啊 这么大气,是蓝红吧
有一个成语叫明知故问,他来找罗槟干什么
叫守口如瓶,我知道
我知道,她老公还让人给告了
明知故问,那你说
那你说,这罗槟他会接吗
守口如瓶,对不起
对不起,我们坐下说
刚才律师说的什么影射型言论什么意思,是这样
是这样,您男朋友常胜是我们的客户
您男朋友常胜是我们的客户,所以说平时你有什么任何事情
所以说平时你有什么任何事情,任何问题我们都会第一时间来给您解决
任何问题我们都会第一时间来给您解决,但如果说您执意要搞王慧珠女士的话
但如果说您执意要搞王慧珠女士的话,我们可能没有办法来接受您的委托
为什么,因为王慧珠是常胜的前妻
因为王慧珠是常胜的前妻,他们俩共同创立了常胜慧珠集团
他们俩共同创立了常胜慧珠集团,王慧珠至今是集团的股东
然后,您执意要告集团的股东
您执意要告集团的股东,我们是集团的法律顾问
我们是集团的法律顾问,按照利益冲突原则来讲
按照利益冲突原则来讲,我们不可能接受您的委托
你为什么不早说,因为我们一直在接受常胜的委托
因为我们一直在接受常胜的委托,想方设法说服您和王女士和解
想方设法说服您和王女士和解,我们在做您的工作
我们在做您的工作,同时我们也在做王女士的工作
你女朋友什么时候让我见一下,那小安什么时候让我见一下
你能不能回答我的问题,我女朋友你应该认识
我女朋友你应该认识,荣蓉 你跟蓝红分开之后
荣蓉 你跟蓝红分开之后,你姐不是给你介绍过女朋友吗
仇敌,没你想的那么庸俗
没你想的那么庸俗,只是他给你介绍过
给我介绍过,对
对,罗琦把荣蓉给你介绍过
你刚才说那女孩叫什么名字,我说了很多遍了
我说了很多遍了,荣蓉
可是我怎么对这个女孩子的名字根本没印象,你没见他
我说我怎么会不记得人家的名字,就那天我跟罗琦陪着他等你一下午你也没出现
那天是哪天,2009年
那时候你应该是我姐夫,不是你的脑回路也很清晰
不是你的脑回路也很清晰,我跟他之后就没有见过
我跟他之后就没有见过,最后一次见面是半年前在机场
最后一次见面是半年前在机场,航班延误了
航班延误了,我们被困在那碰上就聊两句
我们被困在那碰上就聊两句,而且说的都是你
而且说的都是你,我一直在给他道歉
航空延误应该是航空公司道歉,为你相亲没去道歉明白吗
为你相亲没去道歉明白吗,那天一直给你打电话你不接
那天一直给你打电话你不接,很尴尬的
我不方便接电话,是因为他是何赛的表妹
他是和赛的表妹,还是亲的
何塞知道吗,知道什么
知道什么,知道
知道,你放他亲表妹的鸽子
你放他亲表妹的鸽子,回去问问荣蓉不就知道了
回去问问荣蓉不就知道了,这事过去很久了
这事过去很久了,他不在乎我也不在乎
他不在乎我也不在乎,你也不必太在乎
何赛知道你跟他表妹的关系吗,应该不知道吧
应该不知道吧,荣蓉嘱咐过我别跟任何人说
荣蓉嘱咐过我别跟任何人说,按道理你我都不应该告诉
他未婚你离异有什么不能说的,荣蓉这人比较谨慎
荣蓉这人比较谨慎,要不就是怕罗琦生气
罗琦是怎么认识荣蓉的,在你们公司还是律所的年会上
在你们公司还是律所的年会上,我没关心过这事
我没关心过这事,要不你回去问问罗琦不行
要不你回去问问罗琦不行,我现在问荣蓉也成
我就是随便那么一问,罗槟要不这事你别管了
罗槟要不这事你别管了,我自己去找罗琦亲自跟他说成吗
罗琦知道你的女朋友是荣蓉吗,应该不知道吧
应该不知道吧,我也没跟他说过
我也没跟他说过,他知道这事不更炸了
小安见过荣蓉吗,在我妈那好像见过一次
在我妈那好像见过一次,我当时也不在
我当时也不在,我问问我妈
电梯来了,不是
不是,我主要就是怕他被他律师给挑唆了
我主要就是怕他被他律师给挑唆了,刚才二十三楼的律师你看 不是 以前挺好的
刚才二十三楼的律师你看 不是 以前挺好的,我每周都能见小安一次
我每周都能见小安一次,现在突然不让见了
现在突然不让见了,说什么去旅行
说什么去旅行,在国外我还真就信了
剩下的事情全部交给我,不不不 我还是不放心
不不不 我还是不放心,你说了交给你了
你说了交给你了,可以吗
交给我放心回去,我真相信你啊
可是何律他都不知道发生了什么事,我们实习的时候封印也是这么对待我们的
我们实习的时候封印也是这么对待我们的,如果一个助理连到法院去立个案都搞不定
如果一个助理连到法院去立个案都搞不定,那他就不要干这行了
戴曦不在,只要你同意了就好
只要你同意了就好,谢谢
不客气,如果
如果,以后有什么事情需要我配合的
我会麻烦你,我不会嫌麻烦
我不会嫌麻烦,谢谢
谢谢,你真有什么事麻烦我吗
暂时没有,我不承诺帮法律框架之外的
还是你不让他来,那是你自己想问我还是罗槟让你来问我
我是主动请缨的,那你是以罗槟助理的身份来问我
那你是以罗槟助理的身份来问我,还是以我女朋友身份主动找我闲聊天
但是群众的眼睛是雪亮的,我知道
我知道,你还要给这种人工作
你还要给这种人工作,还要给这种人当助理吗
你又不知道具体发生了什么事儿,你别再替他辩护了
我这是辩解,我没跟你开玩笑
我们不也没有说什么吗,任晓年是
任晓年是,是你们先激怒了任晓年
是你们先激怒了任晓年,所以任晓年才来找的我们呀 即使我们不接他也会找其他律师
所以任晓年才来找的我们呀 即使我们不接他也会找其他律师,其他律所的
他想要,肖凯丽想要的不见得是符合他利益的
也就是因为我们给的专业意见和他想要的不一致,是任晓年和肖凯丽不一样
怎么不一样,任晓年是和你们解约以后才来找的我们呀
可是肖凯丽跟你们压根就没有约,所以罗宾才可耻啊
所以罗宾才可耻啊,他是在我们里所认识的肖凯丽是在我们的地盘上
他是在我们里所认识的肖凯丽是在我们的地盘上,我们的地盘上
我们的地盘上,这叫什么
这叫什么,不择手段
不择手段,唯利是图
你肯定误会他了,他是哪种人
他是哪种人,不是哪种人
不是哪种人,你怎么知道
你怎么知道,你们才认识多久
不是你这是什么意思,你真的不知道别人都怎么传你们吗
怎么传,说你们的关系很特殊
说你们的关系很特殊,说罗宾从来没有为任何人跟他的客户翻脸过
说罗宾从来没有为任何人跟他的客户翻脸过,也是唯一一个
也是唯一一个,戴曦
戴曦,你都知道了吧
你都知道了吧,明天咱们俩一起去见马龙
我明天还要去立案,不那个事已经交给郑芒了
没有人跟我说,我现在跟你说了
我现在跟你说了,罗槟已经同意了
这才考验你律师声明的水平,找我
罗琦在哪,我不能告诉你
为什么,罗琦之所以搬家
罗琦之所以搬家,之所以让小安换学校
之所以让小安换学校,那就是想躲开冀遇
那就是想躲开冀遇,如果你知道了罗槟就会知道
如果你知道了罗槟就会知道,罗槟知道了
罗槟知道了,那冀遇一定会找上门的
派出所一个电话打给罗槟让他去接,你想吃什么
你想吃什么,商场里全是你爱吃的
商场里全是你爱吃的,有你爱吃的重庆火锅
我没有和你开玩笑,我们能不能把工作和生活分开
你不觉得太残忍了吗,那你上法院告
那你上法院告,你去让告罗琦吧
你去让告罗琦吧,如果他要支持他的诉讼请求
如果他要支持他的诉讼请求,他判下来了
麦飞你太不近人情了吧,我怎么不近人情
我怎么不近人情,我只是个律师
我只是个律师,我能做当事人的主吗
你可以起码建议一下当事人,你怎么知道我当时没建议
我去说服他行吗,戴曦你辞职吧
戴曦你辞职吧,你不适合做律师
你不适合做律师,你得学会抽离
你得学会抽离,要不然你还活不活了
怎么抽离,我过来就是要跟你说一声
我过来就是要跟你说一声,我已经接受冀遇先生的委托
我已经接受冀遇先生的委托,准备起诉你姐姐罗琦
准备起诉你姐姐罗琦,你现在可以给他打电话
你现在可以给他打电话,核实此事
起诉什么,我们准备诉罗琦故意设置探望障碍
我们准备诉罗琦故意设置探望障碍,使得探望人无法见到子女遭受精神痛苦
使得探望人无法见到子女遭受精神痛苦,我们要求精神赔偿
让小安的母亲赔偿小安的父亲,不仅如此
不仅如此,探望权受阻可以成为更改抚养关系的法定诉讼理由
你是要把小安从他母亲身边夺走,这是你姐姐罗琦咎由自取
我不会让你这么做的,咱们俩在同一间律所
咱们俩在同一间律所,我已经接受了冀遇先生的委托
我已经接受了冀遇先生的委托,根据利益冲突原则
根据利益冲突原则,除非你从权璟辞职离开权璟
除非你从权璟辞职离开权璟,不然你不能做罗琦的律师
不然你不能做罗琦的律师,而你姐姐罗琦现在的律师是你的学生麦飞
而你姐姐罗琦现在的律师是你的学生麦飞,我一定要给他一个沉重的打击
我一定要给他一个沉重的打击,因为他至今不接受调解
因为他至今不接受调解,也不告诉我们你姐姐和小安他在哪
也不告诉我们你姐姐和小安他在哪,好
好,我们现在找不到他
我们现在找不到他,那我
那我,我只能申请法院拘传你姐姐罗琦了
我只能申请法院拘传你姐姐罗琦了,还有件事
还有件事,我本来不打算告诉你
我本来不打算告诉你,但是我现在就想告诉你
但是我现在就想告诉你,冀遇的母亲想要投诉你被我拦住了
冀遇的母亲想要投诉你被我拦住了,你不必谢
投诉我什么,老太太怀疑你是在故意拖延时间
老太太怀疑你是在故意拖延时间,因为据我们所知
因为据我们所知,你姐姐罗琦打算要把小安送到国外去
你姐姐罗琦打算要把小安送到国外去,所以我们必须马上起诉
所以我们必须马上起诉,刻不容缓
刻不容缓,把你所耽误掉的时间都夺回来
而你作为一名律师,你假装去帮助冀遇骗取他的信任
你假装去帮助冀遇骗取他的信任,而你实际是在帮着你姐姐转移和藏匿
我为什么要去骗取,也许他想象不到你搞
也许他想象不到你搞,不定你姐姐
不定你姐姐,你更不舍得起诉他
你更不舍得起诉他,好
好,我来做你搞不定的事情
我来做你搞不定的事情,你做好准备
你做好准备,等你姐姐败诉的时候
等你姐姐败诉的时候,给他递纸巾
我想跟你好好谈,我不想跟你谈
我不想跟你谈,你靠嘴吃饭
你靠嘴吃饭,能把黑的说成白的
牢饭除外,你闭嘴
你闭嘴,我不想听你说话
我不想听你说话,听你说话真的很烦
听你说话真的很烦,我不想和你交流
我不想和你交流,你干嘛来这去看看这什么地方
你干嘛来这去看看这什么地方,拳击馆靠拳头说话
拳击馆靠拳头说话,耍什么嘴皮子
靠拳头说话是么,要不然
看来你的拳击水平还是有待提高,拳头能解决问题
拳头能解决问题,谁找你们律师
听我的就不要告,你知不知道我为什么穿这身衣服知道吗
你知不知道我为什么穿这身衣服知道吗,我想穿的随意吗
我想穿的随意吗,我不想我跑着来了
我不想我跑着来了,知道我为什么跑着来了吗
知道我为什么跑着来了吗,我睡不着我焦虑
我睡不着我焦虑,我失眠一晚上一晚上
我失眠一晚上一晚上,我一直在想我到底要不要去告诉你姐
我一直在想我到底要不要去告诉你姐,你一点不了解我太痛苦
你一点不了解我太痛苦,否则我不会早晨5:00爬起来
否则我不会早晨5:00爬起来,我就跑到这来一条街一条街 一条街接一条街
我就跑到这来一条街一条街 一条街接一条街,所以罗大律师我没处给你抬杠知道吗
你就不应该接受他的委托,抚养权纠纷
抚养权纠纷,没有一个大律师愿意接这样的案子
如果不是因为罗槟你也不会接,我不是因为罗槟
我不是因为罗槟,我是因为荣蓉
我是因为荣蓉,荣蓉是我表妹
荣蓉是我表妹,我是他表哥
我是他表哥,我们从小一块长大的
我们从小一块长大的,他求我 我是懂感情的
是吗,你以为
你以为,我是跟罗槟置气
不是我以为 是所有人都这么以为,那就是所有人都错了
那就是所有人都错了,我希望你也跟罗槟去解释一下
我希望你也跟罗槟去解释一下,如果他能说服罗琦
如果他能说服罗琦,我乐享其成
我乐享其成,我也不愿意对簿公堂
我也不愿意对簿公堂,如果是这样的话
如果是这样的话,您看您能不能找出一些关于对方类似于赌博、酗酒或者说是虐待子女这方面的证据呢
您看您能不能找出一些关于对方类似于赌博、酗酒或者说是虐待子女这方面的证据呢,这不合适
这不合适,我其实就是不想让他见我孩子
我其实就是不想让他见我孩子,但是我也没想置他于死地
但是我也没想置他于死地,罗姐您的心情我非常能理解
罗姐您的心情我非常能理解,但是打官司从某种程度上来讲
但是打官司从某种程度上来讲,在比狠比谁狠
在比狠比谁狠,要不然就不打
要不然就不打,我确实不想打官司
我确实不想打官司,本来挺好的
本来挺好的,各走各的路
各走各的路,他结个婚
他结个婚,对吧
对吧,我带着孩子好好过
我带着孩子好好过,井水不犯河水的
井水不犯河水的,你想的是井水不犯河水
你想的是井水不犯河水,可对方不想
可对方不想,对方想的是井水
对方想的是井水,河水都想要
河水都想要,现在是对方在搞
现在是对方在搞,您要求法院强制执行探望权
您要求法院强制执行探望权,所以您现在应该想的是是如何面对被告被诉被执行
我想跟你好好谈谈,我都找律师了
我都找律师了,你要谈跟他谈
你要谈跟他谈,你跟我老谈什么谈呢
我先给你普及一下法律知识,我是犯法了吗
我是犯法了吗,我犯法了
我犯法了,你们就把我抓起来
法律规定,我跟你说法律规定这些事情太深奥了
我跟你说法律规定这些事情太深奥了,我根本
我根本,听不懂
所以说如果人家对方要求法院是会去考虑的,小安是从我肚子里出来的孩子
小安是从我肚子里出来的孩子,他忙活了10分钟
他忙活了10分钟,我忙活了10个月
我忙活了10个月,凭什么归他
凭什么归他,自动取款机
自动取款机,谁插卡归谁
你怎么跟他说,出国读书
出国读书,出国
出国,那就不用解释了
钱呢,我有啊
谁给的,冀遇当初净身出户
冀遇当初净身出户,把所有的东西都给
从此以后见不到自己的女儿,你为什么一直不告诉我
什么不告诉你,你早就知道就不肯说
你指什么呀,荣蓉
荣蓉,早知道了是吧
早知道了是吧,就瞒着我
在这事出之前我也很久很久没见冀遇了,我跟你说我最讨厌这个人
我跟你说我最讨厌这个人,原来为了巴结你
原来为了巴结你,一天到晚围着我姐长姐短的
一天到晚围着我姐长姐短的,后来用完了说走立马走了
后来用完了说走立马走了,特别势利
特别势利,现在知道不合适了
现在知道不合适了,了也不敢说
了也不敢说,也不让人说了
也不让人说了,这缺心眼的还挺听他的
不让他见小安,我还能做什么
我还能做什么,你教教我
你教教我,我还能怎么做
我还能怎么做,他每次出现都是一副胜利者的样子
他每次出现都是一副胜利者的样子,你瞧他得瑟的
你瞧他得瑟的,全世界就他最好 就他最棒
全世界就他最好 就他最棒,就他最会嫁人
就他最会嫁人,就他最会结婚
就他最会结婚,就他最会当女人
就他最会当女人,他是谁
他是谁,我还要接受她教育我的孩子怎么做人
我还要接受她教育我的孩子怎么做人,她给我孩子买礼物
她给我孩子买礼物,在小孩面前表现的他跟圣母一样
在小孩面前表现的他跟圣母一样,他多成功
他多成功,我多失败
那就正好在诉讼时效范围内了,太好了
太好了,确实
确实,是太好了
是太好了,你认为我没有发现对账单超过了诉讼时效吗
你认为我没有发现对账单超过了诉讼时效吗,没有什么意思
没有什么意思,你认为我是个白痴
你认为我是个白痴,我没有发现
我没有发现,发现诉讼时效问题
我不知道,为什么不知道
所以他们不可能在我面前去评价罗槟的,为什么他们知道你是我的助理
为什么他们知道你是我的助理,就不在你的面前评价罗槟呢
因为大家都知道您和罗槟是明争暗斗,我和罗槟之间不存在什么明争暗斗
我和罗槟之间不存在什么明争暗斗,我们只是
我们只是,只是在做人和做事上存在着分歧
只是在做人和做事上存在着分歧,但是我们开诚布公
但是我们开诚布公,从来没有
从来没有,虚伪的面对自己
虚伪的面对自己,也没有虚伪的面对
也没有虚伪的面对,对方
对方,我们不是虚情假意的人
欢迎竞争愿赌服输,我要问一个问题
我要问一个问题,我不在律所的时候
我不在律所的时候,律所里发生了什么事情
来了一个外星人宣布他准备占领地球,这不是好好聊天
谁叫你老问不该问的问题,我来晚了
我来晚了,我想知道律所里刚才发生了什么事情
我想知道律所里刚才发生了什么事情,这不是很正常
你就不能有点幽默感,我一点都不觉得这样幽默
我重新回答行了吧,我来律所之前
我来律所之前,律所里发生了什么事情呢
先生请问您指的是哪一方面呢,比如说谁跟谁
比如说谁跟谁,他们打起来
有的呀先生,那到底是谁和谁呢
您看这样好不好,我听说顾捷跟罗槟在闹了一场
你吃的是火锅,你怎么知道
蒜泥调料,这么明显
这么明显,咱们言归正传
咱们言归正传,我是问顾捷他为什么跟罗槟大闹一场
毛肚、鹅肠、午餐肉、老油条,那么大味吗
你怎么可以让他哭着走了,你还指责我为什么让他哭着
你还指责我为什么让他哭着,是你把它甩给我的好不好
我是因为有其他的客户,你明知道康阿姨这个时间段会来
你明知道康阿姨这个时间段会来,你干嘛还约其他的客户
我说了我马上就回来,马上是多久
马上是多久,1分钟5分钟
1分钟5分钟,我等了你整整10分钟你知道吗
我等了你整整10分钟你知道吗,律师出售的是时间
律师出售的是时间,你把你自己的时间用作收费咨询
你把你自己的时间用作收费咨询,让我在这给你还人情
你把康阿姨当做人情,你把康阿姨当作情人啊
请你以后不要指责我没有把拿你当朋友,那你什么时候把我当做过朋友吗
但现在被彻底划掉了,鬼才相信
我要你孝敬我,照料我看护我
照料我看护我,心疼我
心疼我,热爱我
热爱我,怎么了
怎么了,这香油进口的吧还真香
我已经给过你钱了,那你好好学习一下
那你好好学习一下,中华人民共和国老年人权益保护费的规定
那不叫中华人民共和国老年人权益保护费,不管他叫什么
不管他叫什么,反正在法律上你有赡养我的义务
反正在法律上你有赡养我的义务,你给我钱那是应该的
你给我钱那是应该的,那叫赡养费
你不能动不动就来骚扰我威胁我,我什么时候威胁你了
我什么时候威胁你了,我来就想告诉你
我来就想告诉你,你呀也不能动不动就拿那火车票就把我打发走
这是我家的,这是我女儿家
这是我女儿家,要不你打电话报警
要不你打电话报警,我看警察能把我怎么着
我看警察能把我怎么着,反正我没地方去
没地儿去也不能在这,你对我有误解了
栗娜,是
是,栗娜
栗娜,栗小娜
栗小娜,你姓栗
你走不走,我们好好谈
我跟你没什么好谈的,行
行,你什么时候想谈什么时候再说呗
你什么时候想谈什么时候再说呗,那着什么急
你到底要干嘛,我没要干嘛
我没要干嘛,我就是想找你什么时候想跟我谈
这改变不了了,我知道
我知道,你认为罗槟抢了你的客户
我没打算抢回来,我不会介入任何人对罗槟的行动
你觉得我是在针罗槟,那不然呢
你不觉得这个人应该是你吗,我这么觉得
我这么觉得,但是没有用
但是没有用,封印他不这么觉得
我可以帮你争取,前提条件是你取代封印成为律所管理委员会的主任
我需要你的支持,对不起
对不起,我不能把你这个忙
这是你喜欢的自己的模样吗,我问心无愧
谁都知道你那有名的父亲,你为什么不去卫生间洗把脸
你为什么不去卫生间洗把脸,把脸照照镜子看看你自己的模样
我喜欢我现在的样子,形单影只
形单影只,没有朋友
只有软弱的人才需要朋友,你是因为没有朋友
你是因为没有朋友,所以你才这么说的
是什么事儿,他为什么躲着我
他为什么躲着我,不敢见我
他不在律所,什么律所蓝所的
什么律所蓝所的,你赶紧把人叫出来
你赶紧把人叫出来,我刚开才跟他打电话为什么不接
我刚开才跟他打电话为什么不接,不敢接是吧
法庭上不能接电话,你告诉他
你告诉他,他要是敢把我女儿房子卖了
他要是敢把我女儿房子卖了,让我无家可归
让我无家可归,我住他们家去
您还真不能住他们家去,我为什么不能住
我为什么不能住,你说就不能就不能住啊
被称为非法侵入住宅罪,乱七八糟
乱七八糟,我不懂
我不懂,我告诉你你别跟我这卖弄
我告诉你你别跟我这卖弄,你读过书上过学
你读过书上过学,我读书少
我读书少,但我也不是好欺负的
但我也不是好欺负的,罗槟不在是不是
罗槟不在是不是,行
行,带我找他们领导去
对不起,你别老跟我说对不起对不起的
你别老跟我说对不起对不起的,你麻溜的带我找他们领导去
你麻溜的带我找他们领导去,不孝敬父母天理难容
不孝敬父母天理难容,还有人管没人管
还有人管没人管,他宁可把这房子让那野男人给卖掉
他宁可把这房子让那野男人给卖掉,也不让他亲爹住
也不让他亲爹住,天理何在
是您抛弃妻子在先吗,谁跟你说的
谁跟你说的,是罗槟还是栗娜
您又在哪,我告诉你
我告诉你,天下没有不是的父母
天下没有不是的父母,是吧
是吧,父母的心也是肉长的
父母的心也是肉长的,孝敬父母那是中华民族的传统美德
而那时候是您站在我前面为我冲动负责,栗先生
栗先生,我们是来给您道喜的
我们是来给您道喜的,我还能有什么喜事
我还能有什么喜事,我们律所鉴于栗娜 原名栗小娜 对您的不孝行为
我们律所鉴于栗娜 原名栗小娜 对您的不孝行为,以及罗律师对您的不敬行为
以及罗律师对您的不敬行为,我们律所决定了将他们二人从我们律所开除出去
我们律所决定了将他们二人从我们律所开除出去,开除
开除,对
对,我们绝对不能姑息这种不善待老人的行为
我们绝对不能姑息这种不善待老人的行为,别介呀
别介呀,不是那个年轻人犯点错误
不是那个年轻人犯点错误,你得给他改正的机会
你得给他改正的机会,再说了
再说了,我这住院跟他们没什么关系
我这住院跟他们没什么关系,当时小娜是去度假
当时小娜是去度假,人家罗律师是出庭了
人家罗律师是出庭了,我这个发作 他没在现场
我这个发作 他没在现场,你不能往他们身上赖
你不能往他们身上赖,还有实习生
还有实习生,我们已经决定了我们绝对不会聘用这种不善待老人的年轻人
我们已经决定了我们绝对不会聘用这种不善待老人的年轻人,别你这玩意儿你砸人饭碗多不好
别你这玩意儿你砸人饭碗多不好,再说了我我其实就是想让他们给我道个歉
再说了我我其实就是想让他们给我道个歉,没别的
没别的,那不行那不行
那不行那不行,我们必须依法保护老年人的合法权益
我们必须依法保护老年人的合法权益,保护老年人的合法权益
保护老年人的合法权益,您听见了吗
您听见了吗,我们一定依法维护您的权利
我们一定依法维护您的权利,我们已经决定了您愿意在这医院住多久
我们已经决定了您愿意在这医院住多久,您就住多久
您就住多久,我们绝对的支持你
我们绝对的支持你,反正医院会把您所有的账单直接寄给栗娜
反正医院会把您所有的账单直接寄给栗娜,也就是栗小娜
也就是栗小娜,您的女儿如果他拒收
您的女儿如果他拒收,那么医院就可以到法院去起诉他
那么医院就可以到法院去起诉他,封了他所有的银行卡
封了他所有的银行卡,不行
不行,法院就司法卖了他的房子
法院就司法卖了他的房子,还卖房子
还卖房子,你这事不是
你这事不是,不住了
不住了,好了全好了全好了全好了
好了全好了全好了全好了,不是您您可以接着住
不是您您可以接着住,那得赶紧跟大夫说办出院手续
那得赶紧跟大夫说办出院手续,这虎毒还不食子
这虎毒还不食子,我跟栗小娜的矛盾再大
我跟栗小娜的矛盾再大,他也是家庭内部
他也是家庭内部,矛盾
矛盾,他不是敌我矛盾
他不是敌我矛盾,你回去跟你们领导好好说说
你回去跟你们领导好好说说,要帮助教育栗小娜以帮助教育为主
要帮助教育栗小娜以帮助教育为主,你不能把他给开了
你不能把他给开了,行您放心
行您放心,您放心
您放心,等我回去之后我就跟我们领导说
等我回去之后我就跟我们领导说,还有那罗槟
还有那罗槟,你也别给人家什么处分了
你也别给人家什么处分了,停职了太狠了
停职了太狠了,我都能理解 男人嘛 你想
我都能理解 男人嘛 你想,你想为了心爱的女人肯定是赴汤蹈火啊
你想为了心爱的女人肯定是赴汤蹈火啊,我年轻那会儿谁要是敢动
我年轻那会儿谁要是敢动,我喜欢的女孩子一手指头那我肯定冲上去
我喜欢的女孩子一手指头那我肯定冲上去,况且那天也是我没忍住
况且那天也是我没忍住,是我先动手揪了这小娜
是我先动手揪了这小娜,所以这个罗槟才冲过来的
所以这个罗槟才冲过来的,但是您
但是您,但是您跟您闺女动手
但是您跟您闺女动手,您那是管教自个儿孩子
您那是管教自个儿孩子,孩子
孩子,但是罗槟对您动手那就不占理了
但是罗槟对您动手那就不占理了,不是
不是,他没对我动手
他没对我动手,他就是拽了我胳膊一下警告了两句
这份声明你必须收回,罗槟你稍微理智一点
你才不理智呢,你都不知道封老大这段时间替你承受了多大的压力
你都不知道封老大这段时间替你承受了多大的压力,你想想你平时你得罪了多少人
你想想你平时你得罪了多少人,这些人一直在找机会朝你身上扔石头
这些人一直在找机会朝你身上扔石头,现在终于这机会来了
现在终于这机会来了,所以他们在四处地诋毁你
所以他们在四处地诋毁你,并且要求要吊销你的律师证
可笑 凭什么,就凭你去威胁了栗伟正
我没有,他的律师说了
他的律师说了,你不仅威胁了他的当事人
你不仅威胁了他的当事人,而且诋毁他的律所和他的专业能力
你应该比我清楚,是 他是我的姐夫 咱不管他的人品怎么样
是 他是我的姐夫 咱不管他的人品怎么样,但是你不应该去威胁当事人
在胡扯我就跟你翻脸,你跟我翻脸我也得说
你跟我翻脸我也得说,这件事情本来是可以平息了
这件事情本来是可以平息了,是因为你的一意孤行
是因为你的一意孤行,你的不顾一切才造成了今天的局面
你的不顾一切才造成了今天的局面,封老大是咱们领导
封老大是咱们领导,如果事情进一步的扩大
如果事情进一步的扩大,那么他不能说我不知道就推卸掉责任
那么他不能说我不知道就推卸掉责任,对吧
对吧,如果他被认定对本律所律师疏于管理
如果他被认定对本律所律师疏于管理,存在包庇、纵容、袒护本律所律师造成严重后果的
存在包庇、纵容、袒护本律所律师造成严重后果的,那么我们权璟律所就要受到处罚
那么我们权璟律所就要受到处罚,非常严重的处罚
更对不起你母亲所受的委屈,你打算什么时候跟我结婚
结婚,咳嗯
咳嗯,是这样
是这样,我现在是没钱
我现在是没钱,但是我以后会有很多很多钱 我以后呢 也准备给你办一个特别盛大的婚礼 真的这我都可以写下来的
但是我以后会有很多很多钱 我以后呢 也准备给你办一个特别盛大的婚礼 真的这我都可以写下来的,我准备在两年之内就读完
我准备在两年之内就读完,外国的法学院
外国的法学院,我们廖主任已经承诺了
我们廖主任已经承诺了,只要我拿到外国的律师执照
只要我拿到外国的律师执照,以后我们律所凡是涉外的法律
以后我们律所凡是涉外的法律,业务他都会交给我
业务他都会交给我,5年之内我会成为高级合伙人
5年之内我会成为高级合伙人,我的照片也会挂在我们律所一进门的墙上
我的照片也会挂在我们律所一进门的墙上,嘿嘿
嘿嘿,我暂时只想了5年了
我暂时只想了5年了,你觉得我这个计划靠谱吗
挺靠谱的,那咋俩也别掖着藏着的了 明天你就跟罗槟说不干了
能不能过一段时间,为什么
显得特别不仗义,速战速决啊 我们廖主任那人你也知道
速战速决啊 我们廖主任那人你也知道,他本来疑心就重
我想想,你想什么呀
速战速决啊,法律规定
法律规定,子女对父母有赡养扶助的义务
子女对父母有赡养扶助的义务,子女不能因为是否父母对他履行过抚养教育义务
子女不能因为是否父母对他履行过抚养教育义务,而作为自己赡养抚养老人的前提
而作为自己赡养抚养老人的前提,这不是一个等价交换
这不是一个等价交换,所以说栗娜她很难胜诉
所以说栗娜她很难胜诉,除非栗娜他能够证明栗伟正跟他之间没有血缘关系
除非栗娜他能够证明栗伟正跟他之间没有血缘关系,二
二,栗伟正曾经对他犯有严重的罪行
栗伟正曾经对他犯有严重的罪行,一般的父母的错误对孩子造成的伤害
一般的父母的错误对孩子造成的伤害,都不是不赡养老人的合法的理由
都不是不赡养老人的合法的理由,除非是非常严重的罪行
除非是非常严重的罪行,比如说他强暴过栗娜
你的意思是说让栗娜诬陷栗伟正,我不是这个意思
我不是这个意思,我是觉得栗娜平时待人都那么友善
我是觉得栗娜平时待人都那么友善,为什么对自己
为什么对自己,的父亲会这样
你电视剧看多了吧,不
不,我是说你是应该问一问他
你为什么不自己去问,你问合适啊
你问合适啊,你们俩的关系众人皆知
我跟栗娜什么关系,众人皆知的关系
众人皆知的关系,他是你的秘书对吧
他是你的秘书对吧,从他开始实习就跟你在一起了
从他开始实习就跟你在一起了,我是说工作在一起了
让我听到了,不会让你听到的
不会让你听到的,不 我说的
不 我说的,不会让你听到的意思是说我不会胡说八道
不会让你听到的意思是说我不会胡说八道,所以不会让你听到的
何赛老师,你是不是觉得我在自言自语
电梯里有人,谁
罗槟老师,你看见了吗
你看见了吗,说
你说罗宾老师他不在里面 他一定不在里面,他就是在里边
就30%,我最喜欢的荔枝
我最喜欢的荔枝,你怎么知道是我送的
当然,本来啊我打算给你办一个
本来啊我打算给你办一个,盛大的欢迎仪式
被罗槟给阻止了,你怎么知道
因为我是栗娜,你回来了我太高兴了
我也很高兴,有一件事啊
有一件事啊,我一直想跟罗槟说
我一直想跟罗槟说,但是我没有想好怎么跟他开口
你想让我帮你跟他说,那就太好了
除了跟蓝红有关系的事情以外,为什么
这是我给我自己定的一个小规矩,你为什么要给自己定一个这样的小规矩
我还有很多事情要忙,不不不是这样的
不不不是这样的,你看之前蓝红他来找找 找我给他老公家里边的买卖打官司
你看之前蓝红他来找找 找我给他老公家里边的买卖打官司,然后我给他打赢了
然后我给他打赢了,而且实现了非常大的胜利
而且实现了非常大的胜利,被誉为神反转
她就黑白不提了,就像没有这回事一样
就像没有这回事一样,你说蓝红跟罗槟是吧
你说蓝红跟罗槟是吧,他们俩有那种特殊的关系
他们俩有那种特殊的关系,我是直接跟蓝红要这个钱
我是直接跟蓝红要这个钱,还是说我直接给他发一个
还是说我直接给他发一个,律师函
你有什么问题我来帮助把你的问题解决了,你帮我把这个问题解决
你帮我把这个问题解决,好吧
好吧,你当我没说
欢迎你回来,请你给蓝红打个电话
请你给蓝红打个电话,让他把律师费支付了
让他把律师费支付了,这是栗娜让我亲自跟你说的
他不是我的客户,但他是你的前女友
但他是你的前女友,如果不是你的缘故
如果不是你的缘故,我不会接他老公的案子
是如何一战成名的呢,不
不,那些都是虚名
那些都是虚名,总之现在他欠我连续三年总计是1650万的法律顾问费
总之现在他欠我连续三年总计是1650万的法律顾问费,他可以按照年度付
他可以按照年度付,否则我会向他发律师函告到他倾家荡产
否则我会向他发律师函告到他倾家荡产,将她和她老公还有她全家都列入失信人员名单
我们继续,你今天又没跟罗槟提辞职
我想好了,你不想辞了
我是不想现在辞,为什么
你知道为什么,我不知道
我答应林嘉应了,谁是林嘉应
你知道他是谁,但是你为什么非要帮他
但是你为什么非要帮他,你们很熟吗
你们很熟吗,什么关系
什么关系,朋友、亲人
朋友、亲人,还是你欠他人情
我没有办法拒绝他,怎么没有办法
怎么没有办法,你是罗槟的助理
你是罗槟的助理,你可以把事托给罗槟啊
怎么可能,为什么不可能
为什么不可能,你要不想辞职
你要不想辞职,你就明明白白告诉我
你就明明白白告诉我,你干嘛非要给我找那么多借口
你干嘛非要给我找那么多借口,你先说栗娜遇到事了
你先说栗娜遇到事了,你不好意思提辞职
你不好意思提辞职,现在好不容易等到栗娜这事过去了
现在好不容易等到栗娜这事过去了,又蹦出了一个八竿子打不着的林嘉应
又蹦出了一个八竿子打不着的林嘉应,你跟我说实话
你跟我说实话,你不是怕林嘉应对你失望
你不是怕林嘉应对你失望,你是怕罗槟对你失望对吧
你是怕罗槟对你失望对吧,明白了
明白了,你的办公室不在这
你没在,堵车外边堵的就像个停车场一样
你从来都不会迟到,你不管公司的考勤
我是说你是故意躲开今天早上的例会的,你到底想跟我说什么
你到底想跟我说什么,你是不是想跟我说你曾经给我机会
你是不是想跟我说你曾经给我机会,但是我没有珍惜
但是我没有珍惜,因为我反对跟你一起反对罗槟
但是封印更欣赏罗槟,我没有看到你更倾向于我
那是你没认真看,我认真的看了
我认真的看了,如果我没有记错的话
如果我没有记错的话,柏静红是你主动介绍给罗槟的
柏静红是你主动介绍给罗槟的,但是后来罗槟把你排除在外
我不想把我的朋友发展成为我的客户,实事求是的说你交朋友的目的就是要把你的朋友有朝一日变成你的客户
那也没有什么错,当然没有错
当然没有错,整个律所都知道你的专业并不在法律上
整个律所都知道你的专业并不在法律上,你的专业在交朋友上
你不能把你没有晋升为高级合伙人的怒火发泄到我的身上,你的理解太狭隘了
提柏静红这些陈芝麻烂谷子不就是为了要刺激我吗,那是你的理解
那是你的理解,我只不过是想要提醒你
提醒我什么,提醒你当初
提醒你当初,当初就在向罗槟示好
当初就在向罗槟示好,否则你应该把我直接介绍给柏静红
否则你应该把我直接介绍给柏静红,而不是介绍罗槟
而不是介绍罗槟,况且当时你就知道我跟罗槟
况且当时你就知道我跟罗槟,都在一起争取柏静红
你不清楚的是柏静红她想找一个男朋友,我也是单身
你不会喜欢有钱又强势的女人,但是你没有给我选择的机会
但是你没有给我选择的机会,你直接去找罗槟
你直接去找罗槟,而不是来找我
而不是来找我,本来你可以跟我说
本来你可以跟我说,何赛我认识一个富婆
何赛我认识一个富婆,你想不想去见一见
言归正传,言归正传 你当初就想去拉拢罗槟
言归正传 你当初就想去拉拢罗槟,但是后来发现拉拢不成
但是后来发现拉拢不成,你没有想到罗槟对封印会有这么高的忠诚度
你没有想到罗槟对封印会有这么高的忠诚度,这一点超出了你的想象
这一点超出了你的想象,而现在罗槟已经做了高级合伙人
而现在罗槟已经做了高级合伙人,如果他跟封印在一起了
如果他跟封印在一起了,他们俩狼狈为奸
他们俩狼狈为奸,你就更没有话语权了
你就更没有话语权了,所以你会到我的办公室来
所以你会到我的办公室来,坐在我的沙发上来拉拢我
你说话总是这么,一阵见血 我不喜欢绕弯子
一阵见血 我不喜欢绕弯子,如果一针我就能扎出血来
如果一针我就能扎出血来,我绝对不会浪费时间去扎第二针
是你父亲的学生,我们父子关系不好
血浓于水,你不了解我
我了解你父亲,你不了解他
你不了解他,你认为你了解他
你认为你了解他,其实你不了解任何人
其实你不了解任何人,因为你所说的了解就是控制你想控制所有的人
因为你所说的了解就是控制你想控制所有的人,你没有试图去了解任何人
你没有试图去了解任何人,所以你现在会孑然一身
所以你现在会孑然一身,你不会去爱任何人
你不会去爱任何人,任何人也不会爱你
可与此同时我也知道了他们的底牌啊,陆军是我们律所的客户
陆军是我们律所的客户,陆军到我们律所来投诉
陆军到我们律所来投诉,说罗槟把自己的案子交给了一个助理
说罗槟把自己的案子交给了一个助理,而这个助理是对方的卧底
而这个助理是对方的卧底,他跟我们说开始助理还要帮助他重新起诉
他跟我们说开始助理还要帮助他重新起诉,可是后来一直在致力于与他哥哥的和解
可是后来一直在致力于与他哥哥的和解,并且把和解的底线交给了对方
何老师您这是在侮辱我,你在侮辱我们大家
你在侮辱我们大家,我给你提个醒
我给你提个醒,你当时是跟谁一起去见的陆军的姐姐
我刚巧碰到了对方的律师,他的姓名
他的姓名,后来你就上了他的车
而且您还把客户给了廖主任,律师之间是朋友关系
律师之间是朋友关系,互相介绍案子
互相介绍案子,这很正常
这很正常,不像有的人偷偷摸摸的谈恋爱
不像有的人偷偷摸摸的谈恋爱,与自己的恋爱对象代理同一起案子的双方
与自己的恋爱对象代理同一起案子的双方,而且不告诉对方的当事人
而且不告诉对方的当事人,这是不是就值得怀疑了
我和麦飞已经分手了,你承认了
哪条法律规定了两个律所的律师谈恋爱就一定要公开恋爱关系的,虽然说没有这样的法规
虽然说没有这样的法规,但是这是最起码的职业伦理
我一直慎重使用,您是说您现在打算使用这项特权了
但是我没有想到封印没有通过你的申请,但是如果封印他这次还是不同意
还有一项就是宣布大家重新投票选举新一任的执行合伙人,你是说想要让我投你一票
你不要误解我,我没有误解你
我没有误解你,这样对权璟有好处
宁肯信其有你接受吗,你有什么事
好漂亮的表,你找我有什么事
恩晚上一块吃饭吗,你有事求我
有好事就要拿出来跟大家一起分享,这事还没宣布
可是大家都已经知道了,怎么会呢
因为你喜形于色,那叫上栗娜
那算了,那不叫栗娜也行
估计罗槟现在在帮他平这事,这餐厅不错
这餐厅不错,你常来
来过两次,跟栗娜一起来 不愿意回答就算了
没有不愿意回答,你跟谁来了
你为什么对这个问题感兴趣,因为我回忆了一下
因为我回忆了一下,你这是头一次请我吃饭
你这是头一次请我吃饭,而且咱们俩还在这么一个环境里
所以就先问我跟谁来这吃过,我是想推理出你请我吃饭的动机
如果我跟你说我以前跟栗娜在这吃过,真的就你们俩
真的就你们俩,为什么
这个问题我们能不能以后再聊,好吧
好吧,以后是什么时候
就是说我认为可以跟你聊的时候,你为什么觉得现在不可以跟我聊
这样很容易会变成办公室八卦,那也就是说你今天来请我吃饭
那也就是说你今天来请我吃饭,是要跟我聊公事
是要跟我聊公事,但是公事为什么不在办公室里聊呢
但是公事为什么不在办公室里聊呢,你让我猜猜
你让我猜猜,你是要跟我聊封印的事
你我都清楚,有很多杀人犯在没有破案的时候
有很多杀人犯在没有破案的时候,他的邻居都会一直以为他是一个好人
他的邻居都会一直以为他是一个好人,坏人脑门上没有刻字儿
但是我觉得你不相信我,我为什么要相信你呢
我为什么要相信你呢,你做了什么让我相信的事吗
你做了什么让我相信的事吗,就因为你今天请我吃了顿饭
就因为你今天请我吃了顿饭,刚才还让我自己点菜
刚才还让我自己点菜,你想利用我
我觉得不妥当,你请
你请,我吃这顿饭
我吃这顿饭,就是想要让我站在你跟封印这边
但你至少不应该站在顾捷那边,好
好,我可以站在你这一边
我可以站在你这一边,但是你得说服我
但是你得说服我,我为什么不应该去相信顾捷
我为什么不应该去相信顾捷,我为什么要相信你们
我为什么要相信你们,来吧
来吧,你说服我吧
我们至少比顾捷光明正大,光明正大的蔑视我
光明正大的蔑视我,没有吗
没有,那我问你到底是我最珍贵的财产
那我问你到底是我最珍贵的财产,还是你最珍贵的财产
还是你最珍贵的财产,想起来了
想起来了,如果我是你 我最珍贵的财产
如果我是你 我最珍贵的财产,而不是你最珍贵的财产
我当时只是跟你开个玩笑,你当时只是跟我开个玩笑
你当时只是跟我开个玩笑,那你为什么不跟封印去开这种玩笑呢
那你为什么不跟封印去开这种玩笑呢,你为什么挑中我
所有玩笑让你不喜欢的向你道歉,你姿态放的好低
有吗,这让我越发的相信封印是有把柄掌握在顾捷手里的
这让我越发的相信封印是有把柄掌握在顾捷手里的,所以你们连我都要来争取
所以你们连我都要来争取,我也愿意相信封印
我也愿意相信封印,但是我还是坚持认为在事情没有查清楚之前
但是我还是坚持认为在事情没有查清楚之前,他应该先辞职
这对封印不公平,这非常公平
这非常公平,如果说他都已经被投诉
如果说他都已经被投诉,但是他依然若无其事
但是他依然若无其事,像什么事情都没有发生那样继续主持工作
像什么事情都没有发生那样继续主持工作,继续做他的主任
继续做他的主任,这样才是不公平的
这样才是不公平的,对投诉的人很不公平
我们也应该首先相信封印直到他证明自己,好了
好了,咱俩也不要争执了好不好
咱俩也不要争执了好不好,咱们就等着投票表决吧
咱们就等着投票表决吧,律所最近会紧急的召开一个合伙人会议
律所最近会紧急的召开一个合伙人会议,顾捷会在会议上把这个事情提出来
顾捷会在会议上把这个事情提出来,因为这件事情关系到律所的声誉
因为这件事情关系到律所的声誉,所以所有的合伙人一人一票
所以所有的合伙人一人一票,决定封印的去留
怎么投票,你听我说完好不好
你说,我刚才说到哪了
你说投票表决我反对,我就是想看看你有没有认真的听我说话
我就是想看看你有没有认真的听我说话,你说
上司领导我们要对他有起码的信任,你说完了
你说完了,我来说好不好
我来说好不好,很多时候真相到底是什么样的
很多时候真相到底是什么样的,只有当事人知道
只有当事人知道,换句话来说
换句话来说,在整个时间里
在整个时间里,只有封印知道他自己到底做了什么
只有封印知道他自己到底做了什么,如果他不想让更多的人知道他到底做了什么
如果他不想让更多的人知道他到底做了什么,那么最好现在找到一个稳妥、体面的方式赶紧回家
那么最好现在找到一个稳妥、体面的方式赶紧回家,你放心
你放心,顾捷也会保全他的脸面
顾捷也会保全他的脸面,这样我们就不用投票了
这样我们就不用投票了,我们也不会知道封印它到底做什么
他从来没有做过任何有悖公序良俗的事情,好
好,那我们就看看到底有多少人相信他的发誓
这是顾捷在故意当众羞辱他,那他就应该站出来证明自己的清白
自己没有强暴过,我每天都回家
我每天都回家,我每天都回家自己睡觉
我每天都回家自己睡觉,我们家门口就有监控视频
我们家门口就有监控视频,如果他说我强迫他
如果他说我强迫他,他必须准确的说出时间和地点
他必须准确的说出时间和地点,但是我会非常精确的告诉他在那个时间点我在什么地方跟什么人在一起
但是我会非常精确的告诉他在那个时间点我在什么地方跟什么人在一起,我跟任何人都不会私下单独相处
我跟任何人都不会私下单独相处,为什么这么看着我
敬佩,不是敬佩
不是敬佩,也许有那么一丝丝的敬佩含量
也许有那么一丝丝的敬佩含量,但是你觉得我是个疯子
你刚才说你从来没跟任何女人私下单独相处,我是一个洁身自好的人
我是一个洁身自好的人,我和任何女人相处都会选择在一个公共场所
我和任何女人相处都会选择在一个公共场所,并且9:00之前一定要离开
并且9:00之前一定要离开,如果必须过9:00
如果必须过9:00,我会选择有其他人员在场
我会选择有其他人员在场,君子不立于危墙之下
你把女人当做危墙,有些女人不只是危墙
有些女人不只是危墙,还是洪水猛兽
还是应该拍手称快,洪水猛兽
洪水猛兽,为什么去找封印不找你我呢
为什么没有看好自己的孩子是吗,对
对,就是都有责任啊
我就 你这是抬杠,你反驳我
你反驳我,我第一次见到你哑口无言
甚至树敌,他的原话是这么说的
他的原话是这么说的,如果你争强好胜
如果你争强好胜,喜欢与人争辩
喜欢与人争辩,以反驳对方为乐趣
以反驳对方为乐趣,或许你只能赢一时
或许你只能赢一时,但是这种赢毫无意义和价值
但是这种赢毫无意义和价值,因为别人永远不会对你有好感
因为别人永远不会对你有好感,我很棒吧
我很棒吧,你为什么面带笑意
你也太难讨好了吧,你在讨好我吗
你在讨好我吗,你为什么讨好我
你为什么没有朋友,你朋友也不多
宁缺毋滥,我也是宁缺毋滥
现在有空吗,您过去跟我说话从来都是开门见山
您过去跟我说话从来都是开门见山,从来没问过有空没空
人的脾气要和自己的本事相匹配,还有一句话
还有一句话,人的品德应该和他的地位待遇相匹配
其实没有顾捷你可以晋升高级合伙人,是吗
当初我和顾捷创立了这家律师事务所,你们都是创始合伙人
拉个帮结个派,你跟罗槟一直都是一派的
我批评他的时候你不在场,我们还是开诚布公
我们还是开诚布公,您跟我说这些话
您跟我说这些话,无非就是想让我站在您这一边
我愿意回答你,您还是到合伙人会议上去回答所有人
或者说太急于切割了,我已经交了合伙金了
我已经交了合伙金了,我现在已经是律所的高级合伙人
我已经知道了,另外下周律所的例会要无记名投票
另外下周律所的例会要无记名投票,重新选举执行合伙人
你是来下战书的吗,我是善意的提醒你
我是善意的提醒你,如果你不出现封印将会少一票
但是我想知道的是你会投谁呢,我不会告诉你
我不会告诉你,另外你也不该问
另外你也不该问,因为这违反了无记名投票的原则
罗槟不再对你有优先使用权了,我不是来看笑话的
我不是来看笑话的,你是说让我这就地滚一圈
你是说让我这就地滚一圈,还是让我离开
你怎么理解都可以,我也懂幽默
一点都不好笑,那是因为我们的位置不同
那是因为我们的位置不同,之前你拿我来展现你的幽默感的时候
之前你拿我来展现你的幽默感的时候,我也觉得一点都不好笑
你是来找茬的吗,我是来重新分配工作的
我是来重新分配工作的,鉴于顾捷目前对我的重视
鉴于顾捷目前对我的重视,之前封印总是把名利双收和知名度高的案子分给你
之前封印总是把名利双收和知名度高的案子分给你,顾捷现在认为应该换一换
顾捷现在认为应该换一换,你也应该做一些可能收益没有那么高
你也应该做一些可能收益没有那么高,还很琐碎
还很琐碎,或许还会遭到别人投诉的普通的老百姓的案子
或许还会遭到别人投诉的普通的老百姓的案子,这些案子虽然不是大案子
这些案子虽然不是大案子,但是却关系到千家万户的幸福与和谐
放这吧,这是一个老人家和他外甥女儿家产纠纷的案子
这是一个老人家和他外甥女儿家产纠纷的案子,我知道
我知道,你不喜欢这种争房子分地的案子
你不喜欢这种争房子分地的案子,但是这对于一个普通人来说
但是这对于一个普通人来说,一套房子就意味着他一辈子的收入
一套房子就意味着他一辈子的收入,你笑什么
他居然一直给我留着真是令人肃然起敬,君子报仇10年不晚
君子报仇10年不晚,我没别的意思
我没别的意思,我就是随便说说
我就是随便说说,祝你一切都好
祝你一切都好,重头再来啊
您看看您喜欢什么颜色的,颜色倒无所谓的
颜色倒无所谓的,罗槟现在用的
罗槟现在用的,是什么车
没法再高了,我再去4s店看看行吗
行,谢谢
我是不喜欢 但不代表我不擅长,你不用搬到下面去
坐到你办公室外面去吗,我现在也是高级合伙人了
我不是一个攀高枝的人,良禽择木而栖
热不息恶木之音,我不是恶木
你的良心就不会受到谴责吗,我不能确定封印它到底有没有做有损律所声誉的事
你再去做那些,有些事情根本就弄不清楚
有些事情根本就弄不清楚,栗娜真的真相有的时候很难让人知道
栗娜真的真相有的时候很难让人知道,这是件悲哀的事
所以你就错杀1000,封印他本人他也有错
封印他本人他也有错,他并不是无辜的
他并不是无辜的,如果他洁身自好
如果他洁身自好,他就不应该去
给他搅水里放东西了,那就应该把这个人揪出来
那就应该把这个人揪出来,送到公安局去
你知道我为什么不喜欢你吗,因为我太正直
你怎么不能把小偷抓住,你等等
你等等,你的观点我听罗槟说过
你的观点我听罗槟说过,责备受害者
责备受害者,你是说你们是受害者
你是说你们是受害者,我是加害者是吗
不然呢,为什么我赢了他输了
为什么我赢了他输了,我就是加害者
我就是加害者,他就是受害者
他就是受害者,他赢了我输了他就是胜利者
他赢了我输了他就是胜利者,我就是失败者
我就是失败者,什么意思
人心向着的赢了胜利者输了受害者,我明白了
我明白了,你的心是向着罗槟的
你的心是向着罗槟的,我以前以为
谁赢了我就向着谁,你不是这样的人
我不是 你看错人了,不 我没看错你
不 我没看错你,你的确不是这样的人
你的确不是这样的人,我说的是一个肯定句
我说的是一个肯定句,不是一个疑问句
不是一个疑问句,你不是这样的一个人
你不是这样的一个人,你看错我了
你看错我了,我不是这样的人
我知道你不是,那我们为什么不能在一起工作呢
那就申请法院依职权调查,忙着
忙着,这个地方好局促
这个地方好局促,呵
呵,还真的是在完成布置给你的作业
再小的官司对老百姓来说也是大事,好律师
好律师,我要知道你有这么高的觉悟
我要知道你有这么高的觉悟,我应该推荐你去做家庭调解员
你是来看热闹的吗,我是来检查作业的
我是来检查作业的,我要跟进度你要随时向我汇报
我要跟进度你要随时向我汇报,以便于我了解掌握情况
以便于我了解掌握情况,加油
加油,加油
加油,顾主任
顾主任,你找我有事
为什么戴曦的入职登记表上只填了姓名、性别、婚否、出生年月,因为戴曦一直归罗槟管理
所有的助理实习律师都归你管,罗槟的除外
现在他不能除外了,对啊
对啊,他现在不能除外了
他现在不能除外了,我现在就去找他
为什么不是他来找你,他桌上的电话坏了
有什么问题吗,你没发现他有什么问题吗
我没发现有什么问题,为什么
为什么,他的几乎所有的个人简历都是空的
他的几乎所有的个人简历都是空的,他是哪所院校毕业的
他是哪所院校毕业的,他毕业之后他从事了哪些职业
他毕业之后他从事了哪些职业,学历学位
学历学位,父母、兄弟姐妹各种社会关系
我怕负不起责任,谁的女儿
谁的女儿,还是他是谁的女朋友
还是他是谁的女朋友,还是
出去,赵旭把封印的照片给摘了
封印也摘过其他人的照片,封印当时摘廖佳敏的照片
封印当时摘廖佳敏的照片,是因为廖佳敏他走了
是因为廖佳敏他走了,可是封印现在并没有走人
可是封印现在并没有走人,他起码名义上还是我们所的顾问
所以他还占着本所最大的办公室,我以为赵旭他没有经过你的同意就
罗槟怎么样问了没有,问了
问了,戴曦确实有背景
什么背景,应该还挺深的
应该还挺深的,罗槟说他不能泄露
我还不信,我认识罗槟20年了
我认识罗槟20年了,他桀骜不驯
他桀骜不驯,独来独往
独来独往,谁的账也不买
谁的账也不买,可是对于戴曦
可是对于戴曦,说句实话
说句实话,如果戴曦没有什么背景的话
如果戴曦没有什么背景的话,罗槟一个什么人都不忍的人
罗槟一个什么人都不忍的人,为什么要忍他呢
为什么要忍他呢,而且这姑娘刚刚到我们律所的时候就得罪了最大的客户
而且这姑娘刚刚到我们律所的时候就得罪了最大的客户,当时把封印气个半死也没辙
当时把封印气个半死也没辙,我估计封印应该也知道她的背景
这什么呀,这是王立春在南菜园拆迁时作为托底安置对象的材料
那她就不符合老房子共住人的条件了,没错
你哪找到的呀你,我厉害呗
我请你吃饭 你点吧,你帮我应该我请你才对
你帮我应该我请你才对,余叔叔是我爷爷的老朋友
余叔叔是我爷爷的老朋友,想吃什么随便点
想吃什么随便点,自己划
再加上你们俩之间还有那么一段,不是我话还没说完
不是我话还没说完,你干吗把我拉出来跟你说
等你说完 人家就该把你赶出来了,不是咱那1650万
我现在知道你为什么要不回来了,咱俩一块来了
咱俩一块来了,我也没见到你占上风
我也没见到你占上风,那咱俩一块来了
那咱俩一块来了,我也没见到你占上风
我们不是来为了占客户上风的,作为律师不能只讲客户爱听的话
那你也不能人家不爱听什么你就说什么吧,我就不明白了
我就不明白了,你说他也是律师
你说他也是律师,他为什么反应这么大呢
在跟人家聊遗嘱,不那什么时候聊
不那什么时候聊,死了之后聊啊
死了之后聊啊,这遗嘱就死了之后聊的吗 不都是活着的时候聊对不对
这遗嘱就死了之后聊的吗 不都是活着的时候聊对不对,你再说他死了之后跟谁聊去
你再说他死了之后跟谁聊去,死了之后聊的遗嘱法律
死了之后聊的遗嘱法律,他能承认吗
先说给我听听,我为什么要向你汇报
我为什么要向你汇报,我为什么要向你汇报
我为什么要向你汇报,我为什么要向你汇报
谁都不管谁,我不是这个意思
我不是这个意思,咱俩是搭档
咱俩是搭档,我应该知道你要干什么
我应该知道你要干什么,但是你也可以知道我要怎么做
既然你不愿意让我知道请便吧,我没有说不愿意让你知道
不要让我听见,你必须听
我不想听不感兴趣,我不管你感不感兴趣
我不管你感不感兴趣,这是工作
这是工作,我们俩在同一条船上
我们俩在同一条船上,我们要同舟共济
我们要同舟共济,你听着我给他的建议
你听着我给他的建议,首先要想方设法找到孙浩翰所在的医院
首先要想方设法找到孙浩翰所在的医院,然后直接过去
然后直接过去,第二点就是要及时的掌握孙浩瀚目前的病情
第二点就是要及时的掌握孙浩瀚目前的病情,第三点
你见过孙超越吗,什么意思
你不会不知道孙超越是谁,我当然知道孙超越是谁
我当然知道孙超越是谁,你前未婚妻的小叔子
浩瀚超越集团的总裁,可是他哥哥才是董事长
你见过他哥哥吗,当然没有了
我还以为你见过呢,他太太都见不着的一个人
他太太都见不着的一个人,我到哪去见他
这么长时间 你一直在跟谁联系,公司法务
你们俩见面,因为法务总监是蓝红
因为法务总监是蓝红,他不允许
他不允许,法务总监是总裁的嫂子
法务总监是总裁的嫂子,总裁是法务总监的小叔子
总裁是法务总监的小叔子,两个人面合心不合
连总裁的面都没见过,这有什么新鲜的
这有什么新鲜的,人家是一公司的总裁对吧
人家是一公司的总裁对吧,又不是公园门口的大石狮子
又不是公园门口的大石狮子,你想见就见
会打网球吗,什么意思
带你去见公园门口的石狮子,见公园门口的石狮子跟会不会打网球有什么关系
因为石狮子去打网球,石狮子都是滚
石狮子都是滚,你是说去找孙超越
如果直接反应出来去找孙超越就是10分,我们可以直接就去找他
减一分 因为这样会出卖栗娜,你的意思是说我们假装去找他
你的意思是说我们假装去找他,然后在那儿邂逅
加10分,孙总
孙总,幸会
幸会,我是权璟律所的高级合伙人
我是权璟律所的高级合伙人,我叫何赛
我们之前认识吗,我替你们公司打赢了官司
我们公司从来没有输过任何官司,是史上汽车赔偿最高额的案子
是史上汽车赔偿最高额的案子,神反转的那个
神反转的那个,1650万那
我们也不认识各玩各的,我对
我对,之前对你的一些不当言行表示道歉
你指哪些,我有点
我有点,有点想不起来了
有点想不起来了,但是我现在有点小激动
但是我现在有点小激动,因为栗娜她跟我说
因为栗娜她跟我说,她说其实你从内心来说还是尊重我的
她说其实你从内心来说还是尊重我的,而且你对我的专业也是非常认可的
而且你对我的专业也是非常认可的,但是我始终表示怀疑
但是我始终表示怀疑,但是刚才你说的那句话说
但是刚才你说的那句话说,说咱们俩是搭档
说咱们俩是搭档,配合完美
出事了,我知道了
我知道了,我正在跟蓝兰沟通
我正在跟蓝兰沟通,蓝红的妹妹也是他的助理
蓝红的妹妹也是他的助理,他正委托我们帮他调查他姐夫公司的股权变更
跟他们签代理协议了吗,还没有
他还不算是我们的客户,不管他是不是我们的客户
怡美家,这不可能啊
这不可能啊,我们昨天晚上还在沟通续约的细节
我是不会站在这和你说这些的,为什么不是百分之百
所以说只有1%的希望,我一定会付出百分之百的努力
我一定会付出百分之百的努力,我在阵地在
决定每个月给你住房和交通补贴,喂你怎么不接我视频
喂你怎么不接我视频,是不是有什么事
听我这声音不是挺高兴的吗,妈以为今天这个日子你心里难过
妈以为今天这个日子你心里难过,爸就给你打个电话
爸就给你打个电话,说实话听到你出去玩
说实话听到你出去玩,还挺意外的
今天几号,21号
21号,你爸的忌日
我被时差闹晕了,可怜的闺女
可怜的闺女,那么小就没了
那么小就没了,爸爸你妈又再嫁了
爸爸你妈又再嫁了,都是因为
都是因为,你才出去一个人到外国去上学
你才出去一个人到外国去上学,去一走就去5年了
去一走就去5年了,每次想到妈就觉得对不起你
每次想到妈就觉得对不起你,让你受苦了
我们母女俩就把这件事情放下,行
行,妈听你的
妈听你的,一个人好好的
真的,你
你,真要拒绝和他和解
真要拒绝和他和解,把他关起来
说明这事也挺严重的,现在情况是这样的
现在情况是这样的,如果他真是你们说的那种变态的话
如果他真是你们说的那种变态的话,捅一个车胎
捅一个车胎,判他是不可能的
判他是不可能的,顶多关他15天
顶多关他15天,如果出来
如果出来,出来起心报复怎么办呢
出来起心报复怎么办呢,咋这样想 他现在已经知道你在哪工作
咋这样想 他现在已经知道你在哪工作,而且你的车牌号他肯定记下来了
而且你的车牌号他肯定记下来了,关他15天
关他15天,出来一定会打击报复你的
出来一定会打击报复你的,到时候你想你是换车还是换工作
到时候你想你是换车还是换工作,你看咱们认识半天了
你看咱们认识半天了,我这人你觉得怎么样
挺热心的,还不错
还不错,是不是
是不是,你必须相信我
你必须相信我,我一定要跟你说句实诚话
我一定要跟你说句实诚话,如果我碰到这种事情
如果我碰到这种事情,我一定赶紧拿钱走人
我一定赶紧拿钱走人,把这事解决了
把这事解决了,现在这世道不怕浑的 不怕横的
现在这世道不怕浑的 不怕横的,就怕这精神有问题了
就怕这精神有问题了,别转头
别转头,他正往这边看呢
他正往这边看呢,别让他记住你的脸
盯着你,徐小姐
徐小姐,今天吓着你了吧
今天吓着你了吧,回家以后洗个热水澡
回家以后洗个热水澡,早点休息
早点休息,明天还上班
你人真的是太好了,你客气了
你客气了,咱们在一栋大楼里面上班
咱们在一栋大楼里面上班,我这也就是举手之劳
我这也就是举手之劳,你看你这么柔柔弱弱的
你看你这么柔柔弱弱的,谁要碰见你这事儿
谁要碰见你这事儿,不伸手帮一把
不伸手帮一把,再说
再说,我这也难得一次英雄救美
我这也难得一次英雄救美,就算是给和谐社会添砖加瓦了
就算是给和谐社会添砖加瓦了,我挺有成就感的
真的不多,你别再夸我了
你别再夸我了,你这一夸我
你这一夸我,这人不经夸你看你夸我紧张了
这人不经夸你看你夸我紧张了,再夸我立马跑到大街上再来一次见义勇为去
好歹给我个机会请您吃饭表达下谢意,你请我吃饭
再见,你知道警察今天给我打电话
你知道警察今天给我打电话,问我是不是程皓的父亲
问我是不是程皓的父亲,我第一时间怎么想的
我第一时间怎么想的,我以为你在路上让人捅死了
我以为你在路上让人捅死了,让车撞死了
让车撞死了,我压根就没想到被逮进去的是你
得合着你也没盼我什么好,你做下什么好了
你做下什么好了,有本事扎人车胎了是吧
有本事扎人车胎了是吧,每天修理人嘴里的零件不够你发泄了
每天修理人嘴里的零件不够你发泄了,你看看你穿着犯罪的衣裳
你看看你穿着犯罪的衣裳,戴着犯罪的帽子
戴着犯罪的帽子,人家姑娘想快速跟你和解
人家姑娘想快速跟你和解,8成是怕你背后报复他
吃饱了有劲骂,程皓你别在这跟我贫自打头两年
程皓你别在这跟我贫自打头两年,你搬出去自个儿住
你搬出去自个儿住,咱爷俩是过得少了
咱爷俩是过得少了,到什么时候我也是你老子今天扎人车胎
到什么时候我也是你老子今天扎人车胎,明天是不是敢扎人了
明天是不是敢扎人了,我程洪斗一辈子行得正
我程洪斗一辈子行得正,不能到老了晚节不保
不能到老了晚节不保,养个犯罪的儿子送不了终
怎么你们都觉得我是一坏人,你们
你们,还有谁你看看
还有谁你看看,说明不是我一个人说你
说明不是我一个人说你,跟您一样
都是一毒舌精,你说谁呢
胃都疼了真是的,你那叫胃病
你那叫胃病,一说让你上医院去看
一说让你上医院去看,你就说忙和着忙着扎人车胎
你就说忙和着忙着扎人车胎,你说你是不是活该
你说你是不是活该,没时间看病
没时间看病,他就有时间得病
面都坨了,这也叫炸酱面
这也叫炸酱面,炸酱面讲究的是面和菜码分开
炸酱面讲究的是面和菜码分开,想吃什么
想吃什么,他们自个儿搁
他们自个儿搁,这什么和猪食呢
别再说话了,这也叫炒牛肉
这也叫炒牛肉,你数数啊
你数数啊,一二三四五
一二三四五,就5片牛肉
就5片牛肉,这底下垫的全是菜
这底下垫的全是菜,凭什么卖我牛肉价啊
妈,看见没有
看见没有,航班信息我都查好了
航班信息我都查好了,你要是再不给我回微信我就去了
我还能出什么事,等你当了妈你就有这种体会了
你穿的是我高中的校服,你这个眼还真尖
你这个眼还真尖,我跟你说我好不容易塞进去的
我跟你说我好不容易塞进去的,怎么样
怎么样,你等着
你等着,预备
预备,开始
开始,二二三四
二二三四,567停
567停,怎么样 我马上要开播一个致青春主题的直播
怎么样 我马上要开播一个致青春主题的直播,穿成这样行不行
穿成这样行不行,对了
对了,我还问问你
我还问问你,你看看我这个口红的颜色
你看看我这个口红的颜色,我本来想用这个斩男色
我本来想用这个斩男色,可是我觉得不适合这个主题
可是我觉得不适合这个主题,所以我决定用蜜恋粉觉得怎么样
咱能优雅点老去吗,我听警察说
我听警察说,你干这种事可能是心理上有问题
你干这种事可能是心理上有问题,我也仔细想了一下
我也仔细想了一下,是你妈突然走了
是你妈突然走了,你才变成现在这样
你才变成现在这样,咱们要不要看看心理医生
你是不是一直没放下我妈呢,吃饭
你上点心,闺女啊
让我看看 让我看看,妈想你啊 想死妈了
妈想你啊 想死妈了,妈做梦都想你啊
你割眼袋了,有这么明显吗
有这么明显吗,我找的是最好的医生
我找的是最好的医生,他说看不出来的这么明显吗
就是这一化妆一哭粉都卡在纹里了,真的吗
真的吗,人家说的是宋慧乔同款粉底
人家说的是宋慧乔同款粉底,肯定防水不花妆的真的花了
脑子也能防水了,你给我过来
你给我过来,说实话为什么一声不响就回国
说实话为什么一声不响就回国,什么原因
什么原因,到底是因为什么
我忘了 来来来帮我们来一下,你给我说清楚
你给我说清楚,你跑什么你臭丫头你给我站住
你跑什么你臭丫头你给我站住,赶紧坦白怎么回事
把安全带系上,你不是跟我说的好好的吗
你不是跟我说的好好的吗,要打算在那边争取留在那不回来了吗
要打算在那边争取留在那不回来了吗,你怎么突然跑回北京了
就把我调回来了,你就骗我
你就骗我,人家那都是讲民主的
人家那都是讲民主的,你要是不愿意回来人家能逼你
你要是不愿意回来人家能逼你,你跟妈说实话
你跟妈说实话,是不是在那边犯什么事了
是不是在那边犯什么事了,被人家给遣送回来了
哪跟哪呀,那你给我一个合理的解释
也想回来就回来了,你为什么不告诉我呢
谁知道刘珍珍女士这么聪明机智不好骗,你以为当妈的真不了解自己的女儿
你以为当妈的真不了解自己的女儿,你从来都是报喜不报忧
你从来都是报喜不报忧,越大越有主意
越大越有主意,你你跟我说这些话
你你跟我说这些话,我也就只能信你三分
我也就只能信你三分,你还挺会撞一撞就撞个凯迪拉克
你还挺会撞一撞就撞个凯迪拉克,你都不挑个便宜的
尽关心我撞什么车,我看你那个小嘴还能喷刀子
我看你那个小嘴还能喷刀子,我就知道你没事
我就知道你没事,闺女
闺女,我还没来得及问你开的是谁的车
朋友借的,朋友是不是个男的
你想说什么呀,我是不知道你北京什么时候有个朋友
我是不知道你北京什么时候有个朋友,是刚认识的吗 这么快就可以借车给你了
比利时认识的,那人在北京
妈你不要整天琢磨那些有的没的就是普通朋友把闲置车借给我代步,你说我能琢磨什么
你说我能琢磨什么,我就琢磨着什么时候天上掉下个姑爷砸中我行不行了
赶紧去看车去,小程
阿姨怎么是您,给你个惊喜
太好了太好了,我看看这个白大褂能穿这么帅的也就只有你
您今天来是想做个什么项目,我洗洗牙
你这牙挺好的,也得洗洗爱美之心人皆有之
您的姓名,刘珍珍
出生日期,1969年7月7号
鹊桥会啊,不是你说的那是农历
不是你说的那是农历,我是卢沟桥事变纪念日
之前没有装过心脏起搏器吧,没有心脏特健康
咱们开始超声波洁牙您这边请,小程啊
您还有什么问题,阿姨想问问你 你刚才说的那些毛病
阿姨想问问你 你刚才说的那些毛病,你也没有吧
除了有点高血压的遗传史,高血压是吧
高血压是吧,都不算病
都不算病,没事洁牙洁牙
没事洁牙洁牙,来
一切不适的症状全消失了,两个小时
两个小时,这两小时怎么熬啊我的牙
要不我坐这陪您聊聊天,你坐那干嘛来了
你坐那干嘛来了,到这来了
到这来了,小伙子
小伙子,阿姨问问你
阿姨问问你,你是不是北京人
现在还是单身,现在还是单身
一直单身,怎么可能你条件这么好
可能是缘分还没到,这么好的诊所是你开的
跟一哥们合伙开的,我看那个照片上还有好多老外
我看那个照片上还有好多老外,你诊所是全世界连锁的
合作合作关系,谦虚 这个品格阿姨喜欢的 好样的
算我孝敬您的,那可不行
是不是,对这事不在
对这事不在,关键在于你怎么想
他就给我留下了极其深刻的印象,是吗
辈子我都忘不了了,有你这句话阿姨今天没白来
这约好了都不来,这个小姑娘有点小脾气
这个小姑娘有点小脾气,阿姨回去收拾他
阿姨回去收拾他,这事交给我包在我身上
这事交给我包在我身上,我去解决去
我去解决去,走了
走了,你干什么
机票已经买好了,妈想留下来照顾照顾你
你今天就回家,妈还给你做了你最爱吃的思念汤圆来
妈还给你做了你最爱吃的思念汤圆来,还有紫薯豆浆都是你爱吃的来
还有紫薯豆浆都是你爱吃的来,都是热乎的来来喝一口
只限本人拆阅,我刚看见你不在家我就替你拆了
我刚看见你不在家我就替你拆了,看完了我就更不能走了
看完了我就更不能走了,我赶紧跟你说说这个事
我赶紧跟你说说这个事,来
来,你看看
你看看,乳腺增生、激素紊乱
乳腺增生、激素紊乱,宫寒体虚
宫寒体虚,这是什么
什么呀,单身病啊
单身病啊,这姑娘到一定时候不结婚全是毛病
人现在不在北京,那家也不在北京吗
那家也不在北京吗,你们认识多长时间了
你们认识多长时间了,你对他底细了解清楚吗
你对他底细了解清楚吗,你说你们俩离这么大老远怎么谈恋爱
你说你们俩离这么大老远怎么谈恋爱,姑娘你已经27了
姑娘你已经27了,要是再谈个不靠谱的恋爱
要是再谈个不靠谱的恋爱,再耽误两三年
再耽误两三年,那不就真成老姑娘了
那不就真成老姑娘了,你看看你该谈恋爱的时候你出国了
你看看你该谈恋爱的时候你出国了,把自己落下了吗
把自己落下了吗,落一身毛病现在该结婚的时候你刚谈恋爱
落一身毛病现在该结婚的时候你刚谈恋爱,你再不积极主动
你再不积极主动,你不又被落下了吗
那不就落不下了吗,诚心气我是吧
怕我结不成婚让你丢人,罗玥 妈是不是有一天得走在你前面
我是怕有一天就像你爸一样,出个意外
出个意外,一转眼人就没了
一转眼人就没了,妈告诉你
妈告诉你,这世界上除了血缘关系
这世界上除了血缘关系,唯一有保障的受法律保护的就只有婚姻关系了
妈,姑娘
姑娘,妈知道这母子一场没得选
妈知道这母子一场没得选,妈知道你对我这个妈有一肚子的不满意
妈知道你对我这个妈有一肚子的不满意,妈心里不想别的
妈心里不想别的,妈就想
妈就想,你能找到找个你喜欢的好好过日子
你能找到找个你喜欢的好好过日子,别像现在这样
别像现在这样,每天回了家连个讲话的人都没有
每天回了家连个讲话的人都没有,你做顿饭连个陪你吃饭的人都没有
你做顿饭连个陪你吃饭的人都没有,妈不想看你这么苦
妈不想看你这么苦,孤孤单单的
我我跟你说你都快成它了,师傅 你是不是闯红灯了
对不起,您没事老跟我说什么
您没事老跟我说什么,对不起
对不起,您这一单肯定是白干了
这是还有别的工作,我是一个小模特跑场子走秀
我是一个小模特跑场子走秀,基本的都是晚上这要不是上一场结束晚了
基本的都是晚上这要不是上一场结束晚了,我也不至于这么狼狈
你们这工作也够辛苦的,你还不是一样
你还不是一样,专职司机 那为什么要干晚班呢
跟他们说话挺有意思的,你这人不实在
你这人不实在,图钱就图钱呗
图钱就图钱呗,谁不知道晚上挣得多
谁不知道晚上挣得多,都是辛辛苦苦奔饭辙的人
都是辛辛苦苦奔饭辙的人,还给自己搞那么文艺说辞
Cheers. 一起喝,又看什么呢
今天又要赶场子,对
对,我每天不都这样吗
你们这女孩每天都往脸上用多少东西,我每天这样熬夜还不得好好保养一下
我每天这样熬夜还不得好好保养一下,当然得花大钱
当然得花大钱,用最好的东西
你赶完这个场子应该就能休息了,当然不行
当然不行,我明天有一个游戏代言人的面试回家
我明天有一个游戏代言人的面试回家,还得练练琴
你练什么乐器,大
大,提琴
提琴,早知道我当年来北漂
早知道我当年来北漂,我在音乐学院读书的时候
我在音乐学院读书的时候,我就不学大提琴了
我就不学大提琴了,我就应该学钢琴
我就应该学钢琴,这大提琴这么冷门都不好混课教
北京,我在武汉读完音乐学院之后就跟我男朋友一起来了
我在武汉读完音乐学院之后就跟我男朋友一起来了,当时也没什么特别好的发展
当时也没什么特别好的发展,不过我还是好歹占个身高外形的优势
不过我还是好歹占个身高外形的优势,我就开始跑场子走秀
我就开始跑场子走秀,反正也能养活我自己
反正也能养活我自己,没什么不好的
你男朋友呢,早吹了
这肯定是跟你的音乐功底有关系,你呢 一直当司机啊
晚上我们回了家再说好吗,喂是程医生吗
喂是程医生吗,我是刘珍珍
阿姨你怎么打电话来了,跟你说啊 罗玥她失踪了
跟你说啊 罗玥她失踪了,罗玥她失踪了
您确定吗,我给他打了两三个小时电话
我给他打了两三个小时电话,他都不接微信也不回
他都不接微信也不回,以前他在比利时的时候啊
以前他在比利时的时候啊,我给他打电话
我给他打电话,他总是第一时间就接了
他总是第一时间就接了,有事他就怕我出意外
有事他就怕我出意外,他就怕我有事他就怕我出意外
他就怕我有事他就怕我出意外,阿姨这次觉得他肯定是出事了
没顾得上接您电话,不能阿姨给他上班的地方打电话了
不能阿姨给他上班的地方打电话了,人家说她这两天休年假根本就没去
但那么大个人也不至于说丢就丢了,阿姨也是没办法再给你打电话
阿姨也是没办法再给你打电话,你说这个北京城我谁都不认识
你说这个北京城我谁都不认识,我讲罗玥也是他还那么年轻漂亮
我讲罗玥也是他还那么年轻漂亮,你看看电视上的一些新闻
你看看电视上的一些新闻,年轻异地无依无靠
年轻异地无依无靠,那个那个叫什么
那个那个叫什么,非法传销
非法传销,拐卖妇女
拐卖妇女,然后就是器官买卖了
然后就是器官买卖了,这都盯着我闺女啊
这种情况我判断应该是十有八九把手机给落哪了,我电话也打这么多了
我电话也打这么多了,短信也发
短信也发,微信也发了
微信也发了,这真要是电话落哪了
这真要是电话落哪了,谁不能接个电话
谁不能接个电话,小程 阿姨也知道你忙
小程 阿姨也知道你忙,阿姨求求你行不行
阿姨求求你行不行,你帮我跑一趟
你帮我跑一趟,你能不能体谅我们这些不在子女身边的父母
你能不能体谅我们这些不在子女身边的父母,玥玥要是有什么事我就不活了
我去帮您找去行吗,好好小程 阿姨谢谢你
好好小程 阿姨谢谢你,你要是找不着你就报警
你要是找不着你就报警,我这就买飞机票
那我先回去了,我先简单给你处理一下
我先简单给你处理一下,你快拿纸巾擦一下吧
你快拿纸巾擦一下吧,这不行
这不行,你流好多血快点擦一下
你流好多血快点擦一下,疼不疼
我塞上它就好了,咱们去医院现在就去
那个刚才什么人,我也不知道
我也不知道,我刚表演完
我刚表演完,他们就说拉着我去吃饭
他们就说拉着我去吃饭,我不是想走吗
我不是想走吗,然后我没走成你就来了
混蛋,倒是你 为什么会正好出现
我擦擦手,你别转移话题
你别转移话题,你之前就一直接我单
你之前就一直接我单,我在哪里好像都知道似的
我在哪里好像都知道似的,你想干嘛
我送你回家,不用了
不用了,我给他打个车就好了
我给他打个车就好了,这个都留给你们先走了
然后我还给你车费打折,你这样的我怎么知道自己不是
你这样的我怎么知道自己不是,才出虎穴
才出虎穴,又入狼窝
又入狼窝,都这样了
都这样了,还能贫看来你真没事
还能贫看来你真没事,确定你不用去医院
站住,听见了
听说你今天又惹事了,不是 你看
不是 你看,我就说这是一天大误会吧
我就说这是一天大误会吧,我上课去 在路上碰到一产妇
我上课去 在路上碰到一产妇,我毅然决然的 我就果断的给她送到了医院
派出所怎么解释,人家觉得我这种行为特别值得赞扬
人家觉得我这种行为特别值得赞扬,就跟我请到派出所跟我聊聊
就跟我请到派出所跟我聊聊,盛情难却
盛情难却,我就去了
为什么这么晚才回来,我不得医院去看看人家产妇
我不得医院去看看人家产妇,人生一大闺女还非要让我当干爹
我刚收到短信 干什么花了那么多钱,我当人家干爹了
我当人家干爹了,我能不花点钱 意思吗
我能不花点钱 意思吗,现在孩子东西多贵
现在孩子东西多贵,花点钱就透支了
他说的是真的,律师都来电话了
律师都来电话了,说人家那边
说人家那边,可感谢他了
可感谢他了,你看没看见 人证物证都在
男孩子身上不能没有钱,这话吧 我就给你手动点个赞
咱们下次再聊,江焱 你给我站住
江焱 你给我站住,跟我回去
跟我回去,想我啦
想我啦,你必须跟王老师道歉
你必须跟王老师道歉,我凭什么道歉 我又没做错
我凭什么道歉 我又没做错,你态度错了
你态度错了,如果你不喜欢听这门课程
如果你不喜欢听这门课程,你可以选择不来
你可以选择不来,既然你选择来了
既然你选择来了,就应该对老师有个最起码的尊重
就应该对老师有个最起码的尊重,想要得到别人尊重
想要得到别人尊重,你得有值得别人尊重的地方
你得有值得别人尊重的地方,我就奇了怪了
我就奇了怪了,跟你有半毛钱关系
跟你有半毛钱关系,大路不平人人踩
大路不平人人踩,我看你狗拿耗子多管闲事
我看你狗拿耗子多管闲事,你知道你的学费是多少吗
你知道你的学费是多少吗,每年是多少
每年是多少,每学期是多少
每学期是多少,每个月多少
每个月多少,每天是多少
每天是多少,你不
你不,听课
听课,你浪费的是你父母的血汗钱
你浪费的是你父母的血汗钱,是 你是谁
是 你是谁,江大少 你不在乎
江大少 你不在乎,可是因为你的不在乎
可是因为你的不在乎,你耽误了教室里的每一个人
你耽误了教室里的每一个人,我这种行为是为你们好
我这种行为是为你们好,明白吗妹子
明白吗妹子,我问你
我问你,上大学的意义在于什么
上大学的意义在于什么,上大学的意义就是在有意义的时候做有意义的事
上大学的意义就是在有意义的时候做有意义的事,就有意义的老师讲有意义的课
就有意义的老师讲有意义的课,do you know understand
do you know understand,妹子我告诉你 别再跟我江焱过不去了
妹子我告诉你 别再跟我江焱过不去了,如果你要用这种方式来引起我的注意的话
如果你要用这种方式来引起我的注意的话,那么恭喜你你成功了
那么恭喜你你成功了,晚上我在酒吧等你ok
晚上我在酒吧等你ok,虽然我很不喜欢
虽然我很不喜欢,我也不喜欢你的这种做法
我也不喜欢你的这种做法,但是我江焱对于你这种投怀送抱的女孩还是蛮喜欢的
但是我江焱对于你这种投怀送抱的女孩还是蛮喜欢的,你是我想要的
你是我想要的,I want you
这样的话你会更加难堪,刚才那人是谁
管你什么事,怎么不管我事 现在全校的人都知道咱俩之间的关系
咱俩什么事,别闹
别闹,过一瞎子都知道 咱两情侣关系
我不同意,欲擒故纵是吧
欲擒故纵是吧,你们女孩子就喜欢这一套
请你不要再骚扰我,哎哎哎
哎哎哎,你大错特错了
你大错特错了,男欢女爱
男欢女爱,我追你 我怎么是骚扰呢
你喜欢我什么,跟我般配
跟我般配,不图我钱
不图我钱,多优秀的品质
多优秀的品质,你赶紧承认算了
你赶紧承认算了,真的 别到时候我不追你了
真的 别到时候我不追你了,你没地跑着哭去
为我担心 我已经有男朋友了,就刚才那个 考验我是不是
就刚才那个 考验我是不是,之前还说没有
突然就有了,不是他谁啊他有我帅吗
不要在我这里浪费时间,熙熙
熙熙,如果你想用这种办法考验我的话
如果你想用这种办法考验我的话,你真是大错特错了
你真是大错特错了,你太不了解我江焱了
你太不了解我江焱了,我可是个有血有肉顶天立地的汉子
你把这种精神放到别的地方好吗,爱情面前人人平等
爱情面前人人平等,结了婚还能离婚呢
结了婚还能离婚呢,我要跟他公平竞争
开个Party.到时候你也来,必须的
买个包都能买出规格了,这你就不懂了吧
这你就不懂了吧,你没有没人跟你 有几个
你没有没人跟你 有几个,像我妹对你那么好
像我妹对你那么好,天天嘴上 大宅子
天天嘴上 大宅子,哥几个也没见过
哥几个也没见过,吹吧你 我告诉你
吹吧你 我告诉你,我妹就是刀子嘴豆腐心
我妹就是刀子嘴豆腐心,你真以为她图你的宅子
你真以为她图你的宅子,真心喜欢你这傻样 
真心喜欢你这傻样 ,笨
年底我就把你妹给娶了,我告诉你 想讨女人欢心
我告诉你 想讨女人欢心,我送你个三字经
我们的最新款 本来国内没有的,没问题包起来
回去我上网人肉他们家,讹什么讹
讹什么讹,人家但凡要是有办法
人家但凡要是有办法,谁会不要自己孩子
你怎么还替他们说上话了,这叫什么事
这叫什么事,刚才他们要多少钱
没说,想着要是钱不多
想着要是钱不多,咱们就帮帮他
你都管啊,我愿意
我愿意,走一步算一步 先把孩子病治
走一步算一步 先把孩子病治,你没看她可怜样
你没看她可怜样,看着我就心疼
看着我就心疼,走
枪手的钱谁付,钱还是个事
我看你拿什么钱付给枪手,没事儿
没事儿,这种事我爸不会反对的
别忘了对手强大,谁说表白一定要用钱
你说的 你说这女人的幸福指数和消费指数挂钩的,朴恩西是什么人
朴恩西是什么人,我问你
我问你,他可不是一般的市井女子
他可不是一般的市井女子,家里生意做的顺风顺水
家里生意做的顺风顺水,什么贵的东西没见过
什么贵的东西没见过,我问你
我问你,哥 今儿就给他来一个质朴的
气球是不是还得花钱,所以
所以,全靠你了
全靠你了,我知道你小子惦记我这东西惦记老久了 是不是 今算你便宜
我知道你小子惦记我这东西惦记老久了 是不是 今算你便宜,打包价全给你 给个数
你要多少钱啊,你就说你有多少钱吧
两千,多少钱
两千,我告诉你啊少1万不卖
老潘,你怎么才回来
你怎么才回来,啊 要不是走得快
啊 要不是走得快,现在还回不来
现在还回不来,我
我,走 你没开车吗
走 你没开车吗,别提了
别提了,我爸呢
我爸呢,爸爸刚才来电话说 这两天忙 加班 就不回来了
爸爸刚才来电话说 这两天忙 加班 就不回来了,知道我不回来 躲着我
知道我不回来 躲着我,你吃饭了吗
你吃饭了吗,我本来以为你们俩都回来吃
我本来以为你们俩都回来吃,我炒了好几个菜
我炒了好几个菜,你看在那放着都凉
你看在那放着都凉,妈不是我说你
妈不是我说你,我爸一年回来吃几次饭
我爸一年回来吃几次饭,我问你
我问你,一个手能数得过来了吧
一个手能数得过来了吧,你还顿顿给他留饭筷
你还顿顿给他留饭筷,妈 你看
妈 你看,一说你又来了
一说你又来了,没有
没有,就我就这样 挺好的
就我就这样 挺好的,拿钱
拿钱,妈 我求求你了
妈 我求求你了,我缺钱了
我缺钱了,你要多少钱
你要多少钱,三万 哎给多点也行
三万 哎给多点也行,瞅你这孩子
瞅你这孩子,不是我说你 怎么回事
不是我说你 怎么回事,越来越不像话了
越来越不像话了,哎不是我说你
哎不是我说你,你听着 我知道你心里烦有怨气
你听着 我知道你心里烦有怨气,那你也不能这么着
那你也不能这么着,你不能跟爸爸对着干 爸爸就是那脾气
你不能跟爸爸对着干 爸爸就是那脾气,他就是强势
他就是强势,你跟他对着干他有什么好处
你跟他对着干他有什么好处,停
停,我告诉你 好好学习
我告诉你 好好学习,毕业以后接爸爸的班
毕业以后接爸爸的班,你是他的独生子
你是他的独生子,你知道吗
你知道吗,妈我知道
妈我知道,你夹在我跟我爸中间难受
你夹在我跟我爸中间难受,但这是我跟我爸之间的事
但这是我跟我爸之间的事,什么你的我的 咱们是不是一家人
什么你的我的 咱们是不是一家人,家里出了事
家里出了事,我们是不是要共同面对啊
我们是不是要共同面对啊,算算算不提了
算算算不提了,潘叔 到底怎么回事
你怎么在这儿,我来找我爸
我来找我爸,我看他被人带走了
我看他被人带走了,怎么回事
你有没有听到因为什么,东华
东华,对了
对了,说我爸内幕交易
说我爸内幕交易,不是怎么会这样
不是怎么会这样,是不是搞错了
我们保持联系,怎么样了
涉嫌金额达到3000万,你说什么
一有消息我马上联系你,爸爸的事
爸爸的事,你都知道了
你都知道了,我刚好在场
我刚好在场,你在场
你在场,那到底是怎么回事
那到底是怎么回事,他们打电话跟我说
他们打电话跟我说,跟我说
跟我说,说 说 说
说 说 说,妈 妈 妈 你别激动
妈 妈 妈 你别激动,好好养病
好好养病,没事
没事,他们就是叫我爸去接受调查
他们就是叫我爸去接受调查,也许中间有什么误会
也许中间有什么误会,也许他手下出什么事了
也许他手下出什么事了,没事
没事,我就是放心不下
我就是放心不下,抽时间你到潘叔叔那去
抽时间你到潘叔叔那去,你问问他 咱们到底应该怎么办
你问问他 咱们到底应该怎么办,不能看着爸爸出事
不能看着爸爸出事,妈 你看你哭什么 就看不了你哭
妈 你看你哭什么 就看不了你哭,别哭
别哭,江焱
江焱,你跟爸爸之间的事
你跟爸爸之间的事,是咱们家内部的矛盾
是咱们家内部的矛盾,现在就放一放
现在就放一放,我知道了妈 你放心
不会看着他放任随之东流的,夏
夏,冰
冰,她人呢
喝,谢谢奶奶 我这喝多了没胃口
谢谢奶奶 我这喝多了没胃口,不是 怎么了
你跟我孙女是什么关系,我们俩什么关系都没有
我们俩什么关系都没有,你误会了
你看她怎么样啊,她呀 我跟你说 他这人 挺好
她呀 我跟你说 他这人 挺好,有一点厉害
又喝酒去了,你告诉我到底发生什么了
暂时的,暂时的
暂时的,外面那些传言是不是真的
外面那些传言是不是真的,你知不知道妈妈因为这件事情都病倒了
你知不知道妈妈因为这件事情都病倒了,现在还躺在
现在还躺在,医院那
要紧吗,你还知道要紧吗
你还跑出去喝酒,我不孝我错了
我不孝我错了,我再次让你失望了
我再次让你失望了,不过我现在要以一个儿子身份问你到底怎么了
不过我现在要以一个儿子身份问你到底怎么了,这不是为我 是为我妈
知道什么叫低买高卖吗,别跟我说外面那些传言都是真的
有一部分确实是真的,所以说你内幕交易都是真的
这是从哪弄来的,这是不是
这是不是,真的
你说呢,你心虚了是吧
你心虚了是吧,所以说这些都是真的对吗
知道吗,你还把我当孩子是不是
你还把我当孩子是不是,这种事你也能做得出来
这种事你也能做得出来,你太让我失望了
这是永远都改变不了的事情,怎么样
怎么样,有什么情况吗
有什么情况吗,潘叔那你没去吗
潘叔那你没去吗,你说你这孩子
你说你这孩子,说你这孩子我跟你说了多少遍了
说你这孩子我跟你说了多少遍了,这事你上点心
这事你上点心,你多跑两趟
你多跑两趟,你上点心 你去问问
你上点心 你去问问,没有那必要
没有那必要,清者自清 如果我爸没有错的话
清者自清 如果我爸没有错的话,他们不会赖账
他们不会赖账,如果他有错
如果他有错,江焱
江焱,这都什么时候了
这都什么时候了,都什么时候了
都什么时候了,你还跟你爸在这较劲
你还跟你爸在这较劲,你在这儿
你在这儿,妈 别激动
妈 别激动,你病还没好呢
你病还没好呢,咱们俩好好聊天行吗
咱们俩好好聊天行吗,你肯定在外头听人家说什么的
你肯定在外头听人家说什么的,肯定
肯定,你告诉我听人家说什么了
你告诉我听人家说什么了,你别听那些人胡说八道
你别听那些人胡说八道,你爸爸不会有错误的
你爸爸不会有错误的,他不会有错误的 知道吗
他不会有错误的 知道吗,不管在什么时候
不管在什么时候,我们都站在他这一边
我们都站在他这一边,我们要支持他
我们要支持他,当然了
当然了,是这些年我跟他在感情上是出现了一些问题
是这些年我跟他在感情上是出现了一些问题,可是 可是哪家夫妻没有矛盾
可是 可是哪家夫妻没有矛盾,是不是
是不是,谁家的日子过得太太平平的
谁家的日子过得太太平平的,我知道你跟爸爸积怨很深
我知道你跟爸爸积怨很深,可他是你的亲爸爸
可他是你的亲爸爸,他不会害你
他不会害你,他为你铺的所有的路都是为了你好
他为你铺的所有的路都是为了你好,因为他爱你
因为他爱你,我怎么了
我怎么了,他爱你吗
他爱你吗,我们俩在大学的时候
我们俩在大学的时候,我们俩就认识了
我们俩就认识了,这几十年 你说我们俩的感情现在已经从爱情升华为亲情了
这几十年 你说我们俩的感情现在已经从爱情升华为亲情了,亲情就是一家人知道吗
亲情就是一家人知道吗,一家人在一起他就不会分开
一家人在一起他就不会分开,永远不会分开的
永远不会分开的,江焱
江焱,现在是爸爸最困难的时候
现在是爸爸最困难的时候,妈妈又在医院里头出不去
妈妈又在医院里头出不去,哪都去不了
哪都去不了,我求求你帮帮他行不行
我求求你帮帮他行不行,你帮帮他你听见了没有
你帮帮他你听见了没有,我答应你
我答应你,你好休息
你好休息,我晚点过来接你
我晚点过来接你,早点休息啊
早点休息啊,你帮帮他
意外,潘总
嫂子,老江到底出什么事了
你不要着急再给他一点时间,他这脾气我知道
他这脾气我知道,在外面出了再大的事
在外面出了再大的事,他不跟我说
他不跟我说,从来不跟我说
从来不跟我说,你说我这老婆是怎么当的
你说我这老婆是怎么当的,就说现在发生这事吧
就说现在发生这事吧,我要不是从电视上看到
我要不是从电视上看到,我到现在我还蒙在鼓里
我到现在我还蒙在鼓里,你知道吗
我们跟律师都达成共识了,认罪
认罪,认罪才能宽大处理
认罪才能宽大处理,认罪 认什么罪
认罪 认什么罪,这是
这是,这认什么罪这是
这认什么罪这是,这是
我现在就去想想办法好吧,那天的酒钱
那天的酒钱,没有这么多
没有这么多,让你拿着你就拿着 干嘛 拿着
让你拿着你就拿着 干嘛 拿着,那天是因为你的一个朋友都联系不上
那天是因为你的一个朋友都联系不上,我也不可能见死不救
我也不可能见死不救,干嘛我不要
干嘛我不要,不是所有的事情都能够用钱解决100就够了
不是所有的事情都能够用钱解决100就够了,装清高
装清高,吃点什么
吃点什么,来瓶啤酒
来瓶啤酒,对不起
对不起,没有
没有,有没有搞错
有没有搞错,我听说你妈妈因为你爸爸生病了
我听说你妈妈因为你爸爸生病了,你不去陪他
你不去陪他,天天在这喝酒
天天在这喝酒,对不起
对不起,不提供
不提供,对待那样一个男人不值得
对待那样一个男人不值得,你怎么能那么说你爸爸呢
你怎么能那么说你爸爸呢,你知道什么呀你
房子怎么也没收拾 这么乱的,他们说回家看看
他们说回家看看,本来年前的时候就请假要走
本来年前的时候就请假要走,我说家里有事没同意
我说家里有事没同意,现在不是正是个空档吗
现在不是正是个空档吗,我就说 就让他们回去了
江焱呢,上学去了
恐怕又是躲我了吧,怎么会 孩子虽然嘴上不说
怎么会 孩子虽然嘴上不说,可他心里头一直是很敬重你的
可他心里头一直是很敬重你的,只是 只是现在家里突然出了这种事
只是 只是现在家里突然出了这种事,恐怕是他心里一时接受不了
希望你不要怨我,那真的就没有别的办法了
无论结果如何,咱们俩结婚这么长时间
咱们俩结婚这么长时间,你第一次跟我说这样的话
你第一次跟我说这样的话,这些这次这个事肯定
希望你能相信我,我相信你
我相信你,我相信你
我相信你,我正因为我相信你
我正因为我相信你,我才跟你在一起
我才跟你在一起,不管到什么时候我都相信你
不管到什么时候我都相信你,我知道 我知道你不会让我失望
好久没有跟你好好在一块吃顿饭,怎么这么晚才回来 吃饭了吗
怎么这么晚才回来 吃饭了吗,干吗呀
干吗呀,他呢
他呢,你就不能叫爸爸吗
你就不能叫爸爸吗,吃完饭的时候
吃完饭的时候,潘叔把他叫走了
潘叔把他叫走了,说是谈谈公司里的事
说是谈谈公司里的事,一找他就有事
一找他就有事,你找他什么事
你找他什么事,妈你这干吗啊
妈你这干吗啊,律师说
律师说,咱们要是能多凑点钱把罚款交上
咱们要是能多凑点钱把罚款交上,爸爸就能轻判一些
爸爸就能轻判一些,我觉得把这些首饰都拿上可能也不够
我觉得把这些首饰都拿上可能也不够,回头再找他那些朋友
回头再找他那些朋友,让他们帮帮忙
让他们帮帮忙,干什么
干什么,帮一个罪犯脱罪吗
帮一个罪犯脱罪吗,怎么说话呢
怎么说话呢,你都不知道我爸在外面做了些什么
你都不知道我爸在外面做了些什么,我怎么不知道
我怎么不知道,是 公司里的事我是不知道
是 公司里的事我是不知道,可是我
可是我,明白爸爸在外边不管干什么
明白爸爸在外边不管干什么,他都是为了这个家
他都是为了这个家,都是为了你的前途
都是为了你的前途,别说了
别说了,为咱们家 是吧
为咱们家 是吧,他心里根本就没有咱俩 他自私自利
他心里根本就没有咱俩 他自私自利,为了自己狂大的欲望
为了自己狂大的欲望,你都不知道他在外面做了什么丢人的事儿
你都不知道他在外面做了什么丢人的事儿,住嘴
嫂子来了,高总你好
怎么身体不舒服,没有
没有,没事
没事,我今天来就是为了我们家长恩的事
我看就算了,高总 是这样
高总 是这样,我知道前几次您请我
我知道前几次您请我,我因为身体不舒服
我因为身体不舒服,我都没有去参加
我都没有去参加,您不要跟我计较
您不要跟我计较,您宰相肚里能撑船
您宰相肚里能撑船,我我今天真的是为了我们家长恩的事情
我我今天真的是为了我们家长恩的事情,你说他平时也没有什么兄弟
你说他平时也没有什么兄弟,家里出这么大的事
家里出这么大的事,就你们这么几个朋友
就你们这么几个朋友,我真的是为了他来向你求个情
为什么外边还要养一个,人生的快乐不过如此
人生的快乐不过如此,那你的人生真够凉的
那你的人生真够凉的,你能不能让我开心开心
你能不能让我开心开心,哪来的味儿啊
哪来的味儿啊,你几天没洗澡了 都馊了
你几天没洗澡了 都馊了,你懂什么呀
你懂什么呀,我这叫男人味
我这叫男人味,对了 你不懂 因为你根本没有女人味
对了 你不懂 因为你根本没有女人味,你也好不到哪去
你也好不到哪去,宁可自己臭了也不愿意回家
宁可自己臭了也不愿意回家,我这是四海为家 我懒得回
我这是四海为家 我懒得回,你不就心虚吗
你不就心虚吗,谁心虚 谁心虚
谁心虚 谁心虚,江大侠我知道我这话不应该多嘴
江大侠我知道我这话不应该多嘴,可是你想你家里发生了这么大的变故
可是你想你家里发生了这么大的变故,你妈妈还生着病
你妈妈还生着病,你就不应该多陪陪他们吗
你就不应该多陪陪他们吗,我不这两天忙小孩的事
我不这两天忙小孩的事,谁说我不回家了
谁说我不回家了,再给我那瓶酒 喝完我就回去了
再给我那瓶酒 喝完我就回去了,对不起
对不起,不提供
不提供,有你这样做生意的吗
有你这样做生意的吗,就是不提供 怎么了
就是不提供 怎么了,江焱 我跟你说 你就是不为了你爸 也应该为了你妈
但愿如此,这地儿其实也还行
这地儿其实也还行,有水有电的 就是条件艰苦一点 凑合住吧
有水有电的 就是条件艰苦一点 凑合住吧,不过你放心
不过你放心,暂时的 等我今后有钱了
暂时的 等我今后有钱了,我一定给你 
我一定给你 ,你一定什么呀
你一定什么呀,你是我的儿子
你是我的儿子,你有多大本事我不知道吗
你有多大本事我不知道吗,你说你小时候多聪明
你说你小时候多聪明,那数学题你一看就会 你有天赋
那数学题你一看就会 你有天赋,你有别人都没有的天赋
你有别人都没有的天赋,你知道吗
你知道吗,可是你干嘛了
可是你干嘛了,是
是,我是想
我是想,通过今天这个事儿
通过今天这个事儿,你要痛改前非
你要痛改前非,以后好好学习知道吗
以后好好学习知道吗,知道了 妈
知道了 妈,爸爸妈妈就指着你
爸爸妈妈就指着你,妈就指着你了
妈就指着你了,知道吗
知道吗,因为我也没想到
因为我也没想到,看什么呢
念旧,您说您这么晚还不睡
您说您这么晚还不睡,没有哪里不舒服
没有事,奶奶 您呢
快吃东西,你怎么现在就回来了
你怎么现在就回来了,上课了吗
上课了吗,上了 我上完就回来了
上了 我上完就回来了,上 上课了
上 上课了,上了就好
上了就好,妈 你怎么了
妈 你怎么了,快坐这儿
快坐这儿,怎么了你这是
怎么了你这是,妈这两天心情不好
妈这两天心情不好,吓着你了吧
吓着你了吧,你出来的时候带钱了吗
你出来的时候带钱了吗,太着急了
太着急了,他们看得也紧
他们看得也紧,不过我在包里还有你的衣服兜里发现了一些
不过我在包里还有你的衣服兜里发现了一些,幸亏你爸
幸亏你爸,他跟我说没事的时候
他跟我说没事的时候,兜里书包里啊多放点钱
兜里书包里啊多放点钱,以防万一
以防万一,那吃完饭咱们到你爸那些朋友家里去看看
那吃完饭咱们到你爸那些朋友家里去看看,求他们给咱们帮帮忙
求他们给咱们帮帮忙,不用
不用,我有办法
我有办法,行了
行了,你别管这些事
你别管这些事,好好上你的学
好好上你的学,你还没看清楚那帮朋友
你还没看清楚那帮朋友,自从咱们家出事以来
自从咱们家出事以来,除了潘叔叔 谁还来看过咱们 谁来关心过咱们
除了潘叔叔 谁还来看过咱们 谁来关心过咱们,咱们去的话不是自讨没趣 让人看笑话吗
咱们去的话不是自讨没趣 让人看笑话吗,让人看笑话吗
让人看笑话吗,树倒猢狲散的道理谁都知道
树倒猢狲散的道理谁都知道,可再怎么着
可再怎么着,爸爸以前也帮助过他们
爸爸以前也帮助过他们,这点面子他们总会给的
这点面子他们总会给的,我去
我去,我去找他们
我去找他们,把心放踏实了
把心放踏实了,把饭吃了
把饭吃了,要去也是我去
要去也是我去,那什么 潘叔叔那你就别去了
那什么 潘叔叔那你就别去了,这些日子为了公司里的事
这些日子为了公司里的事,他够恼火的了
他够恼火的了,别再给人家添麻烦了
别再给人家添麻烦了,把饭吃了
把饭吃了,我去找他们试试
我去找他们试试,一飞  你说咱就这么走了
一飞  你说咱就这么走了,是不是有点太不义气了
不如来点实际的,什么实际啊
什么实际啊,这什么
这什么,肖一飞 你发财了你
所以咱怎么也得让他过不是,行
行,我觉得这事你做的地道
那都不是事,不过我觉得你这嘴皮子也太不饶人了
不也每天过得高高兴兴的吗,你看终于承认自己是穷光蛋了吧
你就放心,你一天不给我画几个大饼
你一天不给我画几个大饼,你就不姓肖
你就不姓肖,对了
对了,我今天帮图书馆整理校刊
我今天帮图书馆整理校刊,读到了一篇你的采访
读到了一篇你的采访,哪篇啊
哪篇啊,就是说你在大一的时候取得了联合赛的冠军
就是说你在大一的时候取得了联合赛的冠军,帮学校第一次捧得奖杯
帮学校第一次捧得奖杯,校刊编辑采访你的那篇
校刊编辑采访你的那篇,英雄不提
英雄不提,当年勇 老黄历了
当年勇 老黄历了,我以前一直都不懂
我以前一直都不懂,你说 好端端的一面墙为什么要弄上疙瘩 然后还有人拼命地奋力的往上爬
你说 好端端的一面墙为什么要弄上疙瘩 然后还有人拼命地奋力的往上爬,你说白费这些力气 意义何在啊
你说白费这些力气 意义何在啊,不过我今天知道了
不过我今天知道了,这极限运动就是玩命 是一种豁出去的精神
这极限运动就是玩命 是一种豁出去的精神,也是一种置之死地而后生的态度
也是一种置之死地而后生的态度,你说你当时怎么就想出来这么接受采访
你说你当时怎么就想出来这么接受采访,我高中的时候在电视里看到一则报道
我高中的时候在电视里看到一则报道,一家三口因为车祸 父母双亡 这个小男孩失去了双腿
一家三口因为车祸 父母双亡 这个小男孩失去了双腿,在人世间无依无靠
在人世间无依无靠,甚至连一个健全的身体都没有
甚至连一个健全的身体都没有,后来随着小男孩慢慢的长大
后来随着小男孩慢慢的长大,渐渐地感觉到了社会上歧视的眼光
渐渐地感觉到了社会上歧视的眼光,各种不公平有色的眼睛
各种不公平有色的眼睛,他非常痛苦
他非常痛苦,他曾经几次想随自己的父母而去
他曾经几次想随自己的父母而去,可突然有一天她在一个报纸上看到了一个特别美丽的山
可突然有一天她在一个报纸上看到了一个特别美丽的山,在想如果有一天我要能爬到这座山上
在想如果有一天我要能爬到这座山上,看看这山上的风景是什么样子的多好
看看这山上的风景是什么样子的多好,好多人都劝他
好多人都劝他,你别去了
你别去了,根本不可能
根本不可能,你达不到你做不到
你达不到你做不到,那人就不信了
那人就不信了,你别说 那人还真爬上去了 后来就成为第一个只靠上半身爬山
你别说 那人还真爬上去了 后来就成为第一个只靠上半身爬山,五石山的人
五石山的人,在山上他说
在山上他说,别看我没有脚
别看我没有脚,可是我却把整个山踩在脚下
可是我却把整个山踩在脚下,你不觉得你和他比起来
你不觉得你和他比起来,你比他幸运得多吗
你比他幸运得多吗,后来我才发现
后来我才发现,都是骗人的
都是骗人的,这人跌倒了
这人跌倒了,就别再想爬起来
就别再想爬起来,我从来就没有见过小孩子在学走路的时候摔倒了就永远坐在地上
我从来就没有见过小孩子在学走路的时候摔倒了就永远坐在地上,妈 你今天看起来气色特别的好
妈 你今天看起来气色特别的好,18岁黄花大闺女似的
18岁黄花大闺女似的,头还疼吗
头还疼吗,不疼
不疼,我昨天晚上睡得挺好的
我昨天晚上睡得挺好的,那就好
那就好,你看这外面空气多好
你看这外面空气多好,以后我常抽出点时间来陪您转转
以后我常抽出点时间来陪您转转,我跟你爸上大学的时候也常常出来在海边散步
我跟你爸上大学的时候也常常出来在海边散步,那个海湾没有这么大
那个海湾没有这么大,可是风景也是挺好看的
可是风景也是挺好看的,你现在跟你爸年轻时候一样
你现在跟你爸年轻时候一样,敢说敢干什么都不怕
敢说敢干什么都不怕,用你们年轻人的话说
用你们年轻人的话说,在学校里都是风云人物
在学校里都是风云人物,我记得大学毕业的时候
我记得大学毕业的时候,有一天你爸来找我
有一天你爸来找我,说要跟我分手
说要跟我分手,我问他为什么
我问他为什么,他说要北上去创业
他说要北上去创业,你说爱上这么一个男人有什么办法
你说爱上这么一个男人有什么办法,在他心里事业比什么都重要
在他心里事业比什么都重要,为了事业他可以抛弃一切
为了事业他可以抛弃一切,但我不行
但我不行,我不能离开他
我不能离开他,于是
于是,我就离开父母跟他走了
我就离开父母跟他走了,走这么远
走这么远,对吗
对吗,我本来以为
我本来以为,我本来以为我的父母会原谅我
我本来以为我的父母会原谅我,没想到
没想到,没想到这么长时间了
没想到这么长时间了,没有想到
没有想到,选择了你爸爸我不后悔
选择了你爸爸我不后悔,我一辈子都不后悔
我一辈子都不后悔,你知道女人最大的心愿是什么
你知道女人最大的心愿是什么,不是年轻漂亮
不是年轻漂亮,不是财富
不是财富,是儿子和丈夫的平安健康
是儿子和丈夫的平安健康,你爸爸的事业现在做的越来越大了
你爸爸的事业现在做的越来越大了,我最担心的就是他的身体
我最担心的就是他的身体,可是没想到他的身体没有问题
可是没想到他的身体没有问题,还出了这么大的事儿
还出了这么大的事儿,你说你爸出事也不是一天两天了
你说你爸出事也不是一天两天了,都过去这么久了
都过去这么久了,你也应该有个心理准备和缓冲期
你也应该有个心理准备和缓冲期,干吗还反应这么大
干吗还反应这么大,大姑
大姑,做好心理准备
做好心理准备,跟能不能面对是两个概念
跟能不能面对是两个概念,ok
ok,好比今天一个医生天天劝他的患者说
好比今天一个医生天天劝他的患者说,你得做好心理准备
你得做好心理准备,说不定哪天你就嘎嘣就死了
说不定哪天你就嘎嘣就死了,突然间那人真死了
突然间那人真死了,你说你难不难受
你说你难不难受,你伤不伤心
你伤不伤心,这根本就是之前你没有想好你爸爸会出什么样的事情
这根本就是之前你没有想好你爸爸会出什么样的事情,没宣判的时候你觉得可以逃避
没宣判的时候你觉得可以逃避,好
好,尘埃落定了
尘埃落定了,你觉得避无可避了
你觉得避无可避了,我就觉得活着没劲怎么着
我就觉得活着没劲怎么着,我出事以来我才发现什么是朋友
我出事以来我才发现什么是朋友,狗屁
狗屁,我爸活那么大岁数了
我爸活那么大岁数了,落这么一个下场
落这么一个下场,你说我活着有什么意思
你说我活着有什么意思,那你干吗不去死
那你干吗不去死,不是
不是,我说你干嘛不去死
我说你干嘛不去死,你既然觉得活着没什么意义
你既然觉得活着没什么意义,那干嘛不去死
那干嘛不去死,这不是很简单的道理吗
这不是很简单的道理吗,我告诉你 我服你行吗
我告诉你 我服你行吗,今天但凡是个人都能安慰我两句
今天但凡是个人都能安慰我两句,哪怕给我一点点的安慰 你可倒好
哪怕给我一点点的安慰 你可倒好,不但不安慰我
不但不安慰我,还往我的伤口上撒盐 一撒就是半斤
还往我的伤口上撒盐 一撒就是半斤,你好意思吗
你好意思吗,你那是伤口吗
你那是伤口吗,用放大镜都找不到
用放大镜都找不到,我问你 你是缺胳膊少腿了
我问你 你是缺胳膊少腿了,你不就是破产没钱吗
你不就是破产没钱吗,你看看我 看看你的朋友
你看看我 看看你的朋友,我说的是真朋友
我说的是真朋友,不是那些狐朋狗友
不是那些狐朋狗友,你看看我们哪一个不是草根
你看看我们哪一个不是草根,天天跟你一样要死要活的
天天跟你一样要死要活的,你说你是大脑无力还是缺心少肺的
你说你是大脑无力还是缺心少肺的,你自己不会赚钱
你自己不会赚钱,自己不会养活自己吗
自己不会养活自己吗,好
好,你天天嚷嚷着说江叔叔不配当你的爸爸
你天天嚷嚷着说江叔叔不配当你的爸爸,他现在没钱了
他现在没钱了,判刑了 你又觉得天好像塌下来一样
判刑了 你又觉得天好像塌下来一样,你要是自己有本事
你要是自己有本事,你就自己想辙 自己努力赚钱养活你妈
你就自己想辙 自己努力赚钱养活你妈,要是没本事就死了
要是没本事就死了,算了 看着就烦
算了 看着就烦,你别逼我 我告诉你
你别逼我 我告诉你,你别以为我不敢死
你别以为我不敢死,我跳给你
我跳给你,你别以为我不敢
你别以为我不敢,我告诉你
我告诉你,你要真跳下去 我就服你了
你要真跳下去 我就服你了,是不是
是不是,看见没有
看见没有,跳啊
啊,一飞 都快毕业了
一飞 都快毕业了,也不见你去面试 等着喝西北风啊
我帮你拾掇拾掇房子,一飞
一飞,咱两可是心知肚明
咱两可是心知肚明,没有你那个大房子
没有你那个大房子,我可是撑不下去的
一点不做作,我倒是想做作 我做作的了吗
我倒是想做作 我做作的了吗,我跟着你 这一天到晚不着调的
我跟着你 这一天到晚不着调的,我还不是想在这个大城市能落个根
我还不是想在这个大城市能落个根,我的下一代也是大城市
按我们行内里那是神 泡沫 一戳就破了,你可别为了提高自己就贬低我哥
明天我就给他毕业论文交钱去,这个事做得好
这个事做得好,你说这几年我们也没少吃
你说这几年我们也没少吃,他 用他的
以前恨不得背着他走,行行
行行,我们不说别人了
我们不说别人了,跟你说个事
跟你说个事,我这要不要提前见一次你父母
我这要不要提前见一次你父母,第一次就搬进去
第一次就搬进去,不合适吧
你得耽误他多少圈麻将,一家子没正经
一家子没正经,杨总家的party 杨小慧
杨总家的party 杨小慧,你见着了吗
你见着了吗,小惠
小惠,杨总的女儿 杨小惠呀
杨总的女儿 杨小惠呀,见着了吗
见着了吗,见了见了 小惠
见了见了 小惠,就头发 有头发那个
就头发 有头发那个,特长那个
特长那个,皮肤那是极好的
皮肤那是极好的,你没把人约出来单独坐一坐
你没把人约出来单独坐一坐,小惠可惦记你了 你连正眼瞧人家一下 你都不
小惠可惦记你了 你连正眼瞧人家一下 你都不,不愿意
不愿意,我眼睛
我眼睛,可正了
可正了,去了吗
去了吗,你到底去没去 跟我说实话
你到底去没去 跟我说实话,妈妈 我
妈妈 我,错了
错了,你不要再逼我了
你不要再逼我了,我没有看到小惠
我没有看到小惠,贫什么
贫什么,你是真的不知道咱们家现在的状况是不是
你是真的不知道咱们家现在的状况是不是,妈妈费了多少口舌
妈妈费了多少口舌,杨总才愿意见咱们 是不是 要不是小惠还惦记着你
杨总才愿意见咱们 是不是 要不是小惠还惦记着你,你有这个机会吗
你有这个机会吗,睁开眼听着
睁开眼听着,讨厌
讨厌,你以为你是谁
你以为你是谁,你装什么
你装什么,糊涂啊
糊涂啊,如果你现在还看不上
如果你现在还看不上,看不上人家杨小惠 根本就不行
看不上人家杨小惠 根本就不行,杨总才是咱们家的大福星
杨总才是咱们家的大福星,大福星
大福星,大救星 你只有跟小惠交往
大救星 你只有跟小惠交往,跟小惠交往
跟小惠交往,咱们才可能回到过去那种生活的圈子里
咱们才可能回到过去那种生活的圈子里,你知道吗
你知道吗,什么圈子 我看不见
什么圈子 我看不见,干嘛 别 打人了
干嘛 别 打人了,我错了 错了
我错了 错了,装什么傻 你气死我呀你
装什么傻 你气死我呀你,我错了
我错了,你别再逼我了
你别再逼我了,行 我错了
行 我错了,我告诉你 从爸爸
我告诉你 从爸爸,离开这个家
离开这个家,你就有全部的责任
你就有全部的责任,这家就指着你了
这家就指着你了,你知道吗
你知道吗,指我什么
指我什么,你当拍古装戏
你当拍古装戏,就算是拍古装戏
就算是拍古装戏,也有个因果报应
也有个因果报应,贫哪
贫哪,还没贫够
还没贫够,来人了
来人了,调整一下情绪
调整一下情绪,你说这破事 一件
你说这破事 一件,接一件 怎么办
江焱的论文我给他送过去了,那么多钱全给抢手了
那哥们现在估计正哭着,我哥看到论文 表情怎么样
愁死我了,他那是气话
他那是气话,攀岩就是他的生命
攀岩就是他的生命,他不可能不参加的
你是没看见他现在那样,跟你说 我可是了解我哥的 攀岩就是他的精神支柱
跟你说 我可是了解我哥的 攀岩就是他的精神支柱,当时他爹非让他报什么金融系 可沮丧了
当时他爹非让他报什么金融系 可沮丧了,不就是靠这攀岩给撑过来的吗
他爹了,肖一飞
肖一飞,怎么那么讨厌啊你
怎么那么讨厌啊你,你怎么在这儿
你怎么在这儿,这个问题应该我问你
这个问题应该我问你,我的意思是你怎么在外面没有进去陪阿姨
我的意思是你怎么在外面没有进去陪阿姨,我妈睡觉了我怕吵到她
我妈睡觉了我怕吵到她,你怎么会跑到这来找我
你怎么会跑到这来找我,苏克把阿姨的情况都告诉我们了
苏克把阿姨的情况都告诉我们了,不着调
不着调,你应该感谢他
你应该感谢他,你的朋友真的都很关心你
你的朋友真的都很关心你,给你
给你,我查过了
我查过了,像阿姨这种状况通常都是受了很大的打击而造成的
像阿姨这种状况通常都是受了很大的打击而造成的,这个医生在这方面很有名的
这个医生在这方面很有名的,你有时间可以带他去查一查
你有时间可以带他去查一查,别煽情
别煽情,你可不是这种风格
你可不是这种风格,走了
走了,我告诉你我刚说的没错
我告诉你我刚说的没错,你就是现在很脆弱
你就是现在很脆弱,你别以为你刚跟爷们似的跟人打架
你别以为你刚跟爷们似的跟人打架,其实你就是心虚的表现
其实你就是心虚的表现,我没心虚
我没心虚,我高兴的很
我高兴的很,你怎么高兴了
你怎么高兴了,你看见人家开着你的车到处耀武扬威
你看见人家开着你的车到处耀武扬威,你心虚吧 看见人家随随便便拿3万块钱将你 你心虚吧 看着人家开着你曾经的游艇邀请你去钓鱼
你心虚吧 看见人家随随便便拿3万块钱将你 你心虚吧 看着人家开着你曾经的游艇邀请你去钓鱼,你敢说你不心虚吗
你敢说你不心虚吗,我说江焱你就别装了
我说江焱你就别装了,你以为你现在硬着头皮可以扛过这一切
你以为你现在硬着头皮可以扛过这一切,我告诉你根本就不可能
我告诉你根本就不可能,你以为你现在跟人家打一架就可以让人家闭嘴
你以为你现在跟人家打一架就可以让人家闭嘴,那也不可能
那也不可能,除非你用自己的实力证明
除非你用自己的实力证明,你证明给他们看
你证明给他们看,你闭嘴行不行
你闭嘴行不行,嘴长在我的脸上
嘴长在我的脸上,我爱怎么说想怎么说 不行
我爱怎么说想怎么说 不行,你打我
你打我,你这不是无赖吗
你这不是无赖吗,我长这么大
我长这么大,第一次有人叫我无赖
第一次有人叫我无赖,我觉得特别好听
我觉得特别好听,大姐
大姐,我服了你了还不行吗
我服了你了还不行吗,不行
不行,那你想我怎么着
那你想我怎么着,请我喝汽水
请我喝汽水,你学中文自己决定的
你学中文自己决定的,对
对,你呢
你呢,学金融
学金融,肯定不是自己的决定
肯定不是自己的决定,何以见得
何以见得,你不喜欢
你不喜欢,看得出来
看得出来,没错
没错,我爸
我爸,听话的好孩子
听话的好孩子,那个时候我拼命的想考
那个时候我拼命的想考,考体育
考体育,体育学院 我爸
体育学院 我爸,我爸就是不让我上
我爸就是不让我上,攀岩
攀岩,你还真挺另类的
你还真挺另类的,不过
不过,没有攀岩这个系
没有攀岩这个系,来说说你怎么喜欢攀岩
来说说你怎么喜欢攀岩,不想说
不想说,好 我记着 我们全家就一起出去玩过一次
好 我记着 我们全家就一起出去玩过一次,我爸我妈
我爸我妈,还有我 我们一家三口去爬黄山
还有我 我们一家三口去爬黄山,你知道黄山有多高吗
你知道黄山有多高吗,在我印象中真的太高
在我印象中真的太高,那个时候我妈体力不好
那个时候我妈体力不好,爬一爬停一停
爬一爬停一停,我虽然小
我虽然小,但是我清楚地记得
但是我清楚地记得,登顶之后的第二天清晨
登顶之后的第二天清晨,云海中的日出
云海中的日出,太震撼
太震撼,从那时候开始我就爱上了攀岩
从那时候开始我就爱上了攀岩,我知道很多人都羡慕我
我知道很多人都羡慕我,因为我有个有钱的老爸
因为我有个有钱的老爸,对吧
对吧,我特想问问他们谁想跟我换一下
我特想问问他们谁想跟我换一下,行了啊
行了啊,你现在这么说
你现在这么说,原来肯定不这么想
原来肯定不这么想,所以你们所有人都不理解我
所以你们所有人都不理解我,不了解我
不了解我,有的时候我照镜子
有的时候我照镜子,特别怕镜子里的自己变成江长恩了
特别怕镜子里的自己变成江长恩了,不管怎么说
不管怎么说,他变成什么样
他变成什么样,他都是你爸
他都是你爸,他永远始终
他永远始终,始终都是你爸
始终都是你爸,你知道我最害怕什么吗
你知道我最害怕什么吗,我最怕我这辈子变得跟他一样 在自己的人生里充满了利益
我最怕我这辈子变得跟他一样 在自己的人生里充满了利益,最后因为贪婪变成这样一个下场
最后因为贪婪变成这样一个下场,人生不如意十有八九
人生不如意十有八九,我觉得不管怎么样
我觉得不管怎么样,走到哪一步
走到哪一步,每一个人要坚守住自己
每一个人要坚守住自己,一个底线
一个底线,然后努力的去达到自己的目的
然后努力的去达到自己的目的,你的目的是什么
你的目的是什么,凭本事挣钱
凭本事挣钱,让奶奶过上幸福的生活
让奶奶过上幸福的生活,你干嘛这么看我
你干嘛这么看我,平凡而伟大
江焱 走 别在这蹲着了,这是你家啊
我爸他们单位分的家属楼,不是你不说你家有大院子吗
走走回家,气死我了
倍儿小资吧,那你房间呢
怎么样,我睡哪
好吗,你胡说八道什么 你是谁老公
你胡说八道什么 你是谁老公,我问你 你租房为什么不跟我说一声
我问你 你租房为什么不跟我说一声,你真有意思
你真有意思,我问得着吗
我问得着吗,你不知道我没地方住吗
你不知道我没地方住吗,这房子我租了
这房子我租了,行 租你可以 你有钱吗
行 租你可以 你有钱吗,没有
没有,没钱租什么房
没钱租什么房,我没钱才租你房
我没钱才租你房,无赖
无赖,成交啊
成交啊,成什么交
成什么交,你说的成交
你说的成交,谁说成交成什么交了
谁说成交成什么交了,我租房是有用的
我租房是有用的,奶奶现在岁数大了
奶奶现在岁数大了,万一他生病了
万一他生病了,我得给她攒点钱什么的
我得给她攒点钱什么的,你不要瞎捣乱
你不要瞎捣乱,你干吗 干吗 干吗
你干吗 干吗 干吗,江焱 你就别给我瞎捣乱
江焱 你就别给我瞎捣乱,我没捣乱 我没
我没捣乱 我没,我给钱 你租多少我给多少
我给钱 你租多少我给多少,我给多少还不行吗
我给多少还不行吗,江焱
江焱,我不是不想租你房
我不是不想租你房,租你房 我真的想攒一点钱
租你房 我真的想攒一点钱,你拿来
你拿来,不可能 我不
不可能 我不,我就要租你房
我就要租你房,我就要租你房
我就要租你房,我跟你讲道理
我跟你讲道理,奶奶岁数大了
奶奶岁数大了,这腿脚也不好
这腿脚也不好,将来万一
将来万一,万一有个头疼脑热感冒发烧什么的
万一有个头疼脑热感冒发烧什么的,是不是
是不是,也好有个照应
也好有个照应,是不是
是不是,不过我可以
不过我可以,可以找邻居
可以找邻居,别人也可以帮忙的
别人也可以帮忙的,有我行吗
有我行吗,咱俩什么关系
咱俩什么关系,我问你什么关系
我问你什么关系,是不是朋友
是不是朋友,是不是铁瓷儿
是不是铁瓷儿,你那是
你那是,求他们 我这是义不容辞
求他们 我这是义不容辞,懂吗
懂吗,将来买米买面买粮打水洗衣服擦地刷全部我来
将来买米买面买粮打水洗衣服擦地刷全部我来,怎么样可以吧
怎么样可以吧,行
行,不过
不过,你得交房租
你得交房租,No problem
No problem,半年以后给你
半年以后给你,半年
半年,就仨月
就仨月,还得约法三章
还得约法三章,30章都行
30章都行,严肃点
严肃点,第一刚我说过的交房租
第一刚我说过的交房租,价钱跟奶奶商量
价钱跟奶奶商量,第二刚你自己说过的
第二刚你自己说过的,买米买粮买面粉擦地
买米买粮买面粉擦地,刷碗洗衣服全都你干
刷碗洗衣服全都你干,第三不许带人
第三不许带人,带人回来不许晚归
带人回来不许晚归,我真是猜不透这些面试官是怎么想的
我真是猜不透这些面试官是怎么想的,怎么样做他们才满意
怎么样做他们才满意,简直太过分了
跟家看孩子,看孩子 你养我 几斤几两
看孩子 你养我 几斤几两,你知道吗 前几天我去北斗星面试
你知道吗 前几天我去北斗星面试,那个地段
那个地段,地段 那个装修 简直跟我梦想中的一模一样
地段 那个装修 简直跟我梦想中的一模一样,如果我能去那儿工作
如果我能去那儿工作,听说那个公司都是承接上流社会的
听说那个公司都是承接上流社会的,大型活动
大型活动,用不了多久
用不了多久,就能跟商界名流搭上线儿
就能跟商界名流搭上线儿,说不定还能跟super star合张影
说不定还能跟super star合张影,有没有听我说
你吃不吃你不吃我吃了,拿去吧
我整一火箭把你弄上去,你还能开火箭
你还能开火箭,你要有本事你自个去面试
你学到了什么,汇率的运算
汇率的运算,金融的案例
金融的案例,还有一些谈判的技巧和相关的法律法规
你甚至不用动笔就算的出来,有时候也靠蒙
题目也想不起来了,老师是这样
老师是这样,我觉着题目太肤浅
我觉着题目太肤浅,我都不好意思说出来
我都不好意思说出来,在你们面前班门弄斧
在你们面前班门弄斧,太不好意思了
你该当如何是好,不管在任何时候都不能突破自己的道德底线
我问你诚信是不是属于道德底线,必须呀
可我该如何相信一个没有诚信的人说的话呢,不是 老师 说啥呢 我听不明白
不是 老师 说啥呢 我听不明白,快请坐
快请坐,请坐
请坐,这么好看的花儿
这么好看的花儿,太香了
不好意思,在这个时候
在这个时候,你能来 能叫我一声嫂子
你能来 能叫我一声嫂子,我已经很感谢了
您有任何事情都跟我说,没事
没事,我没事 挺好的
我没事 挺好的,我没事
我没事,我就在医院这么住着呗
我就在医院这么住着呗,公司怎么样
您放心,永诚 你看我儿子江焱马上就要毕业了
永诚 你看我儿子江焱马上就要毕业了,你说他能不能到公司去上班啊
江焱本身学的就是金融专业,是 我自己
是 我自己,的儿子我知道
的儿子我知道,以前就是不好好学习
以前就是不好好学习,把所有的时间都浪费了
把所有的时间都浪费了,我觉得他现在有点变好了
我觉得他现在有点变好了,我想让他到公司去跟着你
我想让他到公司去跟着你,那不是能学很多东西吗
不是问题,这做手术我觉得就是有风险
这做手术我觉得就是有风险,这事我还是想再考虑
这事我还是想再考虑,考虑 现在
考虑 现在,主要是江焱能走上正道
主要是江焱能走上正道,能到公司去上班那就最好了
能到公司去上班那就最好了,你看你这坐着半天
你看你这坐着半天,我都没给你倒口水
我都没给你倒口水,我给你倒水
负责,我知道
永远不晚,老师
谁送的,我爸送给我的
你知道它的寓意吗,寓意
永远达不到终点,我真是不明白
我真是不明白,你说这一破墙壁有什么好怕的
你说这一破墙壁有什么好怕的,人家说呀 这代表一种拼搏精神
人家说呀 这代表一种拼搏精神,努力向上
努力向上,还精神呢
还精神呢,我觉得他们就吃饱了没事干
我觉得他们就吃饱了没事干,你说
你说,工作都还没找着
工作都还没找着,哪有力气爬墙
哪有力气爬墙,你呢
你呢,公司面试有消息了吗
公司面试有消息了吗,我真为那些错失我的公司
我真为那些错失我的公司,感到惋惜
感到惋惜,没事
没事,这总会有人识货的
这总会有人识货的,识货 识货 到现在都没见到过识货的
识货 识货 到现在都没见到过识货的,我跟你说我这两天
我跟你说我这两天,着急上火了
着急上火了,你看
你看,我这跳一大豆
我这跳一大豆,前两天宿舍都收到通知单了
前两天宿舍都收到通知单了,叫我们这两个星期就卷铺盖走人
叫我们这两个星期就卷铺盖走人,晚上睡不着觉
晚上睡不着觉,不是说你要去肖一飞家住吗
不是说你要去肖一飞家住吗,但凡
但凡,有个家
有个家,谁想寄人篱下
谁想寄人篱下,而且你说他那人那么不靠谱
而且你说他那人那么不靠谱,根本就不能算是一个男人
根本就不能算是一个男人,你别这么说他他对你挺好的
你别这么说他他对你挺好的,尤其是对你特别真
尤其是对你特别真,他也就只剩下这点真了
他也就只剩下这点真了,要不是这样我还坚持不下去了
要不是这样我还坚持不下去了,我现在真有点动摇了
我现在真有点动摇了,潘叔叔
潘叔叔,最近怎么样
最近怎么样,潘叔 你瘦了
你怎么样,刚毕业找工作
说吧 有什么要求,潘叔 还是你了解我
潘叔 还是你了解我,其实我要求也不高
其实我要求也不高,你说我也不需要解决什么户口问题
你说我也不需要解决什么户口问题,是不是
是不是,你看我也不想要什么CEO UFO
你看我也不想要什么CEO UFO,我呢 刚开始干 也不多
我呢 刚开始干 也不多,咱们就2万一个月
咱们就2万一个月,等回头我熟悉点工作之后
等回头我熟悉点工作之后,咱们就一个月五六万都行
咱们就一个月五六万都行,还有 潘叔
还有 潘叔,你找那工作尽量别加班
你找那工作尽量别加班,我回去还照顾我妈
我回去还照顾我妈,再说我这一堆事
再说我这一堆事,你就看着安排
等我消息好吧,什么都别说了
什么都别说了,我先走了潘叔
我先走了潘叔,回头我等您消息
我不送了,拜拜
拜拜,我跟潘叔谈过了
我跟潘叔谈过了,他对我特别的信任
他对我特别的信任,估计
估计,过不了多久就会给我安排个职位
过不了多久就会给我安排个职位,到时候我就可以上班挣钱了
到时候我就可以上班挣钱了,把你美的 是真的吗
把你美的 是真的吗,骗你干嘛
骗你干嘛,你到那里听潘叔叔的话
你到那里听潘叔叔的话,别摆大少爷的臭架子知道吗
别摆大少爷的臭架子知道吗,知道
知道,你小心点手我来吧
你小心点手我来吧,对了
对了,我租了一个房子
我租了一个房子,等你病好了
等你病好了,搬过去和我一起住
搬过去和我一起住,长本事了 都会自己租房子了
长本事了 都会自己租房子了,我不但会租房子
我不但会租房子,我还会削苹果
我还会削苹果,饭后一个果疾病远离我
饭后一个果疾病远离我,小样儿 真是
小样儿 真是,来一口 来一口
你了解我 该怎么办你说了算,潘叔
潘叔,我好歹叫你一声说你叔 你不带这么玩的
我好歹叫你一声说你叔 你不带这么玩的,不是说好了就走一过场吗
不是说好了就走一过场吗,您可倒好
您可倒好,找那什么罗浩
找那什么罗浩,当那么多人面损我一顿
谁知道你成绩这么差,别跟我谈
别跟我谈,成绩 潘叔 好吗
成绩 潘叔 好吗,我今儿就问你一句话
我今儿就问你一句话,我的工作怎么办
对不对,我不管
我不管,不是 那 什么意思
不是 那 什么意思,就黄了呗 这事
公司为你提供一个实习生职位 怎么样 年轻人多学习一点点,实习生
实习生,多少钱啊
多少钱啊,就1万啊
一千,潘叔 潘哥 你真是我哥
潘叔 潘哥 你真是我哥,不是说好不许晚归的吗
不是说好不许晚归的吗,你脸怎么啦
你脸怎么啦,怎么又是一副要死不活的表情
怎么又是一副要死不活的表情,你实话告诉我
你实话告诉我,我这个人是不是真的一无是处 什么都做不了
我这个人是不是真的一无是处 什么都做不了,要听实话吗
要听实话吗,实话太刺激人
实话太刺激人,其实我想说的是你很聪明
其实我想说的是你很聪明,但是没有好好利用
但是没有好好利用,你说我数学啊 现在都有计算机了
你说我数学啊 现在都有计算机了,我这算什么天分
我这算什么天分,那说明你脑子好
那说明你脑子好,对数字敏感
对数字敏感,天生就是吃金融的饭
天生就是吃金融的饭,行了
行了,别的都瞎掰
别的都瞎掰,眼前第一要务就是找一份工作
眼前第一要务就是找一份工作,我找了
我找了,我不是没找 我去找潘叔了
我不是没找 我去找潘叔了,人根本就不帮我
人根本就不帮我,人家凭什么要帮你
人家凭什么要帮你,我
我,江焱
江焱,怨天尤人不是办法
怨天尤人不是办法,眼下最关键的就是你要面对现实放低姿态
眼下最关键的就是你要面对现实放低姿态,如果你继续抱着好高骛远的心气儿
如果你继续抱着好高骛远的心气儿,肯定处处碰壁啊
肯定处处碰壁啊,解决当下困难才是最重要的
解决当下困难才是最重要的,也许你说的没错
也许你说的没错,我真是高估我自己了
我真是高估我自己了,对啊你才知道
对啊你才知道,说好了你不刺激我的
说好了你不刺激我的,谁说的
谁说的,坚强的女人啊
坚强的女人啊,给我肩膀靠一靠吧
给我肩膀靠一靠吧,干嘛
干嘛,啊你
啊你,我不干嘛
我不干嘛,你小点声 一会上去别吵醒奶奶
你小点声 一会上去别吵醒奶奶,还有邻居
来 进来 怎么样,还不错
还不错,自己的小天地
自己的小天地,搞的不错
搞的不错,没想到你这么爱看书
没想到你这么爱看书,弄得跟书香门第似的
我这没热水我就不给你沏茶了,跟我还客气
跟我还客气,等会我上个厕所
在楼下呢,楼下哪呢
就咱们刚才见面的地方,你把空调开开 热死了
没空调,你住这干嘛
离咱们上班的地方又近,哪儿近
再说我伙食费才多少钱呢,那你没想着
那你没想着,没想回老家
我觉得年轻人应该有一些梦想,你的梦想是搞房地产
我觉得坚持一定没有问题,苏克 我现在 挺刮目相看你
苏克 我现在 挺刮目相看你,以前我觉得你特别像一软柿子
以前我觉得你特别像一软柿子,现在我觉得你这心里比谁都有劲
小柳在公司等我们 一会该着急了,急什么急
急什么急,一天天带着一帮不靠谱的客户看这看那
一天天带着一帮不靠谱的客户看这看那,看的多买的少 净撒谎
看的多买的少 净撒谎,我现在撒的谎都赶上我上辈子积习下来的了
你上厕所又着急 下去吧,再不上厕所 都憋出前列腺炎了
走吧,被人欺负了还不能报警
被人欺负了还不能报警,弄了半天碰上一个黑中介
什么黑中介,没看电视啊
没看电视啊,骗完客户骗户主的
骗完客户骗户主的,把钱转钱就走人 那就是黑中介
咱们没办法,什么叫没办法
什么叫没办法,这活我干不了
我的客户都在等我的消息,别再天真了
别再天真了,苏克
苏克,一般说让你等消息就是没有消息了
一般说让你等消息就是没有消息了,一般说我再想想就不再考虑了
一般说我再想想就不再考虑了,一般说让你晚点给他打电话就别再打了
一般说让你晚点给他打电话就别再打了,明白吗
明白吗,你好哪位
你好哪位,李姐你好
李姐你好,你好
你好,我在
我在,好勒我这就过去好勒
怎么了,还记得学区房那李姐吗
还记得学区房那李姐吗,那么大房子买了
那么大房子买了,下个月吃喝全靠他
你不说公司不靠谱吗,咱俩靠谱不就完了吗
咱俩靠谱不就完了吗,公主 该换衣服了
公主 该换衣服了,别进来
别进来,换个衣服吧
换个衣服吧,穿上这个衣服就更像小公主了
穿上这个衣服就更像小公主了,过来 来
过来 来,我要粉色的
我要粉色的,要粉色的
要粉色的,这个不喜欢吗
这个不喜欢吗,行
行,我给你换粉色的
我给你换粉色的,老罗 快拿来 酸奶来 让孩子喝酸奶
老罗 快拿来 酸奶来 让孩子喝酸奶,粉色的
来了,爷爷 别过来
爷爷 别过来,冰冻爷爷
冰冻爷爷,粉色找到了
粉色找到了,冰冻奶奶
冰冻奶奶,你们可以给我换衣服了
你们可以给我换衣服了,公主殿下
遵命,咱们穿衣吧
喝酸奶,不要管孩子喝酸奶的事情
不要管孩子喝酸奶的事情,你啊 再帮我找两包湿纸巾
你啊 再帮我找两包湿纸巾,乡下的细菌多
乡下的细菌多,到时候 替她擦擦手
到时候 替她擦擦手,我告诉你 那家人混得没有我们家好
我告诉你 那家人混得没有我们家好,他们要是没什么 快去
好 那酸奶一会儿路上去喝,来
来,换换来 转过来
换换来 转过来,好孩子
好孩子,奶奶的小宝贝
奶奶的小宝贝,看看
看看,怎么说啊
我妈没接,这就是你妈 你说这茜茜一路给她带下去怎么办
这就是你妈 你说这茜茜一路给她带下去怎么办,将来一定是蛮不讲理的
这小题大做了吧,我这还小题大做呢
我这还小题大做呢,这丢人都丢到别人家里了
这丢人都丢到别人家里了,老话说得对
老话说得对,不能隔辈人带
不能隔辈人带,你看茜茜 整个一娇公主
你看茜茜 整个一娇公主,宁可尿裤子都不上人家那厕所
女孩就得教惯着带,你怎么老有话说啊
你怎么老有话说啊,这什么思想啊 你该检讨一下自己了
你跟电脑起什么腻呀你,我觉得
我觉得,我太自私了
你确实挺自私的,你说咱们这两年到底为孩子做了什么呀
你说咱们这两年到底为孩子做了什么呀,是 咱们是挣了钱
是 咱们是挣了钱,买了大房子
买了大房子,吃得好 喝得好
吃得好 喝得好,玩得开心
玩得开心,可比起别的家长
可比起别的家长,我们根本不够资格呀
所有的风雨都咱俩扛,那咱俩要死了呢
就算有那一天 那茜茜也有自己的老公,可万一她的老公远远不如你优秀
可万一她的老公远远不如你优秀,怎么办呢
你终于说了一句真心话,就这一句是假的
就这一句是假的,好了好了 跟你开玩笑呢
好了好了 跟你开玩笑呢,来坐下来 坐下来
来坐下来 坐下来,我是有事跟你商量
我是有事跟你商量,从前我太大意了
从前我太大意了,以为竞争只是在大人之间
以为竞争只是在大人之间,根本没把孩子当回事
根本没把孩子当回事,没想到咱们孩子比别人落了那么远
落了哪么远了,茜茜到现在还生活在童话世界里
茜茜到现在还生活在童话世界里,说话跟动画片似的
她自然地说话就正常了,罗素 咱们俩商量一下
罗素 咱们俩商量一下,从今以后
从今以后,咱们俩可以为茜茜去活着 行吗
你能不能告诉我你今天见到张潮什么心情,你有完没完
你有完没完,你还惦记这个事情 你在想什么呢
你还惦记这个事情 你在想什么呢,不就是当年一个
不就是当年一个,当年一个跑圈男吗
当年一个跑圈男吗,我告诉你一个不知道的事
我告诉你一个不知道的事,我们单位的吴姐
我们单位的吴姐,我今天陪她孩子去重点小学面试了
我今天陪她孩子去重点小学面试了,那些家长好像跟疯了一样
那些家长好像跟疯了一样,那些孩子已经太了不起了
那些孩子已经太了不起了,没上小学已经会1500个字了
没上小学已经会1500个字了,加减乘除 拼音 英语奥数 艺术 门门精
加减乘除 拼音 英语奥数 艺术 门门精,可咱家茜茜呢 天天 爷爷奶奶爸爸妈妈 什么都不会呢
那些家长不是好像跟疯了一样,那是什么
是已经疯了,罗素 我已经决定了
罗素 我已经决定了,我不打算让茜茜回去了
我不打算让茜茜回去了,从现在开始
从现在开始,我们两个带茜茜
你,我不要她再生活在童话世界里了
我不要她再生活在童话世界里了,我要把她带进现实
这孩子哭成这样了,我这不是为她好吗
我这不是为她好吗,都这么大了
都这么大了,还用别人动手给她刷牙
还用别人动手给她刷牙,说出去人都笑话
说出去人都笑话,你真好意思帮 这个没原则的人
你看看,嘴巴张那么大干吗
嘴巴张那么大干吗,初见成效啊
我太崇拜你了,那是
那是,来出去 快
来出去 快,罗素你给我记着 以后在茜茜面前你再也不许提游戏这两个字
罗素你给我记着 以后在茜茜面前你再也不许提游戏这两个字,她才刚刚有起色
你能不能别把你带手下喊口号那一套用在咱闺女身上啊,她已经被你们家人给带歪了
她已经被你们家人给带歪了,我要用最短的时间给她消毒
我要用最短的时间给她消毒,让她成为一个正常人
才5岁的孩子 该会的都会了,以后这句话你也不要说了
那我应该怎么说,你应该说 都5岁了
你应该说 都5岁了,还什么都不会
我的天呐,你给我听着
你给我听着,罗素
罗素,在爸妈那儿 已经耽误了茜茜5年的时间
长那么高的个 健健康康的 差哪了呀,我告诉你 差的是脑子和心
瞧你说的 咱闺女像白痴似的,如果再继续下去
如果再继续下去,离白痴已经不远了
你说你跟自己较什么劲呀,可能吧 带孩子实在太累了
可能吧 带孩子实在太累了,明天我们再去小学去考察一下
明天我们再去小学去考察一下,我再去盯她半个小时
哪个学校的你,还要问吗
还要问吗,肯定是第九小学
你怎么知道是第九小学,你没看到他穿着校服啊
你没看到他穿着校服啊,这附近就这一个小学 第九小学
就是菜市场啊,我不管你说什么
我不管你说什么,我绝不会让茜茜上那所小学
我绝不会让茜茜上那所小学,而且我已经跟张潮约好了
而且我已经跟张潮约好了,明天早上我们去学校找他
那天给名片 那就是一个不祥的开始,你能别胡说八道吗
你带着老公你怎么想的,谁说他是我前男友啊
谁说他是我前男友啊,你能不瞎编吗
你能不瞎编吗,再说我如果不带上你去
再说我如果不带上你去,那才叫有问题呢
要去你去 我才不去呢,罗素 我不是跟你说了吗
罗素 我不是跟你说了吗,从现在开始咱们要为茜茜而活着
从现在开始咱们要为茜茜而活着,我打听了 第三小学虽然是个区重点
我打听了 第三小学虽然是个区重点,但它的教学设施和师资力量都不比重点小学差
那就三个字 不可能,我告诉你 你爱去不去
我告诉你 你爱去不去,我是肯定会去的
你看你就强迫症吧你,红灯
跩什么呀,现在的家长都把孩子上学
现在的家长都把孩子上学,看成最重要的事情
看成最重要的事情,奇货可居懂吗
他不就是个区重点小学的人吗,区重点已经很好了
区重点已经很好了,你还指望我们家茜茜能够上全市最好的小学啊
要上还就上那第一小学 我气死张潮,你说的阿 罗素
你说的阿 罗素,咱们让茜茜上第一小学 上最好的小学
我说的,好啊
好啊,我觉得你比张潮要强多了
跟他比你是侮辱我,第一小学
第一小学,慢点开 慢点 停停停
慢点开 慢点 停停停,孩子过马路呢
孩子过马路呢,我动作好看吗
特好看,你看我 小肚子都起来了
你看我 小肚子都起来了,几天都不跳
几天都不跳,你干嘛呀你 耷拉那个脸
也不知道她真是为了孩子还是为了躲我,我们家的那个一样
我们家的那个一样,让我看一次孩子就像探监一样
让我看一次孩子就像探监一样,有时还有点呢
我儿媳妇说是要给牛牛转学转第一小学,转学 转什么学 你牛牛不是已经三年级了吗
这次是非转成不可,她可真行啊她
她可真行啊她,才21岁
才21岁,小学到初中就读了7年
小学到初中就读了7年,在英国念的研究生
在英国念的研究生,你听我说没有啊
那么厉害,咱们家茜茜如果能像她那样就好了
那是啊,你怎么回事
你怎么回事,你就知道玩这破游戏
我这找灵感,找什么灵感啊
找什么灵感啊,你跟我说
你跟我说,我刚说什么了
刚才说什么了,小心啊
对不对,算你会说
就是,特别有天分
我老婆才是全世界最有天分的人,我的妈呀 你嘴甜得简直令人晕倒
我的妈呀 你嘴甜得简直令人晕倒,晕倒啊
有灵感啦,什么灵感
就算过关了,爱情让僵尸不变成僵尸了
爱情让僵尸不变成僵尸了,壮壮妈
胜男 你好啊,有个事还想跟你聊呢
有个事还想跟你聊呢,我听说壮壮他爸是在教育口工作的
我听说壮壮他爸是在教育口工作的,那是不是你们家孩子上小学的事早就定下来了
我 我不太清楚,你那个听说过第一小学吧 壮壮他爸有没有跟你提过
第一小学,对啊
对啊,我跟茜茜她爸商量着
我跟茜茜她爸商量着,就想把孩子送到第一小学
你们把孩子送第一小学,就不知道你们家有没有认识这种相关的这些人
我觉得吧 有一个人他准能搞定,真的 谁啊 你认识吗
但你们家 倒有可能能认识,别绕弯子了
别绕弯子了,快点跟我讲讲呀
快点跟我讲讲呀,咱们俩一块送孩子也两年了
咱们俩一块送孩子也两年了,快点告我
你想想 你试试啊,你没有看见今天壮壮妈跟我说话那表情
你没有看见今天壮壮妈跟我说话那表情,一听说打听第一小学差点没把大牙给笑掉了
一听说打听第一小学差点没把大牙给笑掉了,第一小学有什么了不起的
第一小学有什么了不起的,咱们家茜茜还偏要上一个给她看看
我媳妇 她找削呢吧,她还让我去找教育部长
她还让我去找教育部长,要我认识教育部长
要我认识教育部长,我跟她废话
我跟她废话,第一小学有什么了不起
第一小学有什么了不起,就算教育部长
就算教育部长,来求我们茜茜
来求我们茜茜,咱家茜茜也不上
他随时可以帮忙,真的
真的,你怎么不早说呢
你了解你老公的真实实力吗,你才让我找不着北呢
你才让我找不着北呢,我想起来了
我想起来了,我们家不是有两瓶上好的法国红酒吗 给那翟总送过去
我们家不是有两瓶上好的法国红酒吗 给那翟总送过去,上次请他吃饭 他不是没来吗
上次请他吃饭 他不是没来吗,你就说我一直留着 舍不得喝 给他
你这太势利了吧,必须的啊
这老两口想孩子 都快想疯了,恩准了 恩准了
恩准了 恩准了,容易 小事一桩
容易 小事一桩,去去去
我老婆怎么那么通情达理啊,快给我说说清楚 老翟不干了
还问我要不要跟他一块走呢,你说呢
当然不想跟他一块走了,走啊 上刀山下火海 你也要跟他一块走
说实话罢了,怎么着
怎么着,难道是你说的
我就说实话了,翟总 居然是你给点的炮
公司一堆好项目等着启动呢,你这个叛徒 你这个走狗
的人权吧,作为人民有
作为人民有,但是作为家长你就没有
但是作为家长你就没有,你做这些干什么呢
这完全是浪费公司的资源,罗素 你知不知道茜茜因为你上不了
罗素 你知不知道茜茜因为你上不了,第一小学了
第一小学了,你知不知道
你知不知道,你知不知道啊
不能睁着眼睛说瞎话,可你知不知道就因为你的一冲动
可你知不知道就因为你的一冲动,我们的孩子已经输在起跑线上了
小学 至于吗 就输在起跑线上,翟总知不知道你点了他的炮啊
我说确实没有竞争力,那翟总什么反应呢
告诉我你可以走了,你也可以走了
你这干什么呀,现在 马上把衣服穿着
现在 马上把衣服穿着,连夜去翟总家跟他道歉 你要告诉他他那款游戏可有竞争力了
连夜去翟总家跟他道歉 你要告诉他他那款游戏可有竞争力了,明天你就辞职
明天你就辞职,以后翟总走到哪你就跟到哪
以后翟总走到哪你就跟到哪,你跟他去混
睁着眼说瞎话了吗,你就去嘛
你就去嘛,这游戏几十年我看下来 全都是打来打去 打来打去
这游戏几十年我看下来 全都是打来打去 打来打去,你说你开发新的项目
你说你开发新的项目,你还不是打吗
我都怀疑你 是不是在乎我的前程,我们的前程不重要
我们的前程不重要,孩子的前程现在是最重要的
你说什么,你知道现在竞争有多激烈吗
你知道现在竞争有多激烈吗,那些孩子们的竞争有多么残酷吗
那些孩子们的竞争有多么残酷吗,他们靠的是谁
他们靠的是谁,靠的就是像你这 像我这样的父母给他们创造条件
好了 老婆,对茜茜也太不公平了
太不公平了 老婆,她那么聪明
她那么聪明,那么可爱 你就不帮她吗
特靠谱,怎么不早说
所以,你就是想让我难堪是吗
我有什么好处啊,赶紧给爸打电话
变得也太快了,你每天早上都在第一小学门口卖烧饼吗
对啊,这里的学生是不是都吃你做的烧饼
这里的学生是不是都吃你做的烧饼,那他们看起来 是不是都特别的有素质
你买不买,给我来20个
来来来 你先尝一个,好吃
那当然 我的烧饼当然好吃,这第一小学门口的烧饼都长得不一样
烧饼自然而然就不一样,你妈
你妈,才不算狠呢
才不算狠呢,要是你爸那个老战友用最后一口气帮咱茜茜上了重点小学
要是你爸那个老战友用最后一口气帮咱茜茜上了重点小学,我年年给他上坟烧高香去
你这回 去几天啊,说不准呢
说不准呢,小赵闯的娄子得给她摆平啊
小赵闯的娄子得给她摆平啊,那个家电合约必须拿下
那个家电合约必须拿下,少则两三天
少则两三天,是妈让你问的吧
你怎么那么敏感呀,我跟你说 茜茜必须住在自己家里
我跟你说 茜茜必须住在自己家里,你不可以带回奶奶家
老婆 你说你这何苦呢,我不想我一回来 她又一身毛病
我不想我一回来 她又一身毛病,你说我们最近带她多好呀
你说我们最近带她多好呀,我不想前功尽弃啊
我不想前功尽弃啊,发誓
小狗狗,你对自己要求也太低了吧
你对自己要求也太低了吧,还有 饭后要给她吃一个维生素补充一下
小孩没事吃什么药啊,不是药
不是药,还有 我每天晚上会给家里打电话
还有 我每天晚上会给家里打电话,你必须要让茜茜接我的电话
行 行 我知道了,干嘛
他们会重新接受我们的报价呀,一个是靠胆量
一个是靠胆量,一个是靠之前的准备
一个是靠之前的准备,虽然我知道同类的商场对这个也感兴趣
虽然我知道同类的商场对这个也感兴趣,但是他们的推销方案
但是他们的推销方案,他们的推广力度都没有我们强
他们的推广力度都没有我们强,要知道这次家电革命对我们来说是一次机会
要知道这次家电革命对我们来说是一次机会,对这个品牌来说 那是非生即死的一场革命
对这个品牌来说 那是非生即死的一场革命,营销方案比价格要重要多了
是不是上午打的那几个电话,当然 这有我积攒多年的人脉
当然 这有我积攒多年的人脉,以后有机会 会介绍给你的
谢谢师傅,天哪 别叫我师傅了
天哪 别叫我师傅了,太老气了
太老气了,你叫我姐吧
姐,对了
对了,跟你说两句
跟你说两句,那个第一小学 你那个同学到现在还没有回话吗
足足有6个班呢,有六个班
她爸就已经说好让她去第一小学当老师了,要6个班的话
要6个班的话,茜茜的机会就大很多了
姐 您别着急 急也没用啊,我真想现在马上就回去
我真想现在马上就回去,对我应该给那边
对我应该给那边,我应该给那边打个电话
我应该给那边打个电话,看看能不能改在今天签约呢
签约改在后天了,那怎么行呢
那怎么行呢,茜茜还在生病呢
这样您还可以多两天 好好照顾照顾茜茜,行
行,那就麻烦你了
那就麻烦你了,有任何事情你记得给我打电话
这么多年了 你应该了解她,你不用老护着她
你不用老护着她,我告诉你 我想得开
我告诉你 我想得开,我就当我自己这一片好心 被狗吃了
我就当我自己这一片好心 被狗吃了,你说现在忙前忙后 人家不领你这个情嘛
你说现在忙前忙后 人家不领你这个情嘛,进了门就冲我发脾气
进了门就冲我发脾气,她当我是谁啊
她当我是谁啊,是你们家的老妈子
是你们家的老妈子,是保姆
是保姆,我告诉你 保姆都不是这样的待遇
正因为是自己家里人 熟不拘礼嘛,我看是缺家教
他们家呢 从小就知道上学 考试 上学 考试 确实缺点家教,我现在最恨的就是我这个儿子
我现在最恨的就是我这个儿子,当年他不听我的呀
当年他不听我的呀,如果听了我的
如果听了我的,他娶的是唐琳
他娶的是唐琳,那现在您就是太上皇
那现在您就是太上皇,我就是皇太后啊
还会给我们生个这么宝贝的茜茜,那是你错了
那是你错了,那么茜茜就是名副其实的格格
姐 姐,你媳妇太过分了
你媳妇太过分了,你看她把妈都气成什么样子了
你看她把妈都气成什么样子了,咱妈辛辛苦苦给你们带茜茜
咱妈辛辛苦苦给你们带茜茜,完了给你们当保姆
完了给你们当保姆,你说毕胜男 她到底想干什么
胜男 她 她是冲我呢 这回屋好 好一通给我道歉,装 你再接着装
装 你再接着装,我告诉你 你媳妇上学的时候就霸道
我告诉你 你媳妇上学的时候就霸道,也就我不怕她
也就我不怕她,把我逼急了
把我逼急了,我上你们家抄家去
回头告诉我姐 给她吓得脸都白了,演
演,你演得再像点
你演得再像点,你以为我信啊
这 也就你姐能懂,她买给我的
她买给我的,真的 
姐 你猜我昨天遇见谁了,谁啊
我遇见第一小学的校长了,是正的 是副的
这样咱们今年就可以先给他留下一个印象,那 如果茜茜她面试过了呢
谁让咱们家茜茜是神童呢 放心吧姐 这事儿我去搞定,太谢谢你了
太谢谢你了,来来来
别别别 我自己来我自己来,你看看 还有什么想吃的
你看看 还有什么想吃的,我就随便点了一点
我就随便点了一点,看看有什么你自己爱吃的
我口味跟您特像,要不说咱们是姐妹俩呢
要不说咱们是姐妹俩呢,我这手链好看吗
还有这这blingbling的,要不我说我们姐妹俩审美特别靠近呢
要不我说我们姐妹俩审美特别靠近呢,我这盒子里啊 有一个跟我手上戴的一模一样的手链
我这盒子里啊 有一个跟我手上戴的一模一样的手链,你一定要收下来
姐 这我不能收 你拿回去,你到底不当我是你亲姐
你到底不当我是你亲姐,这可是我挑的姐妹款
这可是我挑的姐妹款,如果你当我是你的亲姐
如果你当我是你的亲姐,那你就把它收下
姐,来 戴上
来 戴上,来来来
一切都在顺利的进行当中,好看吗
好看,你看 跟我这个一模一样
好看,妹妹 以后如果你把我当做亲姐姐
妹妹 以后如果你把我当做亲姐姐,你的事情就是我的事情
你的事情就是我的事情,说真话
说真话,你比我那个亲弟弟啊 还要懂事
你比我那个亲弟弟啊 还要懂事,还要贴心
终于实现了,你记不记得你原来问我到底跟哪些人打电话吗
你记不记得你原来问我到底跟哪些人打电话吗,这个是我工作多年积累的所有的重要客户的信息
这个是我工作多年积累的所有的重要客户的信息,这里面包括他们的电话号码
这里面包括他们的电话号码,生日和爱好
生日和爱好,从现在开始
从现在开始,你可以代表我直接去跟他们联系
姐,我告诉你 最重要的是人心
我告诉你 最重要的是人心,只要把握住人心
只要把握住人心,让他们觉得你是真心的为他们着想
让他们觉得你是真心的为他们着想,现实中有再难的问题都不是个问题
嗯 我记住了,来 喝点茶
来 喝点茶,在这儿
在这儿,谁不完整了
谁不完整了,谁不完整了 毕胜男 你疯了吧
谁不完整了 毕胜男 你疯了吧,你干嘛这么说我
你干嘛这么说我,你以为你有俩臭钱 喝点红酒 你就是贵族了
你以为你有俩臭钱 喝点红酒 你就是贵族了,你看你这样
你看你这样,整个一泼妇
整个一泼妇,泼妇
泼妇,你去问问你老公 你比我泼多了
你去问问你老公 你比我泼多了,问题是我从来都不否认
问题是我从来都不否认,我刚在等你的那会吧 我的气已经消了
我刚在等你的那会吧 我的气已经消了,要不还跟大学那会儿一样 捶我两下
要不还跟大学那会儿一样 捶我两下,我还真想锤
我还真想锤,你还真
你还真,你不让我打 那我踹
你不让我打 那我踹,你还动手 有没有搞错
你还动手 有没有搞错,你还踹我 气大了我
你还踹我 气大了我,行行行 可以了可以了 行了行了
行行行 可以了可以了 行了行了,你还来真的 给脸 长脸了你
你还来真的 给脸 长脸了你,你不会一辈子跟薛子峰都做那个天上的牛郎和织女吧
你不会一辈子跟薛子峰都做那个天上的牛郎和织女吧,他现在除了按时给我寄钱之外
他现在除了按时给我寄钱之外,电话已经不给我打了
电话已经不给我打了,所以我说你的人生是不完整的嘛
所以我说你的人生是不完整的嘛,你还不服气
你还不服气,你跟大学那会儿一模一样
你跟大学那会儿一模一样,爱自欺欺人
爱自欺欺人,逃避现实
逃避现实,一点长进都没有
一点长进都没有,我是来兴师问罪的
我是来兴师问罪的,怎么成你数落我了呢
怎么成你数落我了呢,真后悔当初让我弟弟娶你
真后悔当初让我弟弟娶你,我到现在为止 一点都没有享受到做大姑的尊严
我到现在为止 一点都没有享受到做大姑的尊严,哼哼
哼哼,罗丹 我知道你疼茜茜
罗丹 我知道你疼茜茜,但我真的求你了
但我真的求你了,不要给茜茜灌输你的人生哲学
不要给茜茜灌输你的人生哲学,我还没说完
我还没说完,这是因为我们从前有那么好的一个关系
这是因为我们从前有那么好的一个关系,那么多年了
那么多年了,我才跟你实话实说
我才跟你实话实说,我跟你说啊
我跟你说啊,爸妈他们隔辈带人
爸妈他们隔辈带人,误人
误人,等你将来有了孩子 就知道了
等你将来有了孩子 就知道了,就是因为我跟罗素太忙了
就是因为我跟罗素太忙了,我觉得你说得挺有道理的
我觉得你说得挺有道理的,虽然那是我亲爹亲妈
虽然那是我亲爹亲妈,但是我赞同你的意见
但是我赞同你的意见,你最可爱的地方就是你深明大义
你最可爱的地方就是你深明大义,而且呢
而且呢,特别听我的
特别听我的,所以呢 这个漂亮的小手链就送你了
所以呢 这个漂亮的小手链就送你了,送我干嘛
送我干嘛,我出差 又没给你买什么东西
我出差 又没给你买什么东西,你就戴着吧
你就戴着吧,你不会是因为
你不会是因为,罗素送我的香水吧
罗素送我的香水吧,求你 别再说罗素了
求你 别再说罗素了,他还能不了解咱俩吗
他还能不了解咱俩吗,已经变成我的炮灰了
已经变成我的炮灰了,又被我骂了
又被我骂了,真的
真的,嗯
嗯,别笑其实我每次骂完你弟 我特别的
别笑其实我每次骂完你弟 我特别的,不聊了不聊了
不聊了不聊了,不能笑不能笑 笑会有皱纹的
不能笑不能笑 笑会有皱纹的,知道吗
知道吗,今天我在院子里看到牛牛
今天我在院子里看到牛牛,特可怜
特可怜,就一个人在玩
就一个人在玩,没有人跟他玩
没有人跟他玩,知道为什么吗
知道为什么吗,因为其他的孩子都是重点小学的
因为其他的孩子都是重点小学的,只有牛牛不是
 牛牛跟你说的,我给你看看这个吧
我给你看看这个吧,来网上来扎堆
来网上来扎堆,全都是重点小学的父母开的
全都是重点小学的父母开的,父母开的 你看呀
别什么事都往那个没上重点小学上安,我告诉你
我告诉你,就是因为牛牛没上到重点小学他才会那么懦弱
就是因为牛牛没上到重点小学他才会那么懦弱,他才会那么懦弱
你怎么变得神经兮兮的呀,不想活了你 把你眼打瞎 看你怎么
不想活了你 把你眼打瞎 看你怎么,怎么打游戏
怎么打游戏,我告诉你
我告诉你,我们家茜茜一定可以上第一小学
我们家茜茜一定可以上第一小学,我就大人不计小人过 不跟你计较了
我就大人不计小人过 不跟你计较了,因为我知道这个世界上没有办不成的事儿
因为我知道这个世界上没有办不成的事儿,下一句呢 接
什么呀,你接呀 下一句呢
快松开,下一句
只有办不成事的人,那我问你 牛牛为什么那么懦弱那么不合群呢
急需人工呼吸,等我们家茜茜上了第一小学以后
等我们家茜茜上了第一小学以后,你就是第一小学学生的爸爸
你就是第一小学学生的爸爸,而我呢 就是第一小学学生的
而我呢 就是第一小学学生的,妈妈了
毕总,称呼都变了
您可别挑我,曹总已经跟我说了
曹总已经跟我说了,这个项目
这个项目,就是我半途而废回家带孩子
就是我半途而废回家带孩子,全靠你才拿下的
曹总执意一个人去 我让你跟我一块去,不就一个项目吗
不就一个项目吗,我根本就不在乎
我根本就不在乎,这个机会本该就是给你的
这个机会本该就是给你的,因为你为营销方案也提了不少意见
因为你为营销方案也提了不少意见,以后好好干
所以今年我就,别解释了
别解释了,别解释了
别解释了,我都明白
和其他孩子不一样,真的吗
真的吗,老师真有眼光
老师真有眼光,真的该谢谢老师
那我走了,你的魂啊 就是让这小丫头给拿住了
你的魂啊 就是让这小丫头给拿住了,她太知道你想要什么了
她太知道你想要什么了,明年这叫期货
明年这叫期货,她给你画饼呢 懂吗
她给你画饼呢 懂吗,可我一直是真心待她的呀
可我一直是真心待她的呀,她怎么可能做出这么狠 这么绝的事呢
她怎么可能做出这么狠 这么绝的事呢,那万一呢 万一她就这么狠心呢
那万一呢 万一她就这么狠心呢,我也就跟你嘀咕嘀咕
我也就跟你嘀咕嘀咕,人家黄俐啊 可是高材生 一路重点
人家黄俐啊 可是高材生 一路重点,正因为是这个 才要更加小心的
正因为是这个 才要更加小心的,从小打拼过来的人 都很有心眼的
从小打拼过来的人 都很有心眼的,为什么我总说啊 国外的人接触起来这么简单呢
为什么我总说啊 国外的人接触起来这么简单呢,因为他们从小都没有生活压力啊
因为他们从小都没有生活压力啊,你又扯到外国了
你又扯到外国了,罗丹 我发现你真有这个本事
罗丹 我发现你真有这个本事,你什么都能往外国去扯
你什么都能往外国去扯,我说的是实话啊
我说的是实话啊,赶紧走 赶紧走 别在国内待着了
赶紧走 赶紧走 别在国内待着了,就像爸说的 你这崇洋媚外
我才知道 姐 对不起啊,没什么大不了的
曹总让我跟您商量一下这次活动的礼品,看样子 你已经有想法了
还能给客户带来新鲜感,黄俐
黄俐,我们的客户人群主要是一些比较有经济条件的人
我们的客户人群主要是一些比较有经济条件的人,比较注重生活品质和品牌的人
比较注重生活品质和品牌的人,你给他们换成了新奇特的廉价产品
你给他们换成了新奇特的廉价产品,你有没有考虑到我们的消费人群呢
而且这样不是能够降低成本吗,细节决定成败
细节决定成败,越是这样别人不注意的地方
越是这样别人不注意的地方,越能体现出我们水准和诚意
越能体现出我们水准和诚意,知道吗
知道吗,你啊 幸亏跟我说一下
你啊 幸亏跟我说一下,这么年轻就独当一面
这么年轻就独当一面,是福也是祸
是福也是祸,不要太自负
不要太自负,知道吗
这是曹总吩咐进的,没想到你跟领导想到一块去了
没想到你跟领导想到一块去了,这是你做的年中策划是吗
我正准备向您汇报呢,我已经明确跟你说了
我已经明确跟你说了,这个不能做 做不了
提升我们的竞争力,这是耍小聪明你明白吗
这是耍小聪明你明白吗,你明白吗
可曹总说他很赞同,你为他省钱 他当然赞同了
你为他省钱 他当然赞同了,我们每年有大量的残次品
我们每年有大量的残次品,连厂商都答应无条件退货
连厂商都答应无条件退货,你为什么要拿这些搞活动去欺骗顾客呢
而且曹总也很赞同,这叫鼠目寸光
这叫鼠目寸光,你明白吗
你明白吗,越是白送 越要讲究品质
越是白送 越要讲究品质,你这是惯着那些厂商的毛病
你这是惯着那些厂商的毛病,毁掉我们企业长久的信誉
曹总,你别再跟我提曹总
你别再跟我提曹总,你这是拉着虎皮做大旗
过去好好行听过去,混这么多年 居然被一个小丫头片子给耍了
她拿你当病猫呢,关键她还耍心眼
关键她还耍心眼,她明明知道曹总在我后面
她明明知道曹总在我后面,她故意跟我说了好多话
她故意跟我说了好多话,而且我手下的骨干 已经全被她给抢走了
要没这事 你说她能有机会趁虚而入吗,我现在想想 觉得罗丹说的话还挺对的
我现在想想 觉得罗丹说的话还挺对的,她还真有先见之明啊
对不对,老公 我发现你实在太会做思想工作了
老公 我发现你实在太会做思想工作了,如果在战争年代 你肯定是个好政委
不要听爽死了,你怎么不还手啊 你
你怎么不还手啊 你,你这就不刺激了
那我给你来个刺激的,我本来打得就比你好 你还不还手 不还手 我不跟你玩了
我来抱你 踢死我了,快把这填了
快把这填了,这什么
这什么,报名表啊 我跟你说 这个学校口碑是最好的
报名表啊 我跟你说 这个学校口碑是最好的,看见没有 这么多人来报名
看见没有 这么多人来报名,我可是托了关系才拿到报名表的
我可是托了关系才拿到报名表的,我还没有下决心让茜茜念国际小学
我还没有下决心让茜茜念国际小学,你这动作也太快了吧
你这动作也太快了吧,你怎么不听话呢
你怎么不听话呢,我跟你说啊 国际小学真的比重点小学好多了
我跟你说啊 国际小学真的比重点小学好多了,茜茜要是上了国际小学的话
茜茜要是上了国际小学的话,将来找个男朋友 后半辈子就都不愁了
将来找个男朋友 后半辈子就都不愁了,她才几岁啊
她才几岁啊,你又说这种话
你又说这种话,别啰嗦了 填
别啰嗦了 填,就算上国际小学 我也没去别的学校考察一下
就算上国际小学 我也没去别的学校考察一下,我怎么知道这个好呀
我怎么知道这个好呀,我要全面考察一下
我要全面考察一下,不要考察了
不要考察了,学费我全包了
学费我全包了,我告诉你
我告诉你,瞧你这大气
瞧你这大气,你让薛子峰把美国买了
你让薛子峰把美国买了,这样茜茜上中学跟大学我都不操心了
这样茜茜上中学跟大学我都不操心了,好啊
好啊,借你吉言 我努力啊
借你吉言 我努力啊,校长出来
校长出来,你说什么
你说什么,不是 拿中国护照为什么
不是 拿中国护照为什么,拿中国护照为什么不能上啊
拿中国护照为什么不能上啊,那你干嘛给我报名表
那你干嘛给我报名表,你看我都托了你这么长时间了
你看我都托了你这么长时间了,我求求你了 好不好
我求求你了 好不好,这是我亲侄女
这是我亲侄女,我说你这个大头虾怎么总干不靠谱的事情
我说你这个大头虾怎么总干不靠谱的事情,都不打听清楚 就把我带来
都不打听清楚 就把我带来,我都听说过 只有外国人才能上
我都听说过 只有外国人才能上,国际小学 有什么了不起的
国际小学 有什么了不起的,黄俐 曹总都已经跟我说了
黄俐 曹总都已经跟我说了,你根本就不认识第一小学的校长
你根本就不认识第一小学的校长,你只不过知道报名途径 替他儿子抢了一个面试的名额
你只不过知道报名途径 替他儿子抢了一个面试的名额,以后不要拿这些没谱的东西 出去招摇撞骗
以后不要拿这些没谱的东西 出去招摇撞骗,知道吗
怕你伤心,你什么意思啊
结果我可是一直都没有告诉你,你给我站住
你跟她一般见识 干什么,你知道吗
你知道吗,茜茜是处于最爱模仿的年纪
茜茜是处于最爱模仿的年纪,好吧
好吧,你姐给她化了妆 在院子里招摇过市
你姐给她化了妆 在院子里招摇过市,她会以为化妆是一件好事情
她又不是天天这样 偶尔为之嘛,我女儿是她的玩具吗
我女儿是她的玩具吗,你知道吗
你知道吗,茜茜现在比她同年的孩子 差得不是一点半点了
茜茜现在比她同年的孩子 差得不是一点半点了,这是什么原因 你知道吗
这是什么原因 你知道吗,这都是你跟我的责任
这都是你跟我的责任,是我们的疏忽
是我们的疏忽,让她比不过别的孩子了
让她比不过别的孩子了,第一小学面试真正的结果
第一小学面试真正的结果,你知道吗
你知道吗,她说我们的女儿就跟白痴一样
她说我们的女儿就跟白痴一样,白痴一样
老婆,环境对人的影响太大了
环境对人的影响太大了,如果茜茜去了一个不好的学校
如果茜茜去了一个不好的学校,周围全是像你姐一样的坏孩子
周围全是像你姐一样的坏孩子,她怎么办
她怎么办,所以我至少 得让她上一个区重点吧
你最近压力是不是特别大呀,是
是,连车位都抢不上了
连车位都抢不上了,如果不提前赶到
如果不提前赶到,车位就被人抢走
车位就被人抢走,一步赶不上
一步赶不上,我就步步赶不上了
是不是那黄俐又刺激你了,你不要跟我提她了
你不要跟我提她了,茜茜
茜茜,待会妈妈送你到奶奶家吃饭
待会妈妈送你到奶奶家吃饭,晚一点我接你回去的时候
晚一点我接你回去的时候,我们真的要多学一点新的词 好吗
我们真的要多学一点新的词 好吗,你真的一定要努力学习
你真的一定要努力学习,要不然将来会被别人看不起的
要不然将来会被别人看不起的,知道吗
知道吗,妈妈
妈妈,我会好好学习的
我会好好学习的,妈妈
妈妈,我不想涂指甲油了
我不想涂指甲油了,你回家想办法帮我抹掉好不好
你回家想办法帮我抹掉好不好,好不好
好不好,好啊
好啊,你为什么这么说呀
你为什么这么说呀,他们说好孩子不涂指甲油
他们说好孩子不涂指甲油,应该好好学习
应该好好学习,这是谁说的呀
这是谁说的呀,嘟嘟姐姐
嘟嘟姐姐,嘟嘟
嘟嘟,嘟嘟是那个是她奶奶住在我们小区的那个吗
嘟嘟是那个是她奶奶住在我们小区的那个吗,就是她
真懂事 这孩子 她还说什么了,她说好孩子不涂指甲油 应该好好学习
她说好孩子不涂指甲油 应该好好学习,还说以后要多吃青菜不挑食
还说以后要多吃青菜不挑食,嘟嘟姐姐可好了
嘟嘟姐姐可好了,她还拉着我跟牛牛玩呢
她还拉着我跟牛牛玩呢,是吗
是不是有什么事啊,当然有事了
当然有事了,你知道吗
你知道吗,茜茜今天主动要求我 把指甲油给擦了
茜茜今天主动要求我 把指甲油给擦了,因为她觉得丢人
就为这个啊,你猜他受谁的影响呢
你猜他受谁的影响呢,一个叫嘟嘟的姐姐
嘟嘟是谁啊,就上第一小学的那个 她奶奶住在咱们家小区
就上第一小学的那个 她奶奶住在咱们家小区,每个周末都过来吃饭的
我想起来了,你知道她告诉茜茜什么吗
说什么呀,她说不要擦指甲油
她说不要擦指甲油,对身体不好
对身体不好,吃饭的时候不要挑食
吃饭的时候不要挑食,要多吃青菜
要多吃青菜,要好好学习
说得都对啊,是啊 你看这么小的孩子 才比茜茜大一两岁
是啊 你看这么小的孩子 才比茜茜大一两岁,居然说出这样的话
居然说出这样的话,这是什么
这是什么,教育啊
教育啊,我已经把嘟嘟的底给摸清楚了
我已经把嘟嘟的底给摸清楚了,她连第一小学的面试都没有参加
她连第一小学的面试都没有参加,就直接上了
就直接上了,关键是她住在那
第一小学学区房,正确
我知道你要说什么了,罗素
罗素,你有没有想过
你有没有想过,如果茜茜周围有10个嘟嘟 100个嘟嘟 1000个嘟嘟 那对她的影响将是怎样
如果茜茜周围有10个嘟嘟 100个嘟嘟 1000个嘟嘟 那对她的影响将是怎样,巨大的呀
巨大的呀,她的命运会发生怎样的改变
她的命运会发生怎样的改变,近朱者赤
近朱者赤,近墨者黑
近墨者黑,人是容易受环境影响的
人是容易受环境影响的,而第一小学 它就有成百上千个像嘟嘟一样的好学生
你是不是有点疯狂啊,这怎么会疯狂了
这怎么会疯狂了,为孩子做一点事情
为孩子做一点事情,这算得上疯狂吗
你对咱自己的闺女还没有信心吗,我不是没有信心
我不是没有信心,我是要有责任
我是要有责任,你看曹总的儿子 他能上第一小学
你看曹总的儿子 他能上第一小学,咱家茜茜那么聪明 那么优秀
咱家茜茜那么聪明 那么优秀,为什么不可以让她上第一小学
你不能人云亦云,我是很强大
我是很强大,但我们的孩子很弱小啊
但我们的孩子很弱小啊,她长大之前我们都得为她负责任
钱呢 咱家没钱呀,咱们可以想想办法呀
想什么办法,咱可以先找爸妈借点
孩子上哪个学校不是上啊 干嘛给自己那么大压力啊,谁没有压力啊
谁没有压力啊,现实这么残酷
现实这么残酷,20出头的小孩在单位已经厉害成那样了
我不当这啃老族,我们不是啃老族
我们不是啃老族,我们在养小的
过了这村可就没这店了,他非得付全款吗
你再想想办法,大哥 不是100来万
大哥 不是100来万,是199万
您可连这房都留不住了,我跟你说你可别挂网上
您是我姐 我哪儿能啊,我得想想办法
是是是,这样吧
这样吧,明天早上给你答复
行行,别挂网上啊
她昨天有掐疼你吗,妈妈没掐我
没掐你那你为什么哭啊,因为我不想离开壮壮
因为我不想离开壮壮,爸爸 我们能不能不走
爸爸 我们能不能不走,我就壮壮这一个好朋友
但是以后你一定还会交到更多的好朋友,那以后会交到跟壮壮一样好的朋友吗
他们也会像壮壮对你那么好,真的
真的 高兴了吗,高兴
我觉得在那学到了特别多的知识,我说 我拿了你姐跟你妈的钱
我说 我拿了你姐跟你妈的钱,你不会生气吧
这件事 你们已经达成了高度的一致 我还有什么好说的,是
是,你妈和你姐是给了钱
你妈和你姐是给了钱,这不我爸也过两天从老家寄8万块钱来吗
这不我爸也过两天从老家寄8万块钱来吗,还有个事没跟你说
还有个事没跟你说,这两天我去了一下二手车市场
这两天我去了一下二手车市场,咱家那个车才开了一年半
咱家那个车才开了一年半,我估摸着 问了一下 大概能有一二十万吧
我估摸着 问了一下 大概能有一二十万吧,我跟你说一下
不堵车的情况下,骑自行车多好
骑自行车多好,我现在特别怀念我初中和高中的时候
我现在特别怀念我初中和高中的时候,每天骑着自行车穿过大街小巷 车水马龙
每天骑着自行车穿过大街小巷 车水马龙,你看现在 满大街都是车
你看现在 满大街都是车,到处都是尾气
到处都是尾气,空气污染 雾霾
空气污染 雾霾,你这骑着自行车 对空气净化 环保都有很大帮助呢
这才住了几年呀,咱俩当时买房子是为了茜茜
咱俩当时买房子是为了茜茜,现在把它卖了不也是为了茜茜的前途吗
现在把它卖了不也是为了茜茜的前途吗,对不对
我的挑空客厅,要不今晚咱俩就睡客厅得了
好主意,好主意是吧
姐 没想到你也会来给我祝贺啊,对不住啊
对不住啊,手伤了 也没法鼓掌了
天哪这怎么回事这是,我就是不太明白你这公关部的主要职能
我就是不太明白你这公关部的主要职能,是什么呀
那就该我们出马了,秘密武器啊
在我心里啊 您永远是我的师傅,小黄
小黄,这一年当中你不光是销售厉害
这一年当中你不光是销售厉害,连皮笑肉不笑的功夫也突飞猛进
连皮笑肉不笑的功夫也突飞猛进,对了
对了,千万不要说跟我学的
请客啊,你不帮我就算了
你不帮我就算了,你什么时候能学会不给我拖后腿呀
丢不丢人,丢人
丢人,我丢什么人
我丢什么人,我相信所有晨光家园里面跟咱们家闺女一样遭遇的家长
我相信所有晨光家园里面跟咱们家闺女一样遭遇的家长,都不希望孩子最后还是念的是第九小学
我就希望茜茜去读第九小学,因为你是个没有责任心的爸爸嘛
这根本不可能有家长去跟你胡闹,怎么会是胡闹呢
怎么会是胡闹呢,这是讨一个说法
这是讨一个说法,维护我们正当的权益
咱们回归简单生活得啦,你以为简单容易啊
你以为简单容易啊,这现实多残酷啊
这现实多残酷啊,我们单位都快人吃人了
我们单位都快人吃人了,你知道吗
你知道吗,喂您好
喂您好,对对对
对对对,我是那个1503的户主
我是那个1503的户主,对
对,那都是我贴的
那都是我贴的,您的情况跟我一样对不对
您的情况跟我一样对不对,今天晚上十点钟 在那个中心花园见
今天晚上十点钟 在那个中心花园见,因为有的家长啊 他下班比较晚
因为有的家长啊 他下班比较晚,所以定的十点
所以定的十点,对啊
对啊,因为我们这些很多家长很多人都没见过
因为我们这些很多家长很多人都没见过,所以在去谁家都不太合适
所以在去谁家都不太合适,不见不散
不见不散,对
对,感谢感谢
左手戴白手套,一看脸色就知道了
一看脸色就知道了,还用什么暗号啊
梅主任来了,梅主任 梅主任
你你怎么又跟跟到这来了,我跟您还没喝好呢
我是真的没办法,我跟您说啊
我跟您说啊,刚刚您喝的那个酒是我们家长集资买的
刚刚您喝的那个酒是我们家长集资买的,我知道您特别有量
我知道您特别有量,我怕您不够喝
我怕您不够喝,然后我从家里呢又拿了一瓶
然后我从家里呢又拿了一瓶,这在我们家已经搁了好多年了
这在我们家已经搁了好多年了,我就不知道您爱喝这种陈年的老酒呢
我就不知道您爱喝这种陈年的老酒呢,还是爱喝刚刚那个新酒
30年的,哎呀妈呀你太有研究了
哎呀妈呀你太有研究了,你太有研究了
你太有研究了,这是八几年的茅台
这是八几年的茅台,要不这样
要不这样,咱们就在隔壁找个地儿
咱们就在隔壁找个地儿,别喝边聊
你能喝,你别看我我挺有量的
你别看我我挺有量的,而且我刚看您哪 一直在说话
而且我刚看您哪 一直在说话,就没看你吃东西
就没看你吃东西,其实我也没怎么吃 我肚子饿了
其实我也没怎么吃 我肚子饿了,走 咱们坐会儿边喝边聊
这酒得省着点,老给我打打打 打什么打
我喝不过你,不不不 梅主任咱俩一定要喝一个来
我我就没见过您这么倔的倔的家长,你答应我了
你答应我了,你说我们茜茜可以了是不是
你说我们茜茜可以了是不是,是不是
我我 没办法,您给我出个招啊梅主任 我也不是当老师的 你快想
您给我出个招啊梅主任 我也不是当老师的 你快想,你快想嘛
除非,什么呀
是不是,等到明年我们茜茜就可以上第一小学了
等到明年我们茜茜就可以上第一小学了,喂爸
喂爸,你没睡吧
你没睡吧,丫头我没睡
丫头我没睡,跟他们家争取得怎么样了
跟他们家争取得怎么样了,他们家同意没有
他们家同意没有,我我没争取
我我没争取,为什么没有争取啊
为什么没有争取啊,他们家是不是仗着人多压你
他们家是不是仗着人多压你,我想了一下
我想了一下,如果真的一年不上学的话
如果真的一年不上学的话,问题也挺多的
问题也挺多的,你给我闭嘴
你给我闭嘴,这就不是我毕大千女儿说的话
这就不是我毕大千女儿说的话,你老爸
你老爸,在重点中学
在重点中学,当了了40年老师 比谁都清楚
当了了40年老师 比谁都清楚,那好学校多重要
那好学校多重要,可 可茜茜她自己真的很想去上学
可 可茜茜她自己真的很想去上学,小孩子什么都不懂
小孩子什么都不懂,你也跟着她犯糊涂是吧
你也跟着她犯糊涂是吧,我这么多年没教你了
我这么多年没教你了,你说你小的时候我要什么事都顺着你
你说你小的时候我要什么事都顺着你,依着你 能把你教育成这么出色吗
依着你 能把你教育成这么出色吗,我真的很想茜茜能够开开心心的
我真的很想茜茜能够开开心心的,丫头我问你
丫头我问你,我问你
我问你,你小的时候我逼你骂你
你小的时候我逼你骂你,逼着你学习的时候 你开心吗
逼着你学习的时候 你开心吗,你说实话
你说实话,不开心
不开心,可结果怎么样呢
可结果怎么样呢,你现在事业有成
你现在事业有成,家庭也不错
家庭也不错,这一切都归功于我从小抓的严
这一切都归功于我从小抓的严,让你考上了好大学
让你考上了好大学,你再看看你弟弟 都被你妈惯成什么样子了
你再看看你弟弟 都被你妈惯成什么样子了,说难听一点
说难听一点,那不就是个混子吗
那不就是个混子吗,一个人的成长环境
一个人的成长环境,家庭的教育那都太重要了
家庭的教育那都太重要了,他们家不懂 我们家懂
他们家不懂 我们家懂,你要是觉得一个人孤军奋战太累
你要是觉得一个人孤军奋战太累,我明天就跟你妈过去
我明天就跟你妈过去,爸 不用了不用了
爸 不用了不用了,你别过来了
你别过来了,我我我 自己可以坚持到底的
我我我 自己可以坚持到底的,我也不想茜茜上普通的小学
我也不想茜茜上普通的小学,这么说就对了
这么说就对了,丫头一有任何情况 你就赶紧给我打电话
丫头一有任何情况 你就赶紧给我打电话,爸决不能让我闺女和外孙女受欺负
爸决不能让我闺女和外孙女受欺负,爸你等一下茜茜叫我 我去一下
爸你等一下茜茜叫我 我去一下,你什么都不用跟我说
你什么都不用跟我说,我都听
我都听,我都听明白了
我都听明白了,你无非想来告诉我 茜茜是你的女儿
你无非想来告诉我 茜茜是你的女儿,你是茜茜的亲妈
你是茜茜的亲妈,茜茜的事情由你一个人说了算
茜茜的事情由你一个人说了算,别人管不着
别人管不着,妈
妈,你不是一直想让茜茜当公主吗
你不是一直想让茜茜当公主吗,你不是培养她的贵族气质吗
你不是培养她的贵族气质吗,那你愿意她每天走过第九小学 那个乱糟糟的菜市场
那你愿意她每天走过第九小学 那个乱糟糟的菜市场,每天看着杀鸡 宰鸭 宰鱼
每天看着杀鸡 宰鸭 宰鱼,地上除了血水 就是污垢
地上除了血水 就是污垢,你愿意她在坏男孩的口哨中走来走去吗
她考虑两天她就变了,我不会再考虑了
我不会再考虑了,妈
妈,我一定要让她上第一小学
我一定要让她上第一小学,行
行,我也考虑好了
我也考虑好了,来 请你过来 跟我来 从今天起
来 请你过来 跟我来 从今天起,我打算把这个家都交给你
我打算把这个家都交给你,这是我的房产证
这是我的房产证,这个盒子里 这里 有我跟他爸爸两个人的工资卡
这个盒子里 这里 有我跟他爸爸两个人的工资卡,这是我们的存款
这是我们的存款,妈 我不是这个意思
妈 我不是这个意思,把家交给你
把家交给你,我把家交给你 可以吗
我把家交给你 可以吗,从今天起
从今天起,你让我往东我绝不往西
你让我往东我绝不往西,妈 我不是这个意思
妈 我不是这个意思,你别叫我妈
你别叫我妈,你这个主意这么正的人
你这个主意这么正的人,没有人敢跟你当妈
没有人敢跟你当妈,茜茜 走
茜茜 走,跟我走
妈 你这,妈
还请您多多关照,公司的周年庆从来都是市场部负责
公司的周年庆从来都是市场部负责,其他部门协助
其他部门协助,什么时候调个了
我走了,你过来 我跟你说两句
你过来 我跟你说两句,小黄 一个人懂得利用自己的优势 去扬长避短是一件好事情
小黄 一个人懂得利用自己的优势 去扬长避短是一件好事情,可是如果使过了劲 就会有
可是如果使过了劲 就会有,反效果
反效果,你现在利用自己的年轻貌美去抢别人的位置
你现在利用自己的年轻貌美去抢别人的位置,几年以后还会有更年轻貌美的女孩做同样的事情
几年以后还会有更年轻貌美的女孩做同样的事情,我之所以30多岁有家有孩子 可以做到今天这个位置
我之所以30多岁有家有孩子 可以做到今天这个位置,是因为我懂得有些优点可以利用
是因为我懂得有些优点可以利用,而有一些优点 是不可以利用的
谢谢您的教诲,不谢 我向来提携后辈
爸,你对茜茜上重点这个事情是什么态度啊
您吃完了没有啊,不要和我打岔
不要和我打岔,只要涉及教育
只要涉及教育,我跟你讲 我们家还是有经验的
我跟你讲 我们家还是有经验的,不能听你们家的
不能听你们家的,小孩子的基础教育很重要
拜拜,说吧 找我什么事
说吧 找我什么事,妈 我
妈 我,我跟您实话实说吧
我跟您实话实说吧,我一直想让茜茜上重点小学
我一直想让茜茜上重点小学,不想对不起她
不想对不起她,其实说白了
其实说白了,我是不想对不起我自己
我是不想对不起我自己,因为我这个人做事就是这样
因为我这个人做事就是这样,要不然我不做 要做我就要做到最好
要不然我不做 要做我就要做到最好,哪怕我自己能力有限
哪怕我自己能力有限,我一定拼尽全力
我一定拼尽全力,不给自己留遗憾
不给自己留遗憾,你这么要强
你这么要强,对孩子不公平
对孩子不公平,可是妈 我不这么认为
可是妈 我不这么认为,我给您举一个您身边最近的例子吧
我给您举一个您身边最近的例子吧,这我从来不愿跟外人说
这我从来不愿跟外人说,就是我跟我弟弟 我是家里第一个孩子
就是我跟我弟弟 我是家里第一个孩子,我出生以后
我出生以后,我爸爸把全部的心血都放在我身上
我爸爸把全部的心血都放在我身上,对我军事化的管理
对我军事化的管理,我妈有时候看我爸打我
我妈有时候看我爸打我,不忍心 扑过来抱着我
不忍心 扑过来抱着我,我爸可以连我们母女俩一块打
我爸可以连我们母女俩一块打,你爸爸这么做的话
你爸爸这么做的话,太狠了
太狠了,可到如今 我非常感激他
可到如今 我非常感激他,感激他对我严格的管教
感激他对我严格的管教,让我可以从一个小县城走出来
让我可以从一个小县城走出来,来到大城市
来到大城市,接受知识
接受知识,改变命运
改变命运,可我弟弟呢 他一出生我妈不想他跟我一样那么苦
可我弟弟呢 他一出生我妈不想他跟我一样那么苦,只要我爸一骂他
只要我爸一骂他,立刻又哭又闹
立刻又哭又闹,我爸如果敢对我弟弟动手
我爸如果敢对我弟弟动手,我妈立刻带着我弟弟回娘家
我妈立刻带着我弟弟回娘家,久而久之 我爸也放弃了
久而久之 我爸也放弃了,不管了 放松了
不管了 放松了,现在大学也没有上
现在大学也没有上,整天游手好闲 东飘西荡的
整天游手好闲 东飘西荡的,你这么说的话 我明白了
你这么说的话 我明白了,为什么你弟弟今天是这个样子的
为什么你弟弟今天是这个样子的,但是我也想告诉你
但是我也想告诉你,我也养育了两个孩子
我也养育了两个孩子,他们从小到大我不管不顾
他们从小到大我不管不顾,但是他们照样优秀
但是他们照样优秀,可是妈
可是妈,您自己想想 他们成长过程中
您自己想想 他们成长过程中,您就没做过让自己
您就没做过让自己,后悔或者觉得对不住他们的事情吗
后悔或者觉得对不住他们的事情吗,但是男男 人这一辈子啊 如果事事都按安排我们自己的计划进行的话
但是男男 人这一辈子啊 如果事事都按安排我们自己的计划进行的话,当然好了
当然好了,但是我想告诉你的是
但是我想告诉你的是,人生十有八九 那是不如意的
人生十有八九 那是不如意的,我们不可能说 我们连一件后悔的事情我们都没有做过
我们不可能说 我们连一件后悔的事情我们都没有做过,可是妈 我想做到对茜茜问心无愧
可是妈 我想做到对茜茜问心无愧,虽然我知道这个很难
虽然我知道这个很难,你想想看 作为一个母亲
你想想看 作为一个母亲,当然希望把最好的东西 所有的爱都给孩子
当然希望把最好的东西 所有的爱都给孩子,我是一个在生活上 工作上对自己要求那么高的人
我是一个在生活上 工作上对自己要求那么高的人,可是做母亲 这么重要的事情
可是做母亲 这么重要的事情,我怎么能就马马虎虎呢
我怎么能就马马虎虎呢,现在茜茜还小
现在茜茜还小,我怕她长大了以后 真的会问我
我怕她长大了以后 真的会问我,妈妈
妈妈,当时你为什么不让我上一个好的学校
当时你为什么不让我上一个好的学校,给我一个好的环境
给我一个好的环境,是你想多了
是你想多了,当然 茜茜刚出生的时候
当然 茜茜刚出生的时候,我确实说过这样的话
我确实说过这样的话,我说 只要茜茜能够幸福快乐
我说 只要茜茜能够幸福快乐,我无所求
我无所求,她可以比别人笨
她可以比别人笨,可以比别人没出息
可以比别人没出息,可是我不想因为我的不努力 让她变得不好
可是我不想因为我的不努力 让她变得不好,我给您举个例子
我给您举个例子,我们单位来了一个90后
我们单位来了一个90后,当然我不能说一个代表全部 可那真是为了达到目的可以不择手段
当然我不能说一个代表全部 可那真是为了达到目的可以不择手段,我真的不知道茜茜长大了以后
我真的不知道茜茜长大了以后,她将面对什么样的社会竞争压力和淘汰的机制
她将面对什么样的社会竞争压力和淘汰的机制,我们必须现在就把她武装起来
我们必须现在就把她武装起来,我真的是跟您掏心掏肺
我真的是跟您掏心掏肺,希望得到您的肯定和支持
希望得到您的肯定和支持,我们再点一套下午茶吧
我们再点一套下午茶吧,好啊
好啊,你不是爱吃西点吗
你不是爱吃西点吗,这里西点做得特别好
这里西点做得特别好,那好
那好,有关于让茜茜明年上学的事情
有关于让茜茜明年上学的事情,现在我跟你爸爸原则上是同意的
现在我跟你爸爸原则上是同意的,但是不管怎么样
但是不管怎么样,我们还想跟你约法三章
我们还想跟你约法三章,你说
你说,关于罗茜茜学前教育约法三章 第一条
关于罗茜茜学前教育约法三章 第一条,一定要保证罗茜茜这一学期的自学时间
一定要保证罗茜茜这一学期的自学时间,保证她的课外知识不被同龄人落下
保证她的课外知识不被同龄人落下,妈
妈,我跟你想的一样
我跟你想的一样,我打算给茜茜报一个学前班
我打算给茜茜报一个学前班,下课了以后 我再继续给她辅导
下课了以后 我再继续给她辅导,第二条
第二条,一定要保证在这一年的时间内
一定要保证在这一年的时间内,你有足够的时间陪伴罗茜茜
你有足够的时间陪伴罗茜茜,括弧
括弧,每周不得少于两个全天
每周不得少于两个全天,四个半天 括弧完
四个半天 括弧完,这半天是指
这半天是指,你一点都不会算账啊
你一点都不会算账啊,也就是说一个星期之内只能有一个晚上是你自己应酬的时间
也就是说一个星期之内只能有一个晚上是你自己应酬的时间,没问题
没问题,妈妈
妈妈,这我肯定能做到
这我肯定能做到,那行
那行,第三条最重要
第三条最重要,一年之后不管发生任何意外情况
一年之后不管发生任何意外情况,一定要让罗茜茜上学
一年之后再不上学我就跟她急,同意的话 请签字
同意的话 请签字,合约签署成功
合约签署成功,鼓掌庆祝一下
鼓掌庆祝一下,怎么了
怎么了,这是
这是,平时吧 都是我生闷气
平时吧 都是我生闷气,今天突然调个儿了
活得一点也不像个男人,怎么了
怎么了,怎么这么想呢
你知道吗,这我真的不知道
刚好丁诚在旁边 听得一清二楚,我爸本来就是个大嗓门
我爸本来就是个大嗓门,你又不是不知道 他说什么了
你干嘛非得拼着要大获全胜啊,我是拼我自己吗
我是拼我自己吗,我是真的为了茜茜
罗丹都跟我说了,她说什么
你就是为了自己要强,她中间一定传话有误
你怎么就非得赢不能输是不是,罗素 你好好想一想
罗素 你好好想一想,这次妈和姐都站在我这边 说明了什么
这次妈和姐都站在我这边 说明了什么,说明我为茜茜想的真的是对的
说明我为茜茜想的真的是对的,好了好了
好了好了,别再生气了
别再生气了,要不今天晚上我给你赔罪
拉倒吧,这你说的啊 别给脸不要脸啊
这你说的啊 别给脸不要脸啊,到时候后悔别找我
我说怎么样就怎么样,行吧行吧
行吧行吧,反正我心里一块大石头是真的落地了
反正我心里一块大石头是真的落地了,随你啊
随你啊,谁让你进来的
不 真不怪我 我给你们打电话没一个人接的,怎么进来的
你们家备用钥匙我知道在哪,家里进贼了
家里进贼了,你来干嘛呢
你来干嘛呢,躲债啊
瞧你那眼神 瞧你那眼神 跟爸一样,爸不是给你在家里找一份工作了吗
给我一年时间 保证混出个人样来,爸答应你了
吃个橘子压压火,滚一边去
滚一边去,这回丢人可丢大了
这回丢人可丢大了,我得把这小子嘴给封住
我得把这小子嘴给封住,他要参加招那个聘会 会住几天
他要参加招那个聘会 会住几天,怎么了
怎么了,受委屈了
差点把我妈和我姐都气死了,这次他不敢了
我担心的是这个,我怎么没想到茜茜呢
我怎么没想到茜茜呢,茜茜一看到这小子准疯了
茜茜一看到这小子准疯了,我得趁她回来之前把这小子赶走
赶快睡觉吧,管他没问题
管他没问题,睡觉啦
找这个呢吧,居然翻我的包
你都舍身取义了,少来跟我胡说八道
这孩子真不上学了,我觉得她妈说的也有点道理
我跟你说现在可怜就可怜孩子了,可怜的就是她嘛
可怜的就是她嘛,所以你看 买菜都把这个孩子带在身边
你就忍心让茜茜整天陪着你们这俩老东西玩啊,陪着老东西玩啊
那可不嘛,你愿意啊
你愿意啊,对吧
对吧,我买葱
你怎么样 去不去,我有这个小东西 我就去不了
就成天见着我就对我了 是吧,对 对付你这个老东西
那可不是 你不老东西,别老东西老东西
别老东西老东西,那小东西呢
那小东西呢,小东西呢
茜茜 找吧 先待会待会儿,对不起 我一会再来挑啊
茜茜,你弟弟没事吧
你弟弟没事吧,没事
没事,他脑袋硬着呢
他脑袋硬着呢,我记得你们俩上次见面的时候啊
我记得你们俩上次见面的时候啊,应该是你抽了他一大嘴巴
应该是你抽了他一大嘴巴,你俩怎么可能一见面就掐呢
你俩怎么可能一见面就掐呢,两年前的事了
两年前的事了,我是替你教训他
我是替你教训他,那这一趟又为什么揍他呢
那这一趟又为什么揍他呢,你到底喝了多少酒啊
你到底喝了多少酒啊,我今天下午去给你送衣服
我今天下午去给你送衣服,其实我是想找你好好聊聊
其实我是想找你好好聊聊,我知道 我知道你找我一定有事
我知道 我知道你找我一定有事,我来这也不是为了我弟弟
我来这也不是为了我弟弟,是子峰那儿出了什么事儿吗
是子峰那儿出了什么事儿吗,你不是这两天要出国吗
你不是这两天要出国吗,怎么一点动静都没有了
怎么一点动静都没有了,你怎么什么事情一猜就猜到了
你怎么什么事情一猜就猜到了,他不让我去美国了
他不让我去美国了,他说他们领导派他去欧洲要处理紧急事务
他说他们领导派他去欧洲要处理紧急事务,那就过几天再去呢
那就过几天再去呢,他让我过完秋天再去
他让我过完秋天再去,我给你一个建议好吗
我给你一个建议好吗,说
说,不行 不行 不行
不行 不行 不行,如果没跟他打招呼就出现在他面前的话
如果没跟他打招呼就出现在他面前的话,肯定得出事
肯定得出事,能出什么事啊
能出什么事啊,你们是夫妻啊
你们是夫妻啊,两年都没见过面
两年都没见过面,你们互相不想对方吗
你们互相不想对方吗,不是 可他那脾气 他那脾气
不是 可他那脾气 他那脾气,他那脾气 你怎么那么怕他呀
他那脾气 你怎么那么怕他呀,罗丹 也就我跟你说实话
罗丹 也就我跟你说实话,你知道你现在像什么吗
你知道你现在像什么吗,你就像一个被包养的女人
你就像一个被包养的女人,你不是一个妻子正常的反应
你不是一个妻子正常的反应,你别喝了
你别喝了,他是你的丈夫 给他一个惊喜不行吗
他是你的丈夫 给他一个惊喜不行吗,就去欧洲 跟他会合
就去欧洲 跟他会合,我不觉得他会不开心
我不觉得他会不开心,你还是跟上学的时候一模一样
你还是跟上学的时候一模一样,做事情缺乏果断力
做事情缺乏果断力,什么事情都思前想后
什么事情都思前想后,最后就不了了之了
最后就不了了之了,我是没有你的果断力
我是没有你的果断力,要不然我弟弟 他这么花 怎么可能会被你给收了呢
要不然我弟弟 他这么花 怎么可能会被你给收了呢,这两码事好吗
这两码事好吗,这鱼好香啊
这鱼好香啊,你弟弟这人挺有意思
你弟弟这人挺有意思,他一来我们全家人欢声笑语
他一来我们全家人欢声笑语,你跟他一起吃吧
你跟他一起吃吧,我觉得我弟特烦人 万人嫌
我觉得我弟特烦人 万人嫌,加酱油 加酱油
加酱油 加酱油,男男 你让我看看
男男 你让我看看,你眼睛都熬红了
你眼睛都熬红了,跟妈说实话
跟妈说实话,昨天晚上是不是又陪着茜茜熬夜了
昨天晚上是不是又陪着茜茜熬夜了,我回来的时候茜茜正好没睡着
我回来的时候茜茜正好没睡着,我就趁机给她又补习了一下
我就趁机给她又补习了一下,但是我们两个人可是有约法三章的
但是我们两个人可是有约法三章的,当然大部分时间我自己都没有做好
当然大部分时间我自己都没有做好,妈
妈,我们可没有怪您的意思啊
我们可没有怪您的意思啊,以前啊 我光是听别人说
以前啊 我光是听别人说,说隔代亲带孩子会把孩子带坏的 我不信啊
说隔代亲带孩子会把孩子带坏的 我不信啊,现在轮到我了
现在轮到我了,轮到我自己带孩子
轮到我自己带孩子,我怎么也不会对孩子下那个狠心
我怎么也不会对孩子下那个狠心,我们白天工作 你带一整天
我们白天工作 你带一整天,孩子 也挺辛苦的
孩子 也挺辛苦的,我们感激你 都感激不及
我们感激你 都感激不及,白天呢 我带孩子带着孩子疯
白天呢 我带孩子带着孩子疯,晚上你把孩子领回去
晚上你把孩子领回去,又逼着她做功课 又熬夜
又逼着她做功课 又熬夜,这时间长了
这时间长了,我真的担心 这个孩子的性格会分裂的
我真的担心 这个孩子的性格会分裂的,不会吧 妈
不会吧 妈,那么我尽量向你靠拢吧
那么我尽量向你靠拢吧,我们不要从两个极端来要求孩子
我们不要从两个极端来要求孩子,要不然孩子的身体是受不了的
要不然孩子的身体是受不了的,妈 你放心 我以后会注意的
妈 你放心 我以后会注意的,以茜茜身体健康为第一要求
以茜茜身体健康为第一要求,把鱼拿出来吧
把鱼拿出来吧,小心烫啊
小心烫啊,老公 老公你看 这件衣服好看吗
老公 老公你看 这件衣服好看吗,人气排名第一啊
人气排名第一啊,给茜茜买一件
你看着买呗,你怎么了
你怎么了,怎么了
没事,我知道
我知道,没让爸妈去韩国旅游
没让爸妈去韩国旅游,你心里觉得别扭 是吗
茜茜要上学不就没这事了,你看你看 你冤枉我了对不对
你看你看 你冤枉我了对不对,你们娘俩损我的口气一模一样
你们娘俩损我的口气一模一样,你知道今天我回家妈怎么跟我说吗
你知道今天我回家妈怎么跟我说吗,说让我不要再逼茜茜了
说让我不要再逼茜茜了,会把她逼得人格分裂的
会把她逼得人格分裂的,我当时差点就回她一句了
我当时差点就回她一句了,规矩是她定的
规矩是她定的,她定的 她违反了她赖我
她定的 她违反了她赖我,我说你今天必须表明态度
我说你今天必须表明态度,你不能遇到事就躲吧
什么态度啊,是我让茜茜不上学
是我让茜茜不上学,是我让茜茜在家里
是我让茜茜在家里,可是我没让她天天混 天天玩啊
可是我没让她天天混 天天玩啊,罗素 你是她爸爸
罗素 你是她爸爸,你不替你女儿着急吗
还是睡觉了,你给我过来
你给我过来,看着我
看着我,你不看我
你不看我,快把眼睛睁开
你干什么呀,一 告诉你
一 告诉你,明天我们去给爸妈交钱去韩国旅游
明天我们去给爸妈交钱去韩国旅游,钱咱们俩出
钱咱们俩出,你不知道吧 罗素
你不知道吧 罗素,我比你会做人
我比你会做人,我作为儿媳妇 爸妈不能去旅游
我作为儿媳妇 爸妈不能去旅游,我心里也不好受啊
我心里也不好受啊,不过可能就要委屈你一下了
不过可能就要委屈你一下了,你先把公司里面的年假请出来
你先把公司里面的年假请出来,爸妈旅游的时候你要好好地照顾茜茜
春节用什么啊,你就当为爸妈提前过节
你就当为爸妈提前过节,我跟你说啊 这钱啊 本来应该是我出的
我跟你说啊 这钱啊 本来应该是我出的,这回倒好 功劳全让你给占了
这回倒好 功劳全让你给占了,行了
行了,你别得了便宜卖乖了
你别得了便宜卖乖了,对了
对了,你告诉我
你告诉我,那个 我妈是不是满院子见谁都说这钱是你出的呀
那个 我妈是不是满院子见谁都说这钱是你出的呀,还真让你猜对了
还真让你猜对了,你到底听不听我的呀
你到底听不听我的呀,什么呀
什么呀,去欧洲给你老公一个惊喜
去欧洲给你老公一个惊喜,我今天已经把票订了
我今天已经把票订了,真的 太对了
真的 太对了,罗丹 我告诉你 这是你十年当中唯一做
罗丹 我告诉你 这是你十年当中唯一做,正确的一件事情
正确的一件事情,行了
行了,挂了
这次是我一个特别好的学习的机会,不用解释了
不用解释了,我支持你
那你呢,不可能
不可能,除非我抱着被开除了的决心
让他们下次再出去玩,那怎么行呢 我钱都已经付过了
那怎么行呢 我钱都已经付过了,而且全院的老太太都知道我出钱送妈去韩国旅游
而且全院的老太太都知道我出钱送妈去韩国旅游,这不是陷我于不仁不义吗
也是 明摆着你这次是豁出去了,我就豁出去了
我就豁出去了,反正不就几天吗
反正不就几天吗,就让毕然带一下吧
这不好打车啊,你不住你姐姐家吗
你不住你姐姐家吗,你赶紧回去吧
我还是等他们都睡了吧,瞧你那点出息
我看你跑得比谁都快,不过我提醒你啊
不过我提醒你啊,你姐姐那脾气我是了解的
你姐姐那脾气我是了解的,生起气来跟个母老虎似的
生起气来跟个母老虎似的,你要是今天晚上实在是扛不过去了
你要是今天晚上实在是扛不过去了,就给我打电话
就给我打电话,看在咱俩一起看孩子的份上
看在咱俩一起看孩子的份上,我兴许还能帮你说两句话
要不是因为你之前帮我圆谎啊,圆什么谎啊
就上次你闯进我们家,不是我说毕然
不是我说毕然,你怎么又想到跑你姐姐家住去了啊
你怎么又想到跑你姐姐家住去了啊,你的远大理想 远大抱负上哪去了
你的远大理想 远大抱负上哪去了,都没了
管着吗你,不管 不管
不管 不管,出租车
出租车,明天带孩子给我打电话
明天带孩子给我打电话,你这臭小子你还敢回来
我姐夫还是出卖我了,我告诉你 借你姐夫仨胆他也不敢骗我 起来 给我收拾东西走人
是我不长记性,我告诉你 等会爸来电话
我告诉你 等会爸来电话,我会一五一十地告诉他
我悔改啊,你带茜茜去吃披萨
你带茜茜去吃披萨,你教她不学好
你教她不学好,我完全可以想象 可以理解 为什么
我完全可以想象 可以理解 为什么,因为你就是这么一个烂人
因为你就是这么一个烂人,麻绳提不起来的豆腐
麻绳提不起来的豆腐,可是我怎么也想不到你居然和罗丹串通一起来对付我
可是我怎么也想不到你居然和罗丹串通一起来对付我,你到底想什么
你到底想什么,你 站住
那都是他的主意 是她威逼利诱吃披萨 吃披萨也是她,你有没有 站住
你有没有 站住,你有没有主心骨啊
你有没有主心骨啊,你要想赢得别人尊重
你要想赢得别人尊重,你要有自己的主心骨
你要有自己的主心骨,你的职责是什么
你的职责是什么,带好茜茜做好表率
带好茜茜做好表率,可是你呢
可是你呢,你干了什么呀
你干了什么呀,站住
站住,你这个人吧 从小就是异想天开
你这个人吧 从小就是异想天开,偷奸耍滑
偷奸耍滑,我怎么也没想到你都这么大了
我怎么也没想到你都这么大了,你一身臭毛病你还能不改呢
你一身臭毛病你还能不改呢,你不是来应聘的吗
你不是来应聘的吗,就这个样你在外面还吃得开
就这个样你在外面还吃得开,鬼才信你呢
鬼才信你呢,你还应聘 应聘什么呀
你还应聘 应聘什么呀,我告诉你
我告诉你,除非全天下人都瞎了才会用你呢
伤自尊了,你有自尊啊
你有自尊啊,我还不知道你有自尊呢
我还不知道你有自尊呢,爸说得好
爸说得好,所有人都有自尊
所有人都有自尊,就是你没有自尊
就是你没有自尊,他们俩一个偷奸耍滑
他们俩一个偷奸耍滑,偷奸耍滑不负责任
偷奸耍滑不负责任,一个懒惰成性的寄生虫
一个懒惰成性的寄生虫,如果让他们俩带茜茜 茜茜就毁了
如果让他们俩带茜茜 茜茜就毁了,你说句话呀
同意,所以呀 我们必须采取措施
所以呀 我们必须采取措施,咱俩有
咱俩有,有一个人必须全职带茜茜
同意,同意哈
同意哈,我现在公司呢 要进行全年最大的展销会
我现在公司呢 要进行全年最大的展销会,你可不知道 我已经遭受领导多少个白眼了
你可不知道 我已经遭受领导多少个白眼了,而且我单位的90后又在拼命地表现
我可以选择不同意吗,罗素 孩子不是我一个人的
罗素 孩子不是我一个人的,当初选择让她不上学
当初选择让她不上学,是全家赞成都同意的
是全家赞成都同意的,这时候我们应该同心协力一起帮助茜茜努力学习
这时候我们应该同心协力一起帮助茜茜努力学习,共同帮助她
共同帮助她,而不是混一年
你就往后退吧,可是这一年我已经给茜茜做了非常详细的学习计划
可是这一年我已经给茜茜做了非常详细的学习计划,但是呢 你们没有一个人按我的计划去执行
但是呢 你们没有一个人按我的计划去执行,我不是一个全职家庭主妇
我不是一个全职家庭主妇,我还要上班
我还要上班,我已经把我所有的业余时间都给了茜茜
我已经把我所有的业余时间都给了茜茜,我不是一个超人
老有的说,所以啊 最好的办法呢
所以啊 最好的办法呢,就是你从明天开始休年假
就是你从明天开始休年假,多一点时间呢去盯茜茜学习
多一点时间呢去盯茜茜学习,Ok
没事,茜茜
茜茜,告诉妈妈这个是什么字
告诉妈妈这个是什么字,皮球
皮球,我不想认字了
我不想认字了,我想看动画片
我想看动画片,等我们把字认完了以后再看动画片
等我们把字认完了以后再看动画片,我就要看 舅舅说海贼王的动画片特别好看
我就要看 舅舅说海贼王的动画片特别好看,茜茜 你不是说你想上学吗
茜茜 你不是说你想上学吗,上学的小朋友他们都需要
上学的小朋友他们都需要,认字的
认字的,我不想上学了 每天看动画片去游乐场玩 比上学好
我不想上学了 每天看动画片去游乐场玩 比上学好,茜茜 你胡说什么呀
茜茜 你胡说什么呀,没有小朋友
没有小朋友,小朋友是不上学的
小朋友是不上学的,舅舅说上学每天都要写作业
舅舅说上学每天都要写作业,根本不能看动画片
根本不能看动画片,去游乐场玩 不上学最好了
去游乐场玩 不上学最好了,茜茜
茜茜,妈妈跟你说
妈妈跟你说,你留在家里一年是为了明年去上学做更好的准备
你留在家里一年是为了明年去上学做更好的准备,虽然不在学校也是
虽然不在学校也是,要做功课的
要做功课的,从明天开始你必须完成妈妈给你的所有的作业
从明天开始你必须完成妈妈给你的所有的作业,要不然以后你再也不要看动画片了
要不然以后你再也不要看动画片了,妈妈是
妈妈是,老巫婆
老巫婆,谁教你说的
谁教你说的,动画片
动画片,妈妈 你干嘛
妈妈 你干嘛,你还看动画片吗
你还看动画片吗,妈妈给我给我
妈妈给我给我,你以后永远不要看动画片了
你以后永远不要看动画片了,妈妈给我
妈妈给我,不要看动画片了
不要看动画片了,妈妈你这老巫婆
妈妈你这老巫婆,丫头
丫头,茜茜在家带得怎么样啊
茜茜在家带得怎么样啊,挺好的
挺好的,你呀 跟你弟弟弟正好相反
你呀 跟你弟弟弟正好相反,根本就不会说假话
根本就不会说假话,你说吧 遇到什么问题了
你说吧 遇到什么问题了,我觉得好累呀
我觉得好累呀,他们家不帮你带孩子啊
他们家不帮你带孩子啊,爷爷奶奶出去旅行了
爷爷奶奶出去旅行了,这两天毕然帮我带孩子
这两天毕然帮我带孩子,你让那小子带茜茜
你让那小子带茜茜,爸 毕然没有那么糟糕
爸 毕然没有那么糟糕,他挺好的
他挺好的,好你就不可能
好你就不可能,你就不可能给我打电话了
你就不可能给我打电话了,是我自己的问题
是我自己的问题,我让
我让,茜茜不去上学一年在家里
茜茜不去上学一年在家里,我觉得是我自己一意孤行
我觉得是我自己一意孤行,现在她学前班也上不了
现在她学前班也上不了,我又没时间带他
我又没时间带他,我真的怀疑我是不是已经做错了
我真的怀疑我是不是已经做错了,丫头 你没有错
丫头 你没有错,这个社会对待女人就是这么不公平
这个社会对待女人就是这么不公平,既叫马儿跑
既叫马儿跑,又叫马儿不吃草
又叫马儿不吃草,谁也不可能把事业和家庭兼顾得那么好
谁也不可能把事业和家庭兼顾得那么好,你放心
你放心,爸妈明天就过去帮你
爸妈明天就过去帮你,爸 你还是别过来了
爸 你还是别过来了,我跟毕然是可以的
我跟毕然是可以的,自己的儿子自己清楚
自己的儿子自己清楚,他要是不在
他要是不在,我还能放点心
我还能放点心,我长这么大
我长这么大,所有的事情 不管过程多难
所有的事情 不管过程多难,我最后一定都能做成功
我最后一定都能做成功,可就是茜茜
可就是茜茜,我自从有了她以后
我自从有了她以后,接二连三地栽跟头
接二连三地栽跟头,全是挫败感
全是挫败感,让我最后再试一次
让我最后再试一次,这一次我一定要成功
这一次我一定要成功,我要向所有人证明我的选择是对的
我要向所有人证明我的选择是对的,对茜茜的选择也是对的
对茜茜的选择也是对的,好
好,丫头
丫头,爸听你的
爸听你的,你一定行
你一定行,小赵
毕总,你干嘛呢
你干嘛呢,怎么能干这种事呢
您知道商品区调货失误的事情吗,我知道那个事 是你粗心大意吗
让我承担全部的责任去影印室干活,这什么意思
所有的责任都在我们头上,干嘛不跟领导说呢
谁会听我们说话,再怎么说也不能做出这种事情知道吗
空调是不是能帮我开一下呀,以后这种小事就交给我
饭是不是能做得再好吃点呢,那当然了
那当然了,我这一年的主要任务就是好好照顾你跟茜茜
我这一年的主要任务就是好好照顾你跟茜茜,把你们两个都养得白白胖胖的
把你们两个都养得白白胖胖的,对了
突然辞职 肯定是受什么大的刺激啦,我是受大刺激了
我是受大刺激了,我觉得现实真的太可怕了
我觉得现实真的太可怕了,太残酷
太残酷,我从来都没有怕过 这一次我真的觉得怕了
怕这话可不像是你说的啊,我怕我们的孩子承受不了将来的残酷
我怕我们的孩子承受不了将来的残酷,不管她成为懦弱的小赵
不管她成为懦弱的小赵,还是世故的黄俐
还是世故的黄俐,她都不会幸福的
真是没想到啊,来送我的
让你换一个部门怎么样,冲你叫我
冲你叫我,冲你叫我一声姐的份上
冲你叫我一声姐的份上,把门关上吧
把门关上吧,我跟你聊两句
我跟你聊两句,今天我说的话呢
今天我说的话呢,不管你爱听不爱听
不管你爱听不爱听,我都希望你可以听进去
你说,你呢是一个目中无人
你呢是一个目中无人,自以为是 狂妄自大的人
自以为是 狂妄自大的人,也许你认为这个世界上根本没有真情
也许你认为这个世界上根本没有真情,只有抓住眼前看得见的利益才是最重要的
只有抓住眼前看得见的利益才是最重要的,可是你忽略了一点
可是你忽略了一点,谁也不是傻瓜
谁也不是傻瓜,你巧妙地拍领导马屁
你巧妙地拍领导马屁,用尽心机 占尽便宜
用尽心机 占尽便宜,可最后呢 你会让身边所有的人看不起你 包括领导 一个人有上进心没错
可最后呢 你会让身边所有的人看不起你 包括领导 一个人有上进心没错,有的时候不择手段也可以理解
有的时候不择手段也可以理解,可是我婆婆说过一句话
可是我婆婆说过一句话,我觉得挺有道理的
我觉得挺有道理的,一个女人吧 别太好强了
一个女人吧 别太好强了,太好强了以后不可爱
太好强了以后不可爱,也不尊贵
好心过来送你,不要拿回扣哦
不要拿回扣哦,手一伸就回不来了
什么拿回扣啊 我听不明白,去年的残次品促销活动的回扣
我黄俐问心无愧,你可以说做得天衣无缝
你可以说做得天衣无缝,你要的是隔年补偿
你要的是隔年补偿,今年拿去年的回扣对吗
今年拿去年的回扣对吗,我怎么知道
你们俩这一年,天上掉馅饼的事情会有
天上掉馅饼的事情会有,但是这个馅饼是被你吃下去
但是这个馅饼是被你吃下去,还是把你给砸死可就说不定了
还是把你给砸死可就说不定了,我告诉你个秘密
我告诉你个秘密,我能够坐到今天这个位置
我能够坐到今天这个位置,是因为我是一个能把所有难啃的臭肉烂骨头全部都嚼碎了
是因为我是一个能把所有难啃的臭肉烂骨头全部都嚼碎了,咽在肚子里的老虎
你到底要什么,取消那个积分换礼活动
取消那个积分换礼活动,然后跟我一样辞职离开这个公司
曹总不会同意的,那是你的事
要是我不撤呢,那我有权让公司知道你去年做的一些糊涂账
那我有权让公司知道你去年做的一些糊涂账,可到那时候 你走得可就不光彩了
可到那时候 你走得可就不光彩了,虽然公司暂时没有发现你的利己行为 但是疑点很多
你这一年都在等这一天是不是,还有为你背黑锅的小赵
还有为你背黑锅的小赵,在走之前把她请回公关部
这也算条件之一吗,你说算就算喽
你说算就算喽,黄俐
黄俐,你现在肯定很恨我吧
你现在肯定很恨我吧,可你终究有一天会明白
可你终究有一天会明白,一个人不能走太多歪路
一个人不能走太多歪路,生命经不起折腾
生命经不起折腾,尤其是女人
你是因为怕你才走,我不是因为怕才离开公司
我不是因为怕才离开公司,我是为了我的孩子
孩子,你现在绝不会明白一个母亲可以为孩子牺牲到什么程度
你现在绝不会明白一个母亲可以为孩子牺牲到什么程度,但你终究有一天会明白的
你不要我拿走了,这钢笔我刚参加工作的时候就买了 十几年都没用坏过
这钢笔我刚参加工作的时候就买了 十几年都没用坏过,我要自己留着做纪念 
名牌啊还是,是啊 你别看它是个赠品
是啊 你别看它是个赠品,质量可好了
质量可好了,我还一直没舍得用呢
不错,这不还有别的杯子吗
这不还有别的杯子吗,我这个留着作纪念呢
那这本呢 这本总行了,这本是我们部门参加合唱比赛的奖品
一人 怎么就有一个你这么抠门的亲姐呢,你有钱大方吗你 这不是抠门的问题
你有钱大方吗你 这不是抠门的问题,这里面所有的东西对我来说都是有意义的
这里面所有的东西对我来说都是有意义的,我给你找一个什么玩意儿吧
怎么着,好好留着啊
哪个都舍不得送,你拿着吧你
葛朗台啊你 你简直就是当代葛朗台,你又不是不知道你姐是什么人
你又不是不知道你姐是什么人,一根筋 进了大学看上
一根筋 进了大学看上,你姐夫 拼死拼活追到手过到现在 我参加工作也是这样
你姐夫 拼死拼活追到手过到现在 我参加工作也是这样,大学一毕业到这个单位十几年没换过
大学一毕业到这个单位十几年没换过,我单位屋顶上的墙皮
我单位屋顶上的墙皮,我单位屋顶上的墙皮
我单位屋顶上的墙皮,我亲眼看着从新的变成旧的一块块往下掉
我亲眼看着从新的变成旧的一块块往下掉,你说这些东西对我没有意义吗
我懂 伟大的母爱嘛,你这人怎么这么油嘴滑舌的
你这人怎么这么油嘴滑舌的,我跟你说啊
我跟你说啊,我今天跟你说的话
我今天跟你说的话,千万不要跟姐夫家里人说
千万不要跟姐夫家里人说,辞职回家带孩子是我自己的选择
往自己肚子里咽,这么烦人哪
这么烦人哪,你
疼着呢,出去 买点菜
出去 买点菜,挑点贵的好的
挑点贵的好的,今天晚上姐给你们露一手
今天晚上姐给你们露一手,那么见钱眼开呢
我走了 姐,好啊 我们两个韩国跑了一趟
好啊 我们两个韩国跑了一趟,回来她就辞职了
回来她就辞职了,不算是给我们脸色看
随他们去吧,你想过没有
你想过没有,她现在一辞职
她现在一辞职,家里的经济压力就全压在我儿子一个人身上了
家里的经济压力就全压在我儿子一个人身上了,再说他们家里 还养了一个蛀虫 小舅子
再说他们家里 还养了一个蛀虫 小舅子,我儿子那个肩 你想想他扛得起吗
那怎么着 你接着和她打,我不瞒你说
我不瞒你说,我对这个儿媳妇早就已经不抱有任何希望了
我对这个儿媳妇早就已经不抱有任何希望了,我就希望这一年赶快过去
我就希望这一年赶快过去,我现在心里最心疼的
我现在心里最心疼的,是我的小孙女
像是咱茜茜与虎同眠似的,她不就是只老虎吗
她不就是只老虎吗,你看这里的空气多么好
你看这里的空气多么好,比学校操场的空气还好
比学校操场的空气还好,从今天开始呢 我们就要跑步了
从今天开始呢 我们就要跑步了,妈妈待会数123 我们就出发
妈妈待会数123 我们就出发,妈妈 我肚子疼
妈妈 我肚子疼,怎么会肚子疼啊
怎么会肚子疼啊,你哪难受啊
你哪难受啊,我哪儿都疼
我哪儿都疼,那要不要我带你去医院看一下
那要不要我带你去医院看一下,不去医院也行
不去医院也行,只要不跑步肚子就不疼
只要不跑步肚子就不疼,只要不跑步肚子就不疼了是吗
只要不跑步肚子就不疼了是吗,你知道人生病了是要进医院看病打针吃药的
你知道人生病了是要进医院看病打针吃药的,打针很疼
打针很疼,吃药很苦
吃药很苦,所以我让你选 你是肚子疼
所以我让你选 你是肚子疼,我带你去医院呢 还是留下来跑步
我带你去医院呢 还是留下来跑步,妈妈给你两个选择
妈妈给你两个选择,你选一个
你选一个,跑步
跑步,好 那我们就跑
好 那我们就跑,来 走
跟这次比起来啊 那之前都不算什么了,你后悔了吧
你后悔了吧,后悔了吧
后悔了吧,我怎么跟你说的 娶这么强势的一个老婆
我怎么跟你说的 娶这么强势的一个老婆,你早晚会后悔
你早晚会后悔,我只是没有想到你后悔得会这么早
说这些干什么呀,什么叫说这些干什么
什么叫说这些干什么,结婚以前 我提醒过你
结婚以前 我提醒过你,睁大眼睛看一看
睁大眼睛看一看,以我们家的条件
以我们家的条件,以你自己的条件
以你自己的条件,我们可以百里挑一的 结了婚
我们可以百里挑一的 结了婚,为了这个小东西 你就睁一只眼闭一只眼吧
为了这个小东西 你就睁一只眼闭一只眼吧,你现在给她搭伴过日子去吧
谁成想成今天这样了,她今天怎么样了
她今天怎么样了,你怎么不为她想一想
你怎么不为她想一想,小地方来的
小地方来的,好不容易在大城市里先站住了脚
好不容易在大城市里先站住了脚,在一个大商场里
在一个大商场里,人家曾经当过 一个主管
人家曾经当过 一个主管,也算是一个事业有成的人了
也算是一个事业有成的人了,现在为了这小东西
现在为了这小东西,她辞职了
她辞职了,她在家里给你当全职太太
她在家里给你当全职太太,她这个人的心理落差 她受得了吗
她这个人的心理落差 她受得了吗,她现在不是发誓要把她的女儿培养成为一个小神童
她现在不是发誓要把她的女儿培养成为一个小神童,怎么来证明她这一年她的努力没有白费
怎么来证明她这一年她的努力没有白费,我告诉你啊 她这么做苦的不是她 不是你 是这个孩子
我告诉你啊 她这么做苦的不是她 不是你 是这个孩子,她把这个孩子要毁了
还毁了,不管怎么说
不管怎么说,你妈也算是一个事业型的人了吧
你妈也算是一个事业型的人了吧,我年轻的时候 我多低调啊
我年轻的时候 我多低调啊,我有她那么疯狂吗
我有她那么疯狂吗,我有她那么好胜吗
我有她那么好胜吗,你们不是也照样优秀嘛
你们不是也照样优秀嘛,她怎么了她
她怎么了她,我是越来越看不懂了
这逼供呢,我逼供怎么了
你精神快不正常了你都,你说谁精神不正常
你说谁精神不正常,我看是你精神不正常吧
我看是你精神不正常吧,你跟我说话 到底哪一句是真的
你跟我说话 到底哪一句是真的,哪一句是假的
茜茜喜欢奶奶做的饭 行了吧,你知道你性质多恶劣吗
你知道你性质多恶劣吗,你带着孩子一块儿骗我
你带着孩子一块儿骗我,你们俩联手在骗我
我躲得起 行吧,站住 你去哪
站住 你去哪,你去哪 这是你家
你去哪 这是你家,你哪也不能去
你哪也不能去,这你自己家里你为什么不待
这你自己家里你为什么不待,为什么我们两个就不可以坐下来好好聊一聊呢
你都快成个疯子了你都,你别走
我消化 消化食 不行啊我,罗素 你开门开门
我差点都没敢认,这么巧啊 你这是
你也是啊,我只是偶尔路过而已
带孩子辛苦的吧,你的客户不是还等着你吗
你的客户不是还等着你吗,先去忙吧
先去忙吧,我也有事儿
我也有事儿,滚
是不是,你打游戏机 骗小学生钱
你打游戏机 骗小学生钱,你还是自主创新
你还是自主创新,你亏你能说得出口啊
我今儿就得睡大桥下面了我,用不着 你兄弟多嘛
也不如亲姐亲啊,我告诉你 毕然
我告诉你 毕然,这个家 你是绝对不可能再住下来了
这个家 你是绝对不可能再住下来了,为什么
为什么,知道吗
知道吗,你对茜茜的影响太坏了
你对茜茜的影响太坏了,茜茜还没上小学
茜茜还没上小学,等她走上正轨
等她走上正轨,你到我们家爱住多久住多久
你到我们家爱住多久住多久,但这一年我绝不会为你再操半点心了
你别这样,再见
再见,给你 知道什么吗
给你 知道什么吗,两千块钱
两千块钱,姐对你好吧
姐对你好吧,出去找一份正经的工作
出去找一份正经的工作,找个地方 住下来
找个地方 住下来,要让别人看得起你
要让别人看得起你,你首先得像一个人的样子
不是 姐,滚
我去哪啊我,去死
怎么了,你要看你把声音给我关小一点
你要看你把声音给我关小一点,你看 黑猫警长 大闹天宫都是我们两个孩子从小到大看的
你看 黑猫警长 大闹天宫都是我们两个孩子从小到大看的,现在给这个孩子看 这小地方来的
现在给这个孩子看 这小地方来的,就是小地方来的
就是小地方来的,连这点路数都不懂
你跟她玩乐高就大地方,那可不嘛
那可不嘛,你到网上去查查什么叫乐高
你到网上去查查什么叫乐高,乐高是干嘛的
乐高是干嘛的,乐高是专门开发儿童智力的
乐高是专门开发儿童智力的,乐高 你还不知道吧
乐高 你还不知道吧,再说了
再说了,你让孩子玩玩具吧
你让孩子玩玩具吧,你让她知道什么叫熏陶
你让她知道什么叫熏陶,什么叫品位
什么叫品位,知不知道
这是她姥爷让她看的,关了关了吵死了
关了关了吵死了,等等
怎么了,等一等
等一等,我好像突然悟到了一个道理
什么道理,为什么她妈妈老是不高兴
为什么她妈妈老是不高兴,就是她从小到大她姥爷 让她那个不高兴没头脑给看的
怎么没通知我一声 我好去接您啊,不用客气
不用客气,你刚才在电话里讨论什么呢
爸 您都听见了,是在讨论怎么玩电脑游戏呢吧
这都听见了,我教了40年的书
我教了40年的书,这个还听不出来
这个还听不出来,罗素
罗素,你现在已经是孩子的爸爸了
你现在已经是孩子的爸爸了,不能再跟那个毕然一样
不能再跟那个毕然一样,那 那么不靠谱了
我可是我们全服务器里的老大,那又怎么样
那又怎么样,游戏玩得再好 能升官发财吗
是不是,我告诉你 一个男人最大的责任 就是让家人幸福
觉得平平淡淡才是真的,平淡 你爸爸我一辈子虽然没有大富大贵但是不管
平淡 你爸爸我一辈子虽然没有大富大贵但是不管,但是不管怎么说
但是不管怎么说,我还是培养了一大批的高材生的
我还是培养了一大批的高材生的,在学校连校长都要让我三分
在学校连校长都要让我三分,可是结果怎么样
可是结果怎么样,在你妈妈眼里 我还不是挣钱少 没出息吗
在你妈妈眼里 我还不是挣钱少 没出息吗,我跟你讲 什么在摇椅里慢慢变老啊
我跟你讲 什么在摇椅里慢慢变老啊,这些都是鬼话
我上好的铁观音,好好 谢谢谢谢
喝茶,吃得太干
吃得太干,嗓子还真是冒烟了
饭菜还习惯吗,不瞒你说呀 好吃是好吃
不瞒你说呀 好吃是好吃,但是太麻烦了
但是太麻烦了,我这个人 就喜欢大口地喝酒
我这个人 就喜欢大口地喝酒,大口地吃肉
大口地吃肉,你们谁听说过 大口地喝酒
你们谁听说过 大口地喝酒,大口地吃鱼呀
大口地吃鱼呀,没有吧
没有吧,吐鱼刺太麻烦了
吐鱼刺太麻烦了,你看 又来了
下回让罗素他妈多给你多做点肉,不用不用
不用不用,有时间的话 你们到我家去
有时间的话 你们到我家去,我请杨国华同志给你们做炖肉
我请杨国华同志给你们做炖肉,她做的炖肉那才是一绝呢
她做的炖肉那才是一绝呢,只有我们那个地方的肉 才能做出那个味道来
亲家啊 这次来打算住多长时间,反正现在我已经退休了
反正现在我已经退休了,有的是时间了
有的是时间了,亲家 我准备这一次好好帮胜男带一带茜茜
亲家 我准备这一次好好帮胜男带一带茜茜,这个孩子 现在教得浑身上下都是毛病
这个孩子 现在教得浑身上下都是毛病,她姥姥 你洗个碗吗 请你把那个手套给我带上
她姥姥 你洗个碗吗 请你把那个手套给我带上,知不知道洗洁精
知不知道洗洁精,这里边有腐蚀剂的 特别伤皮肤
这里边有腐蚀剂的 特别伤皮肤,男男 你快看你妈那双手 伤成什么样了都
我不在乎 戴什么手套啊我,那这样吧 你把那个内胆先给我洗了
那这样吧 你把那个内胆先给我洗了,它那个里头没有油
它那个里头没有油,先洗这个
好嘞,她姥姥 那个内胆怎么可能拿钢丝球擦呢
她姥姥 那个内胆怎么可能拿钢丝球擦呢,这个内胆你知不知道 它是人家韩国的专利
这个内胆你知不知道 它是人家韩国的专利,你这么一擦 这个内胆就没有用了
你这么一擦 这个内胆就没有用了,这1000块钱电饭锅 就没有用 就被你毁了
这1000块钱电饭锅 就没有用 就被你毁了,用这个擦 这个锅
这个锅这么贵啊,可不吗
可不吗,刚才你没觉得你吃饭的是我们家的饭
刚才你没觉得你吃饭的是我们家的饭,是香糯可口
是香糯可口,就是这个锅里烧出来的
就是这个锅里烧出来的,对对 温柔一点 小动作
对对 温柔一点 小动作,这个锅子呀 是我专门为茜茜买的
这个锅子呀 是我专门为茜茜买的,我得从小培养这个孩子的贵族意识 得让她吃好玩好穿好
我得从小培养这个孩子的贵族意识 得让她吃好玩好穿好,有空的时候呢 还带她去那些高雅的地方看看话剧啦
有空的时候呢 还带她去那些高雅的地方看看话剧啦,听个轻音乐
听个轻音乐,总而言之
总而言之,反正那些菜市场 公交车 那些低俗的地方
反正那些菜市场 公交车 那些低俗的地方,我绝对不会让这个女孩子去的
天天都挤公交车,那是你呀 它不低俗吗
那是你呀 它不低俗吗,你想没想过 大夏天挤公交车
你想没想过 大夏天挤公交车,一进公交车 扑鼻而来的是什么
一进公交车 扑鼻而来的是什么,那是汗味 人挤人 身上那种黏嘎嘎的味道
那是汗味 人挤人 身上那种黏嘎嘎的味道,真的
真的,我想起来我都会恶心
腹有诗书气自华,这个观点我不敢苟同
这个观点我不敢苟同,你刚才说的是第三产业
你刚才说的是第三产业,第三产业是什么
第三产业是什么,只有第一第二产业足够繁荣了 才能发展第三产业
只有第一第二产业足够繁荣了 才能发展第三产业,我跟你讲
我跟你讲,我不希望看到将来 这个茜茜看天吃饭
我不希望看到将来 这个茜茜看天吃饭,要凭真本事
要凭真本事,不管你到什么地方 做什么事情
不管你到什么地方 做什么事情,一定要靠自己的真本事活得好
喝茶,不 不
不 不,我正在讲 你不要老让我喝水嘛
中国人,你刚才说的理论我都同意
你刚才说的理论我都同意,要是按照他们按部就班进行的话 我也没有意见
要是按照他们按部就班进行的话 我也没有意见,可是亲家 你看看你这两个孩子
可是亲家 你看看你这两个孩子,罗素 还有罗丹
罗素 还有罗丹,当然 他们现在都很有出息了
当然 他们现在都很有出息了,罗素学的是理工科吧
罗素学的是理工科吧,可是跟文化一点边都不沾啊
可是跟文化一点边都不沾啊,那个罗丹成天就知道外国的月亮比中国的圆
爸爸爸 来一块走一个来 来来,不 好
不 好,我这嗓子还真是又冒烟了
我这嗓子还真是又冒烟了,茶还是蛮好的啊
茶还是蛮好的啊,不错不错
不错不错,我忘了问你
我忘了问你,毕然最近怎么样了
你看今天他都不能来,呵呵
呵呵,那你就得告诉你儿子 任何一份工作他得珍惜
那你就得告诉你儿子 任何一份工作他得珍惜,现在的大学生啊 研究生啊
现在的大学生啊 研究生啊,就是毕了业都找不到一份正儿八经的工作
就是毕了业都找不到一份正儿八经的工作,他连一个文凭都没有
他连一个文凭都没有,他找到了一份工作
他找到了一份工作,他不珍惜
我儿子早晚有一天会有大出息的,她姥姥 怎么了
她姥姥 怎么了,我说你这个你就不高兴
我说你这个你就不高兴,你就跟我翻脸
我没不高兴,我是为你高兴 为毕然高兴
别想了 睡吧,你不也没睡着吗
确实睡不着,你今天晚上一句话都没说
感觉今天一天把一年的话都给说了,对不起
对不起,今天是我爸不好
你说他们怎么就打成这样,我觉得自从有了孩子以后
我觉得自从有了孩子以后,很多事情都不一样了
很多事情都不一样了,好像都是我们无法控制的
可能是你爸我爸 你妈我妈 对茜茜用力过猛吧,可是如果不用力
可是如果不用力,又怕它苗不长啊
正好让茜茜感受一下军事化教育,你是真心话 还是口是心非啊
就当我没问,你迟到了整整半个小时
您是来让我看您这贵妇生活的,吃颗维生素就叫贵妇生活呀
吃颗维生素就叫贵妇生活呀,你不知道吗
你不知道吗,在美国 不管是成年人 还是老年人
在美国 不管是成年人 还是老年人,他们每天都会吃
他们每天都会吃,这样对身体很好
这样对身体很好,算了 跟你说这些你也不知道
算了 跟你说这些你也不知道,知道今天为什么叫你来这儿吗
让我们这穷苦老百姓来观察观察生活 是吧,我有这么无聊吗
我有这么无聊吗,看来你是什么都不知道了
看来你是什么都不知道了,你爸 还有你妈 跑到我们家大闹
你爸 还有你妈 跑到我们家大闹,把我爸气得差点心脏病都出来了
闹什么了,还不是多管闲事的
还不是多管闲事的,对茜茜的教育在那指手画脚的
知道吗,就你爸那乡村教师范儿
就你爸那乡村教师范儿,他真把自己当教育专家了
我认为乡村教师是这个世界上最伟大的职业,你小点声
你小点声,有点素质好不好
有点素质好不好,今天叫你来呢 就是让你看一下我们两家的教育有什么不同
今天叫你来呢 就是让你看一下我们两家的教育有什么不同,这叫头盘 也叫开胃菜
这叫头盘 也叫开胃菜,非常好吃
非常好吃,你可以尝尝
教育成果呢 教育成果在哪呢,毕然 那这难听的话我就直说了啊
毕然 那这难听的话我就直说了啊,你爸买的那些什么动画片 书啊的 又老又旧 茜茜可从来都不看
你爸买的那些什么动画片 书啊的 又老又旧 茜茜可从来都不看,而他老人家呢 觉得他自己的教育成果是多么优秀
而他老人家呢 觉得他自己的教育成果是多么优秀,而为此感到骄傲
而为此感到骄傲,你又不是不知道我们家是把茜茜
你又不是不知道我们家是把茜茜,当公主养的
当公主养的,别喝我水
别喝我水,就拿这家餐厅来说吧
就拿这家餐厅来说吧,人均消费在500
人均消费在500,我是这家餐厅的
我是这家餐厅的,重要客人
重要客人,而你呢 你从小就在你爸的棍棒底下长大
而你呢 你从小就在你爸的棍棒底下长大,可是现在又能怎么样
可是现在又能怎么样,你看看你现在的样子
你看看你现在的样子,你现在是什么样
你现在是什么样,来吃个饭吧
来吃个饭吧,你说你把自己穿得跟保镖似的
你说你把自己穿得跟保镖似的,袖子上的商标还没摘呢
袖子上的商标还没摘呢,借来的吧
借来的吧,这就是咱们两家的教育差距
这就是咱们两家的教育差距,这就是事实
我也没觉得你比我多成功,不要不愿意
不要不愿意,接受事实嘛
要不是因为我姐 我早就,你早就什么呀
走了,你给我站住
多少时间没来看电影了,是啊
是啊,看这个吧
看这个吧,我跟茜茜在家里面看了这个预告片
我跟茜茜在家里面看了这个预告片,茜茜乐坏了 觉得特别搞笑
好啊 来,行 看这个
行 看这个,3D
3D,对了
对了,咱们俩看完了
咱们俩看完了,茜茜就看不了了
茜茜就看不了了,干脆下次等茜茜来了
干脆下次等茜茜来了,咱们一块看吧
那不看电影了,留给她看吧
那去逛会儿,行啊
行啊,给我买衣服
有钱,买呀 把商场给买了
你什么也不买啊,买啥呀
那不是,变态
变态,你一亲还亲了半小时
咱俩去开房怎么样啊,你花那冤枉钱干啥
你花那冤枉钱干啥,童装特惠展销
童装特惠展销,给茜茜买东西去
赶紧上车吧 一会路上该走,还知道起来啊你 
 难得倒个休多赖会儿,30多岁的人了
30多岁的人了,还得你妈伺候
我自己都记不清了,三十三了
三十三了,赶紧跟人黄大仙结婚
我才不嫁他呢,就你这个性 人家都追了你五六年了吧都
就你这个性 人家都追了你五六年了吧都,你非得等人家对你一点感觉没有了
你非得等人家对你一点感觉没有了,你就傻眼
可能吗,可能吗
可能吗,可能 我上对面去啊
一会接我哥,什么 什么意思
什么 什么意思,你哥回来 
在飞机上呢,他怎么也不吱一声啊
他怎么也不吱一声啊,他要回来
给我发微信了,小白跟他一块回来啊
就说让咱俩去接他,这人 我真服了他了
这人 我真服了他了,说往回跑就
我住哪啊,那得看你打算住多久
长住,在医院 我没合适问你
问什么呀,你跟小白到底怎么回事啊
我刚换了心脏 且得缓一阵 好好休息,你换心脏这事 小白可知道
你换心脏这事 小白可知道,一天一电话 我不托底
一天一电话 我不托底,我都不知道怎么跟她说
照实说啊 又不是外人,没离啊
离了也不是外人,真离啦
真离啦,幸亏没孩子
你看您这话说的,不是到底为什么啊
妈 我现在不想说了,你简单洁说 说完
你简单洁说 说完,咱就翻篇 行不
我变心了呀,你这心脏刚换的
你这心脏刚换的,以前不是这个
没换之前那心脏也死得差不多了,有人了
有人了,女的
那还能是男的,你疯了你
不住,你这多对不住人家小白呀
可不是吗,那那个呢
也分开了,合着你这白忙活
白忙活了,洋妞
上车上车 看着点车啊,怎么着啊 你送她回来的啊
我跟您说点事,干嘛呀
干嘛呀,干什么
干什么,你这还搞得神神秘秘的
给您拿点药酒,给我拿
给我拿,药酒干什么啊
这每天喝一点对身体特别好,行吧
行吧,也不知道送给我点
也不知道送给我点,贵重东西 
有有有,有
手机,我有手机 
给我徐天 徐哥的,干嘛给他个手机啊
就 您给吧,想的还挺周到
过来过来,干嘛
我必须要严肃提出来 , 怎么了
直接就完蛋啦,能不能说点吉利话 什么直接就完蛋了
能不能说点吉利话 什么直接就完蛋了,你这
我得实事求是,不是 那你说现在怎么弄啊
不是 那你说现在怎么弄啊,他休息不好
而且 他住那方便,什么方便啊
你是房主 天经地义,打扮成这样 干嘛去啊这是
等我哥回来我就走,干嘛去啊
联谊活动,什么联谊活动 相亲去吧你
你要非这么说也可以,不是
不是,你这是折腾你自己呢 还是折腾人小黄呢
折腾你呢,你自个的婚姻
你自个的婚姻,你要是愿意折腾你自个我不管
你要是愿意折腾你自个我不管,你说你妈就是开婚介所的
你说你妈就是开婚介所的,你非上人家联谊会去
你非上人家联谊会去,你 你给人家交中介费
你 你给人家交中介费,你 你就不会照顾照顾自个家生意
要么就是老头老太太 不合适啊,小黄人不错
小黄人不错,送给你哥一个手机
送给你哥一个手机,还问我你哥睡眠怎么样
还问我你哥睡眠怎么样,还说让你哥上他们家住去
这手机啊 首先 这手机是他送给我未遂 转送给我哥的,那也是手机
要是我根本就不会答应,上104找兰芝去啦
还非得让带点心回来,不是 干嘛去了
跟她商量一下退租的事,也不跟我说一声
我北京户口 咱分这三套房 该有我一套吧,没说没你的呀
没说没你的呀,可是你知道吗
可是你知道吗,刘兰芝那家 从满堂的家具到茶具都是从美国运回来的
刘兰芝那家 从满堂的家具到茶具都是从美国运回来的,你说你把她弄走了
你说你把她弄走了,她那些家具往哪搬
谁是自家人呢,这不是跟你说情况呢吗
这不是跟你说情况呢吗,我跟你说刘兰芝 到现在可过的都是美国时差
我跟你说刘兰芝 到现在可过的都是美国时差,咱们吃晚饭
咱们吃晚饭,她这刚起床
她这刚起床,咱们吃早点
咱们吃早点,她这准备睡了 一天24小时都不带插门的
她这准备睡了 一天24小时都不带插门的,你知道为什么吗
为什么啊,等她男人哪
那她男人呢,二十几岁就跟着这男人上了美国了
二十几岁就跟着这男人上了美国了,可是这男人有家室 搁民国允许一夫多妻
可是这男人有家室 搁民国允许一夫多妻,新社会违法呀
新社会违法呀,没辙了
没辙了,在美国那男的他们家街对面租了套房
在美国那男的他们家街对面租了套房,一住就是30多年
一住就是30多年,眼瞅着那男人生孩子 养孩子
眼瞅着那男人生孩子 养孩子,孩子大了 她变老
孩子大了 她变老,最后一想算了
最后一想算了,也不想婚姻的事了
也不想婚姻的事了,能看着就行
能看着就行,谁承想啊 这男的 走了 6年前 她落叶归根
谁承想啊 这男的 走了 6年前 她落叶归根,回了国
回了国,正赶上咱们家这三套房下来
正赶上咱们家这三套房下来,我认得她了
我认得她了,我就说得了
我就说得了,我租你一套 是吧
我租你一套 是吧,我呢 又正好开了这公司
我呢 又正好开了这公司,我说行
我说行,你别着急了
你别着急了,我给你找一个
我给你找一个,咱也尝尝 正经的婚姻是什么滋味
咱也尝尝 正经的婚姻是什么滋味,谁承想啊 一眨眼6年过去了也没找着
谁承想啊 一眨眼6年过去了也没找着,我们俩 倒处成亲人了
我们俩 倒处成亲人了,你说
你说,你这 叫她怎么搬哪
还等什么呀,是个念想
妈 家附近有宾馆吗,这家就这么不能住
国内这钱现在是不是挺好挣的,关键看你有什么打算
一男人 在家待着跟啃老族似的 别扭,你说完啦
你说完啦,要我说啊 你活该
您可真会安慰人,人家小白哪不好啊
人家小白哪不好啊,你非遇上那么一个爱情来了挡也挡不住的
你非遇上那么一个爱情来了挡也挡不住的,你抛家舍业的 没后悔药
你抛家舍业的 没后悔药,我说的话你听不懂是吗
我多问几遍不行啊,你就希望我多受点累
你就希望我多受点累,这样你就觉得你那钱就花的不亏是吧
你就别怕累,行
行,我身体很好 放心
我说你白,跟你比非洲人都白
跟你比非洲人都白,长相 
啥长相,要对方什么长相
跟你相反就行,我年老色衰
我年老色衰,跟我相反 年轻美貌 是吧
跟我相反 年轻美貌 是吧,真该多照照镜子
真该多照照镜子,家庭条件
随便,婚史
啥婚史,要结过婚的还是没结过婚的
当然没结过婚的了,没结过婚大姑娘看不上你
那就退钱,家庭地址联系方式
干啥,都得填
没这个必要吧,我得知道把钱往哪给你退
上面都有,再见吧
就服务完了,没完
没完,还有下次
我闺女呢,受不了你这臭脾气 躲出去了
你怎么知道的,梁跃进
梁跃进,就你这脾气 成功率很低
你的态度也不好,这全是被他给激的
有多大了,60
情有可原,你对那个黑老头什么印象
蛮好的呀,是吗
徐先生住宾馆应该由我来付钱,晚上在502吃饭
今天, 那个北京时间晚上6点
正常走,里边小咸菜
里边小咸菜,还有火烧 我还给你熬了粥
还有火烧 我还给你熬了粥,可好了
可好了,这粥 稠乎乎的
这粥 稠乎乎的,喝两口
喝两口,你这嘴
你这嘴,怎么弄的到底
听实话,废话 
碰上一个女的,打你了
所以打自个儿两下 下手重,讨厌
讨厌,你有正经的没有啊你
我说的就是正经的,北京的
北京的,你才回来几天哪
要不说桃花运呢,你把她八字要过来
你把她八字要过来,我瞅瞅你们俩到底合适不合适
还有八字呢,你拿我寻开心呢
你拿我寻开心呢,你这孩子你真是
想我了给我打电话啊,你再吃两口
坐这吧,不是 怎么
不是 怎么,全医院都知道你跟我们家豆豆好
我就是要造成这种影响 , 有必要吗
有必要啊 ,什么必要啊
什么必要啊,怪不得我闺女嫁不出去呢
我这一直等着她 问题她不嫁呀,你这 你把她路都给堵死了
你这 你把她路都给堵死了,她还嫁谁去
她还嫁谁去,除了你
现在挽回也来不及了,行了 咱不贫了
行了 咱不贫了,问你两件事 第一件
问你两件事 第一件,豆豆她哥 现在呢找了个工作
豆豆她哥 现在呢找了个工作,每天一大早就出门
每天一大早就出门,下午六七点钟才回来 卖房子当中介
下午六七点钟才回来 卖房子当中介,我就说他这心脏是新换的
我就说他这心脏是新换的,你说他 他能支撑得了吗这身体
他最近有异常吗,那倒没有
最重要的是免疫抑制药不能停,药他倒是一直都揣着呢
回头我亲自观察他一下,对 什么时候麻烦你亲自一下 第二件
对 什么时候麻烦你亲自一下 第二件,这就是徐天他的生辰八字
这就是徐天他的生辰八字,你不是会算命吗
你不是会算命吗,你给他算算最近有没有什么姻缘
你给他算算最近有没有什么姻缘,姻缘在哪儿
美岚阿姨 我不会算命,装什么装啊你 你不会算命
装什么装啊你 你不会算命,大仙这绰号哪来的
周易 周易是科学,所以啊 特准嘛不是
这科学就是科学 没有准不准这么一说,那你赶紧科学科学呗
那你赶紧科学科学呗,你给我算算
你给我算算,你待会不会口吐白沫
你待会不会口吐白沫,翻白眼吧你
徐天往日姻缘在西方,废话
废话,刚从美国回来
刚从美国回来,美国就是西方
近期姻缘在本地,本地哪儿啊
往南再换乘45路,你别这儿胡说八道
你别这儿胡说八道,装神弄鬼
装神弄鬼,了你
怎么了,这周易里头还有地铁公交车呢
不是 我这不是帮您换 换算怎么坐车过去吗,我 我要过去 你拉我过去不就完了吗
我 我要过去 你拉我过去不就完了吗,我还那么费劲
我哥现在怎么跟大仙混一块了,我告诉你 我把你哥那生辰八字给了大仙了
我告诉你 我把你哥那生辰八字给了大仙了,大仙从那卦象上看 说姻缘就在近期
大仙从那卦象上看 说姻缘就在近期,女方的方位就在以故宫为中心
女方的方位就在以故宫为中心,往南30公里
往南30公里,正好这个周末我准备奔南边去
正好这个周末我准备奔南边去,我必须得帮你哥好好地勘察勘察
你去南边干吗呀,之前一个倔老头来相亲
之前一个倔老头来相亲,这兰芝还真有点看上了
这兰芝还真有点看上了,我说
我说,中介费也收了
中介费也收了,我得那个
我得那个,去回访 
所以就随口那么一说,他怎么知道我要去南边
你没说啊 ,没有啊
没有啊,就我跟兰芝知道
你自己体会,这窗户怎么了
这窗户怎么了,锁不上了这是
锁不上了这是,回头下午我让徐天过来修
我到街上找个工人修就好了,你哪找去啊 10块钱的活你花一百块
你哪找去啊 10块钱的活你花一百块,你花100块 他还给你修不好
你花100块 他还给你修不好,干嘛呀
干嘛呀,你这还想接着睡啊
你这还想接着睡啊,别睡了
别睡了,给我找几张照片
干什么呀,我下午找梁跃进去
梁跃进是谁,你对人印象不错的
你对人印象不错的,你要是对人家印象不错
你要是对人家印象不错,你能不能记住人家的名字啊
你能不能记住人家的名字啊,别回头让你们俩约会的时候都不知道怎么称呼人家
别回头让你们俩约会的时候都不知道怎么称呼人家,你也不能光管人家叫大哥呀
要几张啊,一张就行 多了
一张就行 多了,掉价
这张吧,我看看
我看看,20年前的吧这个
25,还行
还行,让他看看嫩的
让他看看嫩的,怎么着 轰我走了这是 你能不能把你那作息调调啊
怎么着 轰我走了这是 你能不能把你那作息调调啊,你说万一你真跟人家约会
你说万一你真跟人家约会,你也不能约在大半夜啊
你也不能约在大半夜啊,是不是
是不是,凌晨3点见 人以为咱要干嘛呢
凌晨3点见 人以为咱要干嘛呢,俩人要真好上了
俩人要真好上了,将来生活在一块
将来生活在一块,也不能让人家跟着你过美国时间呢
随便,茅台 还行
茅台 还行,江小白 顺口
跟老梁说的一样,真的 真的 丫头 认真想想 琢磨琢磨这事  好不好 考虑考虑
我真不着急找对象,阿姨免费 不收你钱
阿姨免费 不收你钱,关键是什么你知道吗
关键是什么你知道吗,这孩子这人
这孩子这人,真好
真好,阿姨怕你错过了 
有多好,海归 
不在乎,海外有房产
海外有房产,搞房地产的
不在乎,年龄跟你稍许有点差距
不在乎,不是 那你
不是 那你,都在乎什么呀
有才华最重要,闺女 刚才阿姨说的那几条条件哪
闺女 刚才阿姨说的那几条条件哪,跟那个本人呢 确实稍微有一点点的差距
跟那个本人呢 确实稍微有一点点的差距,但是这才华他真有 真的 从小出口成章
但是这才华他真有 真的 从小出口成章,写作文永远第一名
写过书吗,写过啊
写过啊,当然了 
 出版了吗,那以后有可能啊
你是不是有点职业病啊,是吗
是吗,这个孩子啊 我真得上心
老梁怎么还不回来啊,这是他们家 放心 一会儿就回来
这你也听,年轻人就好这
看一眼,我看看
好看吗 ,这都不像
这都不像,不像你了
美完图更好看,不用美图 这挺好 行
不用美图 这挺好 行,我到时候给他看看
我到时候给他看看,他要是同意了
他要是同意了,我就给你们约见
我还没同意呢,你不都答应了吗
然后剩下百分之九十看心情,净逗阿姨 那你让我给你拍照片
咱们俩再照一张,咱俩照一个
比耶啊 ,你杵我脸上了 这边脸
耶,把钱还你 你跟刘兰芝没缘分
不是冲着钱跟你置气 知道吗,你闲的
那钱哪 就当着我跟你斗气解闷的费用,我跟你说句掏心窝子的话
我跟你说句掏心窝子的话,就你这人 赶紧找一老伴
就你这人 赶紧找一老伴,你就这么憋着
你就这么憋着,你早晚危害社会
你说不危害的头一个就是我呀,我告诉你
我告诉你,你这一辈子 你八辈子都找不着我这样的 你信吗
你这一辈子 你八辈子都找不着我这样的 你信吗,不跟你解释了
不跟你解释了,我告诉你啊 刘兰芝可是仙女下凡
我告诉你啊 刘兰芝可是仙女下凡,她男人欺负了她30年
她男人欺负了她30年,一句怨言没有
一句怨言没有,天生好脾气
您来一块,行了吧
行了吧,你接着坦白
你接着坦白,我告诉你 你不跟我说清楚
我告诉你 你不跟我说清楚,今儿晚上我无论如何睡不着觉
但人跟我说有老公 以后就不见了,喜欢到什么程度啊
不想说了 妈,那以后还见不见了这人
不说了嘛 不见,我就想不明白了 这怎么能过马路碰上一女的 就喜欢上了 你
我就想不明白了 这怎么能过马路碰上一女的 就喜欢上了 你,你知道她什么人呢 了解她什么
你知道她什么人呢 了解她什么,底细啊
底细啊,她要是个骗子呢
说了 以后不见了,儿子
妈 回去吧,你说你怎么把你自个的日子过成这样了
你说你怎么把你自个的日子过成这样了,美国兜一圈
美国兜一圈,两手空空回来
两手空空回来,身体也不好
身体也不好,你好歹的 你让自己缓一缓
你好歹的 你让自己缓一缓,喘口气儿
喘口气儿,怎么又整出个新的
相信我 妈,妈心疼
您要这样 您还不如痛痛快快骂我一顿,睡觉吧
睡觉吧,你说说这怎么弄啊
莫操心 操心累儿孙,他都4张了
那就更不用操心了,从小到大
从小到大,就没断了折腾 就我这儿子
你说徐天从小到大 你都没怎么管过,没太管
那现在更不用管,再找媳妇儿这事
再找媳妇儿这事,这事儿我还真得管
这事儿我还真得管,现在这社会多复杂呀
现在这社会多复杂呀,不过今天我倒是给他物色了一个
不过今天我倒是给他物色了一个,我 我照着小黄给的卦位
我摸过去的 ,你今天不是替我
你今天不是替我,对
对,那个答应见了
喝咖啡,你是早上 我是晚上 我喝了它还能睡啊
约了什么时候见哪,还挺上心
找个人说说话嘛,跟这人说话
跟这人说话,我都怕你会背过气去
不会的,这种人哪 你没见过
这种人哪 你没见过,你还是有点思想准备好
真没意思的话 我真就掉头了,你要想掉头
你要想掉头,你早掉头了你 
这没她这么欺负人的,又怎么欺负你了
这又跟那个 心理科最著名的黄色狼又走到一块去了,也姓黄
真的 我现在五内俱焚,回头我批评批评她
您说我该怎么办,你这
你这,半截跑出来的吧你
我下午还有台手术呢,先把患者放在头一位
先把患者放在头一位,救死扶伤比什么都重要
救死扶伤比什么都重要,别影响工作
我知道 这个觉悟我还是有的,我送送你 走
行了 那您回去吧,路上看着车
还是当个好人,你哥能吃鸡吗
他不吃我吃,别忘了啊
别忘了啊,今儿我唱红脸
今儿我唱红脸,你唱白脸
你唱白脸,你哥犟 咱得顺毛逆毛一块胡噜 才能胡噜顺溜
你就告诉我中心思想是什么吧,中心思想第一
中心思想第一,问清楚了他跟小白到底怎么回事
问清楚了他跟小白到底怎么回事,第二
第二,必须让他跟那个有老公那女的给我断了
我哥说他断了,你信啊
你信啊,干柴烈火的说断就断
干柴烈火的说断就断,见鬼了呢
大仙不是给我哥算了一对象吗,对了
对了,我都忘了
我都忘了,忘给你看一眼
你别着急 ,糊里糊涂我给你看看
糊里糊涂我给你看看,就这女孩
就这女孩,可以啊
可以啊,就是长得偏楞了点
还行 ,总体可以
哪拍的呀,老梁头他们家
哪个老梁,给你兰芝阿姨相亲的那对象
给你兰芝阿姨相亲的那对象,我差点忘了
我差点忘了,我得给他打个电话
我得给他打个电话,别回头放你兰芝阿姨鸽子
哎呀妈呀 正做梦呢我,你梦见什么了
血压下来了吗,下来了
下来了,过来
过来,再让妈听听心跳 来
再让妈听听心跳 来,向毛主席保证 刚才一点动静没有
我睡死过去了,什么睡死 谁睡觉没心跳啊
什么睡死 谁睡觉没心跳啊,你那是真死过去了
回来累了躺床上 没吃药,那女的真叫梁晓慧
那女的真叫梁晓慧,怎么认识的
怎么认识的,刚认识的
不对 四回,那个了吗
那个了吗,人怎么样
挺好,挺好是多好啊
好到我做梦梦着她了 , 人家有老公
就当没碰到过,就这
反正我不会再去找她了,梁晓慧有老公这事
梁晓慧有老公这事,跟你和小白离婚这事
跟你和小白离婚这事,哪个让你心里更难受
差不多吧,哪个啊
散了,梁晓慧真是刚认识的
像上辈子认识,你说你这孩子打小多浑哪
你说你这孩子打小多浑哪,怎么突然之间
怎么突然之间,变情种了你
我有潜力,回来啦
回来啦,怎么样啊
怎么样啊,满意吗
满意吗,嗯是满意是不满意啊
满意,就他那么个粗人你居然还
就他那么个粗人你居然还,你居然还满意
很单纯,我的妈老爷 天老爷 基督 耶稣
我的妈老爷 天老爷 基督 耶稣,阿弥陀佛
阿弥陀佛,好家伙 刚才他给我来电话
好家伙 刚才他给我来电话,电话里跟我说你就是女菩萨 最高评价
电话里跟我说你就是女菩萨 最高评价,快 跟我说说你们怎么聊的都 
要不然 能跟谁说,谁跟谁说的
你问的跟梁先生是怎么聊的,你就是这么跟他聊的
那个 这个我查了下价 一分不多一分不少,算了算了 包服务费里了
值这个价 我一个大老爷们不能让你买单 来来来拿着,够数吧这个
自己查,那怎么着
那怎么着,还约刘兰芝吗
约吧,那我就把丑话说前头
那我就把丑话说前头,难得她对你有点好印象
难得她对你有点好印象,你就别臭来劲
你就别臭来劲,她是一个
她是一个,文静人
文静人,这后半生谁要是对不起她
这后半生谁要是对不起她,上天有眼
上天有眼,那人都不会有好日子过的
那人都不会有好日子过的,约归约 处归处
约归约 处归处,你要是敢伤她的心
你要是敢伤她的心,你看我怎么治你
好像我把她怎么的了似的,我这不教你呢嘛
谁用你教啊,好好好 我不教
好好好 我不教,周末
周末,把自己收拾得干净的
把自己收拾得干净的,我让你上他们家喝咖啡去 好吧
我凭什么听你的,我这不为你服务呢嘛
我这不为你服务呢嘛,你这人怎么这么大岁数不识好歹
坐着别扭也不是不能走,干什么
干什么,人家医院的规矩 你就负责喘气
人家医院的规矩 你就负责喘气,老老实实
好好的 做什么复查,你说好好的就好好的
你说好好的就好好的,得科学
得科学,说好好的我才放心
活得还不踏实,你能不能不说这话
你能不能不说这话,你给我敲两下木头
你给我敲两下木头,拍两下
拍两下,真是 你说点吉利话
真是 你说点吉利话,这孩子 
这吉利话管用吗,管用不管用
管用不管用,就你这40岁的人了
就你这40岁的人了,离了婚 净身出户
离了婚 净身出户,人谁离婚不得分点
分了小白住哪,自作孽 你理亏
自作孽 你理亏,你当然不好意思分了
你知道 那人家知道吗,儿子
儿子,妈对不住你
您怎么对不住我了,豆豆一直在我身边
豆豆一直在我身边,你 初中一毕业我就没管过
不管正好, 妈是做婚姻咨询的 这情感方面的事儿吗
 妈是做婚姻咨询的 这情感方面的事儿吗,妈比别人还是懂得多点
妈比别人还是懂得多点,强扭的瓜不甜
强扭的瓜不甜,以前的人 就把他忘了
以前的人 就把他忘了,以后的事都不放在心上
以后的事都不放在心上,就这三句话 话糙理不糙
就这三句话 话糙理不糙,你要是记住了
你要是记住了,你就能过舒舒坦坦的日子
你的意思就是我现在这日子不舒服不自在,强扭的瓜不甜
强扭的瓜不甜,明白吗
过去的人得忘,别较真
别放心上,天大的事也甭放心上
估计也搁不下大事,你说怎么就一下就变成这样了
你说怎么就一下就变成这样了,你说
你说,妈本来还拿着你到处说事呢
拿我说什么事啊,搁着副处长不干 辞职 出国 绿卡 有车 有房 有老婆
搁着副处长不干 辞职 出国 绿卡 有车 有房 有老婆,在国外做房地产
在国外做房地产,怎么着
怎么着,一眨目眼这就都没了
一眨目眼这就都没了,四十了
四十了,连个住的地儿都没有
连个住的地儿都没有,身体还这么不好
身体还这么不好,难受着呢
刚是不是豆豆给你打电话,打了怎么着
小朵,你跟着我干嘛 就是为了赔偿那点事吗
你跟着我干嘛 就是为了赔偿那点事吗,你放心
你放心,我不会欠你的 多少钱
我不会欠你的 多少钱,你干嘛
你干嘛,干嘛
干嘛,你这人是不是有病
你这人是不是有病,你是人格分裂还是躁郁症
你是人格分裂还是躁郁症,告诉你 我对你好点
告诉你 我对你好点,你也对我好点
你也对我好点,告诉我丹姐在哪
告诉我丹姐在哪,你们要是真把他绑架了
你们要是真把他绑架了,我对你好点
我对你好点,你对他好点行吗
你对他好点行吗,我对她好一点
我对她好一点,我今天晚上就给她买肉吃
我今天晚上就给她买肉吃,我也对你好点
我也对你好点,来
来,我给你也肉吃
我给你也肉吃,我就把她绑架了
我就把她绑架了,你赎她吗
你赎她吗,没多少钱
没多少钱,1万块钱就够了
1万块钱就够了,加上我工资
加上我工资,还有我手机是不是还得找零呢
还有我手机是不是还得找零呢,你看我刚才像能绑架别人的吗
你看我刚才像能绑架别人的吗,我都被骂成什么样了
我都被骂成什么样了,我要真像你说的那样 我会在乎那一个月的工资
我要真像你说的那样 我会在乎那一个月的工资,我在乎我的手机吗
我在乎我的手机吗,我扪心自问我什么错事都没做
我扪心自问我什么错事都没做,我怎么这么倒霉
我怎么这么倒霉,你嘟嘟囔囔说什么
你嘟嘟囔囔说什么,你真不知道她在哪
你真不知道她在哪,废话
将来打算干嘛,没想好
没想好,反正我要求也不高
反正我要求也不高,慢慢找
你心里好受,我难受
我难受,可我有什么办法
再说了你干活扎实 你适合当助理,我还适合当嫦娥去奔月
我还适合当嫦娥去奔月,老福家这根基 就没有人适合进娱乐圈当助理的
老福家这根基 就没有人适合进娱乐圈当助理的,我不给你当助理
不是给我当, 让我当那小子的助理
 让我当那小子的助理,你疯了还是我傻了
你疯了还是我傻了,不行
不行,我跟你说你让我当老妈子
我跟你说你让我当老妈子,你让我当说客
你让我当说客,就是不能给他当助理
就是不能给他当助理,还有你经纪人
还有你经纪人,你知道经纪人是干嘛的吗
你知道经纪人是干嘛的吗,多专业一活儿你懂吗
多专业一活儿你懂吗,你学过吗
我这不是一边学着一边考,我就不明白
我就不明白,你为什么非得带他
你知道滕丹,他今儿来超市不就问那女的吗
不行也得行,藤丹干嘛去了
活不了几天了,我觉得你这屋子太乱了
我觉得你这屋子太乱了,你需要一个助理
你需要一个助理,你没毛病吧
你没毛病吧,我都住这地方了
我都住这地方了,我再花钱请一助理
我再花钱请一助理,您觉得合适吗
您觉得合适吗,合适啊
合适啊,您是金子在哪都会发光的
您是金子在哪都会发光的,你少给我废话
你少给我废话,开门
开门,开门
开门,你对我说话怎么那么冲
你对我说话怎么那么冲,你是不是没搞清楚状况
你是不是没搞清楚状况,现在是你在屋外我在屋里
现在是你在屋外我在屋里,你是不是应该对我说话温柔一点呢
你是不是应该对我说话温柔一点呢,嗨小子我好心让你上厕所
嗨小子我好心让你上厕所,你在这给我下套是不是
你在这给我下套是不是,你自愿让我进来的
你自愿让我进来的,你也是自愿出去的
你也是自愿出去的,我怎么给你下套呢
我怎么给你下套呢,要不这样
要不这样,如果你愿意的话
如果你愿意的话,咱们来聊聊
咱们来聊聊,毕竟我也在外面待好长时间了
毕竟我也在外面待好长时间了,你要么让我达成目的
你要么让我达成目的,要么你就在外面待一晚上
要么你就在外面待一晚上,你自个选
你自个选,选什么选 是我家
选什么选 是我家,我进去理所应当你给我开门
我进去理所应当你给我开门,嘛去啊
嘛去啊,这有面包和花生酱
这有面包和花生酱,我警告你
我警告你,你别给我动那个 听见没有 那是我
你别给我动那个 听见没有 那是我,唯一的余粮
唯一的余粮,你欠我那个钱可以给你减十块
你欠我那个钱可以给你减十块,我不用你给我减那10块钱 别给我动 我警告你
我不用你给我减那10块钱 别给我动 我警告你,我真吃了
我真吃了,我饿死了都
我饿死了都,这好香
这好香,我准备吃一点
我准备吃一点,不是来聊 聊行不行
不是来聊 聊行不行,聊聊
聊聊,行
行,我给你开门
我给你开门,我跟你说以后你要记好自己这个时间
我跟你说以后你要记好自己这个时间,最好再带上一条备用的裤子
最好再带上一条备用的裤子,纸巾给你
废话真多,还不要
还不要,我像你这个年纪的时候
我像你这个年纪的时候,我倒希望有个人在我身边叨叨
你妈也不管你,我妈在我很早的时候就去世了
合着咱们仨都没妈,哪有这么咒自己妈的
他又不管我 有妈跟没妈有什么区别,郝泽宇他妈呢
他还能失联了,他不就是神经病性格 有可能有误会了 
你才神经病,还不能说 看来你俩关系挺好的
还不能说 看来你俩关系挺好的,那你刚才
他好不好只能我说 轮不到你,你最近一次跟你妈联系是什么时候
上回跟他通电话都得有三四个月了,你平时不给他打电话
他不管我 我还贱不嗦嗦的上赶着,那什么借我点钱 啊什么
那什么借我点钱 啊什么,你看我像有钱的吗
你看我像有钱的吗,我没钱了
我没钱了,我把我钱都给他了
我把我钱都给他了,我这一分钱都没有了
我这一分钱都没有了,你不能让我腿回去
你不能让我腿回去,你先给我拿50
你先给我拿50,你给我写小本上不完了吗
你给我写小本上不完了吗,还60
还60,你趁火打劫是吧
你趁火打劫是吧,那你腿吧
那你腿吧,行行行 60 60 那么抠呢
行行行 60 60 那么抠呢,你看你那撒钱的样
你看你那撒钱的样,跟银行家似的
跟银行家似的,以后多多益善
以后多多益善,你哪那么多废话 你快点
你哪那么多废话 你快点,等会儿
等会儿,这样
这样,你借我50
你借我50,我还你100
我还你100,你再带我见见牛美丽去
你再带我见见牛美丽去,你见他干嘛
你见他干嘛,佳佳这条线断了
佳佳这条线断了,这是我知道他唯一的亲人对吧
这是我知道他唯一的亲人对吧,剩下的牛美丽跟丹姐交接我合同
剩下的牛美丽跟丹姐交接我合同,万一他要是知道什么呢
万一他要是知道什么呢,算了
算了,本来我是想着如果我能找到他了是吧
本来我是想着如果我能找到他了是吧,我就能带着你们早点发家致富了
我就能带着你们早点发家致富了,我看你这样
我看你这样,我看你也不情愿
我看你也不情愿,不情愿
不情愿,别别别
别别别,各回各家呗
各回各家呗,我带你去
我带你去,我带你去
我带你去,她是你的经纪人
她是你的经纪人,你迟早都要见他
你迟早都要见他,但我警告你千万别像上次那样乱来
但我警告你千万别像上次那样乱来,知道不
知道不,人年纪大了
人年纪大了,这真受不起
要不然今天还真糊弄,你这糊弄的目的是什么
后天下午6点千万别迟到了,这事我干不了
这事我干不了,您另请高明吧
今天的你我能不能不要重复昨天的故事,这跟昨天的事不一样
这跟昨天的事不一样,我看他那样我心里难受
我看他那样我心里难受,我干不了
这你就承受不了了,但凡有点血性有点人情味的人都受不了
但凡有点血性有点人情味的人都受不了,好吗
好吗,人家并肩作战了10年
人家并肩作战了10年,那说忘就忘
那说忘就忘,这样的人你敢要吗
这样的人你敢要吗,换句话说
换句话说,如果有一天我走了不见了
如果有一天我走了不见了,你不找我 
我有错吗,你能不能别再拽歌词了
你能不能别再拽歌词了,你这开练歌房犯下老毛病
你这开练歌房犯下老毛病,特别烦人
特别烦人,我觉得
我觉得,要么就让他们见上一面
要么就让他们见上一面,要么我就不干了
要么我就不干了,因为我觉得总应该让他们好好告别
这一面见的才有意义,跟他说他有一个快递问问他在哪
跟他说他有一个快递问问他在哪,怎么着 兼职啊 什么意思
怎么着 兼职啊 什么意思,这是你把我骗过来
这是你把我骗过来,然后再让我装快递给人打电话
然后再让我装快递给人打电话,是这意思吗
是这意思吗,你怎么废话那么多
你怎么废话那么多,你现在是我的助理
你现在是我的助理,我让你干什么你就干什么
我让你干什么你就干什么,好吗
好吗,助理也有底线对吧
助理也有底线对吧,你天冷了我给你加衣服
你天冷了我给你加衣服,你这下雨了
你这下雨了,我给你给你撑伞
我给你给你撑伞,你这快递是怎么回事
你这快递是怎么回事,你得跟我说清楚吧
你得跟我说清楚吧,一个没有打开的快递
一个没有打开的快递,对于女人来说就是一个潘多拉宝盒
对于女人来说就是一个潘多拉宝盒,饭可以不吃
饭可以不吃,但是快递绝对不能不拆
但是快递绝对不能不拆,对了
对了,我的号他知道
我的号他知道,所以还得用你的电话打
所以还得用你的电话打,我觉得你有点幼稚
我觉得你有点幼稚,你觉得丹姐现在还有心情网购
你觉得丹姐现在还有心情网购,什么意思
什么意思,我的意思是说你看牛妈和你他都不联系了
我的意思是说你看牛妈和你他都不联系了,他肯定跟全世界都不联系了
他肯定跟全世界都不联系了,不是
不是,那关键是我现在没有别的办法
那关键是我现在没有别的办法,我现在想出来这个办法我就得试试
我现在想出来这个办法我就得试试,那万一成了
那万一成了,明天
明天,有一个狗粮广告
有一个狗粮广告,要试镜
要试镜,不去是吧
不去是吧,不去我就不打了
不去我就不打了,你趁火打劫是不是
你趁火打劫是不是,趁火打劫 还有
趁火打劫 还有,之前你欠我的100块钱我也得算上
之前你欠我的100块钱我也得算上,咱能不能先把这电话打了
咱能不能先把这电话打了,然后咱再说那广告的事行吗
然后咱再说那广告的事行吗,你这屋
你这屋,真乱
真乱,你怎么住下去的呢
你怎么住下去的呢,好好
好好,你打了 打通了我就去
你打了 打通了我就去,什么叫只要我打通了你就去
什么叫只要我打通了你就去,这通不通关我什么事
这通不通关我什么事,好好来
好好来,不管通不通我都去好吗
不管通不通我都去好吗,打
是不是想来问我为什么转你的约,我是不是做错了
我是不是做错了,让你生气了
让你生气了,如果我哪做错了
如果我哪做错了,你就告诉我我改行吗
结婚生子,我求你了
我求你了,我求你 咱们能不能不这样
要不要,这件毛衣 这是你10年前送我的
这件毛衣 这是你10年前送我的,到今天我还留着
到今天我还留着,我知道你对我好
我知道你对我好,我也把你我 
招惹你,我一定让你后悔
走吧,他就是想跟你好好再见一下
他就是想跟你好好再见一下,你干嘛非要这样子
挺放心的,丹姐
丹姐,你可以不告诉他实情
你可以不告诉他实情,但是他只是想跟你告个别
但是他只是想跟你告个别,你没有必要这么伤他
可是对郝泽宇 这种也许是最合适的,可是你在他心理很重要 我和牛美丽会好好照顾他 可是他心里的病我们治不了
一定能走得很长远,你告诉我他哪句是真的
你告诉我他哪句是真的,哪句是假的
哪句是假的,说不定他有他的苦衷吗
说不定他有他的苦衷吗,谁没苦衷
谁没苦衷,我没有苦衷
我没有苦衷,你有什么资格在这教训我
你有什么资格在这教训我,你谁
你谁,是
是,我谁都不是
我谁都不是,我也不想见到你
我也不想见到你,再见
再见,我顺便说一声
我顺便说一声,你把他们越推越远
你把他们越推越远,最后就剩你自个了
最后就剩你自个了,我乐意
我乐意,昨儿不是挺潇洒的吗
昨儿不是挺潇洒的吗,今天怎么还好意思舔着脸回来
今天怎么还好意思舔着脸回来,还知道借酒消愁
还知道借酒消愁,看来你没有要死的意思
看来你没有要死的意思,行干活去
行干活去,别动我
别动我,我告诉你我不干了
我告诉你我不干了,你也麻利赶快走
你也麻利赶快走,以后也别再来了
以后也别再来了,你不干这个你干嘛
你不干这个你干嘛,你管我干什么
你管我干什么,咱俩熟吗
咱俩熟吗,郝泽宇
郝泽宇,不管我对你的关心是真还是假
不管我对你的关心是真还是假,你都不应该被关心你的人这样子 你当我是狗屁吗
你都不应该被关心你的人这样子 你当我是狗屁吗,我一遍一遍在那敲门
我一遍一遍在那敲门,你还真说对了
你还真说对了,我就是狗屁
我就是狗屁,您是圣母行吗
您是圣母行吗,赶快走
赶快走,再见不送
再见不送,郝泽宇 你就没想过丹姐吗
郝泽宇 你就没想过丹姐吗,丹姐要是你 会想看到你这个样子吗
丹姐要是你 会想看到你这个样子吗,你就不能争个气让她看看吗
你就不能争个气让她看看吗,你还走不走
你还走不走,不走是吧
不走是吧,好
好,我走
我走, 不是 郝泽宇
 不是 郝泽宇,不是每个人都有你这样变好的可能性 我就没有
不是每个人都有你这样变好的可能性 我就没有,所以我每一个机会我都要抓住
所以我每一个机会我都要抓住,对我承认我不是关心你
对我承认我不是关心你,我是关心我自己
我是关心我自己,我不想在混到超市里面去了
我不想在混到超市里面去了,所以我就在这死乞白赖的求你
所以我就在这死乞白赖的求你,你懂不懂
你懂不懂,你以为我不要脸
你以为我不要脸,你以为我没有自尊心吗
你以为我没有自尊心吗,我就是没有能力
我就是没有能力,所以我一次一次敲你的门
所以我一次一次敲你的门,我想着也许我可以
我想着也许我可以,一起变好
一起变好,听没听见我说话
怀胎10月也没您刚才吐的多,自己喝你自己的
自己喝你自己的,能占点便宜就占点便宜
这年头谁赚钱都不易,我没钱就是烧的 说给300就给300
您干嘛的,演员
我是一演爹的 你刚才下午叫那声爸爸不吃亏,我说你占谁便宜
你信吗,老头 我告诉你
老头 我告诉你,你要是真奔着来生去
你要是真奔着来生去,我还真能送你一程
我说 你是撩跤 还是练拳啊,猴拳啊
猴拳啊,干嘛啊你 装蒜讹人是不是
干嘛啊你 装蒜讹人是不是,是不是
是不是,老头
老头,老头
老头,你心脏病得躺着不能坐着
你心脏病得躺着不能坐着,你平躺才行
你平躺才行,警察同志  不是你 那个 我
警察同志  不是你 那个 我,行不行
行不行,好点没有
好点没有,有没有人
有没有人,这是什么意思
这是什么意思,人工呼吸 真不合适
人工呼吸 真不合适,我怎么给你做人工呼吸啊
我怎么给你做人工呼吸啊,哪去啊
要不然这月生活费你出啊,我来洗 你歇着
有什么话 说,那什么
那什么,我不想干了
我不想干了,郝泽宇跟咱们家八字不合
郝泽宇跟咱们家八字不合,逮谁克谁
明儿咱回地铁接着卖票去,我不想回地铁卖票 你怎么不劝劝我
现在得跟国外等着当总统,行吧 不就混日子吗
行吧 不就混日子吗,我下午就到牛妈那去报到去
我下午就到牛妈那去报到去,反正我也没做什么亏心事
你别捡你牛妈祸害,祸害她谁祸害谁爸您真逗
但心不坏,他都给您吃什么迷魂汤
他都给您吃什么迷魂汤,您又从吃早饭就说话不着调
您又从吃早饭就说话不着调,"您开出租的 您当自个儿大学教授 
您在这心灵鸡汤"
开出租怎么了 开出租怎么了,特别棒
你这身膘以后就没人给您贴了,什么意思 他给你动手啊
人家把我给救了,爸 这样
爸 这样,我去洗车
我去洗车,洗完了以后您爱怎么出怎么出
洗完了以后您爱怎么出怎么出,你现在歇着去 听话
你现在歇着去 听话,爷爷走
爷爷走,导演神经病
导演神经病,我觉得不拍挺好的真的
我觉得不拍挺好的真的,你说他是不是特别欺负人
你说他是不是特别欺负人,要我说这牛美丽说什么你都信
要我说这牛美丽说什么你都信,咱俩走的时候这导演不还好好的吗
咱俩走的时候这导演不还好好的吗,给咱俩还留了微信
给咱俩还留了微信,要我说就是这牛美丽自己没沟通好
要我说就是这牛美丽自己没沟通好,把这事给搞砸了
把这事给搞砸了,反正不管怎么着
反正不管怎么着,你这提成估计一时半会是赚不了
你这提成估计一时半会是赚不了,不是 你是对我没信心
不是 你是对我没信心,你还真觉得自己就是连个狗都不如的艺人
你还真觉得自己就是连个狗都不如的艺人,我现在根本就不关心这
我现在根本就不关心这,我现在最好奇的是你到底是个什么样的人
我现在最好奇的是你到底是个什么样的人,我怎么了我
我怎么了我,你看今天早上你还在这跟我汪汪汪地叫唤
你看今天早上你还在这跟我汪汪汪地叫唤,下午马上换了张脸
下午马上换了张脸,这有钱人真能是鬼推磨还是怎么着
这有钱人真能是鬼推磨还是怎么着,关键是现在还没看见钱
关键是现在还没看见钱,所以我这一天我巴巴巴我在那一把一把吃着狗粮
所以我这一天我巴巴巴我在那一把一把吃着狗粮,你看着你又不干了
你看着你又不干了,你又看不下去了
你又看不下去了,不是你这到底是什么心态
不是你这到底是什么心态,你怎么这么没脸没皮
你怎么这么没脸没皮,你不是在酒吧里嚷着要干出个人样
你不是在酒吧里嚷着要干出个人样,让藤丹看见吗
让藤丹看见吗,鱼你忘了啊 就提藤丹
鱼你忘了啊 就提藤丹,我贴一备忘录在你床头
我贴一备忘录在你床头,我跟你说 让你长点心
我跟你说 让你长点心,你给我站住 你干嘛
你给我站住 你干嘛,我告诉你
我告诉你,我不用你贴
我不用你贴,也不用你提
也不用你提,我自己心里记
我自己心里记,要不你以为今天这一把一把的狗粮
要不你以为今天这一把一把的狗粮,我怎么咽下去的
给你做油泼面,快进来
来,真香
真香,好久没吃这口了
好久没吃这口了,天哥
天哥,你不是在剧组拍戏呢吗
你不是在剧组拍戏呢吗,你回来也不提前说一声
演戏就得这么认认真真一步一步的来,那也还行 别提了
那也还行 别提了,你说我这次进剧组待了半年
你说我这次进剧组待了半年,你猜我什么 演一个狮子精
你猜我什么 演一个狮子精,成天戴一头套 一点脸都没露
天哥 我问你 你说就像你平常见导演的时候,争取角色的时候什么的
争取角色的时候什么的,觉得我应该说点什么
小姐姐好,行我知道了
行我知道了,以后我见着导演了
以后我见着导演了,我就管他们叫小哥哥
我就管他们叫小哥哥,天哥
天哥,待会吃完了
待会吃完了,能陪我练会台词吗
我回去吃方便面,刚才门口撞一女的 谁
一朋友,红颜知己
就普通朋友 , 长得特别漂亮
 长得特别漂亮,您都单身这么久了
您都单身这么久了,就没考虑跟他发展一下
你这什么毛病这是,你要没有这个心思
你要没有这个心思,你就把她介绍给我
你就把她介绍给我,你都知道我单了这么久了
你都知道我单了这么久了,俗话说的好
俗话说的好,肥水不流外人田
他 死这条心 他看不上你,看不上也得人家说了算
看不上也得人家说了算,反正我对他是一见钟情了
反正我对他是一见钟情了,我这半辈子都没求过你一句
我这半辈子都没求过你一句,你说 这忙帮不帮
我就看着你怎么死他手里,谁死在谁手里
谁死在谁手里,不一定
不一定,我现在是今时不同往日的俗话说的好
我现在是今时不同往日的俗话说的好,牡丹花下死了
牡丹花下死了,做鬼也流氓 风流 
换一个得了他用过了都,不要不要 缘分
筷子换一下,不要 怎么他 他用过
味儿都不一样,好吃
见过贱的没见过你,就这么多了
就这么多了,还差几百算是欠你的
还差几百算是欠你的,你把这么多钱都给我
你把这么多钱都给我,你怎么办
你怎么办,你怎么吃饭
你怎么吃饭,你请我吃饭
你请我吃饭,你不是还有怕拍摄费呢吗
你不是还有怕拍摄费呢吗,嘛去
嘛去,你不要吃饭吗
你不要吃饭吗,走
走,这是什么呀
这是什么呀,不认识
不认识,你怎么那么抠
你怎么那么抠,你都拿公款给我买吃的 还给我吃泡面
你都拿公款给我买吃的 还给我吃泡面,你吃不吃
你吃不吃,吃
吃,我不吃我饿死我自己
我不吃我饿死我自己,榨菜呢
榨菜呢,我真的是没见过你这么抠的人
我真的是没见过你这么抠的人,你买个榨菜也买散装的 行了行了
你买个榨菜也买散装的 行了行了,我能省点是点
我能省点是点,我算算
我算算,你也算不成有钱人
你也算不成有钱人,告诉你这钱是一天一天赚出来的
告诉你这钱是一天一天赚出来的,不是说天天吃着泡面就能省出来了
不是说天天吃着泡面就能省出来了,你倒是挺大方
你倒是挺大方,你富啊 耗子进你们家都哭着出来
你富啊 耗子进你们家都哭着出来,你说好好一件衣服
你说好好一件衣服,4000多就这么着毁了
4000多就这么着毁了,你能不能别叨叨了
你能不能别叨叨了,别叨叨了行不行
别叨叨了行不行,不就是件衬衣吗
不就是件衬衣吗,毁就毁了 已经都毁了
毁就毁了 已经都毁了,而且我觉得挺好的
而且我觉得挺好的,这算是咱们俩在奋斗道路上一个一个美好的记忆多好
这算是咱们俩在奋斗道路上一个一个美好的记忆多好,你 抠抠搜搜的
你 抠抠搜搜的,我都没好意思说你 你说买人这衣服 回去以后用完了穿那么乱七八糟以后
我都没好意思说你 你说买人这衣服 回去以后用完了穿那么乱七八糟以后,你现在又给人退回来
你现在又给人退回来,你说你这是不是道德问题
你说你这是不是道德问题,你这人道德挺高
你这人道德挺高,你怎么对我的时候就没道德
你怎么对我的时候就没道德,那是因为你的道德水平一直有限
那是因为你的道德水平一直有限,你说那些有钱人啊
你说那些有钱人啊,就这么几块布
就这么几块布,这么贵 脑子不好吧 这些人
这么贵 脑子不好吧 这些人,我得好好想想怎么把这上面的东西弄掉
我得好好想想怎么把这上面的东西弄掉,这以后就是你重要场合的战袍
这以后就是你重要场合的战袍,我什么时候能在这挥金如土
我什么时候能在这挥金如土,买漂亮裙子
买漂亮裙子,我估计这辈子是不可能了
我估计这辈子是不可能了,主要这里边没你号
主要这里边没你号,笑屁哦
笑屁哦,对了
对了,这钱你拿着
这钱你拿着,这牛妈回来问起来
这牛妈回来问起来,我就说850给你买衣服
我就说850给你买衣服,然后月底工资4000块
然后月底工资4000块,我能把卡给还上
我能把卡给还上,然后剩下这个钱你先拿着
然后剩下这个钱你先拿着,反正你欠我也不是一点两点 你就先拿着吧
反正你欠我也不是一点两点 你就先拿着吧,我不要 我不拿女人钱
我不要 我不拿女人钱,你把我当女的啊
你把我当女的啊,你先拿着
你先拿着,等着
等着,写个欠条
写个欠条,欠条 来 签字
欠条 来 签字,行
行,我就看在你不是女人的份上 钱我先收着
我就看在你不是女人的份上 钱我先收着,你放心
你放心,等我有钱之后
等我有钱之后,就这里边的衣服随便你挑
就这里边的衣服随便你挑,你不说没我的号吗
你不说没我的号吗,对啊
对啊,来 你喝点汤
来 你喝点汤,我赶快进去跟人说一声
我赶快进去跟人说一声,让他们赶快进点大号的衣服
冻成这样 拉练去了,花生米 本来就冷 你还揪我耳朵
一会坐屋里踏踏实实吃,我一豆蔻年华的少女在外面都冻了一天
我一豆蔻年华的少女在外面都冻了一天,冻了一天了
冻了一天了,你也不知道心疼我
你也不知道心疼我,你是我亲爹吗
不是收养的,怪不得我长那么好看
收养的姑娘照样不让她受冻挨饿,我不去 
是命令,我这经纪人干得好好的 干嘛给我瞎安排 
玩两天得了 工作还是得踏踏实实的来,不是 我干得挺起劲的
不是 我干得挺起劲的,虽然苦点累点
虽然苦点累点,但我有盼头
但我有盼头,你不能这么专断独行对吧
你不能这么专断独行对吧,我抗议
民主制 抗议无效,那牛妈不会同意的
那牛妈不会同意的,我们是签了合同的
行行拿钱走人,万一导演回来了 我不重要啊
万一导演回来了 我不重要啊,你给我闭上你的乌鸦嘴 行不行
你给我闭上你的乌鸦嘴 行不行,你看我就是说他回来了吧
你看我就是说他回来了吧,把我放下来 你赶紧去找他呀
把我放下来 你赶紧去找他呀,我告诉你
我告诉你,你这脚现在必须马上回家喷药去
你这脚现在必须马上回家喷药去,今天不喷药
今天不喷药,明天肯定得肿
明天肯定得肿,你别因为我耽误正事
你别因为我耽误正事,你知道自己耽误正事儿
你知道自己耽误正事儿,平时就应该长点心
平时就应该长点心,好作用不起
好作用不起,就知道添乱
就知道添乱, 放下来 我自己走
 放下来 我自己走,下来干嘛 学蛤蟆 跳着走
下来干嘛 学蛤蟆 跳着走,你能不能好好说话
你能不能好好说话,你因为我耽误事了
你因为我耽误事了,我心里难受嘛
我心里难受嘛,你这算工伤我负责
你这算工伤我负责,我怕 你觉得我特别重
我怕 你觉得我特别重,不是大姐能不能体谅我一下
不是大姐能不能体谅我一下,能不能不勒我脖子 都知道你自己挺沉的了
能不能不勒我脖子 都知道你自己挺沉的了,你还勒我 你给我减轻点负担不行吗
你还勒我 你给我减轻点负担不行吗,刚才不是还在那装爷们 说说负责任
刚才不是还在那装爷们 说说负责任,没事 这两步路你就不行了
没事 这两步路你就不行了,你再给我说 再说自己下来 废话真多
你再给我说 再说自己下来 废话真多,不是你这么沉 这包怎么也这么沉
不是你这么沉 这包怎么也这么沉,给你带的水啊
给你带的水啊,你健身我怕你渴 为你好
你健身我怕你渴 为你好,我自己进屋就行了
我自己进屋就行了,等会儿万一被我爸看见
等会儿万一被我爸看见,怎么办
怎么办,那哪儿行
那哪儿行,帮人帮到底 送佛送到西
帮人帮到底 送佛送到西,你刚不是骑我骑得挺开心的
你刚不是骑我骑得挺开心的,但我爸要知道这事跟你有关系
但我爸要知道这事跟你有关系,我跟你说他非扒你的皮不可
我跟你说他非扒你的皮不可,吹呢
吹呢,我又不是没跟你爸练过
我又不是没跟你爸练过,我还能怕他
我还能怕他,真是
真是,你赶紧把我送进屋你就走啊
你赶紧把我送进屋你就走啊,我告诉你
我告诉你,我今儿把你送到屋我还不走了
我今儿把你送到屋我还不走了,知道吗
知道吗,你这是工伤
你这是工伤,我得负责到底
我得负责到底,让你爸有事冲我来
让你爸有事冲我来,你看我不练哪他
练谁呀你,爸 您今儿不出话
管得着吗,我这高兴劲儿过去了
我这高兴劲儿过去了,我就觉得这事儿有点不太对劲儿
我就觉得这事儿有点不太对劲儿,您是不是有什么事瞒着我啊
您是不是有什么事瞒着我啊,您昨晚上还是一副没商量
您昨晚上还是一副没商量,样子 怎么今儿变脸比翻书还快
样子 怎么今儿变脸比翻书还快,不但让我干
不但让我干,还说自己要当这个司机和保镖
还说自己要当这个司机和保镖,怎么回事
现在不干也来得及,我的意思是说这活我干行
我的意思是说这活我干行,您干不行
家什么时候轮到你跟我说不行了,您不知道这是一伺候人的活
您不知道这是一伺候人的活,还伺候是郝泽宇
还伺候是郝泽宇,你们俩万一又呛起来怎么办
你们俩万一又呛起来怎么办,而且你每天还要出车对吧
而且你每天还要出车对吧,牛妈的意思就是说您给随叫随到
牛妈的意思就是说您给随叫随到,您不要命
那没准囫囵个 哪天我就见不着人了,爸 对不起
爸 对不起,我也没什么本事
你要真有良心 回头我做饭的时候 你就少吃两口 也算你爹没白疼你,那我不跟家吃饭了
那我不跟家吃饭了,谁跟家吃饭呢
谁跟家吃饭呢,因为您说过这饭两个人吃才好
因为您说过这饭两个人吃才好,你外面有人了
你外面有人了,我跟你说我同意
我跟你说我同意,我不反对
你不反对什么,周六晚上8点 霄云苑
让我看 , 去见彭导演 你看看
 去见彭导演 你看看,人家还跟你是闺蜜
人家还跟你是闺蜜,怎么会比你厉害那么多呢
有本事你让他跟我比唱歌,说不定人家唱得也比你好
然后打进我们公司的核心管理层,我们公司总共就三个人
我们公司总共就三个人,我已经核心的不能再核心了
你跟郝泽宇说了吗,我又不是傻子我跟他说
成为一名得力的干将,你怎么就这么自然而然的把所有功劳都放在自己身上了呢
让郝泽宇也安心,好
好,我要坐大奔驰
吃几包面, 5包
合着你不是送给我的,哥您这话说的
哥您这话说的,我们俩是兄弟
我们俩是兄弟,以前开出租的时候您总是罩着我
以前开出租的时候您总是罩着我,现在我给你拿点东西来看您
现在我给你拿点东西来看您,这不是应该的吗
这不是应该的吗,只不过
你跟牛美丽真的不合适,哥
哥,您这话说的有点着急
您这话说的有点着急,合适不合适得处过之后才知道
这几年光工作他就换了好几种,这挺好的
这挺好的,一女人在外面闯荡江湖
一女人在外面闯荡江湖,他就得张牙舞爪
他就得张牙舞爪,不然会被别人欺负
没见过别人欺负他,会欺负人特别好
会欺负人特别好,我就特别羡慕那些怕老婆的 人都说家有严妻如有一宝
我就特别羡慕那些怕老婆的 人都说家有严妻如有一宝,您都知道我这钱挣的就跟走在马路上被钱砸中了似的
您都知道我这钱挣的就跟走在马路上被钱砸中了似的,我真怕我镇不住
我真怕我镇不住,我享不了这福怎么办
我享不了这福怎么办,就得找一个厉害的女的替我镇着
就得找一个厉害的女的替我镇着,我真怕我这是一场梦
我真怕我这是一场梦,哪天我醒来一看 福没享
哪天我醒来一看 福没享,钱没了
干嘛,狮子能陪我说话吗
狮子能陪我说话吗,我在外面晃荡一天
我在外面晃荡一天,回到家里 石狮子能冲我笑吗
回到家里 石狮子能冲我笑吗,我挣那么多钱干嘛使
我挣那么多钱干嘛使,我就找一个厉害女的给他花了
你就死心了,撅我不怕
撅我不怕,打是亲骂是爱
打是亲骂是爱,撅着撅着能撅出感情
想出家,想事儿呢
想怎么喝酒不吐呢,爸 这事能完了吗
爸 这事能完了吗,我在想这个事儿能不能有一些转机
我在想这个事儿能不能有一些转机,其实今儿这导演还挺好的
其实今儿这导演还挺好的,就怪我不争气
那孙子,您先别嚷嚷成不成
您先别嚷嚷成不成,我还没说您 就是您给郝泽宇这么一下
我还没说您 就是您给郝泽宇这么一下,要不然他蔫蔫的
要不然他蔫蔫的,他万一真动手了怎么办
要不然你干脆认个导演当爸爸得了,我们明儿要去
祝你成功,谢谢
你怎么会找到这来的,你怎么住这儿
你怎么住这儿,这不是披萨店吗
年轻人都爱点外卖 外卖有什么好吃的,多可惜
多可惜,这半途而废
这叫上了一个台阶,上了很多台阶你看
你找我干嘛,我不是昨天喝大了嘛
我不是昨天喝大了嘛,真怕我冒犯你了
真怕我冒犯你了,所以特地登门 跟你说声对不起
什么叫做冒犯,我这人啊没有酒量
我这人啊没有酒量,我是回回喝酒回回断片
我是回回喝酒回回断片,以前跟老福他们开出租的时候
以前跟老福他们开出租的时候,每回喝完酒
每回喝完酒,第二天哥们都骂我说我闹酒疯
第二天哥们都骂我说我闹酒疯,我真怕我昨天晚上 我先跟你说声对不起
这呼噜打的跟放礼炮,不好意思
不好意思,这是我送给你了
这是我送给你了,车里还有
东西给我,你这地方东西真全
你这地方东西真全,厨房、洗手间、酒柜、川菜、粤菜、鲁菜都能开起来
我住哪啊 ,住我那全是房子
住我那全是房子,要不行我就给你买一套
要不行我就给你买一套,用你的名
给我分享赚钱的经验,我那一大片西瓜棚都给拆了
一有钱就乱花 别以为我看不见 老福家里那些山珍海味是不是都你买的,老福人特好
老福人特好,以前总是照顾我
你试试 把你骗得一愣一愣,理财这事我真是一点都不懂
有什么帮忙的义不容辞,问你个具体问题
问你个具体问题,你是怎么把我养这么好
甭管好赖全往嘴里塞,陈年往事咱能不提了吗
这你干的吧,你能不老这么糟践自己亲闺女
你告诉我刚才我哪句话夸张了,我问你正事啊
我问你正事啊,郝泽宇那个戏差不多搞定了
郝泽宇那个戏差不多搞定了,但是 导演让他增肥 一个月20斤
但是 导演让他增肥 一个月20斤,这不是几串榆钱的事
上回那混蛋,你女儿亲自出马把这事办成了
演艺圈的人变脸怎么比翻书还快,人家叫大度
增肥还难吗,难 这对于我和牛妈来说 现在就一特别难的问题
难 这对于我和牛妈来说 现在就一特别难的问题,吃什么呀
可劲揣,自助餐
以后咱们少来往,您说您年纪这么大了
您说您年纪这么大了,脾气就别这么爆了
脾气就别这么爆了,牛妈要真想算计
牛妈要真想算计,他用得着算计你吗
他用得着算计你吗,您这有点得理不饶人了
您这有点得理不饶人了,这说完狠话之后自个又气半死
这说完狠话之后自个又气半死,然后过了劲儿之后自个又后悔
然后过了劲儿之后自个又后悔,至于吗
还惦记咱们家人了,咱不说牛妈 是谁
咱不说牛妈 是谁,让你昨天又多做一份新的备给郝泽宇的
我怕糟蹋东西 只当喂猪了,来再加点
来再加点,这台阶
这台阶,我给您铺着 明晚上您来
我给您铺着 明晚上您来,我就说我是哭着喊着求您来的
我就说我是哭着喊着求您来的,从小您就教育我这个要雪中送炭
从小您就教育我这个要雪中送炭,你得当表率
你得当表率,不能说一套做一套
不能说一套做一套,是不是
我不去 谁爱去谁去,您不去 泡脚
您不去 泡脚,去不去
不去 不行,活血化瘀吧
你成心吧你,这些都很贵吧
我牛美丽的东西能有差的吗,我都包圆了 你算算一共多少钱我都要
嫁妆 你不能动,你帮我挑吧
就是你自己挑吧 我不看你 你随便挑,这些酒我先搁你这
这些酒我先搁你这,我就拿一瓶走
我就拿一瓶走,因为你刚才告诉我了
因为你刚才告诉我了,你说这酒金贵 对什么温度湿度都有要求
你说这酒金贵 对什么温度湿度都有要求,我那什么都没有
我那什么都没有,跟我那糟践了 行吗
你这钱都花了 你这搁我这算什么3,我可以找你拿到时候你正好可以教教我怎么喝酒
我可以找你拿到时候你正好可以教教我怎么喝酒,告诉我什么样的味道才是好味道
今儿你就先拿走一瓶,拿了啊
拿了啊,就它了
你快回去,好 那我走了
你路上别喝,就是这瓶酒
他又卖给你酒了,你嚷嚷什么
你嚷嚷什么,我虽然不懂酒
我虽然不懂酒,可这绝对是好酒 贵着呢
你就听牛美丽忽悠吧 你,不能够 我当时从他那拿走这瓶酒的时候
不能够 我当时从他那拿走这瓶酒的时候,他特别的心疼
他特别的心疼,他还告诉我这是限量版的
他还告诉我这是限量版的,是有编号的
是有编号的,您看您这 等我一下
留神,有编号30
有编号30,懂什么意思吗
懂什么意思吗,说明这瓶酒是这个世界上的第30瓶
瞎呀你,行行了
行行了,他愿意卖我愿意买
他愿意卖我愿意买,周瑜打黄盖一个愿打一个愿挨
周瑜打黄盖一个愿打一个愿挨,上回第一瓶酒喝完了
上回第一瓶酒喝完了,我就没喝出好坏
我就没喝出好坏,所以这杯酒咱俩喝
所以这杯酒咱俩喝,你也教教我怎么品酒
你也教教我怎么品酒,我还一大堆酒搁牛美丽那
我还一大堆酒搁牛美丽那,我真怕下回他再叫我喝酒
我真怕下回他再叫我喝酒,我说不出好坏来 多丢人
你到底买了到多少酒,一堆啊
关门轻点,笑个屁你 差点见阎王你知道吗
笑个屁你 差点见阎王你知道吗,我这么招人烦
我这么招人烦,阎王是不会收我的
阎王是不会收我的,不想搭理你
不想搭理你,我错了
我错了,真的 不能为了钱伤害自己的身体
真的 不能为了钱伤害自己的身体,耍这些小花招
耍这些小花招,是不是有病 咕噜一下子这么多油就喝进去了
是不是有病 咕噜一下子这么多油就喝进去了,你要什么都不听我的
你要什么都不听我的,那要我干嘛使
那要我干嘛使,我不干了得了
我不干了得了,别哭啊
别哭啊,没哭
没哭,不哭就够丑的了
不哭就够丑的了,哭那不就更丑
哭那不就更丑,牛美丽倾家荡产捧我
牛美丽倾家荡产捧我,你爸鞍前马后的伺候着
你爸鞍前马后的伺候着,你就更甭说了
你就更甭说了,为了我连工作都丢了
为了我连工作都丢了,整天围着我这么一废物转
整天围着我这么一废物转,是吧
是吧,我得想办法赚钱养你们
我得想办法赚钱养你们,那什么 等我出院了
那什么 等我出院了,咱们俩接着吃去
咱们俩接着吃去,大哥 你这次得的是急性胰腺炎
大哥 你这次得的是急性胰腺炎,这回是住院
这回是住院,要是再复发
要是再复发,咱就有可能太平间见了
咱就有可能太平间见了,这就叫屋漏偏逢连夜雨
这就叫屋漏偏逢连夜雨,没事
没事,美丽
美丽,你在不在公司
你在不在公司,我想去你那拿瓶酒可以吗
正合适,谁惹你生气了谁呀
没事明天来了我再跟你说好吧,好
拿着酒赶紧走人,我哪做错了 你跟我直说
我哪做错了 你跟我直说,我这人笨
我这人笨,要我自个悟 我真悟不出来
你找他咨询去,我真没有这个意思
我真没有这个意思,我当时就是高兴想和他喝一杯
我当时就是高兴想和他喝一杯,再说了你卖我东西 我怎么能认为是假的
再说了你卖我东西 我怎么能认为是假的,你就是给我一块砖
你就是给我一块砖,我也当他是块玉
是这意思吗,我真不是这个意思
我真不是这个意思,我嘴笨我不会说了
反正他也没事,我回哪去啊
我回哪去啊,我得看着他
你陪 你一姑娘家陪一大老爷们 孤男寡女合适吗,不是 他都这样了
不是 他都这样了,他能怎么着我啊
他能怎么着我啊,再说他也没把我当女的
是进男厕还是进女厕,那要不请一男护工吧
晚上我在这盯着,你行吗
怕我弄死他,不是
赶紧走吧,老福 你要是也睡不着
老福 你要是也睡不着,咱俩聊聊天
跟你不熟 也不想跟你熟,我跟你熟啊
我跟你熟啊,我估计你这脾气身边也没什么朋友
可也不想多你这一个,你就别价
你就别价,我告诉你
我告诉你,我这来北京这么多年
我这来北京这么多年,我还是头一回跟一个人睡一个房间
我还是头一回跟一个人睡一个房间,这再怎么着
这再怎么着,咱们俩也算是有一起睡过的交情
咱们俩也算是有一起睡过的交情,你得珍惜
来北京几年了,10年了
10年了,一事无成
一事无成,这么想想
这么想想,还真是有点小伤感
别祸祸我们北京城了,你这是什么意思
你这是什么意思,瞧不起我们外地人是不是
你想多了,跟你聊天真憋气
最喜欢拉什么活,八宝山
他们身上有股子劲头 要我说 希望这是我这一辈子看到过的最美好的事儿,我看啊
我看啊,我看你是不想打表
我看你是不想打表,糊弄这帮年轻的孩子 漫天要价
糊弄这帮年轻的孩子 漫天要价,碰上你这样的怂孩子
碰上你这样的怂孩子,我非得我绝对把你宰的让你哭着回家
我非得我绝对把你宰的让你哭着回家,看什么
看什么,我就是再帅
我就是再帅,也禁不住你这么赤裸裸的看
也禁不住你这么赤裸裸的看,干什么你疯了
干什么你疯了,这是你说扯就扯的东西吗
这是你说扯就扯的东西吗,我怎么觉得你 现在跟之前不一样了
我怎么觉得你 现在跟之前不一样了,能一样吗
能一样吗,这不生着病
这不生着病,我现在属于那种病态美
我现在属于那种病态美,我是说认真的
我是说认真的,我觉得你肿了
我觉得你肿了,就跟被福尔马林泡过一样 
就跟被福尔马林泡过一样 ,只胖身子不胖脸
只胖身子不胖脸,真的是
真的是,这还不胖
这还不胖,再胖完了镜头都装不下我
再胖完了镜头都装不下我,我还以为你是那种不在乎长相的男人
我还以为你是那种不在乎长相的男人,我是个演员
我是个演员,脸是我的表演工具
脸是我的表演工具,万一这戏我没演成
万一这戏我没演成,万一这戏要是黄了
呸呸呸 乌鸦嘴,什么万一这戏没演成
什么万一这戏没演成,那没演成在我这儿
那没演成在我这儿,你也算 也勉强算个配角 我粉你
你也算 也勉强算个配角 我粉你,什么叫勉强
什么叫勉强,算个配角
算个配角,你是主角好吗
你是主角好吗,来了 
害怕我不来结账,你吃吧
你吃吧,我就闻闻味就行
我就闻闻味就行,你都不知道
你都不知道,昨儿我吃了一口回家我全给吐了
昨儿我吃了一口回家我全给吐了,我觉得我这是因为饿的时间太长了
我觉得我这是因为饿的时间太长了,我现在对肉我都有排异反应了
我听你的意思 你还觉得挺委屈的是吗,那说不委屈是假的
那说不委屈是假的,你说我容易吗
你说我容易吗,我有什么办法
我有什么办法,谁让我干的是这行呢
谁让我干的是这行呢,老福 你跟我说实话
老福 你跟我说实话,你觉得我能成好演员吗
你知道角儿们都是怎么出头的吗,能成角儿的肯定是能忍的
叫辛抱,辛巴
辛巴,狮子王啊
能明白吗,老福 之前有人说你是行走的大罐心灵鸡汤吗
老福 之前有人说你是行走的大罐心灵鸡汤吗,我真的我都开始怀疑这福子到底是不是你亲生的
我真的我都开始怀疑这福子到底是不是你亲生的,你们俩这差别太大了
你们俩这差别太大了,你看看你的觉悟
你看看你的觉悟,他都把我抛弃了
他都把我抛弃了,他扔那点毛衣跟扔抹布
他扔那点毛衣跟扔抹布,一样
一样,满脸的嫌弃
满脸的嫌弃,我为什么还要上赶着给他发短信
我为什么还要上赶着给他发短信,我是不是贱
我是不是贱,不是
不是,我是觉得你这样带着恨生活不好
我是觉得你这样带着恨生活不好,而且我也觉得你应该去找机会跟丹姐聊一聊
而且我也觉得你应该去找机会跟丹姐聊一聊,聊什么
聊什么,我告诉你 我吊着这口气继续减肥
我告诉你 我吊着这口气继续减肥,有一半原因是因为我让他后悔
有一半原因是因为我让他后悔,什么意思
什么意思,你是说你减肥不是出于对演戏的热爱
你是说你减肥不是出于对演戏的热爱,只是因为对别人的恨吗
只是因为对别人的恨吗,我经历的一切你经历过吗
我经历的一切你经历过吗,就知道说好听的
就知道说好听的,你让人像扔抹布一样 甩了试试
你让人像扔抹布一样 甩了试试,郝泽宇 你知道你为什么一直出不来吗
郝泽宇 你知道你为什么一直出不来吗,因为你根本就不爱你的职业
因为你根本就不爱你的职业,你光知道恨了
你光知道恨了,谁会记得你
谁会记得你,谁还敢对你好
谁还敢对你好,你这么说什么意思
你这么说什么意思,你跑我这儿来
你跑我这儿来,献爱心来了是吗
献爱心来了是吗,可怜我是吗
可怜我是吗,好 我心领了 我谢谢你好吗
好 我心领了 我谢谢你好吗,这个世界留给你去爱好吗
这个世界留给你去爱好吗,我不配
我不配,我也实话告诉你
我也实话告诉你,我也就是靠着恨我才能长到这么大的
我也就是靠着恨我才能长到这么大的,我也告诉你你面前这个怪胎就是靠着恨别人恨自己
我也告诉你你面前这个怪胎就是靠着恨别人恨自己,所以我才能撑下来的
所以我才能撑下来的,明白吗
明白吗,你不说你想要当个好演员
你不说你想要当个好演员,我明白什么
我明白什么,你要带着恨你能当好演员吗
你要带着恨你能当好演员吗,你懂什么叫演员吗
你懂什么叫演员吗,你知道演戏怎么回事吗
你知道演戏怎么回事吗,你超市卖坚果的你懂什么
你超市卖坚果的你懂什么,我是不懂你
我是不懂你,但是我觉得你带着恨去演戏
但是我觉得你带着恨去演戏,别人不会想看的
别人不会想看的,你自己也不会想看的
你自己也不会想看的,因为根本没有意义
因为根本没有意义,如果有一天你离开这个世界
如果有一天你离开这个世界,你回想自己的一生全都是恨
你回想自己的一生全都是恨,你不会后悔吗
你不会后悔吗,行行行 你打住
行行行 你打住,你别在这跟我说这些没用的
你别在这跟我说这些没用的,我也告诉你我的人生我不需要你指手画脚的
我也告诉你我的人生我不需要你指手画脚的,这样 从今天开始 咱们俩工作的事电话联系 肥我自己减
这样 从今天开始 咱们俩工作的事电话联系 肥我自己减,你也没事别老往我家跑
你也没事别老往我家跑,更不用教我怎么做人 好吗 圣母
更不用教我怎么做人 好吗 圣母,好
好,再见
再见,我上串下跳地为了谁
我上串下跳地为了谁,我为我自己吗
我为我自己吗,狼心狗肺的家伙
你这哭 哭丧呢 丧不丧气,你骂我 我爸也骂我
你骂我 我爸也骂我,郝泽宇也骂我
郝泽宇也骂我,郝泽宇对我跟对敌人似的
郝泽宇对我跟对敌人似的,我怎么了我干嘛了
我怎么了我干嘛了,我反人类了吗
这两件衣服靠近了还得磨破,但我这么做也是为了让他和丹姐和好
但我这么做也是为了让他和丹姐和好,我这也有错
有时候善良会伤人伤己,我怎么做 他才能原谅我呀
不哭了,你干嘛 大过年索我命是吧
你干嘛 大过年索我命是吧,你知道为什么每次过年的时候春运都会起浆糊似的吗
你知道为什么每次过年的时候春运都会起浆糊似的吗,我哪知道
我哪知道,问铁道部去
问铁道部去,因为每个人都想回家过年
因为每个人都想回家过年,见最亲的人吃家里的饭
见最亲的人吃家里的饭,咱中国人哪天受到委屈都能忍
咱中国人哪天受到委屈都能忍,就这天不行
就这天不行,我爸跟我说了
我爸跟我说了,除夕就是要把一些东西择掉
除夕就是要把一些东西择掉,别别别扭扭地过年
别别别扭扭地过年,所以我也不能跟你别别扭扭到明年
所以我也不能跟你别别扭扭到明年,我知道我们俩只是工作关系
我知道我们俩只是工作关系,但谁规定工作关系就是冷冰冰的呢
但谁规定工作关系就是冷冰冰的呢,我就是想跟你当亲人
我就是想跟你当亲人,不行吗
不行吗,对不起
对不起,我学不会成年人的相处模式
我学不会成年人的相处模式,但是我想告诉你
但是我想告诉你,你说这个世界上没有真心
你说这个世界上没有真心,可我对你的好就是真心的
可我对你的好就是真心的,带腊八蒜了吗
带腊八蒜了吗,终于有点人气了
终于有点人气了,好吃吗
好吃吗,不咱以后不用再这么折腾了 明天就去问问专业的塑性教练 咱们再减肥 也不能不要命啊
不咱以后不用再这么折腾了 明天就去问问专业的塑性教练 咱们再减肥 也不能不要命啊,只要脸皮厚到哪都有肉
只要脸皮厚到哪都有肉,你好歹是个演员
你好歹是个演员,就是免费的宣传
就是免费的宣传,我就想跟他一样敬业
今年20明年18,你跟我爸说什么
你跟我爸说什么,这话应该我问你
这话应该我问你,你跟你爸说什么 
你跟你爸说什么 ,  这么大的事儿
  这么大的事儿,你想让我自己一个人慢慢消化啊
你想让我自己一个人慢慢消化啊,难怪今晚上老福说话一直都鬼鬼祟祟的
难怪今晚上老福说话一直都鬼鬼祟祟的,鬼鬼祟祟这词不是这么用的 你真打算走啊 你今年不好
鬼鬼祟祟这词不是这么用的 你真打算走啊 你今年不好,明年可能会好
明年可能会好,明年不行
明年不行,那就后年 你都在北京呆10年了
那就后年 你都在北京呆10年了,不差这一两年
不差这一两年,我都在北京待了10年了
我都在北京待了10年了,一事无成
一事无成,每天就是混吃等死的状态
每天就是混吃等死的状态,一人吃饱全家不饿
一人吃饱全家不饿,但是现在不一样
但是现在不一样,好几个人指着我吃饭
好几个人指着我吃饭,我是真没这信心
我是真没这信心,你不试试你怎么知道你不行
你不试试你怎么知道你不行,你怎么知道我没试过
你怎么知道我没试过,我之前去找彭永康
我之前去找彭永康,我是真心的想给自己争取一回
我是真心的想给自己争取一回,可是但凡有脑子的人都能看出来
可是但凡有脑子的人都能看出来,他从一开始就没打算用我
他从一开始就没打算用我,那不是肥还没减完呢
那不是肥还没减完呢, 没到最后 你怎么就放弃了 而且就算彭永康不用你 这世界上又不是彭永康一个导演
 没到最后 你怎么就放弃了 而且就算彭永康不用你 这世界上又不是彭永康一个导演,你们为什么非得铁了心的把宝押在我身上
你们为什么非得铁了心的把宝押在我身上,我就对你有信心
我就对你有信心,打我从第二次见你  我就觉得你能成事
打我从第二次见你  我就觉得你能成事,第一面的时候没觉得
第一面的时候没觉得,第一次见面你太讨厌了 我看都不想多看你一眼
第一次见面你太讨厌了 我看都不想多看你一眼,其实你现在也挺讨厌
其实你现在也挺讨厌,但我还是不想让你走
但我还是不想让你走,你把我火车票撕了
你把我火车票撕了,你是不是得把身份证还给我
你是不是得把身份证还给我,虽然我已经很多年没有出过远门了
虽然我已经很多年没有出过远门了,但是我知道现在火车票是实名制
但是我知道现在火车票是实名制,你别想坑我 我这前脚把身份证一还你
你别想坑我 我这前脚把身份证一还你,你后脚你买火车票走了
你后脚你买火车票走了,到哪逮你去
到哪逮你去,我这次逮着你是我的运气
我这次逮着你是我的运气,我下一次能逮着吗
我下一次能逮着吗,不还也行
不还也行,你答应我一事
你答应我一事,你谁呀你 你先说我听听
你谁呀你 你先说我听听,一会你爸来接你的时候
一会你爸来接你的时候,顺便把我也接出去
顺便把我也接出去,一个萝卜一个坑
一个萝卜一个坑,我爸顺便接你
我爸顺便接你,你谁啊
你谁啊,不是
不是,我的意思就是顺便帮个忙
我的意思就是顺便帮个忙,咱俩一会出去 顺带手的事
咱俩一会出去 顺带手的事,你真是 要不我还给牛美丽电话
你真是 要不我还给牛美丽电话,我不想让他知道这事
我不想让他知道这事,你现在不想让人知道了
你现在不想让人知道了,你瞒得挺好
你瞒得挺好,我要是不追你的话
我要是不追你的话,你现在应该已经到家了
你现在应该已经到家了,我凭什么帮你
我凭什么帮你,你不但瞒着我
你不但瞒着我,你还弄坏了我一个手机
你还弄坏了我一个手机,于情于理我没有任何理由要帮你这个忙
于情于理我没有任何理由要帮你这个忙,你怎么就记得我弄坏你手机
你怎么就记得我弄坏你手机,我弄坏你手机我不给你买一新的吗
我弄坏你手机我不给你买一新的吗,你怎么光想着我给你弄坏一手机
你怎么光想着我给你弄坏一手机,你不帮拉倒
你不帮拉倒,求着你呀我 不是给牛美丽打个电话吗
求着你呀我 不是给牛美丽打个电话吗,我打 他是我经纪人 来捞我也天经地义的
我打 他是我经纪人 来捞我也天经地义的,看屁啊
看屁啊,打电话去
表姐,你迟到得也太严重了
你迟到得也太严重了,晚了快40分钟
面试完了吗,人家已经面试完了
人家已经面试完了,你也别急了
你也别急了,我跟hr说了老半天
我跟hr说了老半天,把你放到下一轮了
谢谢表姐 辛苦了,你这穿的什么衣服
你这穿的什么衣服,我给你的白衬衫呢
我给你的白衬衫呢,诶哟看看你这背的什么包走走
诶哟看看你这背的什么包走走,你这个人上班要有上班的样子
你这个人上班要有上班的样子,我们是白领好吧
我们是白领好吧,白领们就是要看个领子的
白领们就是要看个领子的,你领子都没有
你领子都没有,人家看什么
姐这些都是你们公司的人吗,哪里啊 这栋楼里啊
哪里啊 这栋楼里啊,有上百家公司了
有上百家公司了,不过他们都是做什么的
不过他们都是做什么的,啊姐我一眼就能看出来
啊姐我一眼就能看出来,IT男的衣服都是松的
IT男的衣服都是松的,有人说那是熬夜熬瘦的
有人说那是熬夜熬瘦的,你比如说买大一点以后发胖了可以穿
你比如说买大一点以后发胖了可以穿,销售的头发都特别讲究
销售的头发都特别讲究,但是鞋子都很破
但是鞋子都很破,没办法一直走来走去的脚下费钱
没办法一直走来走去的脚下费钱,你看一看就是做老板夹着个包
你看一看就是做老板夹着个包,包吗不大
包吗不大,永远都在打电话
永远都在打电话,腔调好得勒
腔调好得勒,女魔头来了 Scarlet 比思特一姐
女魔头来了 Scarlet 比思特一姐,今天估计是来提案的
一会面试完我们去逛街买个包好吧,海燕
海燕,这件新的衬衫给你 明天面试好穿的 不旧的 我只穿过三次
谢谢表姐,今天怎么样面试怎么样
他们让我等通知,怎么突然想要搬出来了啦
实在是太远了,这远又不是问题了
这远又不是问题了,我以前上班来回路上有两个小时嘞
我以前上班来回路上有两个小时嘞,年轻人要吃点苦
年轻人要吃点苦,是这样子的
是这样子的,我们家最近在重新弄浴室
我们家最近在重新弄浴室,可能就不大方便你过来住了
可能就不大方便你过来住了,等我们装修完了再通知你好吧
等我们装修完了再通知你好吧,这个东西要么你先拿回去
这个东西要么你先拿回去,我怕放在家里被那些工人弄坏了
我怕放在家里被那些工人弄坏了,我先上楼了
我先上楼了,有什么事打电话给表姐好吧
有什么事打电话给表姐好吧,走了啊
那我先去了,你回来了
我回来半天了,你兼职挣多少钱
一天能赚80,那么少
那么少,那能买个屁
那能买个屁,我说话有点粗
我说话有点粗,不好意思
我找到工作了,真的假的
比特思,哇塞
哇塞,真的假的
真的假的,太厉害了
太厉害了,还没毕业就找到这么好的工作
还不知道能不能转正,算了
算了,你以为上海很好混
你以为上海很好混,像你们这种外地来的
像你们这种外地来的,一毕业以后都回老家了
一毕业以后都回老家了,最多在上海待个一两年
最多在上海待个一两年,你们吵架啦
也没有告诉我,你想换男朋友了
你想换男朋友了,要不我带你出去转转
要不我带你出去转转,你惹他不开心了
他就不开心了,不开心
不开心,不开心就不管你
不开心就不管你,要我说
要我说,我说现在的年轻男人就是不靠谱
我说现在的年轻男人就是不靠谱,一点都不知道心疼自己女朋友
一点都不知道心疼自己女朋友,亏你还一门心思地为他好
亏你还一门心思地为他好,不过话说回来
不过话说回来,他对你确实挺好的
他对你确实挺好的,要不
要不,你多挣点钱
你多挣点钱,买个礼物送给他
买个礼物送给他,怎么样
怎么样,你考虑一下
你考虑一下,明天晚上6:00车来接我们
明天晚上6:00车来接我们,我正好缺个伴
我正好缺个伴,你考虑清楚了告诉我
你考虑清楚了告诉我,明天如果你要去的话
明天如果你要去的话,这个包借你背
这个包借你背,我困了
我困了,我先睡了
房子在哪怎么还不到,快了就在边上
可以做饭吗,对
我去里边看一下,好
洗手间挺大的,你看右边那间
这间吗,这个地方在市中心交通便利
这个地方在市中心交通便利,最重要的是拎包入住
多少钱一个月,1600
1600太贵了 我的预算只有800,两个人1600
这一间住的是谁,旁边那间我本来可以租1000块
旁边那间我本来可以租1000块,但我现在800租给你
但我现在800租给你,怎么样
老板 给你钱,收我的 收我的
说好了我来的,你是我签成功的第一单 收我的别为难人家
来干杯,以后有什么事我罩着你
来自安徽阜阳,我叫陆曼妮
我叫陆曼妮,来自辽宁丹东
来自辽宁丹东,你是刚刚毕业吗
你是刚刚毕业吗,我一看你就知道你是名校的毕业生
我一看你就知道你是名校的毕业生,未来的精英女白领
未来的精英女白领,你现在在什么公司工作
我在一家4A广告公司,厉害
厉害,那些就是电视上那些广告词是不是都是你们写的
那些就是电视上那些广告词是不是都是你们写的,然后经常可以接触那些明星什么的
什么正式的项目都没参加过,也没关系
也没关系,刚进公司的时候都是这样的
刚进公司的时候都是这样的,你看我今天就很幸运碰到了你成功签单了
你看我今天就很幸运碰到了你成功签单了,谢谢你
我要是遇到之前的中介都像你这么好就好了,我吧
我吧,其实也是为了签单成功
其实也是为了签单成功,要不然他们就让我卷铺盖走人了
要不然他们就让我卷铺盖走人了,我跟你说这已经是我第5份工作了
我跟你说这已经是我第5份工作了,之前都干了不到一个月就走了
为什么,因为我不喜欢
因为我不喜欢,我本来已经打算离开上海回东北了
我本来已经打算离开上海回东北了,但是有一句话激励了我
谁的话怎么有力量,三分天注定
三分天注定,7分靠打拼
7分靠打拼,爱拼才会赢
爱拼才会赢,虽然呢
虽然呢,虽然房产中介不是我理想中的工作
虽然房产中介不是我理想中的工作,但是我确定留在上海一定是正确的决定
曼妮,买这么多方便面
买这么多方便面,我要先煮两袋方便面从吃
我要先煮两袋方便面从吃,我给你煮
我给你煮,太累了你
太累了你,你也赶紧歇会
我今天一顿饭吃了三天的饭钱,你一顿饭不是有10块钱吗
你一顿饭不是有10块钱吗,还不够你吃
还不够你吃,吃什么那么贵
做的还没你好吃,太可怜了
太可怜了,等一会儿啊
等一会儿啊,来
也太香了,你以后中午就别在外面吃了
你以后中午就别在外面吃了,带我做的饼吧
带我做的饼吧,我每天多做点
这么普通的一包方便面被你这么一做可真好吃,当然了我陆大厨是谁
你要不要来点,你辛苦你多吃点
好吃吧,吃完面咱俩做面膜
不行 我吃完面要把这堆资料看完,你这没有两礼拜
你这没有两礼拜,看不完
同时也创造了全中国以及世界许多富有创意和革新的经典广告案例,哇塞够专业厉害
你别打断我,我都已经开始崇拜你了
我都已经开始崇拜你了,你什么时候提案
明天,加油
加油,就你这么弄
就你这么弄,天亮都弄不完
天亮都弄不完,鼠标
鼠标,放在最后一栏
放在最后一栏,其实根本用不着计算器
其实根本用不着计算器,函数求和公式这个快捷键一按
函数求和公式这个快捷键一按,数字都在这里
这么简单,Excel还有非常多的快捷功能
Excel还有非常多的快捷功能,我说你弄
真的,来给你吹吹
来给你吹吹,快点快点啊
快点快点啊,快点做
快点做,我们才能快点收工 吃一口
我们才能快点收工 吃一口,我还有个面膜你敷
都这么多的快捷键我都得背下来,差不多就行了
差不多就行了,要是大家都知道你是Excel狂人
要是大家都知道你是Excel狂人,包装以后杂七杂八的工作都扔给你
不是挺好的吗,小公司做事
小公司做事,大公司做人
大公司做人,在比特思你还是把你的才华集中在有用的地方
为什么不展示出来,像斯嘉丽那种女强人的生活
像斯嘉丽那种女强人的生活,我一点也不羡慕
我一点也不羡慕,我们上海囡囡的梦想就是30岁前穿着Vera Wang
我们上海囡囡的梦想就是30岁前穿着Vera Wang,在法式饭店里举行一个草坪婚礼
在法式饭店里举行一个草坪婚礼,然后悠闲过日子
然后悠闲过日子,享受生活咯
上次你电脑不是我弄坏的,我知道
你知道是谁了吗,当然知道明天谁辞职
当然知道明天谁辞职,就是谁干的
就是谁干的,海燕你知道吗
海燕你知道吗,今天我接待了一个特别奇葩的客户
怎么了,有一个男的一看就特有钱
有一个男的一看就特有钱,大概50多岁
大概50多岁,然后领了一个年轻小姑娘来看房
然后领了一个年轻小姑娘来看房,那小姑娘看起来也就是个大学生
那小姑娘看起来也就是个大学生,但浑身上下都是名牌
但浑身上下都是名牌,关键是他管老男人叫亲爱的
怎么奇葩了,其实这种事我倒不是第一次见
其实这种事我倒不是第一次见,关键我就想说现在的小姑娘
关键我就想说现在的小姑娘,特别是那种长得漂亮的
特别是那种长得漂亮的,光想着靠男人
光想着靠男人,自己也不努力
自己也不努力,就想走捷径
就想走捷径,你说那些男人也愿意给他们花钱
你高兴吗,如果是男朋友的话
如果是男朋友的话,当然高兴
靠男人走捷径不努力,男朋友和老男人怎么能一样呢
怎么不一样,男朋友是真心相爱的
你怎么知道老男人跟年轻女孩不是真心相爱的呢,不可能
不可能,他俩年纪差那么一大截
他俩年纪差那么一大截,而且那女的浑身上下都是名牌
而且那女的浑身上下都是名牌,一看就不是自己买的
一看就不是自己买的,一看就是奔钱去的
一看就是奔钱去的,反正我是不信
反正我没有经历过,我给你按摩按摩 行不行
陆曼妮 陆曼妮 你,你现在
你现在,现在知道斯嘉丽为什么不让你做presentation吗
现在知道斯嘉丽为什么不让你做presentation吗,你觉得老外客户怎么样
那个劳什么斯,你连人家外国人名字都念不准
你连人家外国人名字都念不准,斯嘉丽怎么放心把外国客户交给你
Thank you. Kate. 我有这么不标准吗,你赶紧找个英文老师好好补习吧
你赶紧找个英文老师好好补习吧,先起个英文名呗
起什么英文名,你是章子怡吗
刷卡可以吗,回来啦 累死了
回来啦 累死了,你又算什么呢
这个月又买两箱方便面了,谁让你上班上的好好的
谁让你上班上的好好的,非要报什么英语班
我们不是公司有需要吗,公司需求
公司需求,你们公司就是崇洋媚外
你们公司就是崇洋媚外,浪费钱
只剩下200块钱要过完这个月了,没关系
没关系,我做饭给你吃
我做饭给你吃,你想吃什么跟我说
你想吃什么跟我说,你
你,你在听什么
会对学英语有帮助,最近妆化得有进步吗
会不会很奇怪,你英文老师一定很帅
你怎么知道的,今天发工资要不要一起去做个头发
今天发工资要不要一起去做个头发,海燕你现在有英文名了吗
海燕你现在有英文名了吗,我倒是帮你想了个不错的
我倒是帮你想了个不错的,Harriet 取你名字海燕的谐音
Harriet 取你名字海燕的谐音,你觉得怎么样
Harriet,Harriet
我以后也是有英文名的人了,Harriet你想要在上海站稳脚跟
Harriet你想要在上海站稳脚跟,除了能力、外貌、气质都很重要
除了能力、外貌、气质都很重要,所以你不能光学英文
所以你不能光学英文,就忘了打扮自己
就忘了打扮自己,女人不对自己
女人不对自己,好别人也不会重视你的
好别人也不会重视你的,你要学会花钱投资在自己身上
你要学会花钱投资在自己身上,你今天就换个新发型
你今天就换个新发型,脱胎换骨
脱胎换骨,做个精致女人
我应该换个什么样的发型,要看你喜欢什么风格的
要看你喜欢什么风格的,一般女人什么个性
一般女人什么个性,光看发型也能辨认出个大概
光看发型也能辨认出个大概,比方斯嘉丽那一头利落的中长发
比方斯嘉丽那一头利落的中长发,一看就是典型的女强人
一看就是典型的女强人,但是显得很干练
但是显得很干练,又不缺乏女人味
又不缺乏女人味,看到没有 那个长波浪
看到没有 那个长波浪,这种长波浪可得不差
这种长波浪可得不差,又很闲的人才能打理这一趟就得好几个小时
又很闲的人才能打理这一趟就得好几个小时,你后面波波头这种头发都是挺百搭的
你后面波波头这种头发都是挺百搭的,显得又甜美又摩登
显得又甜美又摩登,不过好像跟你的气质不太搭
我到底应该换一个什么样的发型,你想要搞定男人还是搞定工作
都搞定,挺贪心的
挺贪心的,怎么样
这不刚来一个人你打发走了,那个是俄罗斯人
那个是俄罗斯人,英文比你还差
没想到来这种地方靠谱吗,英语角八九个中国人围着一个老外
英语角八九个中国人围着一个老外,你练什么
你练什么,这就不一样了
这就不一样了,搞不好你还能谈个异国恋
搞不好你还能谈个异国恋,爱情英语一步到位
切,真的跟老外谈恋爱是练习英语最好的方法
真的跟老外谈恋爱是练习英语最好的方法,一个月过4级
一个月过4级,三个月过6级
三个月过6级,要是谈个一年半载
要是谈个一年半载,雅思托福都不是梦
我的英语进步还是很大的,还不是因为你跟杨老师一点进展都没有
还不是因为你跟杨老师一点进展都没有,都看了电影了
看完就各自回家了,你真的一点都没
你真的一点都没,动心 如果他突然这么搂着你
动心 如果他突然这么搂着你,要亲你
要亲你,你会害羞吗
他会陪我练英语吗,这个形象不错
这个形象不错,像这种气质沉稳型的熟男
像这种气质沉稳型的熟男,如果不是外企高管
如果不是外企高管,就是英文老师
就是英文老师,可惜了
可惜了,这种人分分钟就被人抢走了
吧台那边怎么样,这个一看就是蹭姑娘酒喝的 你跟着他也学不到什么
这个一看就是蹭姑娘酒喝的 你跟着他也学不到什么,万一不幸失了身
万一不幸失了身,能练到的都是感叹词
那那边那两个,那种喝mosquito的男人老没趣了
那还是算了算了,你不是想去英语角吗
你不是想去英语角吗,我带你去个地方
你刚才讲什么我没听清楚,主语从句的谓语动词用
主语从句的谓语动词用,should加动词原形
should加动词原形,should可以省略
你还笑我,你也太刺激了
他不是这样的人,他之前有表达出追求你的意思吗
他之前有表达出追求你的意思吗,如果他今天还联系你
如果他今天还联系你,代表你们的恋爱关系还有戏
代表你们的恋爱关系还有戏,要是没有的话
要是没有的话,你就当是场艳遇
你就当是场艳遇,遇呗
我再考虑考虑,曼妮
曼妮,你看这件衣服行吗
你看这件衣服行吗,海燕
海燕,你最近赚很多钱吗
你最近赚很多钱吗,这衣服打完折也要上千块
这衣服打完折也要上千块,你看我身上不是挺好看的
你看我身上不是挺好看的,在七浦路买的才50
第一次见家长应该穿得精致点,你听我说呀 你可以花钱买一份礼物
你听我说呀 你可以花钱买一份礼物,见面礼很重要
见面礼很重要,你说与其你穿得这一身奢侈
你说与其你穿得这一身奢侈,对不对
对不对,我听别人说上海婆婆很讲究的
我听别人说上海婆婆很讲究的,见面礼很重要
见面礼很重要,你说与其你穿的这一身奢侈
你说与其你穿的这一身奢侈,你不如花钱买一份大礼
你不如花钱买一份大礼,这让对方觉得你既贤惠又用心
这让对方觉得你既贤惠又用心,才会放心把儿子交给你
才会放心把儿子交给你,对不对
说的好像也有道理,咱别在这买了
咱别在这买了,我带你去走
我带你去走,这个不错
这个不错,简单大方适合你
简单大方适合你,海燕 你不吃饭你愁啥呢
好紧张,你就吃完饭洗碗
你就吃完饭洗碗,表现出一副很贤惠的样子
最好不要洗碗,为什么
为什么,要我我肯定洗
要我我肯定洗,你说谁家不喜欢贤惠的小姑娘
你说谁家不喜欢贤惠的小姑娘,对不对
就老让你洗碗干活,那就干洗碗又不累
那就干洗碗又不累,你洗一辈子都不累
你洗一辈子都不累,对不对
对不对,网上那些人说的话你也信
你见过你以前男朋友爸妈吗,见过而且
见过而且,我就是这样做的 他们家人都特喜欢我
我就是这样做的 他们家人都特喜欢我,所以你就别担心了
所以你就别担心了,你买的礼物呢 我看看
你买的礼物呢 我看看,两千
你就放心我妈这个人很随和的,小罗听呈远讲
小罗听呈远讲,你不是上海人
我是上大学的时候才来的上海,那么你是租的房子了咯
那么你是租的房子了咯,那你父母亲来过不了
那你父母亲来过不了,他们觉得你住的怎么样
还在奋斗阶段,那么
那么,你找了一个上海的男朋友
你找了一个上海的男朋友,你父母亲有什么看法不啦
我父母对这方面没有什么太多看法的,我
我,跟他爸爸觉得你们两个实在太年轻了
跟他爸爸觉得你们两个实在太年轻了,谈婚论嫁还不太合适
谈婚论嫁还不太合适,所以一讲我不会催你们的
所以一讲我不会催你们的,你就放心
然后又问我是什么血型,我已经听了三遍了
我已经听了三遍了,都听腻了
都听腻了,你知道我见他爸妈我送的什么吗
孙副总,我送了一箱当季的水果
我送了一箱当季的水果,价值不过50块吧
价值不过50块吧,还是因为大过年的实在不好意思空手临时买的
这也行,可是我穿这Chanel的套装
可是我穿这Chanel的套装,拎着Celine的包
拎着Celine的包,带着Catier的手表
带着Catier的手表,做女人一定要矜持
做女人一定要矜持,不要让人就觉得你在千方百计的拍马屁
不要让人就觉得你在千方百计的拍马屁,人家看得上你送什么
人家看得上你送什么,人家都能想到夸奖词
人家都能想到夸奖词,人家看不上你
人家看不上你,金山银山搬过去
金山银山搬过去,人家也只会觉得他家杨呈远有本事搞得定小姑娘
人家也只会觉得他家杨呈远有本事搞得定小姑娘,罗海燕你爸妈生你是把你当千金小姐的
罗海燕你爸妈生你是把你当千金小姐的,不是去给别人家当保姆的
不是去给别人家当保姆的,你自己把段位放低了
你自己把段位放低了,就别怪人家看轻你了
我就知道不应该听曼妮的,不是我说你 你那室友小姑娘手段和见识都太低了
是我自己没有主见,你先别灰心
你先别灰心,杨呈远不是站你这边吗
杨呈远不是站你这边吗,只要没有儿子的支持
只要没有儿子的支持,婆婆再横
婆婆再横,也狠不起来
曼妮昨天晚上的事对不起,没事儿
没事儿,不过他们也没有恶意的
不过他们也没有恶意的,你别放心上
所以昨天的事对不起,没关系的
没关系的,他们也不是计较的人
他们也不是计较的人,但是海燕你心里是不是有点瞧不上我们这些人
怎么会,我跟你说我最近都在忙坏了
我跟你说我最近都在忙坏了,现在的人也不知道怎么想的
现在的人也不知道怎么想的,房子越贵买的人就越多
房子越贵买的人就越多,还有人一口气买10套
真的,我也不知道他们不担心房贷还不上
我也不知道他们不担心房贷还不上,把我忙坏了
把我忙坏了,我跟你说
我跟你说,我最近连个上厕所的时间都没有
我最近连个上厕所的时间都没有,我一天要接待十几拨人
我一天要接待十几拨人,我吃饭我都吃不上没有时间
来 面包拿着,好了我先走了
好了我先走了,客户在等我
挺好的,到底是个外地人
到底是个外地人,一点点也不讲究
一点点也不讲究,气质也不怎么样
气质也不怎么样,一看就知道是一个没有见过世面
一看就知道是一个没有见过世面,从外地哥要是你们真的结了婚
从外地哥要是你们真的结了婚,这怎么弄
人家打算在上海买房子,他家里很有钱啊
他要靠自己买,讲起来本事倒蛮大的
讲起来本事倒蛮大的,他要是真的赚的比你多了
他要是真的赚的比你多了,你就在家里帮他烧饭吧
不可能的事情好吧,怎么不可能
怎么不可能,这个女人要是真心往上爬
这个女人要是真心往上爬,手段还是蛮多的
手段还是蛮多的,慢慢的赚的比你多了
慢慢的赚的比你多了,地位比你高了
地位比你高了,人家说起你来谁家的老公连你的名字都没有
人家说起你来谁家的老公连你的名字都没有,那个时候就别怪姆妈没有提醒你了
那个时候就别怪姆妈没有提醒你了,买房子没有结婚就给自己想好退路了
买房子没有结婚就给自己想好退路了,儿子
儿子,你现在可以不相信妈妈的话
你现在可以不相信妈妈的话,但总有一天你会想明白的
但总有一天你会想明白的,上海人终归要跟上海人在一起的
上海人终归要跟上海人在一起的,这要是我就气死了
这要是我就气死了,不带这么欺负人的
不带这么欺负人的,要不然我找几个朋友
要不然我找几个朋友,我去他上课的地方
我去他上课的地方,我找他闹
我找他闹,我找他的茬
何必呢 算了吧,算了
算了,那谁来补偿你
哪怕最小的户型,这钱要是拿去交了定金就要不回来了
这钱要是拿去交了定金就要不回来了,你考虑清楚
你要知道职场的每一步都是自己的选择,不是你干嘛
不是你干嘛,我把我朋友介绍给你
我把我朋友介绍给你,你什么态度对人家
给我介绍对象还说我 你什么态度,你看你一来人家就走了
你看你一来人家就走了,大家都是外地人
大家都是外地人,你干嘛打肿脸充胖子
你干嘛打肿脸充胖子,你就是装的再像上海人
你就是装的再像上海人,你在人家杨老师一家子眼里也永远是个外地人
你在人家杨老师一家子眼里也永远是个外地人,你就不能安安分分的过日子吗
你怎么不回你东北老家,东北是挺好的
不就是为了过上跟老家不一样的日子吗,我没你那么好命
我没你那么好命,没有什么老师带我出去见识花花世界什么的
没有什么老师带我出去见识花花世界什么的,我只知道做人要做自己
我只知道做人要做自己,踏踏实实
踏踏实实,一步一个脚印
跟你这种人也没什么好说的,我这种人
我这种人,你不是瞧不上人家
你不是瞧不上人家,你是瞧不上我是吧
你是瞧不上我是吧,你别以为你在什么高级写字楼
你别以为你在什么高级写字楼,上班喝个咖啡
上班喝个咖啡,处个上海男朋友你就高我一等了
处个上海男朋友你就高我一等了,行不行
你就是一个连梦想都没有的人,对
对,我就是没有梦想
我就是没有梦想,咱俩不一样
咱俩不一样,你出去追求你的花花世界
你出去追求你的花花世界,我这个破房子容不下你的伟大梦想
你要干什么,小声一点
小声一点,我叫
张天皓,你怎么知道
马上全楼的都知道了好吧,能不能借我躲一下
你叫谁大姐呢,小姐
谁是小姐,我错了 借我躲一下
待着,你能不能
小心,看什么
看什么,你怎么了
刚跑步脚崴了,给我个报恩的机会
给我个报恩的机会,走
谢谢你的报恩之举,谢谢你的救命之恩
谢谢你的救命之恩,先走了
是什么样的关系,你终于回来了
找我有事吗,我忘记带钥匙了
我忘记带钥匙了,你能不能从你阳台过去
神经病,帮个忙吧
帮个忙吧,拜托
还不快进来,你真是个好人
你真是个好人,谢谢
你的生日,我无所谓的
我无所谓的,新手镯
新手镯,谁送你的
谁送你的,说
对我也很好,THWL To Harriet with love To Maria with love. 告白得挺浪漫的嘛
THWL To Harriet with love To Maria with love. 告白得挺浪漫的嘛,好了
好了,说正经事
说正经事,你想不想在一个月内再次升职加薪
怎么了,老孙
老孙,我怀疑有女同事
我怀疑有女同事,在勾搭他
我也是,你看要不我就不进去了
你看要不我就不进去了,我这形象
你天生丽质不需要打扮,你都精心准备了
你都精心准备了,我就不当电灯泡了
我跟他讲你是我的好闺蜜,行
行,你不嫌弃我就行
我当然不会嫌弃你了,这里环境很好
你帮我看一下牛舌做得怎么样,特别香
你这靠谱吗,绝对靠谱
绝对靠谱,昨天刚拿下的执照
你妈知道吗,废什么话
废什么话,我以我妈公司的名义招聘
我以我妈公司的名义招聘,才能在毕业生当中引起轰动
会引起啥轰动,我敢保证你把招聘海报一贴出去
我敢保证你把招聘海报一贴出去,明天那些毕业生就统统回校
我已经到了咱们学校公告牌,你现在就把招聘广告贴上去
你现在就把招聘广告贴上去,然后以百米冲刺的速度跑开
然后以百米冲刺的速度跑开,就算大功告成了
我们学校的教务处的公章你是从哪弄的,萝卜
张盛,你说你这大学4年加上研究生是不是白读了
你说你这大学4年加上研究生是不是白读了,当众求爱
当众求爱,怎么什么事让你一做
怎么什么事让你一做,就是一股浓浓的乡土气息
就是一股浓浓的乡土气息,太过了
不都这个路数吗,那是你确定人家喜欢你的时候
那是你确定人家喜欢你的时候,人家现在连你是谁都不知道
人家现在连你是谁都不知道,你这么做无异于在脑门上贴三字
你这么做无异于在脑门上贴三字,我是神经病
这是5个字,现在的关键是你得想法去弥补
我这心 凉水一浇全死了,要我说干脆搞大点
要我说干脆搞大点,他不是不知道你是谁吗
他不是不知道你是谁吗,你就让全校人都知道你是谁
你有辙啊,跳楼
跳楼,赵小川 你完了 你摊上大事
赵小川 你完了 你摊上大事,你敢打我
你敢打我,我们俩这么多年的友情算是完了
好像我多想和你好下去似的,我多么重情重义一个人
我多么重情重义一个人,我要不是念着当年你勤工俭学来我家做家教
我要不是念着当年你勤工俭学来我家做家教,一日为师终身为父
一日为师终身为父,我念你这点旧情
就是为了你华华丽的登场,我要是提早告诉你
我要是提早告诉你,你能演那么逼真 那么自如吗
你能演那么逼真 那么自如吗,我要的就是全校人都知道有我张盛的存在
我要的就是全校人都知道有我张盛的存在,都来我公司上班
都来我公司上班,我能给他们前途
这种事你妈知道吗,我妈没空知道
我妈没空知道,我才是风华的未来 风华的代言人
我才是风华的未来 风华的代言人,那么多双崇拜又渴望的眼神盯着我追着我跑
那么多双崇拜又渴望的眼神盯着我追着我跑,你没有看见吗
你没有看见吗,一切都证明你的牺牲是值得的
牺牲 牺牲你妹啊,够了啊
够了啊,我的妈 腿怎么摔成这样了
我的妈 腿怎么摔成这样了,我那个早晨吧
我那个早晨吧,我一出门我一不小心一滑
我一出门我一不小心一滑,我就把它摔成这个样子了
我就把它摔成这个样子了,你怎么这么不小心嘛
你怎么这么不小心嘛,你怎么摔的
你怎么摔的,那还不是为了你吗
那还不是为了你吗,我想弄到一点体面的礼物
我想弄到一点体面的礼物,我一下子就把自己给摔成了这个样子
我一下子就把自己给摔成了这个样子,都这样还送什么礼呀
都这样还送什么礼呀,不行
不行,我告诉你礼物是拿下张盛最重要的核武器
我告诉你礼物是拿下张盛最重要的核武器,你知道吗
你知道吗,人家大款什么没见过
人家大款什么没见过,但是这个是他的最爱
但是这个是他的最爱,行 我们送
行 我们送,但是你能不能等你的腿好了
但是你能不能等你的腿好了,康复了我们再去送 行吗
康复了我们再去送 行吗,不行
不行,必须今天送
必须今天送,必须的
必须的,那我去
那我去,那不行 不行 不行
那不行 不行 不行,你速度够快的呀
你速度够快的呀,腿真伤假伤
腿真伤假伤,我的个妈呀 疼死我了
我的个妈呀 疼死我了,我怎么可能
我怎么可能,我的妈呀
我的妈呀,那你疼我去嘛
那你疼我去嘛,我告诉你
我告诉你,张盛根本就不是住在原来那个地方
张盛根本就不是住在原来那个地方,你知不知道
你知不知道,只有妈妈知道他住在什么地方
只有妈妈知道他住在什么地方,赶紧的推着我 快快推着
赶紧的推着我 快快推着,我疼死得了
我疼死得了,快点
快点,川儿啊
川儿啊,兄弟不容易
兄弟不容易,差一点我就挂了
到点了,到什么点
你安静点你别影响我打坐,你有病我跟你说正经事
你有病我跟你说正经事,你说我万一要是真有个三长两短
你说我万一要是真有个三长两短,我们两个纳斯达克计划不就泡汤了吗
我们两个纳斯达克计划不就泡汤了吗,也去不了纽约敲钟了
也去不了纽约敲钟了,那简直就是上海的损失
那简直就是上海的损失,全国的损失
全国的损失,全世界的损失
全世界的损失,损失了一名冉冉升起的企业新星
你就别再忙着自恋了好吗,你说这事你提醒我
你说这事你提醒我,医生说中毒有时候会导致面瘫
医生说中毒有时候会导致面瘫,我去看看我的脸有没有毁容
黄花大闺女,我的嘴唇这么白
我的嘴唇这么白,看来这是真病的不轻
看来这是真病的不轻,对了
对了,你们学校这两个给我送毒鱼的必须不能要 初试就给我刷掉
我们学校的 谁,一个叫什么
一个叫什么,周格格
是周格格 你没听错吧,我舌头捋不直 我耳朵还是好的
我舌头捋不直 我耳朵还是好的,好吧
好吧,还有个叫什么宋暖
还有个叫什么宋暖,就这两个人绝对不能用
就这两个人绝对不能用,化成灰我都认识她们
你太拼了你,皮包公司
皮包公司,怎么样 站在这里
怎么样 站在这里,有没有一种把全上海都踩在脚下的感觉
有没有一种把全上海都踩在脚下的感觉,我们的目标很简单
我们的目标很简单,打破旧世界
打破旧世界,征服全上海
征服全上海,建立上海的新格局
接着得瑟,得瑟也是要有资本的
得瑟也是要有资本的,对吧
对吧,我这个叫赢在起跑线上
我这个叫赢在起跑线上,你看看我在办公室怎么样
你看看我在办公室怎么样,起点够高
你打算瞒你妈多久,金燕如女士现在正在美国纳斯达克和金融家们喝香槟
金燕如女士现在正在美国纳斯达克和金融家们喝香槟,她没空管我
她没空管我,再说我这么做也是为了开辟我们风华的新领域
再说我这么做也是为了开辟我们风华的新领域,就算他知道他也应该要感谢我
就算他知道他也应该要感谢我,我们马上建立新公司
我们马上建立新公司,然后招聘人员到时候一起把关
别我觉得还是学校更适合,我跟你说我这公司的CEO非你莫属
我跟你说我这公司的CEO非你莫属,给别人我还不放心
那您老做什么,董事长
董事长,我22岁就当董事长
我22岁就当董事长,我们的目标很简单
我们的目标很简单,第一年打好基础
第一年打好基础,第二年直接纳斯达克
第二年直接纳斯达克,我带你看看你的办公室
我带你看看你的办公室,你看看这个地方
你看看这个地方,到时候我给你配一台世界上最牛的电脑摆在这里
到时候我给你配一台世界上最牛的电脑摆在这里,你就坐在这个位置上专心搞你的研发
你这是想把你曾经的家教关在这天牢里,怎么说话
怎么说话,你看看这地方多好
你退下去,我就知道你喜欢
我就知道你喜欢,不打扰你了
不打扰你了,你先适应一下
行了,妈 今天怎么那么有空来看我
我还要提前向你报备啊,不用 只不过给我的饭菜不用外卖
不用 只不过给我的饭菜不用外卖,是你亲自做就更好了
今天面试的怎么样,还行还凑合
还行还凑合,人那么多我应该没希望
接到复试的通知了吗,哪有那么快
哪有那么快,没准人家不要我
早晚有一天你会明白的,你要这么说我们就打开天窗说亮话
你要这么说我们就打开天窗说亮话,是不是
是不是,我不管怎么样
我不管怎么样,JM都会录取我
简直没天理了,我也纳了闷 长一副书呆子的样子
我也纳了闷 长一副书呆子的样子,发型都没有
发型都没有,你怎么过的 你怎么过
我的天这么骚,不管我在追求梦想道路上遇到什么样的挫折
不管我在追求梦想道路上遇到什么样的挫折,也不能降低我的审美好吗
也阻挡不了你臭屁的本性,你以为我想来
你以为我想来,我一想到我不管怎么闹
我一想到我不管怎么闹,他们都让我过
他们都让我过,我一点闹的心思都没有
我一点闹的心思都没有,太没劲了
来,格格 到哪里了
格格 到哪里了,我们到学校门口了
我们到学校门口了,什么叫我们
什么叫我们,你跟谁
你跟谁,我跟宋暖我们在一块我们一起过去
我跟宋暖我们在一块我们一起过去,我说你到底是怎么回事情了
我说你到底是怎么回事情了,我给你说让你一个人去
我给你说让你一个人去,总是两个人待在一块干嘛
总是两个人待在一块干嘛,连体婴儿
连体婴儿,我跟你说
我跟你说,你必须一个人去
你必须一个人去,你不准带着宋暖
你不准带着宋暖,陈爱莲你这脾气发的也太过分了
陈爱莲你这脾气发的也太过分了,这又没有多大的事
这又没有多大的事,你听不听我话
你听不听我话,我告诉你今天要是你们两个人去
我告诉你今天要是你们两个人去,从此以后我们俩断绝母女关系
从此以后我们俩断绝母女关系,听见没有
听见没有,解释解释吧
解释解释吧,我捡的
我捡的,在哪儿捡的
在哪儿捡的,我忘掉了
我忘掉了,干嘛呀你
干嘛呀你,陈爱莲你干这种事儿
陈爱莲你干这种事儿,这我以后怎么回学校
这我以后怎么回学校,怎么有脸去跟同学见面
怎么有脸去跟同学见面,你以后进JM公司了
你以后进JM公司了,你不回学校了
你不回学校了,那再说妈妈也是比你好嘛
那再说妈妈也是比你好嘛,我是好心
我是好心,为了我好
为了我好,你知不知道我那天去人家公司
你知不知道我那天去人家公司,人家把我当贼看
人家把我当贼看,把我当贼看 我有我多难受
把我当贼看 我有我多难受,我多丢脸你知道吗
我多丢脸你知道吗,我就问你
我就问你,你干这种事情你不知道丢人的
你干这种事情你不知道丢人的,你干嘛这么说我
你干嘛这么说我,好好
好好,首先第一我承认错误好不好
首先第一我承认错误好不好,我承认错误
我承认错误,第一
第一,我是属于冲动
我是属于冲动,第二我也是为了你
第二我也是为了你,不管怎么说
不管怎么说,妈妈又没有干杀人放火偷鸡摸狗的事情
妈妈又没有干杀人放火偷鸡摸狗的事情,这就是偷鸡摸狗
这就是偷鸡摸狗,这不算
这不算,只是撕了一个小广告而已
只是撕了一个小广告而已,我真是笨哪我
我真是笨哪我,你不是什么事都没有了吗
你不是什么事都没有了吗,我告诉你啊 我现在不想再跟你说了
我告诉你啊 我现在不想再跟你说了,我一句话都没不想跟你说
我一句话都没不想跟你说,你在家里给我好好反省
你在家里给我好好反省,听到没有
听到没有,宋暖妈妈
宋暖妈妈,那个
那个,我想跟你商量件事情
我想跟你商量件事情,你看我们要不要两个人合起来
你看我们要不要两个人合起来,请JM公司的人吃顿饭
为什么,虽说他们是理亏的
虽说他们是理亏的,但是我们孩子在他们手下工作
但是我们孩子在他们手下工作,我们请他们吃顿饭 以后
我们请他们吃顿饭 以后,他们可以多多的照顾一下我们的孩子
他们可以多多的照顾一下我们的孩子,我们不会吃亏的
我们也没拿到通知,怎么会呢
怎么会呢,我们家格格老历八早就接到通知了
我们家格格老历八早就接到通知了,宋暖要不没有被录取
宋暖也没有跟我们说过,我这边还有点事情
我这边还有点事情,我挂了
您先坐下来把这件事情跟我详细的说一下,知道他是风华集团的老板
知道他是风华集团的老板,金燕如的儿子 那又怎么了
金燕如的儿子 那又怎么了,你不能这样
你不能这样,你没看他吊儿郎当的样子
你没看他吊儿郎当的样子,纨绔子弟的嘴脸一览无余
纨绔子弟的嘴脸一览无余,他破坏课堂破坏纪律
他破坏课堂破坏纪律,最重要的是他完全不尊重人
说让你 就再大的火都得给我压着,我没法压
我没法压,我怎么压
我怎么压,我们公司是大公司
我们公司是大公司,我们又不是哄小孩的地方
我们又不是哄小孩的地方,了不起
了不起,我不干了
我不干了,我不当这个老师了
我不当这个老师了,他们爱派谁派谁
他们爱派谁派谁,我不干了
我现在替您上面说去,我觉得我们都应该冷静冷静
我觉得我们都应该冷静冷静,冷静一下
冷静一下,算了
算了,我觉得现在这个时候还不是辞职的时候
我觉得现在这个时候还不是辞职的时候,这个活是陈总钦点我的
这个活是陈总钦点我的,我这要是一走
我这要是一走,那不是给陈老大撂挑子吗
那不是给陈老大撂挑子吗,这样的事情我还干不出来
这样的事情我还干不出来,我要挺住
我要挺住,我挺住
我挺住,张盛等一下先别走
张盛等一下先别走,干吗 我的名字是你随便叫的吗
干吗 我的名字是你随便叫的吗,明天培训课上不是要背公司守则吗
明天培训课上不是要背公司守则吗,你留下来我帮你复习
你留下来我帮你复习,我没有听错
我没有听错,你是小学生吗
你是小学生吗,你当上晚自习
你当上晚自习,我是课代表我也没有办法
我是课代表我也没有办法,不让 黄老师说了
不让 黄老师说了,这是我第一个任务
这是我第一个任务,我必须要完成
我必须要完成,让开
让开,我怕了你了 好吗
我怕了你了 好吗,可以吗
可以吗,老师
老师,走 我也不想跟你有任何瓜葛
走 我也不想跟你有任何瓜葛,你就配合我一下完成任务了
你就配合我一下完成任务了,咱们就分道扬镳
咱们就分道扬镳,你有病
你有病,尊重领导
尊重领导,尊重公司
尊重公司,尊重制度
尊重制度,我要刻苦
我要刻苦,我要奋斗
我要奋斗,我要成功 成功
我要成功 成功,你看过前段时间网上有个视频没有
你看过前段时间网上有个视频没有,就一个酒店服务员也跟你一样
就一个酒店服务员也跟你一样,所有人站好多排 打鸡血一样
所有人站好多排 打鸡血一样,就跟你刚才一样
就跟你刚才一样,张盛
张盛,你这辈子是不是从来没有为了得到一样东西而努力过
你这辈子是不是从来没有为了得到一样东西而努力过,行吧
行吧,看你这表情就知道你没有 这份工作可能对于你来说不重要
看你这表情就知道你没有 这份工作可能对于你来说不重要,但是对于我来说它很重要
但是对于我来说它很重要,即使在学校里很突出很优秀
即使在学校里很突出很优秀,但是把这些东西拿到社会上
但是把这些东西拿到社会上,什么都不是
什么都不是,标准不一样了
标准不一样了,一切都要从零开始
一切都要从零开始,虽然没有这份工作
虽然没有这份工作,我不会流浪街头
我不会流浪街头,我也不会心痛而死
我也不会心痛而死,但是我依然会努力
但是我依然会努力,因为我要报答父母对我的爱
因为我要报答父母对我的爱,人年轻的时候
人年轻的时候,如果不为了一样东西而拼尽全力的话
如果不为了一样东西而拼尽全力的话,不知道别人会怎么样
不知道别人会怎么样,但是我一定会后悔
但是我一定会后悔,你能明白我说的意思吗
你能明白我说的意思吗,特别好
特别好,这份工作对你来说也许很重要
这份工作对你来说也许很重要,他是你的未来
他是你的未来,是你的前途
是你的前途,是你的梦想
是你的梦想,你来就是为了得到这份工作
你来就是为了得到这份工作,但是我来为了不要这份工作
但是我来为了不要这份工作,understand
understand,你舌头好了
你舌头好了,你说两句话试试跟我练习说一下口号
你说两句话试试跟我练习说一下口号,遵守制度
遵守制度,遵守制度
遵守制度,尊重公司
尊重公司,尊重公司
尊重公司,尊重领导
尊重领导,尊重领导
尊重领导,你这好勒
你这好勒,咱们练练
咱们练练,怎么跟你说不明白
怎么跟你说不明白,你不用跟我说明白
你不用跟我说明白,我们今天在这不管待到几点
我们今天在这不管待到几点,哪怕是到天亮
哪怕是到天亮,我都一定要完成任务
我都一定要完成任务,所以要不然你配合我
所以要不然你配合我,要不然咱们就在这干耗着
要不然咱们就在这干耗着,宋暖 你听我跟你说
宋暖 你听我跟你说,我小时候得过小儿麻痹
我小时候得过小儿麻痹,你知道吗
你知道吗,不是不想说不想喊
不是不想说不想喊,可是我脑子里缺一种酶
可是我脑子里缺一种酶,他就造成我语言和动作没有办法配合在一起
他就造成我语言和动作没有办法配合在一起,从小我一喊口号
从小我一喊口号,同学们就笑话我
同学们就笑话我,我一喊同学们笑话我
我一喊同学们笑话我,我特别难堪
我特别难堪,我有心理阴影你知道吗
我有心理阴影你知道吗,怎么办
怎么办,你看你刚才也说了一番掏心窝的话
你看你刚才也说了一番掏心窝的话,我也很感动
我也很感动,现在这个点了
现在这个点了,我还那么耗着你
我还那么耗着你,我也很不好意思
我也很不好意思,要不然你就多示范几遍
要不然你就多示范几遍,然后尽量的完整用力给我看
然后尽量的完整用力给我看,没准我就学会了
没准我就学会了,你愿意学了 肢体不协调
你愿意学了 肢体不协调,应该是可以克服的
应该是可以克服的,得有个好老师
得有个好老师,多练 从哪段开始
多练 从哪段开始,从头吧
从头吧,从头 你看着啊
从头 你看着啊,我跟你一块儿
我跟你一块儿,来 尊重领导
来 尊重领导,尊重领导
尊重领导,尊重公司
尊重公司,尊重公司
尊重公司,尊重制度
尊重制度,我要成功
我要成功,布 就刚才那个 刚才那个 先别来新的 下蹲那个我还配合不上
布 就刚才那个 刚才那个 先别来新的 下蹲那个我还配合不上,起来蹲下
起来蹲下,起来
起来,动作大点我能看清楚点
动作大点我能看清楚点,尊重制度
尊重制度,对就这样
对就这样,尊重领导、遵守制度、尊重领导、尊重制度、尊重公司
尊重领导、遵守制度、尊重领导、尊重制度、尊重公司,尊重领导
尊重领导,遵守制度
遵守制度,尊重公司
尊重公司,老师刚才没有这个动作是新加的吗
老师刚才没有这个动作是新加的吗,不是 那个那个 你先练吧 我先走了
不是 那个那个 你先练吧 我先走了,别 别走啊 我还要跟你练到天亮
别 别走啊 我还要跟你练到天亮,你居然跟张盛单独相处了一个晚上
你居然跟张盛单独相处了一个晚上,你竟然还没叫我
你竟然还没叫我,你还嫌我不够丢人
你还嫌我不够丢人,你看看这个
你看看这个,你说这才进JM几天
你说这才进JM几天,我怎么觉得时间过得无比的漫长呢
我怎么觉得时间过得无比的漫长呢,你有没有觉得JM的每一个人都如狼似虎
你有没有觉得JM的每一个人都如狼似虎,对我们特别凶狠
对我们特别凶狠,没个笑脸
没个笑脸,我只是觉得他们交给我们的任务都是不可能完成的
我只是觉得他们交给我们的任务都是不可能完成的,对
对,你明明是后来的
你明明是后来的,还让你去对付张盛
还让你去对付张盛,这不是明摆着欺负你吗
这不是明摆着欺负你吗,既然你说咱们过的时间漫长
既然你说咱们过的时间漫长,不如我们就制作一个时间表
不如我们就制作一个时间表,实习期三个月
实习期三个月,一共90天
一共90天,咱们过一天画一个对勾
咱们过一天画一个对勾,等那些对勾画满了
等那些对勾画满了,咱们也就熬出头了
咱们也就熬出头了,好主意
好主意,你们就在空调底下睡好几个小时
你们就在空调底下睡好几个小时,那能不感冒吗
那能不感冒吗,你这又喝了酒
你这又喝了酒,也没有人给你披个东西什么的
也没有人给你披个东西什么的,他们能把我扛回来就已经很善良了
他们能把我扛回来就已经很善良了,你还想要对他们有高要求不太可能
你还想要对他们有高要求不太可能,要不然明天请一天假休息休息
要不然明天请一天假休息休息,你也太幼稚了
你也太幼稚了,我们是实习生
我们是实习生,连生病的资格都是没有的
连生病的资格都是没有的,也对 我这几天也不好过
也对 我这几天也不好过,三轮的椅子我坐了一天
三轮的椅子我坐了一天,我坐在那就跟蹲马步练功似的
我坐在那就跟蹲马步练功似的,不坐累 坐着更累
不坐累 坐着更累,你就换一把
你就换一把,我哪敢说
我哪敢说,郝主任一天耷拉个脸 都不带正眼看我的
郝主任一天耷拉个脸 都不带正眼看我的,我跟你说
我跟你说,我今天唯一的丰功伟绩就是给郝主任买了两碗黄鱼面
我今天唯一的丰功伟绩就是给郝主任买了两碗黄鱼面,买了一碗
买了一碗,一碗是买的
一碗是买的,一碗是赔的
一碗是赔的,但是由于他没给钱
但是由于他没给钱,所以两碗都是赔的
所以两碗都是赔的,他不给你钱了
他不给你钱了,也没说谢谢
也没说谢谢,你得提醒他
你得提醒他,你得告诉他我们是实习生
你得告诉他我们是实习生,一个月就600块钱
一个月就600块钱,我哪敢说
我哪敢说,我算了算
我算了算,我一天的支出反正就是黄鱼面两碗48一碗
我一天的支出反正就是黄鱼面两碗48一碗,来回地铁公交车10元
来回地铁公交车10元,我们实习生一个月工资600块钱
我们实习生一个月工资600块钱,平均每天20块钱
平均每天20块钱,合着我每天净赔38块钱
合着我每天净赔38块钱,我天 我算算我的 我来回公交地铁10块钱
我天 我算算我的 我来回公交地铁10块钱,买姜和可乐煮水10块钱
买姜和可乐煮水10块钱,还好 不赔不赚
还好 不赔不赚,我们实习生好悲催
我们实习生好悲催,我都担心我坚持不下来了
我都担心我坚持不下来了,那有不悲催的 你瞧瞧人家张盛开着兰博基尼来实习
那有不悲催的 你瞧瞧人家张盛开着兰博基尼来实习,真是同人不同命
真是同人不同命,他就算开着航空母舰来实习
他就算开着航空母舰来实习,他在我心里仍然是一个超级脑残大白痴
他在我心里仍然是一个超级脑残大白痴,你至于这么恨他吗
你至于这么恨他吗,我怎么觉得有时候他还挺可爱的
我怎么觉得有时候他还挺可爱的,老天爷
老天爷,我身边的这位周格格小姐
我身边的这位周格格小姐,她说她喜欢张盛
她说她喜欢张盛,那就让他永远留在销售部
那就让他永远留在销售部,我再也不犯贱去你们销售部去串门去了
我再也不犯贱去你们销售部去串门去了,我什么时候说我喜欢他的
我什么时候说我喜欢他的,我从你的表情里已经看到你特别喜欢他
我从你的表情里已经看到你特别喜欢他,我没有
我没有,还说没有
还说没有,我没有 我不喜欢他
我没有 我不喜欢他,我要崩溃了
我要崩溃了,不管我做什么
不管我做什么,他们就是不开除我
他们就是不开除我,为什么
为了进大公司他们得吃多少苦,都是我妈
都是我妈,生生的把我逼到了今天
怎么能禁得起这样的摧残呢,大哥我虽然听不懂你在说什么
大哥我虽然听不懂你在说什么,但是我能够感受到你是站在我这一边的对吧
到点了,赵老师
赵老师,亏我还叫你一声赵老师
亏我还叫你一声赵老师,你在我这么痛苦的时候
你在我这么痛苦的时候,你能不能起点作用
开除自己 烦死了,这个新角度让我很震撼
这个新角度让我很震撼,真的
真的,很有道理
很有道理,太不像话了
太不像话了,这个张盛
这个张盛,真是反了天了
又怎么了,张盛
张盛,他没有向我请示
他没有向我请示,他直接就不来上班了
他直接就不来上班了,他现在电话也关机了
他现在电话也关机了,咱们要再这么纵容他下去
咱们要再这么纵容他下去,他反了天了
他反了天了,我们领导以后怎么管理这帮实习生
我们领导以后怎么管理这帮实习生,他不就仗着他含了个金钥匙出生吗
他不就仗着他含了个金钥匙出生吗,我们这也有没有含金钥匙出生的人
我们这也有没有含金钥匙出生的人,我们拼死拼活的工作
我们拼死拼活的工作,他瞧不起我们这些人
抱怨是最无能的表现,那这张盛怎么办
那这张盛怎么办,我们拿他还真没办法了
那就是宋暖,高 老大 高啊 派宋暖去收拾张盛
高 老大 高啊 派宋暖去收拾张盛,张盛肯定不买他的账了
张盛肯定不买他的账了,那宋暖就得记一大过
那宋暖就得记一大过,总裁钦点的人三天两头的记个大过
总裁钦点的人三天两头的记个大过,我看总裁该说什么
宋暖,哎 那个 郝 郝老师
哎 那个 郝 郝老师,今天中午还是按照这个买吗
我交给你一个别的工作吧,好什么任务
你们这拨实习生里边谁跟张盛关系比较好,赵小川 他们是好朋友
要不你跑一趟算了,郝老师
郝老师,你让我做什么
你就去叫张盛正常的上班就行,我 郝老师我跟他不熟的
我 郝老师我跟他不熟的,你能不能让别人去做
你还挑三拣四的是吧,没有没有没有 不是不是不是
可千万别因为这点事影响最后的考核评分,你有病啊 你还当真了
你有病啊 你还当真了,这本来就是真的啊 我只是想完成我的任务
这本来就是真的啊 我只是想完成我的任务,你写完我就走
你写完我就走,我给你的留言你都看到了
我给你的留言你都看到了,上面这三条你没有一条符合的
上面这三条你没有一条符合的,我就是不想去上班
我就是不想去上班,你能把我怎么样
你能把我怎么样,我不能把你怎么样
我不能把你怎么样,但这是你妈要求的
但这是你妈要求的,所以你必须得写
所以你必须得写,行
行,你可以不写
你可以不写,但是你必须得回公司
但是你必须得回公司,否则你走到哪我就跟你到哪
否则你走到哪我就跟你到哪,你去男厕所我就在门口蹲着
你去男厕所我就在门口蹲着,你回家我就在门口搭帐篷
你回家我就在门口搭帐篷,直到你回JM
直到你回JM,相信我为了保住我的工作
相信我为了保住我的工作,什么都做得出来
什么都做得出来,你干嘛
你干嘛,你写不写
你写不写,你干嘛
你干嘛,你说干嘛
你说干嘛,你有病啊你
你有病啊你,你才有病
你才有病,走开
走开,你写不写
你写不写,走开
走开,你说
你说,一个人不会喝酒有错吗
一个人不会喝酒有错吗,为什么销售部的人 要一定就会喝酒
为什么销售部的人 要一定就会喝酒,每个人这样 别人才喜欢他
每个人这样 别人才喜欢他,我就特别想不通这个 你说是不是
我就特别想不通这个 你说是不是,宋暖我跟你说话你听到没有
宋暖我跟你说话你听到没有,我该怎么做才能不让自己买黄鱼面呢
我该怎么做才能不让自己买黄鱼面呢,你买黄鱼面也比我天天喝酒强
你买黄鱼面也比我天天喝酒强,还可以见到大老板
还可以见到大老板,我每次见到大老板都是一个送外卖的形象
我每次见到大老板都是一个送外卖的形象,我宁可我不见到他
我宁可我不见到他,你就不要得了便宜还卖乖了
你就不要得了便宜还卖乖了,你试试像我这样 天天被领导骂
你试试像我这样 天天被领导骂,指着鼻子骂
指着鼻子骂,度日如年
度日如年,现在就是生不如死
现在就是生不如死,你知道我找工作的时候
你知道我找工作的时候,我就对自己说
我就对自己说,宋暖你一定要坚持住
宋暖你一定要坚持住,现在就是你最难的时候熬过去了就好了
现在就是你最难的时候熬过去了就好了,结果事实证明现在的每一天比当时都还要难过
结果事实证明现在的每一天比当时都还要难过,如果我妈在我身边
如果我妈在我身边,他一定会跟我说
他一定会跟我说,宋暖 你这是造什么孽
宋暖 你这是造什么孽,依我看
依我看,这就是你的不对
这就是你的不对,现在这个时候你就应该反抗
现在这个时候你就应该反抗,反抗
反抗,除非我不想要这份工作了
除非我不想要这份工作了,那就没有办法了
那就没有办法了,我恨死那个张盛了
我恨死那个张盛了,我真的不想干了
我真的不想干了,生活费没有了
生活费没有了,刚买的车也丢了
刚买的车也丢了,我天天都在买黄鱼面
我天天都在买黄鱼面,但是没有人给我一分钱
但是没有人给我一分钱,我这实习天天都是倒贴的节奏
我这实习天天都是倒贴的节奏,我都不敢跟我爸妈说
我都不敢跟我爸妈说,这车是重要
这车是重要,可是黄玉面的钱你得问他们要
可是黄玉面的钱你得问他们要,我怎么要
我怎么要,我要了别人就会觉得我斤斤计较
我要了别人就会觉得我斤斤计较,你不斤斤计较你生活怎么过
你不斤斤计较你生活怎么过,你说他们怎么就不偷别人的车
你说他们怎么就不偷别人的车,为什么偏偏要偷我的车呢
为什么偏偏要偷我的车呢,我的车又不值钱
你帮我想想 做好了奖金1万块,一会再说 你先帮我个忙 来看看这个
干嘛 要做个flash动画,没错
没错,这个是宋暖画的
这个是宋暖画的,他想做成flash动画
他想做成flash动画,他不好意思来找你
他不好意思来找你,所以让我来找你
还有我觉得喝酒,倒完垃圾了吗
到了,到完了就赶紧干活大哥
到完了就赶紧干活大哥,我还等着快快快快快快
要什么,你不用管
你不用管,你就做个大概
你就做个大概,然后教我怎么加文字
然后教我怎么加文字,我到时候教他就完了
行吧,我冒昧的问一句你在干嘛呢
我淋巴按摩时间到 我现在是做淋巴按摩,大哥照你这活法
大哥照你这活法,你得活到120岁
你得活到120岁,你有劲没劲
你有劲没劲,赶紧的我还等着 着什么急
相信哥们,快弄啊
行行,弄好发给我
弄好发给我,赵小川
赵小川,你要是这么聊的话
你要是这么聊的话,我告诉你这一辈子都别想拿到泡女神秘籍
那秘籍呢,在这儿啊 翻什么
在这儿啊 翻什么,我说我 我就是秘籍
我说我 我就是秘籍,你看看我 看出什么来了
你看看我 看出什么来了,看不出来呀
看不出来呀,我不要求你跟我一样帅
我不要求你跟我一样帅,但是你得酷
但是你得酷,C o o l酷
你觉得我应该选哪个,出色的冷静
出色的冷静,你看看 穿个老棉袄
你看看 穿个老棉袄,戴个眼镜头发这样 你跟酷有什么关系
戴个眼镜头发这样 你跟酷有什么关系,你这样你明天开始你把头发都竖起来
你这样你明天开始你把头发都竖起来,眼睛去掉带隐形的对吧
眼睛去掉带隐形的对吧,这样才叫酷懂吗
这样才叫酷懂吗,总之一句话得拽  得得瑟 话得少
总之一句话得拽  得得瑟 话得少,ok自己琢磨
ok自己琢磨,赵小川 你干嘛呢
赵小川 你干嘛呢,你这个衣领 还竖着 土不土啊你
你这个衣领 还竖着 土不土啊你,师兄地震了吗
师兄地震了吗,那是股骨头坏死了
那是股骨头坏死了,赵小川 你正经点
有点酷 有点帅,师哥
师哥,尊严对于一个男人来说真的很重要
尊严对于一个男人来说真的很重要,我还是不要伤害你了
我还是不要伤害你了,好吗
好吗,我们来练酒好吧
我们来练酒好吧,不是
不是,我练酒你紧张什么
我想跟你说一下,说
我说了,你说
你千万别紧张,我不紧张
我不紧张,我现在很暴躁
我也真是服了,您看他那个做派 整的自己跟个演员一样
您看他那个做派 整的自己跟个演员一样,一群实习生看他的眼神都跟看偶像一样
一群实习生看他的眼神都跟看偶像一样,这年头办实事的人不得宠
这年头办实事的人不得宠,只有那些玩花活的人得宠
只有那些玩花活的人得宠,行了 老大咱们不生气了
行了 老大咱们不生气了,马上到吃饭时间了
马上到吃饭时间了,咱们去吃饭去
这饭我不吃了,别别别 老大 这么做太明显了
别别别 老大 这么做太明显了,老大薇薇安斩钉截铁的说这饭菜他没搞错
老大薇薇安斩钉截铁的说这饭菜他没搞错,而且他从来没搞错过
我的肉怎么跑到汪思远的饭盒里去了,是啊
是啊,为什么
他汪思远把我的肉从饭盒里拿走了,不会吧老大
不会吧老大,他那么大一CEO
他那么大一CEO,他至于多吃你几块肉吗
这不就明摆着点我的吗,点
点,点你
心里不舒服呗,真是办公室政治 领导都得有点斗争艺术
真是办公室政治 领导都得有点斗争艺术,吃个肉都不是白吃的
吃个肉都不是白吃的,格格 你能给我看看这个短信吗
格格 你能给我看看这个短信吗,给我看看
给我看看,你得保证不会告诉别人
你得保证不会告诉别人,我不告诉别人
我不告诉别人,你快给我看
你快给我看,你还是发誓 发誓不告诉别人
你还是发誓 发誓不告诉别人,我发誓我不告诉别人
我发誓我不告诉别人,行了吗
行了吗,宋暖
宋暖,你让我回忆起我的大学时光
你让我回忆起我的大学时光,你就像春光 火焰和热情
你就像春光 火焰和热情,JM的工作压力太大了
JM的工作压力太大了,最近我觉得整个JM都是灰色的
最近我觉得整个JM都是灰色的,你明天愿意给我带来一抹春光
你明天愿意给我带来一抹春光,一抹亮色
一抹亮色,谁给你发的
谁给你发的,这不写着呢吗 汪总
这不写着呢吗 汪总,我知道 只是我不敢相信 天哪
我知道 只是我不敢相信 天哪,什么意思
什么意思,他喜欢你
他喜欢你,不可能
不可能,怎么不可能
怎么不可能,你别慌来坐下
你别慌来坐下,我慢慢给你分析一下
我慢慢给你分析一下,像你这种清纯的小萝莉型的
像你这种清纯的小萝莉型的,肯定是很招大叔的
肯定是很招大叔的,再说了人家汪总也没跟你说什么
再说了人家汪总也没跟你说什么,这不就是跟你表达一下他自己的心情吗
这不就是跟你表达一下他自己的心情吗,这是很有分寸的
这是很有分寸的,像他这种地位的人总是会有一些烦心的是吧
像他这种地位的人总是会有一些烦心的是吧,所以需要向你这种小萝莉倾诉一下
所以需要向你这种小萝莉倾诉一下,他
他,什么灰色 什么亮色呀
什么灰色 什么亮色呀,我能带给他什么亮色
我能带给他什么亮色,灰色就是代表我们JM沉重又无趣的工作环境
灰色就是代表我们JM沉重又无趣的工作环境,亮色嘛
亮色嘛,希望你能够穿得像这花一样的五彩斑斓
希望你能够穿得像这花一样的五彩斑斓,给我们带来青春的活力
给我们带来青春的活力,这不就是春色吗
这不就是春色吗,必须要这样吗
必须要这样吗,谢谢你
谢谢你,汪总
汪总,如果是这样
如果是这样,我很荣幸 在我心里 你是参天大树 广袤 茂密的森林
我很荣幸 在我心里 你是参天大树 广袤 茂密的森林,我觉得还是别发了
我觉得还是别发了,就这样吧挺好挺好
就这样吧挺好挺好,什么森林大树的这不太好
什么森林大树的这不太好,就这样你不懂
就这样你不懂,这是文学
这是文学,你别发 给我
你别发 给我,不能发 森林大树
不能发 森林大树,好了
忙吗,还好
情绪不对啊,我不想在JM干了
谁欺负你了,也没有
也没有,我就是不想干了
我就是不想干了,女儿别动不动就耍个性
听到没有,我知道了
在外人面前你怎么跟我这样说话,谁是你妈
谁是你妈,甭套近乎
我求您能原谅我吗,我原谅你
我原谅你,我原来你管个屁用
我原来你管个屁用,你跟那女的什么关系
你跟那女的什么关系,你们昨天晚上干什么了
谁想到他来这么一出,听这意思
听这意思,您是旧情难忘
真的,这人只要是一结婚
这人只要是一结婚,你就得一心一意踏踏实实的过日子
你就得一心一意踏踏实实的过日子,我还要告诉你
我还要告诉你,我闺女可不是退而求其次的人选
您亲自审查,这样一会看我眼色行事
这样一会看我眼色行事,我让你干什么干什么
我让你干什么干什么,进来吧
进来吧,人呢
人呢,我说怎么不开灯
我说怎么不开灯,大晚上跟这儿装鬼
我这样你能认出我了,废话
废话,你是我亲妈我不认得我缺心眼
你是我亲妈我不认得我缺心眼,不是我如果打扮成这样
不是我如果打扮成这样,我走到街上你也能认出我来
我走到街上你也能认出我来,您怎么了
您怎么了,视频你也看了
视频你也看了,气死我了都
气死我了都,这事在咱们这片都传染开了
这事在咱们这片都传染开了,舞场也不让我去了
舞场也不让我去了,不能跳舞的日子我可怎么过
不能跳舞的日子我可怎么过,该怎么过怎么过
该怎么过怎么过,多少人卯足了劲花钱就为出名
多少人卯足了劲花钱就为出名,咱倒好白捡一便宜赚了
咱倒好白捡一便宜赚了,妈我告诉你
妈我告诉你,现在我们店门庭若市
现在我们店门庭若市,还专门有人过来跟我合影
还专门有人过来跟我合影,要不明天你跟我去上班
要不明天你跟我去上班,气死我你这孩子
气死我你这孩子,咱不说别的
咱不说别的,就说你跟田坤这件事
就说你跟田坤这件事,本来你消停两天
本来你消停两天,这事还有回旋余地
这事还有回旋余地,现在家丑外扬了
现在家丑外扬了,弄得满城风雨
弄得满城风雨,人尽皆知
人尽皆知,你怎么收场
你怎么收场,唾沫星子淹死人了
唾沫星子淹死人了,我的宝贝哎
我的宝贝哎,他要有本事他就来淹死我
他要有本事他就来淹死我,他淹不死我还就在唾沫星子里学游泳了
他淹不死我还就在唾沫星子里学游泳了,我发现你这孩子
我发现你这孩子,你要觉得丢人
你要觉得丢人,我出钱
我出钱,赶明儿买张机票
赶明儿买张机票,你旅游去
你旅游去,不去 在北京就丢人了
不去 在北京就丢人了,我还就飞着满世界现眼去
我还就飞着满世界现眼去,我告诉你
我告诉你,我非把这拍录像的王八蛋揪出来不可
我非把这拍录像的王八蛋揪出来不可,我不把他生吞活剥了
我不把他生吞活剥了,我跟你说我就不姓姚
我跟你说我就不姓姚,气死我了简直是
气死我了简直是,拿来 好多钱买的
拿来 好多钱买的,妈别说您戴上还挺显年轻的
妈别说您戴上还挺显年轻的,我现在老了
我现在老了,是吗
是吗,这个有点您当年的照片的意思
这个有点您当年的照片的意思,我告诉你你这是侵犯我的肖像权、名誉权
我告诉你你这是侵犯我的肖像权、名誉权,我今天上你这来我是讨说法的
我今天上你这来我是讨说法的,你要不给我说法
你要不给我说法,我上法院去
我上法院去,我上那讨说法去
我上那讨说法去,姚阿姨
姚阿姨,我觉得咱们当中是不是有什么误会
我觉得咱们当中是不是有什么误会,婚礼当天拿手机的人多了去了
婚礼当天拿手机的人多了去了,那说不准是哪个人拿了手机拍了一段放到网上去的
那说不准是哪个人拿了手机拍了一段放到网上去的,您这没凭没据的
您这没凭没据的,硬说是我们拍的
硬说是我们拍的,这不太合适吧
这不太合适吧,我就料到你能这么说
我就料到你能这么说,我没有证据我能来吗
我没有证据我能来吗,你自己看 这影楼是你们这 些员工看见了吗
你自己看 这影楼是你们这 些员工看见了吗,是不是你们这的
是不是你们这的,我花钱雇你们给我办这婚礼
我花钱雇你们给我办这婚礼,我是信任你们
我是信任你们,我是想让你往我脸上贴金
我是想让你往我脸上贴金,你看看我这样 干嘛扣屎盆子扣我脑袋上了还跑网上扣去
你看看我这样 干嘛扣屎盆子扣我脑袋上了还跑网上扣去,我丢人丢大了
我丢人丢大了,我就简直我都没法做人了
我就简直我都没法做人了,我跟你说我要告你
我跟你说我要告你,这样吧姚阿姨
这样吧姚阿姨,您有什么想法您直接说
您有什么想法您直接说,只要我们能做到的我肯定答应
只要我们能做到的我肯定答应,5块
咱们能聊聊吗,5块
我们俩什么都没做,做没做不重要
做没做不重要,婚礼前夜你喝醉了去找他
婚礼前夜你喝醉了去找他,不管出于什么目的
不管出于什么目的,对我来说都是一样的
对我来说都是一样的,你放不下他
你放不下他,你知道我这人精神上有洁癖
你知道我这人精神上有洁癖,尤其是感情上这种三个人一起过日子的婚姻
尤其是感情上这种三个人一起过日子的婚姻,我接受不了
这怎么就三个人了呢,你去找他不是为了忘记他
你去找他不是为了忘记他,是为了记住他
最终咱们俩结婚,这种婚姻我宁可不要 找个时间去民政局把婚离了
咱不是说好了不体罚员工了吗,我没有在体罚我的员工啊
我没有在体罚我的员工啊,我在体罚我的老公过来跪下
不是他那事他真不赖我,你说你连个陆小飞你都看不好
你说你连个陆小飞你都看不好,你还当什么总监
你还当什么总监,你公司损失的资金怎么办
你公司损失的资金怎么办,损失的名誉怎么办
损失的名誉怎么办,还有当天你去哪了
还有当天你去哪了,不说好你自己盯的吗
不说好你自己盯的吗,跑哪儿鬼混去了
我把这钱给你赚回来,你老婆被人欺负怎么办
谁呀 哪呢,就刚才那老太太 那态度简直了
就刚才那老太太 那态度简直了,我跟你说
我跟你说,太欺负人了
我现在替你咬她去,讨厌
怎么说我也是你老公,我要是拿别人老公撒气
我要是拿别人老公撒气,你乐意吗
你乐意吗,行了别废话了
行了别废话了,跪下
媳妇,跪一下你听见没有
媳妇儿,你想造反是不是
你想造反是不是,跟我穷横穷横的
跟我穷横穷横的,我怕他我比他还狠
我怕他我比他还狠,您跑那干嘛去了
您跑那干嘛去了,这不自取其辱吗
这不自取其辱吗,我给咱俩得讨说法说法
我给咱俩得讨说法说法,说法是登报道歉还是现金赔偿
说法是登报道歉还是现金赔偿,我是这么想的
我是这么想的,我是觉得他们挺不容易的
我是觉得他们挺不容易的,得饶人处且饶人
得饶人处且饶人,你也得这么想
你也得这么想,你跟田坤呐
你跟田坤呐,行了行了 你先饶了我
行了行了 你先饶了我,打也打了
打也打了,骂也骂了
骂也骂了,人也丢够了
人也丢够了,差不多就行了
差不多就行了,你就给他个台阶
你就给他个台阶,你红本还没捂热热乎就变成绿本了
你红本还没捂热热乎就变成绿本了,岂不是便宜那狐狸精了吗
岂不是便宜那狐狸精了吗,妈
妈,您是真心替我考虑
您是真心替我考虑,还是怕自个丢脸
还是怕自个丢脸,废话
废话,人要脸树要皮
人要脸树要皮,那整容去老脸一丢换一新的齐活
那整容去老脸一丢换一新的齐活,店里盘点晚上不回来了
店里盘点晚上不回来了,姚澜你说要是整容
姚澜你说要是整容,我要整整是不是就能显得年轻
我要整整是不是就能显得年轻,您不老您才50有三
您不老您才50有三,死丫头
死丫头,你说我是给110打电话
你说我是给110打电话,还是给安贞医院打电话
还是给安贞医院打电话,自己选一个
自己选一个,这大姐你看着我
这大姐你看着我,您觉得我像变态
您觉得我像变态,还是给安贞医院打吧
还是给安贞医院打吧,咋俩谁变态啊
咋俩谁变态啊,你再说一遍
你再说一遍,想死是不是
想死是不是,死就死吧
死就死吧,反正我也活腻了
反正我也活腻了,天天受虐待
天天受虐待,我是生不如死
我是生不如死,我什么都没干
我什么都没干,就是受不了了
就是受不了了,回了句嘴
回了句嘴,他可倒好
他可倒好,把我衣裳扒了还不让我进家门
把我衣裳扒了还不让我进家门,你刚刚说谁虐待你
你刚刚说谁虐待你,后爸
后爸,你这胳膊就这么一直举着
你这胳膊就这么一直举着,今天下雨我都不敢出门
今天下雨我都不敢出门,我都怕把那雷给引进来
我都怕把那雷给引进来,你对我为什么这么不公平
你对我为什么这么不公平,你要干嘛啊 不行
把门开开,你凭什么把我赔钱的事给家里人说
我这不都为了小贝好吗,你为了小贝好还是为了你自个好
你为了小贝好还是为了你自个好,我爸什么脾气你又不是不知道
我爸什么脾气你又不是不知道,就是害怕我爸挂到你头上
就是害怕我爸挂到你头上,赶快先把小贝给招出来
赶快先把小贝给招出来,行
行,袁帅学会玩阴的了是吧
你让我先上去行不行,不会动动脑子啊
不会动动脑子啊,长的五大三粗的
长的五大三粗的,就知道整天弄点什么破花破草 那些破镜头还有点男人味
就知道整天弄点什么破花破草 那些破镜头还有点男人味,没有了
你也得像个女人,你说什么
小山,你这姿势还挺吉利的
你这姿势还挺吉利的,大姐咱俩这也算挺有缘分的
大姐咱俩这也算挺有缘分的,你又帮了我
你又帮了我,要不然我也帮帮你
要不然我也帮帮你,你就剩一条胳膊了
你就剩一条胳膊了,你怎么帮
你怎么帮,我陪你聊聊天
我陪你聊聊天,你也对我吐槽
你也对我吐槽,心里有什么想说你就说出来
心里有什么想说你就说出来,别告诉我你心里没事
别告诉我你心里没事,你这种话鬼都不信
你这种话鬼都不信,反正咱俩也不认识
反正咱俩也不认识,你就把我把我当成树洞
你就把我把我当成树洞,这话说出来
这话说出来,兴许心里能好受点的
兴许心里能好受点的,这样我引导你是更恨那女的
这样我引导你是更恨那女的,还是更恨你老公
还是更恨你老公,还是更恨把视频发到网上的人
还是更恨把视频发到网上的人,结婚这么大事都被人搅和了
结婚这么大事都被人搅和了,心里肯定不高兴
心里肯定不高兴,毕竟感情上
毕竟感情上,其实要说感情吧
其实要说感情吧,我对他还真没深到那份上
我对他还真没深到那份上,到了我这个年纪
到了我这个年纪,其实就是想要一个家
其实就是想要一个家,我说这些你能理解吧
我说这些你能理解吧,能能能能
能能能能,我妈没结婚就生了我
我妈没结婚就生了我,我连我亲生父亲长什么样都没见过
我连我亲生父亲长什么样都没见过,你看了那视频
你看了那视频,是不是觉得我妈那人特老不正经
是不是觉得我妈那人特老不正经,应该
应该,不是吧
不是吧,当然不是
当然不是,我妈一生下我就背狐狸精的恶名
我妈一生下我就背狐狸精的恶名,姥姥姥爷都不认他
姥姥姥爷都不认他,追求了一辈子爱情
追求了一辈子爱情,到现在还在原地踏步
到现在还在原地踏步,我以为我要是结了婚
我以为我要是结了婚,他就能省省心
他就能省省心,不再替我的事想三想四了
不再替我的事想三想四了,说不定还真能找着一个踏踏实实的合适的老伴
说不定还真能找着一个踏踏实实的合适的老伴,说一句话也行
说一句话也行,你母亲还挺时髦
你母亲还挺时髦,你呢
你呢,你也想追求爱情吗
你也想追求爱情吗,你在早晚高峰的时候打过车吗
你在早晚高峰的时候打过车吗,打车
打车,寒冬腊月你站这路口冻得一脸鼻涕
寒冬腊月你站这路口冻得一脸鼻涕,老远看见一辆空驶的出租车冲你开过来
老远看见一辆空驶的出租车冲你开过来,你肯定觉得那司机比白马王子还帅
你肯定觉得那司机比白马王子还帅,可结果却是永远有人站在比你更靠前的地方把车截走
可结果却是永远有人站在比你更靠前的地方把车截走,你却只能眼睁睁的看着打卡的时间一点点的过去
你却只能眼睁睁的看着打卡的时间一点点的过去,你只能站在原地寸步难行
你只能站在原地寸步难行,我跟你说这些干吗
我跟你说这些干吗,你一小屁孩懂什么
你一小屁孩懂什么,对了
对了,你是怎么成为单亲的
你是怎么成为单亲的,离了呗 天天吵
离了呗 天天吵,搞不懂
搞不懂,对我来说就吵架也是好的
对我来说就吵架也是好的,起码家里有人气有热乎劲
起码家里有人气有热乎劲,大姐
大姐,大姐
大姐,啊 没事
啊 没事,对了
对了,你会下跳棋吗
你会下跳棋吗,跳棋
跳棋,其实特简单
其实特简单,你过来我教你
你过来我教你,来这就是跳棋
来这就是跳棋,你就把这个子儿一步一步跳到对方的脚里
你就把这个子儿一步一步跳到对方的脚里,谁先把对方的脚占满了
谁先把对方的脚占满了,谁就赢
谁就赢,来
来,咱试试
咱试试,你是那红的
你是那红的,我是这绿的
我是这绿的,你先来
你先来,对
对,这样就行
这样就行,聪明
聪明,该我了
该我了,这样
这样,姚澜
姚澜,妈
妈,怎么回事你
怎么回事你,你怎么来了
你怎么来了,什么我怎么来了
什么我怎么来了,你大姑娘家家的不嫌害臊
你大姑娘家家的不嫌害臊,真要当那豆腐西施
真要当那豆腐西施,给你撕咯
给你撕咯,撕吧撕吧
撕吧撕吧,撕了我再贴一张咱俩的合影
撕了我再贴一张咱俩的合影,那更好看
那更好看,你打算气死我
你打算气死我,这种事越是遮遮掩掩的
这种事越是遮遮掩掩的,越让人觉得好奇
越让人觉得好奇,你这孩子怎么
你这孩子怎么,行了 行了 行了
行了 行了 行了,你怎么起那么早
你怎么起那么早,吃东西没我给你买肉包子去
吃东西没我给你买肉包子去,嗨我去田坤那了
嗨我去田坤那了,我把他那家里里外外的搜查了一个遍
我把他那家里里外外的搜查了一个遍,一点女人的痕迹都没有
一点女人的痕迹都没有,要说田坤那小子吧对你真够忠心耿耿的
要说田坤那小子吧对你真够忠心耿耿的,天天睡沙发婚床都给你留
天天睡沙发婚床都给你留,这呢困死了回家睡觉
这呢困死了回家睡觉,现在店里缺人手
现在店里缺人手,我晚上还得值夜班
我晚上还得值夜班,你一个堂堂店长没事老值什么夜班
你一个堂堂店长没事老值什么夜班,熬夜老的快
熬夜老的快,多管闲事才老的快
你要是不回去我也不能回家,我姐又让你跪键盘啦
没来得及,嘿我这暴脾气
嘿我这暴脾气,姐夫 你也是1米8大个儿男人
姐夫 你也是1米8大个儿男人,你怎么成天让一女的训得跟个臭袜子似的
你怎么成天让一女的训得跟个臭袜子似的,你长点志气成不成
我那时让着她,这女人不听话就得啪啪啪
这女人不听话就得啪啪啪,懂吗
你赶紧跟我回去,欸
欸,把你钱包给我看看
拿回来给我,你别动啊
你别动啊,我胳膊还没好呢
我胳膊还没好呢,我告诉你
我告诉你,你瞧瞧 还附属卡
你瞧瞧 还附属卡,经济不独立能做男人吗
经济不独立能做男人吗,卡密码还是我姐生日呢吧
我就这点零花钱,你的钱是不是就是我姐的钱
你的钱是不是就是我姐的钱,我姐的钱是不是就是孝敬我爸妈的钱
我姐的钱是不是就是孝敬我爸妈的钱,我爸妈的钱是不是我的钱
我爸妈的钱是不是我的钱,这叫物归原主
这叫物归原主,行了 姐夫 回吧
行了 姐夫 回吧,回去以后就告诉我妈说 说我好着呢
回去以后就告诉我妈说 说我好着呢,将来一定干出一番大事业
将来一定干出一番大事业,帮她气死我爸
走吧,你等会儿
这爸妈也都是为了你好,听不了他俩吵架
听不了他俩吵架,见天耳根子不清静
见天耳根子不清静,我能干好事业吗
我能干好事业吗,姐夫
姐夫,你就再帮我拖他们两天
你就再帮我拖他们两天,不吃亏
不吃亏,不吃亏
不吃亏,我教你怎么对付我姐还不行吗
我教你怎么对付我姐还不行吗,你就应该借着这事儿好好给她点脸色看
你就应该借着这事儿好好给她点脸色看,回去就掀桌子砸碗
回去就掀桌子砸碗,当着他面抽烟喝酒
当着他面抽烟喝酒,等你们俩闹得不可开交
等你们俩闹得不可开交,我就旁敲侧击地劝劝我姐
我就旁敲侧击地劝劝我姐,他只要一温柔
他只要一温柔,你立马借坡下驴
你立马借坡下驴,我姐一看这招好使
我姐一看这招好使,从此以后对你这态度就慢慢改变了
从此以后对你这态度就慢慢改变了,这事儿就跟训小狗一个道理
这事儿就跟训小狗一个道理,你得慢慢培养他们的条件反射
你得慢慢培养他们的条件反射,听见没有
你又没结过婚,我哪有你能干
小点声,你干嘛去
上厕所,干嘛去啊
干嘛去啊,上班
上班,跟我聊聊
跟我聊聊,没空
没空,站着
站着,这下夜班才睡了几个小时
这下夜班才睡了几个小时,再这么熬熬成黄脸婆了
再这么熬熬成黄脸婆了,别说田坤了
别说田坤了,有几个男的能看上你
有几个男的能看上你,您自个照照镜子
您自个照照镜子,咱俩谁是黄脸婆
咱俩谁是黄脸婆,你能不能好好跟我说话
你能不能好好跟我说话,你跟田坤的事到
你跟田坤的事到,行行好好说
行行好好说,您不老人家都说咱俩不像娘俩
您不老人家都说咱俩不像娘俩,像姐俩
像姐俩,我要是熬成黄脸婆
我要是熬成黄脸婆,这不更像姐俩了
这不更像姐俩了,店里这几天招新人
店里这几天招新人,新人我得盯着 走了
新人我得盯着 走了,死丫头你跟田坤的事到底怎么着过这村就没这店了
死丫头你跟田坤的事到底怎么着过这村就没这店了,我不要回去
我不要回去,我不回去
你不回去 行行,我干嘛老躲着我
你忍住啊,给你打电话你也不接
你说你喝了多少,咱们难道连朋友都做不了了
咱们难道连朋友都做不了了,我是破坏了你的婚礼
我是破坏了你的婚礼,可是我已经道过歉了
吐干净我就送你回家,我到底要怎么做
我到底要怎么做,你才可以原谅我
别动,你还真要跟你老公离婚
你还真要跟你老公离婚,你不是说想要个家吗
你不是说想要个家吗,总不能天天把这儿当家
总不能天天把这儿当家,我只是不想把自己的人生放在别人人生里不确定的地方
我只是不想把自己的人生放在别人人生里不确定的地方,不确定才有惊喜
不确定才有惊喜,要什么都计算好了
要什么都计算好了,活着还有什么劲
活着还有什么劲,你这胳膊是惊喜啊
你这胳膊是惊喜啊,怎么说话跟我姐似的
怎么说话跟我姐似的,你还有姐呢
你还有姐呢,后爹带来的拖油瓶儿
后爹带来的拖油瓶儿,成天欺负我
成天欺负我,瞧把你自己说的跟个灰姑娘似的
瞧把你自己说的跟个灰姑娘似的,你也没比我强到哪去
你也没比我强到哪去,整天晚上在这守着
整天晚上在这守着,还真以为白马王子会接你来
还真以为白马王子会接你来,要我说你比我更像灰姑娘
要我说你比我更像灰姑娘,嘶
嘶,你还别说以前一个人值夜班的时候还真那么想过
你还别说以前一个人值夜班的时候还真那么想过,说不定下一个进来的就是我的白马王子
说不定下一个进来的就是我的白马王子,我觉得你有精神洁癖
我觉得你有精神洁癖,这是病得治
这是病得治,灰姑娘要是有脚臭
灰姑娘要是有脚臭,王子能捧着水晶鞋满世界找他
王子能捧着水晶鞋满世界找他,我说你这人你到底是因为岁数大了嫁不出去
我说你这人你到底是因为岁数大了嫁不出去,所以说话才这么难听
所以说话才这么难听,还是因为说话太难听
还是因为说话太难听,所以一把岁数嫁不出去
所以一把岁数嫁不出去,呵呵
呵呵,咱说青蛙王子
咱说青蛙王子,你比如说你明知道你老公是被陷害的
你比如说你明知道你老公是被陷害的,为什么就不能原谅他
为什么就不能原谅他,你们俩既然已经决定结婚了
你们俩既然已经决定结婚了,说明两个人还是有感情基础的
说明两个人还是有感情基础的,算有吧
算有吧,这不就结了吗
这不就结了吗,都这么大人了
都这么大人了,谁没点难忘的回忆
谁没点难忘的回忆,结过婚吗你 懂什么
结过婚吗你 懂什么,我就知道你想要个家
我就知道你想要个家,可你看这店里谁进来会把这当家
可你看这店里谁进来会把这当家,你的意思是我应该给他一次机会
你的意思是我应该给他一次机会,当然必须得给
当然必须得给,不对啊 你怎么对我的事这么感兴趣
不对啊 你怎么对我的事这么感兴趣,你不是我恩人
你不是我恩人,那我得报复
那我得报复,我得报答你
我得报答你,你要不然还是稍微晚点过来吧
你要不然还是稍微晚点过来吧,大早上起来的
大早上起来的,他肯定蓬头垢面的
他肯定蓬头垢面的,你熬了一宿一人困马乏了
你熬了一宿一人困马乏了,这互相肯定看着不顺眼
这互相肯定看着不顺眼,互相都能闻见口臭味
互相都能闻见口臭味,还怎么谈情说爱
还怎么谈情说爱,怎么打分
怎么打分,你不懂
你不懂,现在这个时间正好
现在这个时间正好,人早上刚醒的时候最真实不会撒谎
人早上刚醒的时候最真实不会撒谎,那行吧
那行吧,我就跟这等你半个小时之内你要没出来
我就跟这等你半个小时之内你要没出来,就说明已经破镜重圆了
就说明已经破镜重圆了,没准趁他上班之前
没准趁他上班之前,你们还能把洞房补上
你们还能把洞房补上,滚
滚,万一要是谈崩了
万一要是谈崩了,你就喊我的名字
你就喊我的名字,有我在
有我在,他不敢把你怎么着
他不敢把你怎么着,真要打起来
真要打起来,你这样能帮上忙
你这样能帮上忙,我就躺地上我就讹死他
我就躺地上我就讹死他,又有什么吩咐
又有什么吩咐,谢谢你
谢谢你,婚礼上我有点冲动
婚礼上我有点冲动,本来那事想忍气吞声的
本来那事想忍气吞声的,结果没忍住
你还怪我吗,说实话有点但我后来冷静下来想想
说实话有点但我后来冷静下来想想,既然你第二天能够出现在婚礼上
既然你第二天能够出现在婚礼上,说明你跟过去已经做了了断了
就是这意思,我想问你一个问题
我想问你一个问题,可能有点愚蠢
可能有点愚蠢,你是更爱我
你是更爱我,还是更爱他
还是更爱他,我问这干嘛
我问这干嘛,你们俩在一起那么多年
我们俩也是断断续续,我们俩得过一辈子的
我们俩得过一辈子的,我有的是时间
那这么说咱们和好了,我刚下夜班就过来了
我刚下夜班就过来了,现在有点犯困
现在有点犯困,能在你这儿躺会儿吗
这老两口还那着急上火,行
你等会儿我,是这样吗
行,好没有
腿可长了,我跟你说今晚上我得见客户去
我跟你说今晚上我得见客户去,万一我回来晚了的话你就一个人先睡
红杏出墙啊,我求求您了
我求求您了,我巴不得您赶快出墙
我巴不得您赶快出墙,再说了
再说了,咱不一直都这样吗
咱不一直都这样吗,之前也不是没带你出去过
之前也不是没带你出去过,你自己都说不乐意去的
弄得我跟你助理似的,你怪谁你你说说整天除了摆弄那点破相机
你怪谁你你说说整天除了摆弄那点破相机,你还要干什么
你还要干什么,你会谈客户吗
你会谈客户吗,你会谈判的技巧吗
你会谈判的技巧吗,你会拉关系吗
你会拉关系吗,整天跟个棒槌似的把那往那么一杵
整天跟个棒槌似的把那往那么一杵,看着我就心烦
看着我就心烦,还不够给我添乱的
我叫袁帅,天蓬元帅吧
你才猪八戒呢,挺好看的
挺好看的,那我忙去了
不是我晚上干嘛,还能干嘛
还能干嘛,当然是擦镜头
当然是擦镜头,你不是最爱干那个的吗是吧
这不是有人来了吗,待这儿吧
待这儿吧,就在这待着
就在这待着,到底怎么回事
到底怎么回事,不是说好了吗
不是说好了吗,田坤要跟你踏踏实实过日子
田坤要跟你踏踏实实过日子,不就给他机会吗
不就给他机会吗,我也是这么想的
我也是这么想的,所以今天才去找他
所以今天才去找他,结果把他们堵屋里了
结果把他们堵屋里了,谁
谁,还有谁
还有谁,那女的
那女的,我进屋的时候他正脱光了躺在我们的婚床上
我进屋的时候他正脱光了躺在我们的婚床上,妈我没事
妈我没事,您别多想都过去了
您别多想都过去了,臭不要脸的
臭不要脸的,我跟你说 我找他算账去
我跟你说 我找他算账去,算账能解决问题吗
算账能解决问题吗,再说我们已经两清了
再说我们已经两清了,姚澜
姚澜,这事儿
这事儿,就这么算了
就这么算了,你一点都不伤心
你一点都不伤心,事情都弄清楚了
事情都弄清楚了,反倒觉得轻松不少
反倒觉得轻松不少,算了不说了
算了不说了,我还上夜班去了
我还上夜班去了,您早点休息
您早点休息,别瞎琢磨
别瞎琢磨,你怎么来了
你怎么来了,不放心
不放心,过来瞧瞧
过来瞧瞧,您这当领导的都伤心欲绝了
您这当领导的都伤心欲绝了,我这做下属的心里也不落忍
我这做下属的心里也不落忍,你哪只眼睛看见我伤心欲绝了
你哪只眼睛看见我伤心欲绝了,你现在就跟这包薯片一个德行
你现在就跟这包薯片一个德行,外包装完好无损
外包装完好无损,其实里边已经粉身碎骨了
其实里边已经粉身碎骨了,我没事
我没事,有什么不好意思承认的
有什么不好意思承认的,谁遇见你这事儿
谁遇见你这事儿,都跟吃了一锅炖萝卜似的
都跟吃了一锅炖萝卜似的,满肚子窝囊气
满肚子窝囊气,您又不是忍者神龟
您又不是忍者神龟,憋着干嘛
憋着干嘛,容易憋出毛病来
容易憋出毛病来,你回去吧我想一个人进去
你回去吧我想一个人进去,遇事就往壳里缩是解决不了问题的
遇事就往壳里缩是解决不了问题的,你得发泄你懂吗
你得发泄你懂吗,说的容易怎么发泄
说的容易怎么发泄,是嚎啕大哭还是满地打滚
是嚎啕大哭还是满地打滚,要不你过来让我揍一顿出气
要不你过来让我揍一顿出气,行
行,王八拳 窝心脚
王八拳 窝心脚,只要你高兴
只要你高兴,今儿使劲往我身上招呼
今儿使劲往我身上招呼,我还就士为知己者死了
我还就士为知己者死了,但是咱说好了
但是咱说好了,打人可不许打脸
打人可不许打脸,来吧
来吧,还真生气了
还真生气了,你等着
你等着,师傅
师傅,师傅
师傅,你看我一眼啊
你看我一眼啊,姚澜
姚澜,你看看我 姚澜
你看看我 姚澜,姚澜 看我
姚澜 看我,你是我的
你是我的,怎么爱你
怎么爱你,可以刷夜去
可以刷夜去,想什么哪
想什么哪,你当这点我们家开的
你当这点我们家开的,说关门就关门
说关门就关门,起开起开
起开起开,我要是有办法让这店关门
我要是有办法让这店关门,你就跟我走怎么样
你就跟我走怎么样,走走跟我来
走走跟我来,你跟我走
你跟我走,干嘛呀你
干嘛呀你,停电了还不关门
停电了还不关门,这不掩耳盗铃吗
这不掩耳盗铃吗,说句瞎话会死人
说句瞎话会死人,天知地知你知我知
天知地知你知我知,这种瞎话说出去谁会信
这种瞎话说出去谁会信,爱信不信你就说每三分钟断一次电
爱信不信你就说每三分钟断一次电,原因不明
原因不明,为了安全起见
为了安全起见,你得关门检修
你得关门检修,这理由还不充分
这理由还不充分,知道我最受不了什么
知道我最受不了什么,这4个字原因不明
这4个字原因不明,这世界上就没有不明不白无缘无故的事
这世界上就没有不明不白无缘无故的事,好这就叫有志者事竟成
好这就叫有志者事竟成,玩坏了 满意了吧
玩坏了 满意了吧,嘿嘿
嘿嘿,还不睡
你们吃饭都聊什么,说了你也不懂
累了 给你按摩按摩,诶呀 你别碰我行吗
诶呀 你别碰我行吗,我明儿还得早起
我睡不着啊,你别折腾行不行
你别折腾行不行,我都困死了
你怎么对我一点兴趣都没有,我这整天在外面应付完别人还要回来应付你
我这整天在外面应付完别人还要回来应付你,有完没完
有完没完,能不能老老实实睡个觉
不是 我睡不着啊,睡不着使劲睡
欸,慢点这孩子你看着呢
慢点这孩子你看着呢,难受不难受
难受不难受,来站好了
来站好了,闺女慢一点慢一点起来
闺女慢一点慢一点起来,还笑 你 还笑
还笑 你 还笑,你怎么还笑
你怎么还笑,你还笑
你还笑,你说你这孩子你这喝了多少
你说你这孩子你这喝了多少,诶哟 你说
诶哟 你说,喝这么多
喝这么多,老话说啦
老话说啦,酒入愁肠愁更愁
酒入愁肠愁更愁,你这么喝身体都喝坏了
你这么喝身体都喝坏了,谁说我愁了我高兴
谁说我愁了我高兴,我告诉你我从小到大就没这么撒开过
我告诉你我从小到大就没这么撒开过,太痛快了
太痛快了,你说你干嘛要喝成这样
你说你干嘛要喝成这样,干嘛要喝成这样
干嘛要喝成这样,你就缺心眼吧
你就缺心眼吧,我心想多着呢 我告诉你
我心想多着呢 我告诉你,我只是到现在才发现我这心眼都是倒着长的
我只是到现在才发现我这心眼都是倒着长的,就跟漏斗似的
就跟漏斗似的,大眼冲外 小眼冲里
大眼冲外 小眼冲里,什么都是装进去容易倒出来
什么都是装进去容易倒出来,行了行了
行了行了,我告诉你姚澜
我告诉你姚澜,你别在这跟我借酒撒疯行不行
你别在这跟我借酒撒疯行不行,我不喝点酒我还真疯了
我不喝点酒我还真疯了,妈你干嘛你你就见不到我高兴
妈你干嘛你你就见不到我高兴,是不是
是不是,要回家你回家去我哪也不去
要回家你回家去我哪也不去,今天我我就在这待着了
今天我我就在这待着了,我哪儿都不去
我哪儿都不去,我的姑奶奶我怎么招着你了
我的姑奶奶我怎么招着你了,您没得罪我
您没得罪我,是我得罪您了
是我得罪您了,您说您您这一天天的
您说您您这一天天的,你你
你你,你就净我添乱了
你就净我添乱了,我结婚你起哄
我结婚你起哄,我要离婚
我要离婚,您还跟着起哄
您还跟着起哄,这下你们满意了
这下你们满意了,我要真离了婚
我要真离了婚,咱俩就蹲家里大眼瞪小眼
咱俩就蹲家里大眼瞪小眼,您满意了吧
您满意了吧,我什么满意不满意
我什么满意不满意,你怎么这么说你妈啊
你怎么这么说你妈啊,你起什么哄了
你起什么哄了,我不是为你着急吗
我不是为你着急吗,你要真为我着急
你要真为我着急,你就安静
你就安静,你就安静跟这待会
你就安静跟这待会,待会啊
待会啊,你被整天跟个穿天猴似的上窜下跳
你被整天跟个穿天猴似的上窜下跳,没事儿找事儿
没事儿找事儿,你又怎么了
你又怎么了,谁得罪您了
谁得罪您了,昨晚上我喝多了
昨晚上我喝多了,诶哟 妈
诶哟 妈,妈
妈,我是不是喝多了跟您胡说八道来着
我是不是喝多了跟您胡说八道来着,您别跟我一般见识
您别跟我一般见识,您最了解我了
您最了解我了,我一喝多就胡说
我一喝多就胡说,我都说什么了
我都说什么了,我怎么一点都想不起来
我怎么一点都想不起来,我怎么回来的
我怎么回来的,还好意思问
还好意思问,昨天在胡同里唱了30多分钟小苹果
昨天在胡同里唱了30多分钟小苹果,还自己给自己伴舞
还自己给自己伴舞,关键是半夜2点
关键是半夜2点,吓得胡同里的野猫都不敢叫了
吓得胡同里的野猫都不敢叫了,不会吧
不会吧,我这么丢人
我这么丢人,您以为呢
您以为呢,那您不赶紧给我弄回来
那您不赶紧给我弄回来,我怎么给你弄回来
我怎么给你弄回来,我弄的动吗
我弄的动吗,我不让你吐干净了
我不让你吐干净了,我回来我还得给你收拾
我回来我还得给你收拾,你不会诈我的吧
你不会诈我的吧,昨天晚上要不是我去接你
昨天晚上要不是我去接你,指不定出什么事呢
指不定出什么事呢,你跟那小伙子姓陆的
你跟那小伙子姓陆的,什么关系
什么关系,他是我店里员工
他是我店里员工,上下级关系
上下级关系,你们店里那几块料我还不知道
你们店里那几块料我还不知道,上下级关系跟他男女关系
上下级关系跟他男女关系,妈您说什么呢
妈您说什么呢,你不承认也没用
你不承认也没用,田坤都跟我说了
田坤都跟我说了,是不是一赌气给自己找个下家
是不是一赌气给自己找个下家,没有
没有,绝对不是这样
绝对不是这样,我告诉你
我告诉你,这就对
这就对,反正你跟田坤的关系彻底完了
反正你跟田坤的关系彻底完了,男人都这德行
男人都这德行,一朝偷腥终身偷嘴
一朝偷腥终身偷嘴,你知道宠物狗为什么不咬人吗
你知道宠物狗为什么不咬人吗,因为咬人都弄死了
因为咬人都弄死了,剩下都是不咬人的后代
剩下都是不咬人的后代,这都哪跟哪
这都哪跟哪,我跟你说我跟人小贝
我跟你说我跟人小贝,小宝贝一字之差
小宝贝一字之差,我看那小伙子长得还行
我看那小伙子长得还行,水光溜滑的让人看着挺舒服的
水光溜滑的让人看着挺舒服的,关键是他那胳膊怎么回事
关键是他那胳膊怎么回事,会不会残疾
会不会残疾,我知道我错了
我知道我错了,可您能不能别用这种方式寒碜
可您能不能别用这种方式寒碜,我喜欢小的你自己生一个不就完了
我喜欢小的你自己生一个不就完了,我没让你终身托付
我没让你终身托付,你就当个小创口贴药膏使使 我觉得还行
你就当个小创口贴药膏使使 我觉得还行,我觉得还行
我觉得还行,不过啊 你到了便利店7、8年了
不过啊 你到了便利店7、8年了,我头一次看你溜号 他的主意
我头一次看你溜号 他的主意,你的主意
你的主意,坏了我得赶紧去店里回头再跟您说
坏了我得赶紧去店里回头再跟您说,怎么这么一惊一乍的
怎么这么一惊一乍的,你随谁你
你吃错了你,我问你你跟我说实话
我问你你跟我说实话,在你们男人心里
在你们男人心里,像我这个年龄的女人
像我这个年龄的女人,是不是根本就没法跟那些小姑娘比
只有你才是我心里边的女神,少拍马屁
少拍马屁,我跟你说真的
我跟你说真的,是不是觉得我最近特别显老
是不是觉得我最近特别显老,你看我这皮肤也不如以前好了
你看我这皮肤也不如以前好了,身上都松弛了
身上都松弛了,还有我这眼角都耷拉下来了
还有我这眼角都耷拉下来了,说是不是特别难看
运动不就好了,你还是说我松弛了
是不是,还是说我老呗
你是成熟稳重,熟距离烂不远了
这多浪漫的事是不是,浪漫什么我能跟你比吗
浪漫什么我能跟你比吗,你个大男人又不怕变老
有些方面你比我更有男人味,什么意思
什么意思,说我没有女人味是吧
这个这是要靠这个年龄一点点积累的,呸
呸,还是说我老是吧 不理你了
你这老生气到时候就容易老了,闭嘴
骂是爱,可是这么多年您就一直拿这句话麻醉自己的
可是这么多年您就一直拿这句话麻醉自己的,姐夫脾气可真好
姐夫脾气可真好,你摊上我姐这么个女人
你摊上我姐这么个女人,你没出轨
你没出轨,我都替你觉得不值
是吧,扯淡
扯淡,全是你惯的
全是你惯的,我跟你说
我跟你说,我将来要是结婚
我将来要是结婚,我就找一个在家里像大姐姐一样温柔贤惠
我就找一个在家里像大姐姐一样温柔贤惠,又能照顾又能呵护我
又能照顾又能呵护我,在外边又看不了我受气
在外边又看不了我受气,只要我一受气立马变身大藏獒
只要我一受气立马变身大藏獒,一个箭步冲上去
一个箭步冲上去,第一时间维护我的
不怕天打五雷轰你,我问你
我问你,我妈还能生孩子吗
这岁数了 没戏了,他还能再改嫁吗
我看悬,这不就结了吗
这不就结了吗,他的钱将来都得是我的钱
他的钱将来都得是我的钱,这怎么能叫骗
这怎么能叫骗,这叫预支
这叫预支,明白吗
明白吗,你也跟我好好学学
你也跟我好好学学,自己也存点钱
自己也存点钱,你老使我姐附属卡买根冰棍他都能收到信息
你老使我姐附属卡买根冰棍他都能收到信息,腰杆子你得直起来
不是找不开你得给我,先想你怎么攒钱
我就每个月积少成多,愚昧
愚昧,你这叫小农意识
你这叫小农意识,算了
算了,我教你 你不是在店里摄影总监吗
我教你 你不是在店里摄影总监吗,你不负责器材采购吗
对,那一个镜头不得好几万
那一个镜头不得好几万,你就这么一倒手
你就这么一倒手,虚报一下赚个千八百块
虚报一下赚个千八百块,不跟玩儿似的
没法换的,你个死脑筋
你个死脑筋,你就这么跟我姐说
你就这么跟我姐说,你就说咱这店里摄影师都得用高大上的器材
你就说咱这店里摄影师都得用高大上的器材,什么贵什么新咱们得用什么
什么贵什么新咱们得用什么,与时俱进
与时俱进,这样才能让咱们顾客觉得咱们店是一个高端大气上档次的店
这样才能让咱们顾客觉得咱们店是一个高端大气上档次的店,对吗
对吗,这叫自我营销
这叫自我营销,回头我好好开发开发你
回头我好好开发开发你,我跟你说在情感和婚姻的关系里
我跟你说在情感和婚姻的关系里,男人的财政自主权是最重要的
男人的财政自主权是最重要的,兜里没钱哪行啊
兜里没钱哪行啊,来陪你下盘棋解解闷 别老苦着脸
来陪你下盘棋解解闷 别老苦着脸,容易走霉运
容易走霉运,我都倒霉到家了
我都倒霉到家了,还有什么运势
还有什么运势,否极泰来
否极泰来,倒霉到家
倒霉到家,才说明快要触底反弹
才说明快要触底反弹,那还继续往下滑
那还继续往下滑,在地上砸一大窟窿
在地上砸一大窟窿,没事
没事,有我托着你呢
有我托着你呢,你要干嘛
你要干嘛,别动 瞄准
别动 瞄准,变态 变态
变态 变态,诶哟 松开我 这不行的
诶哟 松开我 这不行的,我动不了
我动不了,你有病啊 大白天的耍流氓
你有病啊 大白天的耍流氓,觉得我好欺负是吧
觉得我好欺负是吧,不是我不就亲了你一下吗
不是我不就亲了你一下吗,我又没有吃了你
我又没有吃了你,你至于吗 你把我放开
你至于吗 你把我放开,放开你好接着耍流氓是吧
放开你好接着耍流氓是吧,那你要碰到我这眉清目秀的流氓
那你要碰到我这眉清目秀的流氓,你就从了吧
你就从了吧,你不吃亏
你不吃亏,什么意思
什么意思,寒碜我啊
寒碜我啊,我喜欢你 等你离婚了我想给你当男朋友
我喜欢你 等你离婚了我想给你当男朋友,反正我把话搁这了
反正我把话搁这了,你要啥要管随你便
你要啥要管随你便,把我放开
把我放开,什么谬论
什么谬论,网上就是这么说的
网上就是这么说的,少给我扯网上那些乱七八糟的段子没营养
少给我扯网上那些乱七八糟的段子没营养,你看那些心灵鸡汤的才是没营养
你看那些心灵鸡汤的才是没营养,那都是味精兑出来的水词
那都是味精兑出来的水词,除了能把眼泡子看肿以外
除了能把眼泡子看肿以外,不起任何作用
不起任何作用,我看的那都是维生素片
我看的那都是维生素片,这都是精华你懂吗
这都是精华你懂吗,你才多大
你才多大,你懂什么叫爱情吗
你懂什么叫爱情吗,你懂什么爱情
你懂什么爱情,那你说一个我听听您要真能弄懂什么是爱情
那你说一个我听听您要真能弄懂什么是爱情,甭说诺贝尔奖了
甭说诺贝尔奖了,诺贝尔核电站我都送你一个
诺贝尔核电站我都送你一个,那叫切尔诺贝利核电站
那叫切尔诺贝利核电站,差不多就是那意思
差不多就是那意思,两个人在一起是为了组成家庭
两个人在一起是为了组成家庭,为了繁衍后代
为了繁衍后代,这能叫真正的爱情吗
这能叫真正的爱情吗,真正的爱情是可以跨越时空
真正的爱情是可以跨越时空,跨越宗族、跨越年龄
跨越宗族、跨越年龄,简直是胡说八道
简直是胡说八道,这是人话
这是人话,不以建立家庭
不以建立家庭,不以共同生活为目的
不以共同生活为目的,爱情是什么
爱情是什么,是不负责任
是不负责任,照你说的今天你爱上一个干柴烈火
照你说的今天你爱上一个干柴烈火,不计后果
不计后果,明天你要有都爱上一个那是逃避责任
明天你要有都爱上一个那是逃避责任,那不叫爱情
那不叫爱情,那是耍流氓
那是耍流氓,你懂什么叫责任吗
你懂什么叫责任吗,真正的爱情只要对自己负责任就够了
真正的爱情只要对自己负责任就够了,两个人本着对自己负责任态度在一起
两个人本着对自己负责任态度在一起,那才叫完美结合
那才叫完美结合,我不跟你掰扯
我不跟你掰扯,咱俩有代沟
咱俩有代沟,你多大我多大
你多大我多大,是我承认两岁的小孩跟12岁小孩差别是挺大的
是我承认两岁的小孩跟12岁小孩差别是挺大的,可我问你80岁的老头跟90岁的老太太之间有区别吗
可我问你80岁的老头跟90岁的老太太之间有区别吗,我就是喜欢你
我就是喜欢你,只是喜欢你
只是喜欢你,我可没说爱你
我可没说爱你,将来能不能爱上将来再说
将来能不能爱上将来再说,反正我是看见炮仗捻儿了
反正我是看见炮仗捻儿了,我就想点一试试
我就想点一试试,究竟将来能不能看见完美的烟花
究竟将来能不能看见完美的烟花,幸福的烟花
幸福的烟花,咱走着瞧
咱走着瞧,你不点点怎么知道
你不点点怎么知道,万一那不是烟花式炸弹呢
万一那不是烟花式炸弹呢,你也点 会死人的
你也点 会死人的,我也是生的伟大死的光荣
我也是生的伟大死的光荣,等我死了
等我死了,我希望我的墓志铭上刻着他死于爱情
我希望我的墓志铭上刻着他死于爱情,你爱死你死去
你爱死你死去,别拉上我当垫背的
别拉上我当垫背的,我对你没有兴趣
我对你没有兴趣,你顶多算是一宠物
你顶多算是一宠物,太伤人了
太伤人了,你简直太伤人了
你简直太伤人了,杨澜
杨澜,你还来干嘛
你还来干嘛,要解释
要解释,我已经不想再听你解释
我已经不想再听你解释,我根本就不想再见到你
我尽量满足,这是在威胁我
这不正是你想要的吗,有笔吗
没带,我也没笔
我也没笔,明儿签完了给你送过去
你今儿不签我不走了,你他妈还有脸来
你他妈还有脸来,你凭什么提离婚
你凭什么提离婚,要提也是姚澜提
要提也是姚澜提,你没这资格懂吗
管得着吗,嘿 今儿我还就真管了
嘿 今儿我还就真管了,你别以为我不知道你们想的是什么
你别以为我不知道你们想的是什么,你不就是想趁热打铁把婚离了
你不就是想趁热打铁把婚离了,然后跟你那小妖精双宿双飞去
然后跟你那小妖精双宿双飞去,我还告诉你
我还告诉你,不可能做梦去吧你谁提离婚谁裸奔
不可能做梦去吧你谁提离婚谁裸奔,不把你耗个倾家荡产
不把你耗个倾家荡产,这事不算完
这事不算完,耗死你们这对奸夫淫妇
你们不就一对狗男女吗,你说谁狗男女
你说谁狗男女,你可以侮辱我
你可以侮辱我,但我绝对不允许你侮辱我女神
但我绝对不允许你侮辱我女神,你把这话给我说过去
你把这话给我说过去,现在立刻马上给我道歉
我说你心坎里去了吧,再说一句
再说一句,打你呀 你信不信
我告诉你我打架的时候你还没断奶小东西,来
跟你打太他妈不值了,我告诉你孙子 你不是怕丢工作吗
我告诉你孙子 你不是怕丢工作吗,老子不怕
老子不怕,过三年以后
过三年以后,老子才28岁
真他妈打呀,胳膊胳膊折了
陆小贝 停,你来干嘛
陪你啊,我就想一个人待会用不着你陪
现在知道谁才是真心对你好的吧,说什么你
热乎劲一过去立刻扔进垃圾桶,我乐意当暖宝宝
我乐意当暖宝宝,你管得着吗
干嘛,醒醒吧你
我愿意当你的宝宝,你看见那边那两颗星星了吗
你看见那边那两颗星星了吗,左边那颗是你 右边那颗是我
一辈子相互相守着对方是吗,我的意思是你别看这两颗星星离得挺近的
我的意思是你别看这两颗星星离得挺近的,但是其实还差着好几亿光年
但是其实还差着好几亿光年,永远不可能在一起
陆小贝陆小贝,麻烦你
麻烦你,离婚协议再发我一份
离婚协议再发我一份,我那份让我弄丢了
你跟那小子还是认真的,怎么可能呢
怎么可能呢,我那天是气昏头了
我那天是气昏头了,故意那么说的
故意那么说的,他就是我店里的员工
他就是我店里的员工,再说现在有可能已经不是不管怎么说
再说现在有可能已经不是不管怎么说,搬东西这事我做的太过分
搬东西这事我做的太过分,我跟你道歉
我跟你道歉,对不起
这真没必要,有必要
有必要,做错了就是做错了
做错了就是做错了,不能因为我是女人
不能因为我是女人,就可以歇斯底里
就可以歇斯底里,为所欲为
为所欲为,回头我找一搬家公司
回头我找一搬家公司,把东西再给你拉回去
把东西再给你拉回去,回头你要是再那什么还可以用
你说顾菲 那真不可能,都这时候了
都这时候了,就没必要再遮遮掩掩了
可能我都不可能跟你结婚,我信现在你说什么我都相信
我信现在你说什么我都相信,反正你也没有撒谎的必要了
反正你也没有撒谎的必要了,对吧
你站小树杈上先扇乎扇乎翅膀啊,你翅膀倒是硬
你翅膀倒是硬,你飞给我看看
多自在啊,拉倒吧你
拉倒吧你,要我看
要我看,这儿就是我姐给你设置牢房
这儿就是我姐给你设置牢房,你说你一大男人整天还靠一女的养
你说你一大男人整天还靠一女的养,难怪在家里没地位
这都是我一宿一宿熬出来的,我说姐夫 我问你句实话
我说姐夫 我问你句实话,你心里真平衡吗
你心里真平衡吗,我姐现在外边可是人前显贵
我姐现在外边可是人前显贵,你倒成一家庭妇男了
你看咱俩还有必要继续吗,没必要了吧
没必要了吧,这件事充分暴露了咱俩最不堪的一面
这件事充分暴露了咱俩最不堪的一面,你想的是保护你的房子
你想的是保护你的房子,我想的是怎么搬走我的东西
我想的是怎么搬走我的东西,而且是不遗余力地讽刺你伤害你
而且是不遗余力地讽刺你伤害你,真的是太不堪
真的是太不堪,这说明咱俩之间的感情太脆弱
这说明咱俩之间的感情太脆弱,不足以一起面对将来可能在婚姻中碰到的坎坷
彼此缺乏安全感,其实都不是两个人结合
其实都不是两个人结合,最终目的是1+1=1
最终目的是1+1=1,一个人遇到另外一个人组成一个家庭
一个人遇到另外一个人组成一个家庭,互相扶持
互相扶持,互相依靠
互相依靠,谁也离不开谁
谁也离不开谁,可咱俩不是
可咱俩不是,咱俩是1+1=2
咱俩是1+1=2,除了住进同一间房子
除了住进同一间房子,睡在同一张床上
睡在同一张床上,还是我说到底咱俩之间缺的还是爱情
就是为了结婚而结婚,你知道吗
你知道吗,现在网上有一种说法
现在网上有一种说法,在当下的社会当中几乎不可能有纯爱情
在当下的社会当中几乎不可能有纯爱情,为了生存
为了生存,为了繁殖下一代才走在一起
为了繁殖下一代才走在一起,可是真正的爱情是应该可以跨越时空、跨越种族、跨越年龄
可是真正的爱情是应该可以跨越时空、跨越种族、跨越年龄,甚至是信仰的
你这说法我认同,我笑我自己没想到我也会认同这种说法
我笑我自己没想到我也会认同这种说法,行吧
行吧,该说的都说了
该说的都说了,离婚的时间等你伤好了再定
离婚的时间等你伤好了再定,我不想办手续的时候
我不想办手续的时候,人家说咱俩家暴
我送你不用,不用
不用,我想一个人走走
我想一个人走走,欢迎光临
欢迎光临,请问您要买什么
请问您要买什么,能谈谈吗
能谈谈吗,有这个必要吗
有这个必要吗,我跟田坤已经商量好了
我跟田坤已经商量好了,过几天就去办离婚手续
过几天就去办离婚手续,我就是特意来谢谢你
我就是特意来谢谢你,谢谢你成全我们
谢谢你成全我们,我不是成全你们
我不是成全你们,我是想放过我自己
我是想放过我自己,原本我还以为要把他抢回来
原本我还以为要把他抢回来,要费很大功夫的
要费很大功夫的,没想到你这么快就放弃了
没想到你这么快就放弃了,你们俩的事田坤都跟我说清楚
你们俩的事田坤都跟我说清楚,其实咱俩之间没什么深仇大恨
其实咱俩之间没什么深仇大恨,你要是在我们登记之前来抢他
你要是在我们登记之前来抢他,我可能会放弃的更痛快些
我可能会放弃的更痛快些,也不至于闹出那么多事
也不至于闹出那么多事,你就真的一点都不在乎他吗
你就真的一点都不在乎他吗,其实这事儿我自己也挺想不通的
其实这事儿我自己也挺想不通的,按说女人都嫉妒
按说女人都嫉妒,我也不例外
我也不例外,可是我跟田坤相处的这段时间
可是我跟田坤相处的这段时间,我还真没觉得他好到这份上
我还真没觉得他好到这份上,好到要让人挖空心思
好到要让人挖空心思,不惜一切代价
不惜一切代价,甚至搭上自己的名声也要把他抢到手
甚至搭上自己的名声也要把他抢到手,我不是讽刺你
我不是讽刺你,我这人性子直
我这人性子直,想什么说什么
想什么说什么,说实话
说实话,他对你就那么重要吗
他对你就那么重要吗,你知道什么叫爱情吗
你知道什么叫爱情吗,真是邪了门
真是邪了门,最近老有人问我这个问题
最近老有人问我这个问题,说真的
说真的,我还真不太清楚
我还真不太清楚,以前我也不清楚
以前我也不清楚,但自从他离开我之后
但自从他离开我之后,我才明白爱情
我才明白爱情,原来就是陪伴
原来就是陪伴,在我跟他在一起的这5年
在我跟他在一起的这5年,他总是能够陪伴我的人
他总是能够陪伴我的人,陪着我哭
陪着我哭,陪着我笑
陪着我笑,不管任何时候我需要他总在
不管任何时候我需要他总在,哪怕有的时候我远在天边
哪怕有的时候我远在天边,他也总有办法让我知道他在
他也总有办法让我知道他在,说实话
说实话,我还真的从来没体会过你说的这种感觉
我还真的从来没体会过你说的这种感觉,听起来挺美好的
听起来挺美好的,你根本不用来感谢我
你根本不用来感谢我,你俩本来就该是一对
你俩本来就该是一对,那这事咱们俩今儿算是说开了
那这事咱们俩今儿算是说开了,我也真心希望你能够得到一个愿意永远陪着你的人
我也真心希望你能够得到一个愿意永远陪着你的人,那就谢谢你
那就谢谢你,送你
送你,谢谢啊
谢谢啊,试用品 糖好不好吃
试用品 糖好不好吃,试了才知道
干什么,我去
我去,大晚上你不陪我姐睡觉
大晚上你不陪我姐睡觉,瞎出来晃悠什么呢
你姐还没回来呢,这都几点了
他说今儿得晚点回来了,他经常这么晚回来
没办法,你放心
爱情动作片吧 把窗帘给拉上,去没你那么饥渴
姐夫有经验 开导开导你 跟姐夫聊聊,姐夫
姐夫,我好像失恋了
不是失恋就是失恋怎么好像,因为根本就没恋爱
因为根本就没恋爱,但是却有失恋的感觉
今儿怎么跟见了鬼似的,他跟我之前认识的姑娘都不一样
他跟我之前认识的姑娘都不一样,我爱上了一个不该爱的人
这么刺激的不会是一男的吧,滚蛋
滚蛋,他已经结婚了
你这破坏人家家庭这不道德,更不道德的我都干了
干什么了,我把她老公脑袋开了
我把她老公脑袋开了,用砖头可人家该怎么恩爱还是怎么
用砖头可人家该怎么恩爱还是怎么,前段时间趁他不注意拍了他点视频
前段时间趁他不注意拍了他点视频,我打算把这些视频配上音乐剪成一个小片
我打算把这些视频配上音乐剪成一个小片,送给他做纪念
送给他做纪念,算了
算了,姐夫你帮我看看
姐夫你帮我看看,你比我懂审美
你可就犯法了,我又没拍什么
我又没拍什么,不该拍的你帮我看看
困 我睡觉去了啊,有病吧你
这孩子怎么老扔东西,你不已经决定跟你前夫离婚了吗
你不已经决定跟你前夫离婚了吗,有没有这视频结果都不能改变了
有没有这视频结果都不能改变了,我说的不是这个
我说的不是这个,我最讨厌别人骗我
我最讨厌别人骗我,合着你骗了我这么久
合着你骗了我这么久,你到底安的什么心
你到底安的什么心,就是想借这点事出点风头
就是想借这点事出点风头,你说像我这么一有为名男青年想找个机会出名多难
你说像我这么一有为名男青年想找个机会出名多难,败坏别人的名声你就能出名了
败坏别人的名声你就能出名了,你不是不在乎吗
你不是不在乎吗,我在乎别人骗我
我在乎别人骗我,我骗你是因为我在乎你
我骗你是因为我在乎你,到底还有什么事是骗我
到底还有什么事是骗我,你这胳膊是你后爹打的吗
你这胳膊是你后爹打的吗,你到底有没有妈你妈是不是不管你
你到底有没有妈你妈是不是不管你,都是我编的
都是我编的,我满嘴没一句实话全都跑火车
我满嘴没一句实话全都跑火车,你满意了
你满意了,你现在名都出了
你现在名都出了,还赖在这里干嘛
还赖在这里干嘛,拍续集
拍续集,我来这是因为我喜欢你
我来这是因为我喜欢你,我喜欢你你懂吗
我喜欢你你懂吗,你不喜欢我那是你的事
你不喜欢我那是你的事,但是你不能阻止我追求你
但是你不能阻止我追求你,你当我公共汽车啊
你当我公共汽车啊,想追就追
想追就追,行
行,你打了我这嘴巴
你打了我这嘴巴,咱俩就算扯平了
咱俩就算扯平了,你这班车我追不上
你这班车我追不上,我等下一班还不行吗
我等下一班还不行吗,你看这个
这是什么呀,男科门诊
男科门诊,老专家特供号 我特意托朋友帮你弄到 下礼拜三我陪你去啊
我又没什么难言之隐,你怎么没难言之隐
你怎么没难言之隐,我姐不就是你难言之隐吗
我姐不就是你难言之隐吗,你不是老想当那套马的汉子雄壮威武吗
你不是老想当那套马的汉子雄壮威武吗,你要是不把你小宝贝儿那蝴蝶结解开
你要是不把你小宝贝儿那蝴蝶结解开,在我姐心目中
在我姐心目中,你永远就是那系着蝴蝶结的汉子
你永远就是那系着蝴蝶结的汉子,你们老袁家就你一男的你还真想断子绝孙啊
说什么你给我拍木头去,我说姐夫
我说姐夫,要我说你先偷偷摸摸的把你的生理机能恢复了
要我说你先偷偷摸摸的把你的生理机能恢复了,然后再不知不觉的在我姐肚子里埋颗种子生根发芽
然后再不知不觉的在我姐肚子里埋颗种子生根发芽,就以我姐姐岁数
就以我姐姐岁数,等他要真怀上了不得
等他要真怀上了不得,作为高龄产妇天天在床上躺着
作为高龄产妇天天在床上躺着,这山中没了老虎
这山中没了老虎,你这猴子不就能称霸王了吗
又惦记我那点钱是不是,不是惦记你那些钱
不是惦记你那些钱,怎么样
怎么样,我帮你搞定我姐
我帮你搞定我姐,你不就能独揽我们家财政大权了
你不就能独揽我们家财政大权了,到时候你支援我这个小舅子去电影学院进修不吃亏
我就彻底废了,就你这怂包样你就等着被我姐扫地出门
你小屁孩不懂,姐夫 30如狼
姐夫 30如狼,40如虎
40如虎,我姐在你那找不着当武松的感觉
我姐在你那找不着当武松的感觉,他保不齐就得在外边找
他保不齐就得在外边找,你想想如果你要让他给你弄一孩子对不对
你想想如果你要让他给你弄一孩子对不对,到时候他皮也卸了
到时候他皮也卸了,肉也松了
肉也松了,身材走形了
身材走形了,那不全是你的吗
那不全是你的吗,他哪有心思想三想四的
我不想拿一个孩子把你姐给拴住,除了孩子以外
除了孩子以外,你还有什么东西能拴住我姐
你还有什么东西能拴住我姐,您自己身上还拴着小蝴蝶结呢
您自己身上还拴着小蝴蝶结呢,你看我姐现在事业正是风生水起的时候
你看我姐现在事业正是风生水起的时候,从头到脚荣光焕发
从头到脚荣光焕发,活脱脱就一美少妇
活脱脱就一美少妇,他不惦记别人
他不惦记别人,万一别人惦记他怎么办
万一别人惦记他怎么办,你再瞧你要什么没什么
你再瞧你要什么没什么,要尊严没尊严
要尊严没尊严,要地位没地位
要地位没地位,年纪一把存款为0
年纪一把存款为0,到时候要真出点什么事
到时候要真出点什么事,我姐要真把你扫地出门了
我姐要真把你扫地出门了,你拿什么生活
你拿什么生活,你拿什么东山再起重新开始啊
你拿什么东山再起重新开始啊,那个你拿反光板去
那个你拿反光板去,姐夫为什么我姐到现在都不让你掺和生意上的事
姐夫为什么我姐到现在都不让你掺和生意上的事,为什么到现在家里房本车本不写你的名字
为什么到现在家里房本车本不写你的名字,为什么你到现在名下一毛钱存款都没有
为什么你到现在名下一毛钱存款都没有,单看起来这些都不是问题
单看起来这些都不是问题,可你要连着想太可怕了
可你要连着想太可怕了,我姐明显是给自己留后路
我姐明显是给自己留后路,姐夫你是要当武松还是当武大郎
姐夫你是要当武松还是当武大郎,你自己可好好掂量掂量
然后好只给她摁沙发上,毕竟是我姐说话含蓄点行吗
我跟你说话,我听见了
我听见了,这手机有密码
这手机有密码,重要的不是里边有什么
重要的不是里边有什么,而是为什么设密码
而是为什么设密码,为了放着谁
那你说他为了防着谁呢,防着谁
防着谁,谁跟他们在一块时间最长
谁跟他们在一块时间最长,防着谁
谁跟他时间最长,你啊 你停车停车
不是干嘛,买瓶水
你干吗来了,附近办点事接着来逛逛
你跟我们店长什么情况,他跟你说什么了
有角色想了点我,行 我在储藏间里落了点东西
行 我在储藏间里落了点东西,我能进去拿一下吗
去呗 都是自己人,谢谢
别偷吃你,伤好点了吗
明儿就能拆线了,你看什么时间方便
你看什么时间方便,咱俩去民政局把手续办了吧
我估计下周时间悬了,那看看这周呢
那对对呗,后天
大后天大后天行吧,唷 大后天我不行
唷 大后天我不行,店里盘点我走不开
那就下个月的5号5号,哟悬4号开始总公司开会
哟悬4号开始总公司开会,所有店长都得参加
所有店长都得参加,得开一个礼拜
一直到下下个月去了,办手续最多就半个小时进去盖个章就完事了
办手续最多就半个小时进去盖个章就完事了,你就不能抽点时间
我抽时间你,随便哪天你中间抽个空
行吗三号,就三号
今晚8点 万豪酒店2303,是我姐给别人发了
是我姐给别人发了,还是别人给我姐发的
别人,姐夫你可得冷静
姐夫你可得冷静,我姐不一定去
她今天早上身上多打了好几下香水,不是 姐夫
不是 姐夫,你可千万冷静
你可千万冷静,你听我说
你听我说,这件事你绝对不能掺和
这件事你绝对不能掺和,否则就把我姐往别人怀里推
我想杀人,不是 不是
不是 不是,姐夫姐夫
姐夫姐夫,姐夫
姐夫,你冷静
你冷静,咋还没弄清楚呢把这事儿
一个字离,姐夫
姐夫,姐夫
姐夫,你看现在这个是外面诱惑这么多对吧
你看现在这个是外面诱惑这么多对吧,我姐可能是可能是鬼迷心窍
我姐可能是可能是鬼迷心窍,你怎么也得给他再一个机会对吧
我给他机会 他他妈给我机会了吗,姐夫你别撑了
姐夫你别撑了,我有个办法能把我姐带回来
我有个办法能把我姐带回来,时间地点咱们都知道了
时间地点咱们都知道了,你放心这事我出面我就拿一相机
你放心这事我出面我就拿一相机,啪我就把门踹开
啪我就把门踹开,然后我就对着他们咔咔咔一顿乱拍
然后我就对着他们咔咔咔一顿乱拍,然后我就拿相机里面的照片威胁我姐
然后我就拿相机里面的照片威胁我姐,让他跟这奸夫一刀两断
让他跟这奸夫一刀两断,至于那男的放心
至于那男的放心,我找一朋友废了他
我找一朋友废了他,脏我跟你一块去听
脏我跟你一块去听,不是 姐夫 这个不行这个不行
不是 姐夫 这个不行这个不行,我告诉你这件事你必须得
我告诉你这件事你必须得,你必须得装作不知道你绝对就得装傻充楞
你必须得装作不知道你绝对就得装傻充楞,姐夫 我告诉你这事你一定不能瞎掺和
姐夫 我告诉你这事你一定不能瞎掺和,你一定不能掺和
你一定不能掺和,你就假装不知道你知道吗
你就假装不知道你知道吗,忍者神龟你懂吗 戒急用忍
忍者神龟你懂吗 戒急用忍,戒急用忍
戒急用忍,不过姐夫你放心在这件事上
不过姐夫你放心在这件事上,我绝对站在正义那边
谢谢你,没事了大宝贝
没事了大宝贝,真委屈了
真委屈了,没关系
没关系,我在你身边陪陪你
我在你身边陪陪你,没有过不去的坎
没有过不去的坎,欸有过不去的火焰山啊
欸有过不去的火焰山啊,姐夫你怎么上来了
姐夫你怎么上来了,咱都说好了吗
咱都说好了吗,你在底下接应
你在底下接应,姐夫这种事你不能亲自来
姐夫这种事你不能亲自来,你要看你什么不该看的
你要看你什么不该看的,你落一辈子心里阴影
我改主意了 咱俩现在就走 就当什么都没看见,等会儿 怎么了
等会儿 怎么了,临门一脚你又软了
临门一脚你又软了,姐夫这道理我都跟你说了一路了
姐夫这道理我都跟你说了一路了,你要攥着这把柄
你要攥着这把柄,我保证我姐下半辈子给你做贤妻良母
我保证我姐下半辈子给你做贤妻良母,你要这次糊弄过去了 让她觉得你好欺负
你要这次糊弄过去了 让她觉得你好欺负,让她觉得你好欺负你就等着从头绿到脚
伤到小山怎么办呢,一个真是我亲姐夫
一个真是我亲姐夫,你可真是个好人
你可真是个好人,你一下子浑身上下都一身窟窿眼了
你一下子浑身上下都一身窟窿眼了,你还想着我姐我们受伤了
不值走回去先分头,姐夫 你等会儿 姐夫你听我说 姐夫
姐夫 你等会儿 姐夫你听我说 姐夫,你可想好了
你可想好了,我姐这刚进去估计还没开始办事
我姐这刚进去估计还没开始办事,咱俩说话这功夫黄花菜都凉了
咱俩说话这功夫黄花菜都凉了,都凉了
我都是为了她好,姐夫
姐夫,就冲你这话
就冲你这话,我敬你是条汉子 以后无论发生什么 我陆小贝两肋插刀
我敬你是条汉子 以后无论发生什么 我陆小贝两肋插刀,也支持你
也支持你,真是长本事了
真是长本事了,会偷看我手机了
会偷看我手机了,还会揣着相机跟踪我了
还会揣着相机跟踪我了,要不是我出来得早
要不是我出来得早,你还想踹门而入
你还想踹门而入,你想干什么
你想干什么,捉奸在床啊
狗急了还跳墙对不对,那你揣着相机干什么
那你揣着相机干什么,抓证据啊
抓证据啊,以后离婚的时候好好敲我一笔是吗
以后离婚的时候好好敲我一笔是吗,像是个大老爷们该干的事吗
不是不是我说不是大老爷们该干的事儿,我实话告诉你吧 袁帅
我实话告诉你吧 袁帅,袁帅自从咱俩结婚之后
袁帅自从咱俩结婚之后,这外头追我的人就没断过
这外头追我的人就没断过,我要是出轨的话我早就出轨了
我要是出轨的话我早就出轨了,还有等今天 真是三天不打上房揭瓦
还有等今天 真是三天不打上房揭瓦,你是不是在家闲着没事干闲出毛病来了
我至于我往那想吗,照你这么说还都成了我的不是了
照你这么说还都成了我的不是了,我这整天压力多大
我这整天压力多大,行业内的竞争那么厉害
行业内的竞争那么厉害,你又不是不知道我爸我妈那边整天吵得天翻地覆的
你又不是不知道我爸我妈那边整天吵得天翻地覆的,我还得照顾不争气的陆小贝
我还得照顾不争气的陆小贝,你作为我的老公
你作为我的老公,你就不能理解理解我
你就不能理解理解我,体谅我
体谅我,还嫌我玩消消乐
还嫌我玩消消乐,我玩消消乐是为了减压
我玩消消乐是为了减压,真是的
真是的,你平时你没事干的时候多培养点兴趣爱好
你平时你没事干的时候多培养点兴趣爱好,不要整天守着那几个破镜头擦来擦去的
培养兴趣爱那不还得花钱,你缺那点钱啊
这日子你,你少跟我来这套
你少跟我来这套,你不就是不相信我吗
你不就是不相信我吗,想看着我
想看着我,你想看着我是吧
你想看着我是吧,从明儿开始做我的司机
从明儿开始做我的司机,24小时跟着我
24小时跟着我,我哪你去哪行了吧
我能下来了吗,下来吧下来吧
谢谢啊,咱俩去散散心
咱俩去散散心,没时间
没时间,请假啊
请假啊,你这店全年不休
你这店全年不休,你人还跟着连轴转请假
你人还跟着连轴转请假,请假请假请假 散心散心散心
请假请假请假 散心散心散心,3号我跟田坤约好了去办离婚手续
3号我跟田坤约好了去办离婚手续,过生日的时候办离婚
过生日的时候办离婚,你是不是太不吉利了
你是不是太不吉利了,这事谁提的
这事谁提的,是你还是他
是你还是他,他说起来这事还真挺让人寒心
他说起来这事还真挺让人寒心,我跟他之间虽然没有什么深厚的感情
我跟他之间虽然没有什么深厚的感情,可我们相处也快一年了
可我们相处也快一年了,他居然连我生日都不记得
他居然连我生日都不记得,怪不得离
怪不得离,大姐要说这事儿也不怨他
大姐要说这事儿也不怨他,你想你们认识的时候你刚过完生日对吧
你想你们认识的时候你刚过完生日对吧,记不住也是人之常情
记不住也是人之常情,这一年你除了结婚离婚
这一年你除了结婚离婚,弄得人仰马翻的就没办成别的事儿
弄得人仰马翻的就没办成别的事儿,白活了
白活了,您这话说的可真够扎人心的
您这话说的可真够扎人心的,错了大姐对不起好吧
错了大姐对不起好吧,算了
算了,旧的不去
旧的不去,新的不来
新的不来,只当是辞旧迎新了
只当是辞旧迎新了,拿这个离婚的事
拿这个离婚的事,是吧
是吧,去去你的霉运 洗刷刷 洗刷刷
去去你的霉运 洗刷刷 洗刷刷,您着急回家吗
您着急回家吗,不着急
不着急,不着急回家
不着急回家,你陪我下盘棋再走
你陪我下盘棋再走,行
行,下棋
我给你拿去,我忘带什么了
不知道,那你拿去干什么真要做司机
粘着你还不行吗,老板都要上车了
老板都要上车了,你也不给开个车门
你也不给开个车门,但凡是个男人都有这种觉悟
媳妇你教导的对,谁家老板坐前面
老板请 咱是回家还是吃饭,先回家换衣服
先回家换衣服,晚上还有个饭局
我是系领带还是系领结,你还有领结我怎么不知道
你还有领结我怎么不知道,算了
算了,你也没有什么好衣服去趟国贸吧
你也没有什么好衣服去趟国贸吧,给你买一身
我拿两套去 你到时候你挑,您看什么
您看什么,你看什么
你看什么,我看太阳是不是打西边出来了
我看太阳是不是打西边出来了,你个死丫头吃饭
你个死丫头吃饭,您不过啦 做这么多
您不过啦 做这么多,咱俩吃的完吗
咱俩吃的完吗,你多吃一点
你多吃一点,看看这段时间都熬瘦了
看看这段时间都熬瘦了,今天不值夜班了吧
今天不值夜班了吧,吃完饭咱们娘俩
吃完饭咱们娘俩,逛街去 多吃一点
逛街去 多吃一点,妈您就直说
妈您就直说,是不是又找男朋友了
是不是又找男朋友了,想让我帮着参谋
想让我帮着参谋,什么叫又啊
什么叫又啊,没有
没有,我最近挺消停的
我最近挺消停的,不可能这么反常
不可能这么反常,肯定没好事
肯定没好事,我是担心你有事
我是担心你有事,女人反正这辈子最糟心的就两件事
女人反正这辈子最糟心的就两件事,一个是离婚
一个是离婚,再有一个长一岁 明儿
再有一个长一岁 明儿,你都一勺烩了
你都一勺烩了,您能不能别用这种怜悯的眼光看着我
您能不能别用这种怜悯的眼光看着我,离婚是为了纠正以前犯的错误是好事
离婚是为了纠正以前犯的错误是好事,过生日是为了庆祝我在这个世界上又平平安安的多活了一年
过生日是为了庆祝我在这个世界上又平平安安的多活了一年,更得高兴
更得高兴,我就不知道
我就不知道,我该替你这丫头高兴呢
我该替你这丫头高兴呢,还是该骂你缺心眼
还是该骂你缺心眼,不说这个了吃饭 真的太好吃了是吧
不说这个了吃饭 真的太好吃了是吧,不过好像咸了一点
不过好像咸了一点,下回少放点盐
下回少放点盐,我知道 我知道
我知道 我知道,吃咸了容易得血压高
吃咸了容易得血压高,你不是我是怕您闲吃萝卜淡操心
你不是我是怕您闲吃萝卜淡操心,吃饭、吃饭
吃饭、吃饭,真的挺好吃的
真的挺好吃的,咱俩喝一口
咱俩喝一口,喝呀 我给你斟上
这套 这套 这套,那套吧 好吧
那套吧 好吧,几点了赶快走
几点了赶快走,不走都迟到了
我觉得还是穿这套,随便
你觉得呢,我看我还是自己去
就这件行不行,你快点换上
那是那个 你穿双什么颜色的鞋,干嘛
一看就是这个夫唱妇随的和谐劲儿,我自个儿去
媳妇你等等我,躺在床上给流氓打电话
躺在床上给流氓打电话,你想干嘛
你想干嘛,妈能不能正经点
妈能不能正经点,想什么呢
想什么呢,你30好几的大姑娘怎么能什么都不想呢
你30好几的大姑娘怎么能什么都不想呢,妈是过来人
妈是过来人,明白
明白,一个人也可以把日子过得很充实
一个人也可以把日子过得很充实,但是充实就不寂寞吗
但是充实就不寂寞吗,所以得给自己找一个伴
所以得给自己找一个伴,我跟你说你的事办利索了
我跟你说你的事办利索了,赶紧的打起精神
赶紧的打起精神,给我继续找
给我继续找,找什么呀
找什么呀,找一个踏踏实实男人把自己嫁了
找一个踏踏实实男人把自己嫁了,找个踏踏实实男人把自己嫁出去
找个踏踏实实男人把自己嫁出去,那是旧社会妓女的理想
那是旧社会妓女的理想,您这么一说
您这么一说,我倒是突然明白您为什么天天嚷嚷着要追求爱情
我倒是突然明白您为什么天天嚷嚷着要追求爱情,死丫头 告诉你
死丫头 告诉你,再这么没大没小的我就撕你嘴
再这么没大没小的我就撕你嘴,在这方面你妈我是稍微勤快了一点
在这方面你妈我是稍微勤快了一点,但是我都这岁数了
但是我都这岁数了,机会不多了
机会不多了,所以我现在是宁肯错杀1000
所以我现在是宁肯错杀1000,绝不放过一个
绝不放过一个,爱情他老人家长什么样
爱情他老人家长什么样,你不用知道它长什么样
你不用知道它长什么样,感觉只要有那种被闪电击中的感觉
感觉只要有那种被闪电击中的感觉,那就是爱情来了
那就是爱情来了,行
行,下回打雷的时候我找一个空地试试
下回打雷的时候我找一个空地试试,妈您干嘛
妈您干嘛,我怕黑快打开
我怕黑快打开,我最近在网上看了一句话
我最近在网上看了一句话,我觉得挺有道理
我觉得挺有道理,我晚饭吃饱了不想喝鸡汤
我晚饭吃饱了不想喝鸡汤,如果说停电了
如果说停电了,你的第一反应不是去找蜡烛
你的第一反应不是去找蜡烛,而是去找那个人
而是去找那个人,哪个人
哪个人,对的人
对的人,你要找的人就是对的那个人
你要找的人就是对的那个人,怎么样
怎么样,知道要去找谁了吗
知道要去找谁了吗,卖蜡烛的人
卖蜡烛的人,死丫头别跟我犯傻
死丫头别跟我犯傻,行 不理你了
行 不理你了,我走了
我走了,好好琢磨琢磨
好好琢磨琢磨,喂
喂,谁打我电话
谁打我电话,没事
没事,打错了
打错了,你们明儿有事吗
你们明儿有事吗,有
有,我忙着呢
我忙着呢,不过你要实在
不过你要实在,不过你要实在想见我抽个时间
不过你要实在想见我抽个时间,别
别,这哪是新生
这哪是新生,明明是世界末日
明明是世界末日,你这个丫头你你怎么不说吉利话
你这个丫头你你怎么不说吉利话,今天是你生日
今天是你生日,n多年前我生你的时候
n多年前我生你的时候,我那脸比今天这天还黑
我那脸比今天这天还黑,闺女你得这么想
闺女你得这么想,彩虹总在
彩虹总在,风雨后我的闺女要开心
风雨后我的闺女要开心,公众场合注意点
公众场合注意点,你笑着好看笑笑你
你笑着好看笑笑你,我的意思你要开心
我的意思你要开心,笑一个 笑一个笑一个
笑一个 笑一个笑一个,这样闺女我一会陪你进去办手续
这样闺女我一会陪你进去办手续,办完了
办完了,咱俩出去大撮一顿
咱俩出去大撮一顿,这事你跟着不合适
这事你跟着不合适,本来就够堵心的了
本来就够堵心的了,到时候我还得照顾您的情绪
到时候我还得照顾您的情绪,我就在大门口等着你
我就在大门口等着你,一会下雨怎么办
一会下雨怎么办,这样那个路口一拐弯有一KTV
这样那个路口一拐弯有一KTV,这点人少
这点人少,您先去开个包房
您先去开个包房,等我的时候捎带手开嗓
等我的时候捎带手开嗓,可是你这我
可是你这我,你不是想陪我过生日吗
你不是想陪我过生日吗,等我办完了事
等我办完了事,咱娘俩唱个昏天黑地
咱娘俩唱个昏天黑地,不是我这有
不是我这有,行
行,你拿着点伞
你拿着点伞,不用了一会就办完了
不用了一会就办完了,你先去
你先去,我走了
你今儿不上班,休息
我就没见你干过一件正经事,陪您不是正经事
陪您不是正经事,人家都说空巢老人可怜
人家都说空巢老人可怜,我今儿也陪陪您这老人家
你是不是诚心想气死我,你有爸你别老气死气死了成吗
你有爸你别老气死气死了成吗,你一天到晚在家也没干什么正经事
你一天到晚在家也没干什么正经事,成天游手好闲的
成天游手好闲的,不是跟我妈打架
不是跟我妈打架,就是数落我
就是数落我,咱爷俩半斤八两
我现在歇歇不行,我问您个事
我问您个事,您跟我妈还能复婚吗
您跟我妈还能复婚吗,能
能,就好好过日子
就好好过日子,不能就趁现在能吃能喝腿脚利索都另找一个得了
不能就趁现在能吃能喝腿脚利索都另找一个得了,别整天有精力使不出去
别整天有精力使不出去,拿我当沙袋打
你懂个屁,我得出去一趟
干吗去又,学雷锋
我告诉你你要在赚这种昧良心,您别告诉我 我告诉您吧
您别告诉我 我告诉您吧,您手里那把紫砂杯子就是拿那昧良心钱买的
您手里那把紫砂杯子就是拿那昧良心钱买的,您天天拿那喝茶也没见您塞牙
喝完了再喝两口,还有俩我弄完再说
你看把你累的,小张 我问你
小张 我问你,店长最近还一个人晚上在这儿值班啊
但是他 总是嫌人这嫌人那的,那他最近怎么样
那他最近怎么样,这就是过得怎么样
这就是过得怎么样,开不开心
开不开心,他那老公又来找他吗
不喜欢我们店长吧,你去
你去,我这叫一日为师
我这叫一日为师,终身为父
终身为父,你懂吗
哦,那我落难的时候 他救过我
那我落难的时候 他救过我,我不得知恩图报对吗
我不得知恩图报对吗,不是
不是,你快点告诉我
你快点告诉我,他最近还是那么不开心
呵,我把那搬完我先走
我把那搬完我先走,那个
那个,你跟小周忙吧
今天回头跟店长说你来过,别别别
别别别,你可千万别告诉她我来过
你干嘛又不是什么见不得人的事,不是你就你就什么都别说了
不是你就你就什么都别说了,你就当不知道听见没有
你就当不知道听见没有,千万不许说
知道了,那我走了
你过来一趟,干嘛
干嘛,手没事吧
手没事吧,要不咱们去医院
要不咱们去医院,你先回去
你先回去,这蛋糕都烂成泥了
这蛋糕都烂成泥了,拿回去等雨停了
拿回去等雨停了,放在胡同口喂流浪猫
放在胡同口喂流浪猫,快回去吧
快回去吧,那你呢
那你呢,你不回家
你不回家,我去店里看看
我去店里看看,店里可能会进水
店里可能会进水,晚上不用等我值夜班
晚上不用等我值夜班,姚澜 我不是故意的
姚澜 我不是故意的,什么也甭说了
什么也甭说了,我知道这不是你的错
我知道这不是你的错,你不是故意的
你不是故意的,下回再碰上这种事
下回再碰上这种事,别跟他们嚷嚷
别跟他们嚷嚷,直接打110
直接打110,上车吧
上车吧,我想一个人静一静
我想一个人静一静,袁帅
袁帅,你知不知道我为了这个客户
你知不知道我为了这个客户,我花了多少时间
我花了多少时间,多少精力
多少精力,多少心血
多少心血,眼看着他就要答应我的报价了
付款的时候你还不得开房去,你胡什么呢
你胡什么呢,啊
啊,你再说一遍
你也太胆大妄为了吧,懂个屁啊你 那叫谈判技巧
你心里什么感受,两码事
两码事,我告诉你
我告诉你,我是一个女人
我是一个女人,我算是一个还长得还过得去的女人
我算是一个还长得还过得去的女人,我跟别人谈判的时候
我跟别人谈判的时候,我有一点肢体接触很正常
我有一点肢体接触很正常,我自己会把握分寸的
我现在就知道我心里很不爽,你不爽我还不爽
你不爽我还不爽,我眼巴巴的看着一客户马上就要给谈好了
我眼巴巴的看着一客户马上就要给谈好了,你给我搅和黄了你
你给我搅和黄了你,我就多余我带你来
你想干嘛坐在大腿上签合同,你手怎么了
你手怎么了,没事
没事,划破了一小口子
划破了一小口子,傻不傻
傻不傻,啊
啊,手划破了会感染
手划破了会感染,感染了会发烧
感染了会发烧,发烧会死人的
发烧会死人的,那边货架上有酒精棉
那边货架上有酒精棉,你赶紧去擦擦
你赶紧去擦擦,行了你别管了
行了你别管了,这活你干不了
这活你干不了,你这么舀基本上就是白费劲快去
你这么舀基本上就是白费劲快去,还愣着干嘛
还愣着干嘛,赶紧去看看货架上有什么东西怕湿
赶紧去看看货架上有什么东西怕湿,往架子上挪
往架子上挪,再去看看仓库
再去看看仓库,店里面湿了没事
店里面湿了没事,仓库可不能被淹了
仓库可不能被淹了,快去呀
快去呀,哦哦
哦哦,这水太大了
这水太大了,根本就舀不出去
根本就舀不出去,要不然我把店门关了试试
要不然我把店门关了试试,袁帅
袁帅,袁帅 救我
袁帅 救我,怎么办 啊 袁帅 打不开这门 打不开 救救我 袁帅
小山 你往后躲点 往后,那货
那货,你怎么把门关上了赶紧打开
你怎么把门关上了赶紧打开,咱们店是24小时营业的
咱们店是24小时营业的,万一有人来买东西怎么办
万一有人来买东西怎么办,谁这么缺心眼
谁这么缺心眼,下这么大雨还进来买东西
下这么大雨还进来买东西,这个点要来买
这个点要来买,也是买避孕套的
也是买避孕套的,店里有规定的
店里有规定的,不是你这脑子怎么不会拐弯
不是你这脑子怎么不会拐弯,把门关上是为了防止水进来
把门关上是为了防止水进来,防止水进来是为了减少咱们店的损失
防止水进来是为了减少咱们店的损失,这就跟打牌一个道理
这就跟打牌一个道理,少输就算赢了
少输就算赢了,什么谬论 规定就是规定
什么谬论 规定就是规定,天打雷劈也得执行 赶紧打开
天打雷劈也得执行 赶紧打开,你怎么那么死心眼
你怎么那么死心眼,你是店长还是我是店长
你是店长还是我是店长,领导犯错误还不许广大人民群众指正
领导犯错误还不许广大人民群众指正,法西斯也没你这么办
法西斯也没你这么办,陆小贝 你给我听好
陆小贝 你给我听好,今天是我最倒霉的一天
今天是我最倒霉的一天,没有之一
没有之一,女人一辈子最难过的两件事
女人一辈子最难过的两件事,一是离婚
一是离婚,二是又老了一岁我全摊上了
二是又老了一岁我全摊上了,行
行,我忍了
我忍了,下雨天没带伞
下雨天没带伞,没人接 替我妈解围
没人接 替我妈解围,还让玻璃拉了手
还让玻璃拉了手,好不容易买了生日蛋糕
好不容易买了生日蛋糕,还叫人家挤烂了
还叫人家挤烂了,我今儿已经够糟心的了
我今儿已经够糟心的了,别再给我添乱了
别再给我添乱了,行不行
行不行,你先等会你离婚了
你先等会你离婚了,你怎么早说
你怎么早说,那咱俩之间就没障碍了
那咱俩之间就没障碍了,你给我闭嘴
你给我闭嘴,我只想安安静静的过完今天把倒霉的生日给挨过去
我只想安安静静的过完今天把倒霉的生日给挨过去,别再给我找麻烦
别再给我找麻烦,行不行
行不行,我先把这门开开还不行吗
我先把这门开开还不行吗,我钥匙呢
我钥匙呢,你钥匙扔哪啦
你钥匙扔哪啦,可能刚才掉水里了
可能刚才掉水里了,这事可不赖我
这事可不赖我,这属于不可抗力因素
这属于不可抗力因素,这不违反规定
这不违反规定,你懂个屁
你懂个屁,这门根本不挡水
这门根本不挡水,万一水淹进来了
万一水淹进来了,咱俩想跑都跑不了
咱俩想跑都跑不了,我找个螺丝刀试试
我找个螺丝刀试试,你这人怎么说翻脸就翻脸
你这人怎么说翻脸就翻脸,昨天晚上是睁眼就
昨天晚上是睁眼就,昨天晚上什么都没发生
昨天晚上什么都没发生,咋俩之间什么都没有
咋俩之间什么都没有,可你明明喜欢
可你明明喜欢,陆小贝 咱俩不合适
陆小贝 咱俩不合适,有什么合不合适的
有什么合不合适的,你不过生日吗 你就当我送你生日礼物
你不过生日吗 你就当我送你生日礼物,你为什么不要
你为什么不要,我保证就一天
我保证就一天,你就当好梦一日游呗
你就当好梦一日游呗,开什么玩笑
开什么玩笑,你就甘愿过一辈子平庸的生活吗
你就甘愿过一辈子平庸的生活吗,你如果不往前迈一步
你如果不往前迈一步,就永远只能卡在回不去的昨天
就永远只能卡在回不去的昨天,和到不了的明天
和到不了的明天,行不行
行不行,人家张嘴大叫你张嘴大吐
人家张嘴大叫你张嘴大吐,你可是做第一排的
你可是做第一排的,我有点恐高
我有点恐高,给我张纸
给我张纸,我这也太丢人了
我这也太丢人了,走吧
走吧,买瓶水去
买瓶水去,不坐啦
不坐啦,走
走,呵呵呵呵
呵呵呵呵,有点飞翔的感觉
有点飞翔的感觉,谢谢你
谢谢你,今天是我这辈子最开心的一天
今天是我这辈子最开心的一天,是因为玩得开心
是因为玩得开心,还是因为有我陪着开心
还是因为有我陪着开心,今天就要结束了
今天就要结束了,要不然明天再来一天
要不然明天再来一天,别占便宜没够啊
别占便宜没够啊,你的意思是今天我们的关系是恋人
你的意思是今天我们的关系是恋人,到了晚上就分手了
到了晚上就分手了,想什么呢
想什么呢,没什么
没什么,不可能 跟妈说说有什么好事
不可能 跟妈说说有什么好事,今儿看见彩虹了
今儿看见彩虹了,是今天有彩虹
是今天有彩虹,看见彩虹也不必把你美成这样吧
看见彩虹也不必把你美成这样吧,可惜彩虹看得见摸不着
可惜彩虹看得见摸不着,一转眼就没了
一转眼就没了,有点 算了 说不上来
有点 算了 说不上来,可惜你说的彩虹是挂在天上还是挂在心里
可惜你说的彩虹是挂在天上还是挂在心里,别瞎起哄吃饭
别瞎起哄吃饭,你跟妈说说你在谁身上看见彩虹了
你跟妈说说你在谁身上看见彩虹了,你别骗我
你别骗我,你妈可是过来人
你妈可是过来人,有那么明显吗
有那么明显吗,我说什么来着
我说什么来着,哈哈彩虹总在风雨后来跟妈妈说说是什么人呢
哈哈彩虹总在风雨后来跟妈妈说说是什么人呢,个高不高
个高不高,帅不帅
帅不帅,家是不是独生子
家是不是独生子,在哪住几口人
在哪住几口人,行不行 八字还没一撇呢
行不行 八字还没一撇呢,我吃饱了上班去了
我吃饱了上班去了,嗨站着
嗨站着,你骗谁啊
你骗谁啊,你看看这时间
你看看这时间,你什么时候这么晚交接过班啊
你什么时候这么晚交接过班啊,约会
约会,是看电影还是泡吧呀
是看电影还是泡吧呀,可是你这样不行
可是你这样不行,你打扮你这衣服你穿的衣服也不好看
你打扮你这衣服你穿的衣服也不好看,这样我帮你选一个漂亮的领口低的
这样我帮你选一个漂亮的领口低的,我真的是去上班
我真的是去上班,昨天晚上店里灌水折腾了一宿
昨天晚上店里灌水折腾了一宿,说好了今天让我多休息会儿再去的
说好了今天让我多休息会儿再去的,你就别瞎操心了
你就别瞎操心了,我不操心哪行你老这么加班
我不操心哪行你老这么加班,你谈恋爱哪有工夫
你不用劝我,不是我说您您以后能不能别数落我爸
不是我说您您以后能不能别数落我爸,这鼻子不是鼻子
这鼻子不是鼻子,脸不是脸的
脸不是脸的,难道您想一辈子都像现在这样
难道您想一辈子都像现在这样,上不着天下不着地的
能不能别提他,不是 妈我当初买这个房子
不是 妈我当初买这个房子,我就是为了你们俩
我就是为了你们俩,我想着没准你们俩住在一块住久了
我想着没准你们俩住在一块住久了,说不定哪天就能复婚了
说不定哪天就能复婚了,看来我真是想错了
听见了吗,妈你能不能也听我一句劝
妈你能不能也听我一句劝,以后别老跟我爸吵了
以后别老跟我爸吵了,对您身体也不好
已经擦不出来了,不会的
不会的,只要您改变
只要您改变,我跟您说没问题
我跟您说没问题,其实你俩没有大问题知道吗
其实你俩没有大问题知道吗,别难受
不难受,还没睡啊
还没睡啊,以后你要是没有别的事的话
以后你要是没有别的事的话,就先别给我打电话了
就先别给我打电话了,你妨碍我想你了
你妨碍我想你了,坐过山车的照片
坐过山车的照片,你还留着了吗
你还留着了吗,你想要
你想要,想留个纪念
想留个纪念,纪念什么
纪念什么,纪念我
纪念我,你说过我们没有明天
你说过我们没有明天,可是现在还没过12点
可是现在还没过12点,也就是说我们仍然是恋人
也就是说我们仍然是恋人,店里就你一个人吗
店里就你一个人吗,你别过来
你别过来,我不过去可是漫漫长夜长夜我睡不着觉
我不过去可是漫漫长夜长夜我睡不着觉,我想让你陪我聊会天
我想让你陪我聊会天,聊什么
聊什么,你带我来这干嘛
你带我来这干嘛,睡觉
睡觉,陆小贝你给我听好了
陆小贝你给我听好了,我虽说离过婚是一二手货
我虽说离过婚是一二手货,但绝对是个正经人
但绝对是个正经人,不可能跟你干这种事
不可能跟你干这种事,你想什么呢
你想什么呢,我就不该招你
我就不该招你,你等会儿我有你想的那么肮脏 想那么龌龊吗
你等会儿我有你想的那么肮脏 想那么龌龊吗,我是觉得你上了一宿夜班了
我是觉得你上了一宿夜班了,肯定特别困
肯定特别困,带你到这儿来打个盹
带你到这儿来打个盹,这个时间段有钟点房
这个时间段有钟点房,价格还实惠
价格还实惠,标准间两张床中间一个床头柜
标准间两张床中间一个床头柜,有WiFi能淋浴 还有免费
有WiFi能淋浴 还有免费,还有免费矿泉水
还有免费矿泉水,我是他们家会员还能享受七折优惠
我是他们家会员还能享受七折优惠,就你是正经人
就你是正经人,难道我就不正经了
难道我就不正经了,酒店业务这么熟悉
酒店业务这么熟悉,还敢说自己是正经人
还敢说自己是正经人,你别转移话题
你别转移话题,都说了再来一天
都说了再来一天,你今天还是我陆小贝女朋友
你今天还是我陆小贝女朋友,别一口一个二手货要想让别人瞧起
别一口一个二手货要想让别人瞧起,你就得先瞧起自己
你就得先瞧起自己,我说的是酒店的事儿
我说的是酒店的事儿,你先端正态度
你先端正态度,我说睡觉就是字面意思
我说睡觉就是字面意思,睡觉
睡觉,我说睡你了吗
我说睡你了吗,把我都想成什么人了
把我都想成什么人了,得
得,我龌龊
我龌龊,对不起
对不起,这就对了
二位是需要现在开房吗,听着真别扭
听着真别扭,身份证
身份证,袁帅你给谁打电话呢 怎么一直占线
我正跟网上这个人商量说怎么修这镜头,小贝整整两天没有来上班了
小贝整整两天没有来上班了,你也不说打个电话问问什么情况
你也不说打个电话问问什么情况,我告诉你你可是他的直接领导
我告诉你你可是他的直接领导,他要出什么事的话
他要出什么事的话,我可跟你没完
你又不乐意你让我怎么着,看来今天晚上又不想睡床了是吗
打还不行吗你这,你真讨厌你
关机了嘛 我没办法,这你孩子去哪了
我哪知道,我问你
我问你,他最近没找你再要钱吧
他找我要我也得有,反正我不管他要没要
反正我不管他要没要,你得给我保证
你得给我保证,从现在开始一分钱都不能给他知道吗
我是一分钱也没有听见了,去哪了呢
我才懒得管,你回头再打个电话接着打
你回头再打个电话接着打,睡着了吗
睡着了吗,舒服
舒服,没睡着啊
继续摸,你知道吗
你知道吗,你特别像一只松鼠
你特别像一只松鼠,真的
真的,那你收养我吧
那你收养我吧,我给你当宠物
我给你当宠物,每天给我俩坚果就行
每天给我俩坚果就行,可我妈不让我在家养宠物
可我妈不让我在家养宠物,那你就金屋藏娇呗
那你就金屋藏娇呗,你哪儿娇了 就知道撒娇
你哪儿娇了 就知道撒娇,怎么样
怎么样,要不你试会儿
要不你试会儿,教我玩滑板
教我玩滑板,你又能找机会揩油是吧
你又能找机会揩油是吧,别老把我想成一动物行吗
别老把我想成一动物行吗,我带你来这儿就是想让你长点自信
我带你来这儿就是想让你长点自信,这女人就怕自己嫌自己老
这女人就怕自己嫌自己老,抓住那青春的小尾巴再踩上我这风火轮
抓住那青春的小尾巴再踩上我这风火轮,就算您是一80岁老太太
就算您是一80岁老太太,那也是一个有上进心的老太太
那也是一个有上进心的老太太,这东西怎么玩
这东西怎么玩,告诉你左脚在前右脚在后
告诉你左脚在前右脚在后,右脚在后
右脚在后,重心一定要放低
重心一定要放低,绝不能放在后脚上
绝不能放在后脚上,容易摔屁墩 你试试 没问题
容易摔屁墩 你试试 没问题,我不会摔了吧
我不会摔了吧,放低重心放低
放低重心放低,重心低没问题
重心低没问题,走你
走你,站得住你放松
站得住你放松,你全身太紧了来
你全身太紧了来,行吗
行吗,往前走
往前走,这是坡儿
这是坡儿,怎么了
怎么了,我摔了你知道吗
我摔了你知道吗,知道
知道,我刚才都看见了
我刚才都看见了,四脚腾空 难度系数250
四脚腾空 难度系数250,摔得那叫一瓷实
摔得那叫一瓷实,摔疼了才会长记性
摔疼了才会长记性,谁玩滑板不摔
谁玩滑板不摔,你呀就是心太急
你呀就是心太急,我差点摔死了你知道吗
我差点摔死了你知道吗,你这不站起来了
你这不站起来了,你都不问 算了
你都不问 算了,算了 你自己玩吧
算了 你自己玩吧,怎么了摔一屁蹲
怎么了摔一屁蹲,把脑袋给摔短路了
把脑袋给摔短路了,你才短路呢
你才短路呢,他刚才叫我大婶
他刚才叫我大婶,你还跟人起哄叫我小姨
你还跟人起哄叫我小姨,我那不是开玩笑呢吗
我那不是开玩笑呢吗,你这开玩笑还是觉得我老啊
你这开玩笑还是觉得我老啊,不是 那 跟我比你确实老
不是 那 跟我比你确实老,不是
不是,我的意思是你虽然年龄大
我的意思是你虽然年龄大,但是你心态年轻对吧
但是你心态年轻对吧,不是你老我又没嫌弃你
不是你老我又没嫌弃你,姚澜 我给你买个水你还没
姚澜 我给你买个水你还没,你不是你别走
你不是你别走,我错了
我错了,5块
5块,我真的错了
我真的错了,就这一次我保证没有下回
就这一次我保证没有下回,是我错了
是我错了,情侣吵架向来都是男方的错
情侣吵架向来都是男方的错,就算你做的过分点
就算你做的过分点,那也是我做的不够好
那也是我做的不够好,陆小贝你到底喜欢我什么
陆小贝你到底喜欢我什么,我不之前就告诉过你吗
我不之前就告诉过你吗,你比我妈善解人意
你比我妈善解人意,比我姐温柔体贴
比我姐温柔体贴,比我之前交过的所有女朋友全都懂事
比我之前交过的所有女朋友全都懂事,你要找的是保姆
你要找的是保姆,保姆哪有你好看
保姆哪有你好看,懂了
懂了,我在你眼里不过是个善解人意
我在你眼里不过是个善解人意,懂得心疼人
懂得心疼人,长得还算漂亮的保姆
长得还算漂亮的保姆,不是我我不是那意思
不是我我不是那意思,咱俩怎么聊这来了肯定聊岔了
咱俩怎么聊这来了肯定聊岔了,我想跟你讲的是爱情
我想跟你讲的是爱情,今天的事到此为止吧
今天的事到此为止吧,5块
5块,明天也到此为止
明天也到此为止,零钱算小费不用找了
零钱算小费不用找了,姚澜
姚澜,咱走着瞧
咱走着瞧,北京太大了 真的
北京太大了 真的,你都不知道我今天去参加面试啊
你都不知道我今天去参加面试啊,我在三元桥那边我绕了5圈
我在三元桥那边我绕了5圈,我愣没绕出去
我愣没绕出去,找路人问
找路人问,好不容易找到一个北京当地人
好不容易找到一个北京当地人,结果这哥们还不如我路都不认识
结果这哥们还不如我路都不认识,那你是去的三元桥
那你是去的三元桥,你要去西直门桥你试试时间长了就习惯了
你要去西直门桥你试试时间长了就习惯了,不是你吃啊
不是你吃啊,不吃我减肥
不吃我减肥,你说在北京找工作怎么就这么难呢
你说在北京找工作怎么就这么难呢,我说你也够奇怪的
我说你也够奇怪的,一个女孩家家的非出来奋斗干嘛
一个女孩家家的非出来奋斗干嘛,我觉得咱们老家挺好
我觉得咱们老家挺好,你的学历放北京不太够
你的学历放北京不太够,但老家绰绰有余
但老家绰绰有余,那我也不回去
那我也不回去,死也要死在北京
死也要死在北京,为什么呀
为什么呀,那我又不是最差的 我为什么要回去啊 我不甘心
那我又不是最差的 我为什么要回去啊 我不甘心,你不是不吃吗
你不是不吃吗,先吃吃饱了再减肥
先吃吃饱了再减肥,既然来了大北京
既然来了大北京,一切可都是新的开始的
一切可都是新的开始的,别总惦记以前的人的事
别总惦记以前的人的事,总得要缓缓嘛
总得要缓缓嘛,毕竟两年多了
毕竟两年多了,那你就找点其他的事情分散一下注意力
那你就找点其他的事情分散一下注意力,比如说逛街 买买买
比如说逛街 买买买,买什么呀
买什么呀,买衣服、买包包
买衣服、买包包,你这上班首先就得穿的体面
你这上班首先就得穿的体面,而且现在人都势利着呢
而且现在人都势利着呢,看你背的包好 是大牌
看你背的包好 是大牌,看你穿得漂亮
看你穿得漂亮,中午吃饭的时候都是主动叫你的 学着点吧
中午吃饭的时候都是主动叫你的 学着点吧,好看 特别好看
好看 特别好看,你照照镜子
你照照镜子,真的特别好看
真的特别好看,你第一天到公司上班买条裙子给自己打打气
你第一天到公司上班买条裙子给自己打打气,我这气太贵了
我这气太贵了,打不起
打不起,咬咬牙也买不起吗
咬咬牙也买不起吗,牙咬碎了都买不起
牙咬碎了都买不起,算了
算了,我脱了啊
我脱了啊,急什么呀
急什么呀,你怎么回事
你怎么回事,你还看不懂局势啊
你还看不懂局势啊,这个时候不能帮张超
这个时候不能帮张超,静姐的两只眼睛可盯着咱们呢啊
静姐的两只眼睛可盯着咱们呢啊,我反正下班也没有什么事情干
我反正下班也没有什么事情干,我就待着也是待着 是吧
我就待着也是待着 是吧,我说你啊 你操那心干嘛
我说你啊 你操那心干嘛,人家张超可厉害着
人家张超可厉害着,以前我们做的大型活动的文案都是他亲自写的
以前我们做的大型活动的文案都是他亲自写的,人家学中文出身的
人家学中文出身的,是要
是要,琼瑶有琼瑶
琼瑶有琼瑶,要古龙就古龙
要古龙就古龙,公司那帮广告部的人文笔都没有他好
公司那帮广告部的人文笔都没有他好,可惜了
可惜了,他就是没有客户亲戚
他就是没有客户亲戚,但是他即便再厉害 我们这个事还挺紧的
但是他即便再厉害 我们这个事还挺紧的,他一个人不行吧
他一个人不行吧,他送你礼物了
他送你礼物了,他承诺给你加工资
他承诺给你加工资,没有吧 你就听我的宝贝
没有吧 你就听我的宝贝,站好队形
站好队形,多一事不如少一事
多一事不如少一事,我车来了
我车来了,记得听我的啊 明儿见
记得听我的啊 明儿见,明天见 慢点
明天见 慢点,热水袋给你摸摸
热水袋给你摸摸,今天桔子背那包特别好看
今天桔子背那包特别好看,Lv最新款前两天刚看过专柜买8700
Lv最新款前两天刚看过专柜买8700,多少
多少,8700
8700,这么贵啊
这么贵啊,限量版更贵
限量版更贵,好几万的都有
好几万的都有,我们要什么时候才能买一个
我们要什么时候才能买一个,LV呀
LV呀,要包吗
要包吗,我跟你说我一个卖高仿包的朋友特别牛
我跟你说我一个卖高仿包的朋友特别牛,做出来那包跟真的一模一样
做出来那包跟真的一模一样,800块钱同样的款
800块钱同样的款,高仿一样背啊
高仿一样背啊,谁会盯着你包去问你这包到底真的假的
谁会盯着你包去问你这包到底真的假的,没人
没人,真够烫的
真够烫的,对
对,那你说
那你说,桔子背的是真的还是假的
桔子背的是真的还是假的,她背假的都像真的
她背假的都像真的,但是有些人背真的的也像假的
但是有些人背真的的也像假的,呵呵
呵呵,也是
也是,其实在北京除了你自己
其实在北京除了你自己,谁也不知道谁几斤几两
谁也不知道谁几斤几两,睡觉吧
我打车捎你吧 走吧,不用了 前面有个公交车站 好像有个特字头的车
不用了 前面有个公交车站 好像有个特字头的车,我就坐那个
就那个双层公交,嗯 我从来都没坐过
嗯 我从来都没坐过,应该挺有意思的
应该挺有意思的,我想体验一下
要不一起吧 走,我发现你每天都背着这个电脑吗
不用提心吊胆的等到回家以后再发 而且有的时候 当时没有处理 事后就忘记了 客户也丢了,有道理
有道理,张总
张总,你是什么时候来的公司
到现在公司给的机会也挺好的,那你真的好厉害
真的好重啊,说谁呢 你是最胖的
说谁呢 你是最胖的,吃了吗
我吃了豆腐脑配油条,豆腐脑啊
豆腐脑啊,北方的豆腐脑是不是咸的啊
都是咸的,你说他们都做咸了
你说他们都做咸了,为什么不做成辣的呢
为什么不做成辣的呢,我们四川豆腐脑也不能说是豆腐脑是豆花
我们四川豆腐脑也不能说是豆腐脑是豆花,豆花是辣的
豆花是辣的,特别好吃
特别好吃,有机会你一定要吃
怎么一起生活,南北习惯有差异
南北习惯有差异,不代表咱们有差异
不代表咱们有差异,但是要是不会吃辣
但是要是不会吃辣,不能一起生活
喂我吃一个,好吃吗
然后半年之后你就可以买什么牌子的,LV
LV,不行
不行,我跟人家姚梅都已经说好了
我跟人家姚梅都已经说好了,我要跟他一起合租
我要跟他一起合租,房子 如果提前要走的话
房子 如果提前要走的话,不是把人家给坑了 对吧
我觉得真的没有这个必要,你对人家姚梅有偏见
看看有什么办法能解决,不好
为什么不好,你想想
你想想,你知道 他说了
你知道 他说了,等于跟全公司都说了
等于跟全公司都说了,全公司都知道也就说明领导知道了
全公司都知道也就说明领导知道了,领导你就惨了 你就升不了职了
好不好,我觉得不好
你就搬过来跟我一起住好不好,不好
好吗,你在想什么
你在想什么,走了啊
你是不是忘了什么东西,手机 带啦
那你走吧,你被人打啦
你被人打啦,你才被人打
你才被人打,不是你
不是你,这不五一长假吗
这不五一长假吗,我去
我去,你整容了
你整容了,对啊
对啊,那现在这些是假的
那现在这些是假的,那你这个疼吗
那你这个疼吗,还好还好
还好还好,我也不知道
我也不知道,给你看个东西
给你看个东西,这也是假的
这也是假的,什么假的 这个没动
什么假的 这个没动,这个
这个,真漂亮
真漂亮,谁让你动手了
谁让你动手了,这佛牌不能动手
这佛牌不能动手,你一动手把我桃花拿走了
你一动手把我桃花拿走了,先说啊
先说啊,不许告诉任何人
不许告诉任何人,不说不说 我谁都不说
不说不说 我谁都不说,我不会说的
我不会说的,动这个特别花钱
动这个特别花钱,花了我一年的积蓄
花了我一年的积蓄,信用卡都刷爆了你知道吗
信用卡都刷爆了你知道吗,所以人家没钱吃饭了
所以人家没钱吃饭了,你管不管我呀
你管不管我呀,那 要不你先吃这个
那 要不你先吃这个,我是想吃 可是不能吃辣的
我是想吃 可是不能吃辣的,我给你炒个面
我给你炒个面,给你炒点青菜什么的好吧
给你炒点青菜什么的好吧,你等我啊
你等我啊,我就知道你最好了
好多车呀,对啊
咋们什么时候能有辆车,我们有车呀
干嘛我还没嫌弃你,我嫌弃你
快快快 开始了,开始了
可好吃了,你要涨工资了
差不多吧,这么厉害
你觉得怎么样,我觉得
我觉得,如果这两年你在北京待着
如果这两年你在北京待着,说不定咱们也能混一个集团的总经理当当呢
你做什么白日梦,那你现在不也挺好的吗
那你现在不也挺好的吗,你想想看
你想想看,工资也不错
工资也不错,那职位也不错
那职位也不错,你一直呆在这边肯定是越来越好的
你一直呆在这边肯定是越来越好的,然后到时候你把你爸妈都接来不是更好吗
你要喝什么,有什么喝什么
只有奋斗还得有生活,怎么就没有生活了呢
怎么就没有生活了呢,你看现在多好
你看现在多好,喝着可乐可啃着鸭脖
喝着可乐可啃着鸭脖,鸡爪子啃一啃
鸡爪子啃一啃,还有那花你看 我买的花真新鲜呢
祝你生日快乐,我就说呢 还骗
我就说呢 还骗,我骗我是去见客户 就给我买蛋糕去了
是不是还挺好看的,只有蛋糕
还有金钱豹,真的去吃
真的去吃,走啊
Surprise,Yeah
Yeah,快点打开给我看看
快点打开给我看看,快点
快点,爱你爱你 超爱你的 要死了要死了 买到了买到了
走走走 走啦,梅梅 我想问你个问题
梅梅 我想问你个问题,以前为什么来北京
以前为什么来北京,来北京
来北京,这是为了生活好一些
这是为了生活好一些,那你说算不算是一种虚荣
那你说算不算是一种虚荣,骂谁呢 说谁虚荣呢
骂谁呢 说谁虚荣呢,你别误会我不是那个意思
你别误会我不是那个意思,我不是说
我不是说,那你什么意思
那你什么意思,你说的那种更好的生活
你说的那种更好的生活,太宽泛了
太宽泛了,什么叫更好的生活
什么叫更好的生活,更好的生活
更好的生活,这你都不知道 更好的生活
这你都不知道 更好的生活,你看像我 我26岁之前一定要把自己嫁出去
你看像我 我26岁之前一定要把自己嫁出去,找一个靠谱的老公
找一个靠谱的老公,然后迅猛生一对儿龙凤胎
然后迅猛生一对儿龙凤胎,老公需要的时候拿着我就要打扮的美美的陪他去应酬
老公需要的时候拿着我就要打扮的美美的陪他去应酬,如果他不需要
如果他不需要,我就在家带娃
我就在家带娃,你都想好了
你都想好了,那你想过你老公是什么标准的吗
那你想过你老公是什么标准的吗,当然是要对自己好的了
当然是要对自己好的了,我希望我的老公跟我想的得是一样的
我希望我的老公跟我想的得是一样的,最起码得是一个方向
最起码得是一个方向,方向什么方向
方向什么方向,你要去哪儿
你要去哪儿,梅梅 过两天我就搬走了
梅梅 过两天我就搬走了,你找好房子了
你找好房子了,你要没找好的话我陪你去找
你要没找好的话我陪你去找,不用不用 这是我新老板的房子
不用不用 这是我新老板的房子,他一共有4套房子
他一共有4套房子,然后就便宜租给我一套
然后就便宜租给我一套,正好离我们新公司近
正好离我们新公司近,你老板不是一女的吗
你老板不是一女的吗,对
对,女的为啥对你这么好
女的为啥对你这么好,你要小心
你要小心,小心
陈可 这个钥匙就交给你了,谢谢顾总
谢谢顾总,谢谢您对我这么好
我就不留给你了,不用了顾总
不用了顾总,您都拿回去吧我用不到的
现在呢就麻烦你帮我好好照看一下,那我一定好好帮您保管
那我一定好好帮您保管,顾总
顾总,真的好羡慕你
真的好羡慕你,你那么厉害
你那么厉害,有这么多这么好的东西
有这么多这么好的东西,还有几套房子
还有几套房子,是怎么赚到这么多钱的
我是教你别犯傻,顾总
顾总,你说
你说,有欲望的女人
有欲望的女人,男人是不是不喜欢
是陈可吗,卢家凯
卢家凯,我知道你
我知道你,不好意思
不好意思,我对你在学校里没有印象
我对你在学校里没有印象,理解 理解 我们不是一个专业的
理解 理解 我们不是一个专业的,所以很少交集
所以很少交集,但是你是不是之前参加过十佳歌手大奖赛冠军
但是你是不是之前参加过十佳歌手大奖赛冠军,行行行 可别再提这事儿
行行行 可别再提这事儿,唱得那么差
唱得那么差,还能拿冠军
还能拿冠军,这说得有道理
这说得有道理,当时觉得特别有自信
当时觉得特别有自信,还去参加快乐男声
还去参加快乐男声,结果海选就被刷了
结果海选就被刷了,淘汰了
淘汰了,这些比赛都是靠运气别往心里去
这些比赛都是靠运气别往心里去,对了
对了,晓芸跟我说你在北京卖房卖得特别好
晓芸跟我说你在北京卖房卖得特别好,是我小姨夫他在北京一个房地产公司干干的挺好的
是我小姨夫他在北京一个房地产公司干干的挺好的,房子吗 刚需 惦记的人比较多
房子吗 刚需 惦记的人比较多,我听晓芸说你是想买房
我听晓芸说你是想买房,是有考虑
是有考虑,但是我毕竟现在还没这个实力
但是我毕竟现在还没这个实力,所以想先找专业的了解一下
所以想先找专业的了解一下,拿你对购房的政策还有贷款的政策你了解吗
拿你对购房的政策还有贷款的政策你了解吗,不了解
不了解,是有什么政策吗
是有什么政策吗,我仔细给你讲讲
我仔细给你讲讲,但按你这么说 这样交贷款
但按你这么说 这样交贷款,每天白交给银行多少钱
每天白交给银行多少钱,不是白交
不是白交,怎么能是白交
怎么能是白交,这是投资
这是投资,这是理财
这是理财,当然不是白交
当然不是白交,你说整个北京那么多人
你说整个北京那么多人,有几个能拿全款买房子的
有几个能拿全款买房子的,有一句话我觉得说得特别对
有一句话我觉得说得特别对,你不理财财不理你
你不理财财不理你,咱们都已经快奔30的人了
咱们都已经快奔30的人了,得研究研究
得研究研究,得研究研究
得研究研究,女孩子嘛 一般一碰到金钱这方面就会脑子糊涂
女孩子嘛 一般一碰到金钱这方面就会脑子糊涂,别提了我经济头脑 没有
别提了我经济头脑 没有,所以你就别操心这些事
所以你就别操心这些事,对于女人来说什么最重要
对于女人来说什么最重要,嫁得好
嫁得好,哇 姐 你每天出门都带这么多口红
你觉得,我涂了
就送给你,那 谢谢
你慢慢来,耽误了合同
耽误了合同,还好你没有生气
还好你没有生气,还愿意继续跟我们合作
还愿意继续跟我们合作,所以我以后一定会加强身体锻炼
所以我以后一定会加强身体锻炼,不会再出现这种情况了
不会再出现这种情况了,谢谢于总
要多注意身体啊,于总我们公司非常重视跟您的合作
于总我们公司非常重视跟您的合作,所以针对您的合同
所以针对您的合同,我们又特别开了一次会
我们又特别开了一次会,所有的细节可以根据您的意见调整
所有的细节可以根据您的意见调整,我们根据您的提议拟出了三个合同
我们根据您的提议拟出了三个合同,三种模式
三种模式,三个选择
三个选择,当初ok的是这一本你可以看一下
当初ok的是这一本你可以看一下,于总这次的合同的确拖得太久了是我个人的原因
于总这次的合同的确拖得太久了是我个人的原因,我正要跟您说一声不好意思
我正要跟您说一声不好意思,我自罚一杯
我先看一下吧,今天我们顾总因为合同的事情跟我发了脾气
今天我们顾总因为合同的事情跟我发了脾气,然后在整个部门面前跟我说
然后在整个部门面前跟我说,如果这单生意拿不下来
如果这单生意拿不下来,就让我走人
就让我走人,其实我们顾总对我特别好
其实我们顾总对我特别好,他把他的房子租给我住
他把他的房子租给我住,而且还在工作上
而且还在工作上,生活上都帮助我特别多
生活上都帮助我特别多,其实失去一份工作没关系
其实失去一份工作没关系,我可以再找
我可以再找,但是失去一个那么看重我
但是失去一个那么看重我,然后又愿意栽培我的人
然后又愿意栽培我的人,我觉得我觉得我真太不争气了
我觉得我觉得我真太不争气了,我是真的要卷铺盖走人了
只要肯努力 一切都会好起来的,不好意思 我有点失态了
不好意思 我有点失态了,没事我缓一缓就好了
平时喜欢看书,对
对,从小就喜欢 放本书在包里
从小就喜欢 放本书在包里,平时等车等人都可以看
所以买了一个大的希望你喜欢,无功不受禄 我真的没办法收这么贵重的礼物
这算是我一点小小的心意,你为什么不告诉别人我是你女朋友
你说什么,你从来都没有跟别人说过我是你女朋友
你从来都没有跟别人说过我是你女朋友,之前是因为刚刚开始合作
之前是因为刚刚开始合作,现在已经相处了很长一段时间
现在已经相处了很长一段时间,为什么不能说
有什么不一样吗,当然不一样
你干嘛,把你的屏保改成我们的合照
我那手机设不了屏保,没关系
没关系,我可以把通讯录里面的名字改成宝贝
你怎么了,我就想光明正大的谈个恋爱怎么了
大姨妈来了,这新楼盘你别看现在不行
这新楼盘你别看现在不行,旁边都是空的
旁边都是空的,用不了三年
用不了三年,就三年
就三年,什么都有了
什么都有了,市中心医院旁边有分院
市中心医院旁边有分院,国际学校这儿有分校
国际学校这儿有分校,楼下还有进口超市
楼下还有进口超市,最重要的你知道是什么吗
最重要的你知道是什么吗,首付你付得起
首付你付得起,首付付得起啊
首付付得起啊,那你后头还要贷款是吧
那你后头还要贷款是吧,我总得每天吃吃喝喝对不对
我总得每天吃吃喝喝对不对,所以这谈的什么恋爱
所以这谈的什么恋爱,找的什么男朋友还富二代呢
找的什么男朋友还富二代呢,我要是富二代
我要是富二代,我直接跟我女朋友说你过生日我送你套房
我直接跟我女朋友说你过生日我送你套房,你这什么价值观不愿意跟你聊天了
你这什么价值观不愿意跟你聊天了,那咱俩感情还深呢
那咱俩感情还深呢,要么送我一套房子得了
要么送我一套房子得了,你要是跟我在一块了
你要是跟我在一块了,我还用送一套房
我还用送一套房,你还用买房
你还用买房,这房子不就是你的了
这房子不就是你的了,卢家凯
卢家凯,就你看看你昌平区的大house
就你看看你昌平区的大house,我还无福消受呢
我还无福消受呢,这离我上班的时候最起码三个小时
这离我上班的时候最起码三个小时,骑马不行不行 骑马肯定慢
骑马不行不行 骑马肯定慢,骑马肯定慢
骑马肯定慢,开车两个半小时
开车两个半小时,你这就是地域歧视
你这就是地域歧视,我很不满意
我很不满意,轮得找你不满意吗
轮得找你不满意吗,就应该在我上班的地方旁边买个地下室
就应该在我上班的地方旁边买个地下室,最实惠
最实惠,你知道这叫什么
你知道这叫什么,侵占公共资源
侵占公共资源,你说好不容易找一富二代男朋友
你说好不容易找一富二代男朋友,你什么也不要
你什么也不要,人家什么也不送
人家什么也不送,你把这些东西给有需要的姑娘们分享一下好不好
你把这些东西给有需要的姑娘们分享一下好不好,我看上的是他的人又不是他的钱
我看上的是他的人又不是他的钱,你懂什么
你懂什么,这叫真爱
这叫真爱,true love
true love,我是不懂
我是不懂,我就知道你整天跟人家吃鲍鱼吃海参
我就知道你整天跟人家吃鲍鱼吃海参,就趁人家出差跑这来蹭冒菜
就趁人家出差跑这来蹭冒菜,穷命
穷命,你就诅咒我的幸福
你就诅咒我的幸福,你就 吃你的冒菜
怎么那么早起,我跟卢家凯约了去看房子
我跟卢家凯约了去看房子,我想早点去就可以多看几套
真的要买房了,对
对,我要在北京买个小一点的房子
我要在北京买个小一点的房子,然后还可以接我妈过来住
然后还可以接我妈过来住,所以你下午不陪我去雪茄会馆了
所以你下午不陪我去雪茄会馆了,看情况我也不知道看看房要看到什么时候
看情况我也不知道看看房要看到什么时候,而且我不是特别喜欢雪茄花吧种味道
而且我不是特别喜欢雪茄花吧种味道,我觉得乌烟瘴气的头疼
我觉得乌烟瘴气的头疼,我今天可以不去了
好了,下次再教你怎么品雪茄吧 你有房地产的朋友可以打折吗
一大早就叹气,我要买房就要给银行贷款
我要买房就要给银行贷款,这一贷款
这一贷款,我就家徒四壁
我就家徒四壁,喝西北风
喝西北风,最起码喝20年 最少的
没关系 我养你了,说的是真的吗
上门好了,我买了明天晚上
走之前能见到他吗,我也不知道
也没发挥出作用来,妈
妈,你别这么说 你就看看我吧
你别这么说 你就看看我吧,长了三斤肉 白长啦 都是你的功劳
要不然以后一块一块很难看,好
好,挺疼的
那我可要加倍虐你咯,我控制 控制
这样你就可以按照我的标准自己做,明天我好像有别的事
明天我好像有别的事,但没事 你等我电话吧
好我等你,顾总要结婚了
顾总要结婚了,又要结婚
又要结婚,这三婚了吧
这三婚了吧,对
对,我一个客户 汽车客户 看了顾总第一眼
我一个客户 汽车客户 看了顾总第一眼,神魂颠倒 意乱情迷
神魂颠倒 意乱情迷,穷追不舍
穷追不舍,最后 追上了
最后 追上了,厉害
厉害,顾总啊我是服的
顾总啊我是服的,大姐真厉害
大姐真厉害,顾总是幸福的
顾总是幸福的,我这儿稍许有点尴尬
我这儿稍许有点尴尬,你尴尬什么
你尴尬什么,准备结婚呀
准备结婚呀,宁住市里地下室 不住五环大别墅
宁住市里地下室 不住五环大别墅,行
行,故宫99间都空着
故宫99间都空着,你住那去吧
你住那去吧,说什么呢
说什么呢,谁呀
谁呀,为什么不接
为什么不接,哪个追求者对你穷追不舍
哪个追求者对你穷追不舍,这就追求者可疯狂了
这就追求者可疯狂了,我妈
我妈,他老是觉得我婚恋观有问题
他老是觉得我婚恋观有问题,想找我聊聊
想找我聊聊,我都不知道跟她聊什么
我都不知道跟她聊什么,你就说我在我男朋友家玩游戏不方便跟你聊
你就说我在我男朋友家玩游戏不方便跟你聊,我妈有那么好糊弄就好了
我妈有那么好糊弄就好了,他就不会刚生完我就跟我爸离婚
他就不会刚生完我就跟我爸离婚,他性子倔
他性子倔,认真
认真,我妈也一样
我妈也一样,看着老家从小那些朋友们同学们生孩子结婚了
看着老家从小那些朋友们同学们生孩子结婚了,就一个劲催我
就一个劲催我,催我的何止我妈
催我的何止我妈,还有李晓芸
还有李晓芸,你都不知道
你都不知道,他每次给我打电话跟我说什么
他每次给我打电话跟我说什么,听我说
听我说,乖乖你赶快生个娃娃
乖乖你赶快生个娃娃,生个娃生活就不一样了
生个娃生活就不一样了,是不是
是不是,心情天天非常好 跑来跑去跑来跑去都啥子啥子
心情天天非常好 跑来跑去跑来跑去都啥子啥子,别不高兴了
别不高兴了,要不这样 等到30岁
要不这样 等到30岁,我要未娶 你也未嫁
我要未娶 你也未嫁,咱俩就凑合过得了
咱俩就凑合过得了,美得你
美得你,便宜你了好吗
便宜你了好吗,是便宜 多便宜 多少钱一斤
过起日子来肯定差不了,你这是科学相亲都能出本教科书了
可是很有品位的,像我这么不懂生活
像我这么不懂生活,跟人家聊什么
你一夸他肯定开心,那也得能夸
那也得能夸,好好都听你的
对不对,对
对,我就本着交朋友的心态跟他好好相处
相亲不成就当是积累人脉,行
我先出去工作,赵总 来尝尝我们刚刚换的爱尔兰咖啡
赵总 来尝尝我们刚刚换的爱尔兰咖啡,这可是我们小新亲自磨的
你们公司新来的那个上海姑娘,上海
上海,您说Mary吧
今天怎么没有看到他,您见过他吗
我们上次在西餐厅开会,我想起来了
我想起来了,我们上次在西餐厅开会
我们上次在西餐厅开会,然后我让他给我送资料是吧
然后我让他给我送资料是吧,我记得
我记得,我记得
我记得,你们没说话吧
你们没说话吧,你们没说话吧
你们没说话吧,你们怎么认识的
那高中就在我家隔壁,的确这些信息我都不知道
的确这些信息我都不知道,对于下属的确是疏于关照了
对于下属的确是疏于关照了,姐姐你别晃了
姐姐你别晃了,你晃的我脑子都炸了
你晃的我脑子都炸了,电话都不接了
电话都不接了,他们这些人都是什么态度
他们这些人都是什么态度,你看现在几点了
你看现在几点了,9:30
9:30,我7:00就点外卖了
我7:00就点外卖了,不是我说
不是我说,上海的外卖都送过来了
上海的外卖都送过来了,跟我说地址错了
跟我说地址错了,那地址错了你就送到对的地方不就完了吗
那地址错了你就送到对的地方不就完了吗,结果还把饭拿回餐厅
结果还把饭拿回餐厅,再从餐厅折回到我这边
再从餐厅折回到我这边,拜托任何行业干事情都要带脑子
拜托任何行业干事情都要带脑子,懂不懂这些人
懂不懂这些人,你要是真饿了
你要是真饿了,有饼干
有饼干,有零食
有零食,还有水果
还有水果,先垫一垫
先垫一垫,马上就来了
马上就来了,不行
不行,我要投诉他们
我要投诉他们,讲不讲道理啊 你都几点了怎么吃饭
讲不讲道理啊 你都几点了怎么吃饭,你看你现在女强人那样
你看你现在女强人那样,我就这样
我就这样,不懂 来自西班牙的红酒
不懂 来自西班牙的红酒,今天早上刚刚从法国空运过来的鹅肝
今天早上刚刚从法国空运过来的鹅肝,你想想看
你想想看,来自法国香榭丽舍的浪漫
来自法国香榭丽舍的浪漫,配合上来自西班牙的热情
配合上来自西班牙的热情,这两种融合在味蕾那是怎样一种味蕾上的享受
这两种融合在味蕾那是怎样一种味蕾上的享受,行行行
行行行,我尝尝这跟三元里菜市场买的有什么不一样
我尝尝这跟三元里菜市场买的有什么不一样,干嘛呢 优雅的对待它食物是有生命的
干嘛呢 优雅的对待它食物是有生命的,生命
生命,放的什么音乐
放的什么音乐,这曲调 这风格 跟丧葬音乐似的
这曲调 这风格 跟丧葬音乐似的,这是日本的歌舞伎音乐
这是日本的歌舞伎音乐,欸
欸,欸
欸,可以啊
可以啊,你说买那么多高级玩意儿
你说买那么多高级玩意儿,是他买的 还是你买的
是他买的 还是你买的,很多东西你要追求的不仅仅是这种表面上的东西
很多东西你要追求的不仅仅是这种表面上的东西,你要更多地追求的是那种精神的享受
你要更多地追求的是那种精神的享受,那种那种超越灵魂的一种至高无上的追求
那种那种超越灵魂的一种至高无上的追求,亲爱的看完了
亲爱的看完了,手机静音是对电影最起码的尊重
手机静音是对电影最起码的尊重,对不起
对不起,我刚是打了个工作电话
我刚是打了个工作电话,你这种行为让这部电影大打折扣
你这种行为让这部电影大打折扣,对不起
对不起,我下次不这样了
我下次不这样了,我陪你继续看好不好
我陪你继续看好不好,我还要看什么呢
我还要看什么呢,我现在真的我的天哪我一点感觉都没有了
我现在真的我的天哪我一点感觉都没有了,你说我全乱了我
你说我全乱了我,我还有必要看吗
我还有必要看吗,没事没事
没事没事,没感觉我帮你找
没感觉我帮你找,我们看点诙谐幽默的
我们看点诙谐幽默的,不用看这种周星驰的喜剧之王可好看了
不用看这种周星驰的喜剧之王可好看了,我陪你看好不好
我陪你看好不好,亲爱的
亲爱的,你别生气了
你别生气了,你这样生气我都不知道该怎么办了
你这样生气我都不知道该怎么办了,对不起
对不起,尊重艺术是我的底线
尊重艺术是我的底线,希望你能理解我
希望你能理解我,我理解我都理解是我做的不好
我理解我都理解是我做的不好,我下次再也不这样了
我下次再也不这样了,我希望能够做最好的自己
我希望能够做最好的自己,反正你现在已经很好了
反正你现在已经很好了,我会越来越好的
我会越来越好的,我会努力会加油的
我会努力会加油的,对了
对了,刚才我接了一个工作电话
刚才我接了一个工作电话,你也知道我接了个案子
你也知道我接了个案子,是那个手机广告
是那个手机广告,我想说能不能有荣幸请你帮我拍广告
我想说能不能有荣幸请你帮我拍广告,我知道这事有点大材小用
我知道这事有点大材小用,没问题
没问题,你的事就是我的事
你的事就是我的事,你对我真好
你对我真好,一切都是最好的安排
叶总,进来
进来,你要求利群连锁的单子
而且我跟利群的毛总也有点交情,我还是提醒你
我还是提醒你,先跟汪涵去商量一下
汪涵 也要做利群,她的方案已经提上来了
她的方案已经提上来了,我也给她签字了
我也给她签字了,我现在只能做的 就是让你们去协商
我现在只能做的 就是让你们去协商,你们协商好了
你们协商好了,我再给你签字
我要跟你抢毛总的单子,我也跟你直说
我也跟你直说,我没法退出竞争
我没法退出竞争,我们在老家结婚
我们在老家结婚,光婚礼就花了20多万
光婚礼就花了20多万,本来还想指着礼金收回呢
本来还想指着礼金收回呢,结果他妈竟然贷款 被人骗了100多万
结果他妈竟然贷款 被人骗了100多万,这点礼金全都补这窟窿眼里了
这点礼金全都补这窟窿眼里了,我跟你说句实话啊
我跟你说句实话啊,你以为我们那么着急结婚吗
你以为我们那么着急结婚吗,每个月房贷一万多
每个月房贷一万多,我现在一穷二白了
我现在一穷二白了,我太需要这个单子了
你缺多少钱你跟我说呀,不是管你借钱
不是管你借钱,我是告诉你 我没法退出竞争
不会护着我,你今天干嘛跟潘芸说那些
我说什么了,什么最危险的人
什么最危险的人,不是陌生人是熟人
不是陌生人是熟人,你不指着她鼻子骂吗
你不指着她鼻子骂吗,我那是说我妈的事儿呢
我那是说我妈的事儿呢,你放屁
你放屁,你当她傻呀
你当她傻呀,你要不是她的朋友 换她原来脾气 早就一个茶壶飞过去了
你要不是她的朋友 换她原来脾气 早就一个茶壶飞过去了,我告诉你 你以后不要这么说
我告诉你 你以后不要这么说,潘芸 也别这么说赵小亮
吃一口吃一口,不吃不吃
请您尽快还款,不好意思啊
不好意思啊,那个 我们不是因为有资金问题断供的
那个 我们不是因为有资金问题断供的,我可能是那个 
我可能是那个 ,自动转账的卡上没有钱了
自动转账的卡上没有钱了,我马上就给您转过去
也影响您以后信用卡的申请,好了好了 我知道了
好了好了 我知道了,那我先忙 不说了
待会儿把这个给儿子换上,赵小亮 你太不地道了
赵小亮 你太不地道了,你别关门啊
你别关门啊,让大家都听听
让大家都听听,你答应给我最佳折扣和特别优惠方案的
来来来 坐下说,你别碰我
你别碰我,现在10周年庆马上就要开始了
现在10周年庆马上就要开始了,我合同都签了
我合同都签了,你翻脸不认人了
你翻脸不认人了,我现在怎么办
我现在怎么办,毛总的单子做不成了
毛总的单子做不成了,我跟他朋友都做不成了
我跟他朋友都做不成了,我以后再也没法见他了
我以后再也没法见他了,你让我怎么办
我觉得时间还来得及,来不及了
来不及了,就算我现在跟毛总签合同
就算我现在跟毛总签合同,仓库物流那边也不干哪
坐,我觉得她会爱上你
我觉得她会爱上你,今早你问我们
今早你问我们,潘芸会爱上你吗
玩笑啊 你当真啊,我还是觉得 她会爱上你
我们的小团队就散伙了,至少他们今天的反应
至少他们今天的反应,让我相信他们不是一个有配合有策略的团队
让我相信他们不是一个有配合有策略的团队,这些反应我相信都是真实的
这些反应我相信都是真实的,不像是商量过的
不像是商量过的,如果是 他们就是太好的演员了
我开玩笑的,那可以
那可以,安排大家聚会了
安排大家聚会了,让赵小亮亮亮相
你也要给自己挑个男伴,不是你吗
怎么可以对自己做这样的事,我不想给大哥添堵
我不想给大哥添堵,也不想伤害南海
也不想伤害南海,我夹在他们两个人中间 太难过了
你是我见过最无公害的湖南妹子了,南海向我求婚了
南海向我求婚了,我没答应他
赶快把他叫过来 答应他,他向我求婚的时候
他向我求婚的时候,我心里想的就是 这个人怎么不是大哥啊
我心里想的就是 这个人怎么不是大哥啊,我才发现 我还爱着大哥
大哥每睡一个妹妹 都是因为之前不认识她们,你怎么那么狠呢
受害最深的时候就回到这个梦里,我跟大哥在一起的时候还没南海呢
我跟大哥在一起的时候还没南海呢,后来跟南海认识
后来跟南海认识,刚刚开始那段时间
刚刚开始那段时间,我确实跟大哥有一搭无一搭的
我确实跟大哥有一搭无一搭的,毕竟有过感情嘛
毕竟有过感情嘛,而且单子上的事情还得让他帮忙
而且单子上的事情还得让他帮忙,可后来我跟南海关系稳定了
可后来我跟南海关系稳定了,我就跟大哥说清楚了
我就跟大哥说清楚了,再也不来往是我主动提的
再也不来往是我主动提的,不见面 不打电话
不见面 不打电话,我连他单子都不做了
我连他单子都不做了,心里想吧 这藕断丝连的也不是回事
心里想吧 这藕断丝连的也不是回事,要断就得彻彻底底
那那20万呢 怎么回事,就是结婚前两天 大哥突然给我打了个电话
就是结婚前两天 大哥突然给我打了个电话,我一看 接吧 这也没什么
我一看 接吧 这也没什么,我马上就要结婚了
我马上就要结婚了,顺便把这个消息告诉他呗
顺便把这个消息告诉他呗,他听了
他听了,也没说什么
也没说什么,要送我个结婚礼物
要送我个结婚礼物,我说我不要 我肯定不要
我说我不要 我肯定不要,他说
他说,他就在我公司楼下 就见一面
他就在我公司楼下 就见一面,在停车场 见一面他就走
我在登记前一分钟跟赵小亮分手了,别闹
你跟大哥上床了吗那天,没有 怎么
没有 怎么,可能啊
可能啊,但是特奇怪
但是特奇怪,也不知道为什么 那天我俩都哭
他为什么一看见20万就联想到大哥了,就是因为我跟大哥藕断丝连那会儿 有一次见面被南海碰到了
就是因为我跟大哥藕断丝连那会儿 有一次见面被南海碰到了,跟我闹的呀
跟我闹的呀,我当时就跟他保证
我当时就跟他保证,以后再也不见面了
真的,好 听你的
好 听你的,行
算得上三顾茅庐了,南海
南海,那二十万我骗你了
那二十万我骗你了,对不起
那你现在说,其实 其实
其实 其实,其实那钱是我爸给的
其实那钱是我爸给的,他给了我二十万
他给了我二十万,他一直搞收藏
他一直搞收藏,被人骗了一辈子
被人骗了一辈子,就捡了这么一个漏
就捡了这么一个漏,沈南苹的一幅画 他卖了二十万
沈南苹的一幅画 他卖了二十万,我一直没告诉你是因为 你妈妈欠的钱让我爸爸来还
我一直没告诉你是因为 你妈妈欠的钱让我爸爸来还,我怕你心里不平衡
我怕你心里不平衡,我谁都没告诉
我谁都没告诉,连我妈妈都没告诉
我没告诉赵小亮是他送的,你是不是跟于总有什么
没什么,你不告诉我就是有什么
真的什么都没有,总得有点什么吧
总得有点什么吧,可能我们自己心里不清楚那是什么
从头发丝到脚趾头我都爱,我好羡慕你啊
可是我还是没有告诉他,你怕什么呀
你怕什么呀,反正你跟于总又没什么关系
反正你跟于总又没什么关系,我是相信你啊
我是相信你啊,再说了 赵小亮又不是小心眼的人
我就想有个小秘密,你呀
你呀,我跟南海也没说
我跟南海也没说,就准备要跟他坦白之前的0.01秒
就准备要跟他坦白之前的0.01秒,我实在是说不出口
我实在是说不出口,没办法我就骗他
没办法我就骗他,那钱是我爸给的
那钱是我爸给的,你猜他说什么
你猜他说什么,后来反过味了
后来反过味了,他说就算那个钱是大哥给的
他说就算那个钱是大哥给的,那也没事
那也没事,我当时真想抽自己啊
我当时真想抽自己啊,又给自己挖了个大坑
在自己衣领上 臭烘烘的,你都不知道
你都不知道,昨天在我宣布公司生死一线的时候啊
昨天在我宣布公司生死一线的时候啊,我见到下属的表情啊
我见到下属的表情啊,我真的被他们感动了
是吗,姑娘们站起来头也不回地走出去
姑娘们站起来头也不回地走出去,捏着拳头
捏着拳头,就像小伙子一样
就像小伙子一样,我真希望能够成为她们中的一员
我真希望能够成为她们中的一员,一起并肩战斗
你看看,他们今天又见面了
你知不知道赵小亮的逻辑呀,他救了公司
他救了公司,可是又继续跟丁乔见面
可是又继续跟丁乔见面,我看需要你 跟赵小亮去谈一谈
一按开 一按停,也许 这就是开关啊
老婆,现在写啊
现在写啊,干嘛在这儿啊
所以呢我就决定在这 这儿特别好,写这干嘛呀
对咱俩特别有帮助,我没有秘密
我没有秘密,就写实话是吧
就写实话是吧,你也得写啊
而且必须原谅对方,好
来吧,你还跟一个湖北女孩谈过两年恋爱 两年
人家都到美国结婚生孩子了 过,每天晚上我睡着以后你还偷偷吃蛋炒饭
人哪儿长得像袋鼠了,不是得说实话吗
真是大哥给的,不是说好不生气吗
这他妈能一样吗,这个猪头敢诈我
南海也没大错,可不是小事
可不是小事,二十万哪
二十万哪,要是退给他什么事都没有
要是退给他什么事都没有,穷才文艺 
你就当借他一笔钱,太伤他面子了
我去谈,不用不用
不用不用,我自己谈
我自己谈,于总跟你提这样的要求
可不是吗,然后呢
不过这事我还是没有告诉赵小亮,别呀 必须得跟赵小亮说
别呀 必须得跟赵小亮说,我就是你的前车之鉴
我就是你的前车之鉴,再说你什么事都没有
再说你什么事都没有,怕什么呀
再说所有事不就穿帮了,你还爱他吗
当然爱了,可你们分居了呀
所以说我把自己卡这儿了,别提了
别提了,昨天晚上我想讨好讨好我老公
昨天晚上我想讨好讨好我老公,然后把自己搞得香喷喷的往他面前一站
然后把自己搞得香喷喷的往他面前一站,你猜怎么着
你猜怎么着,他直接把我推下床了
他直接把我推下床了,我劈头盖脸给他一顿揍啊
我劈头盖脸给他一顿揍啊,就算不过了
就算不过了,也不能这样
也不能这样,我忍他好久了
我忍他好久了,他现在完全是蹬鼻子上脸
他现在完全是蹬鼻子上脸,要我说啊 看好赵小亮
她躲开了,于生你也该谈恋爱了
于生你也该谈恋爱了,恭喜你呀 找到了对象
恭喜你呀 找到了对象,你大胆地约她呀
你大胆地约她呀,我会推荐一些很好的餐厅给你
我会推荐一些很好的餐厅给你,都是我喜欢去的
来 吃豆腐,好
叶总,你的前妻
她要干嘛,是啊
是啊,她要干嘛呢
她要干嘛呢,她写你的投诉信
她写你的投诉信,寄到人力部 人力部再转到我这里
寄到人力部 人力部再转到我这里,她在信里面说你骚扰她
她在信里面说你骚扰她,用各种方式
您别相信她 她性格就这么极端,她连联系方式都写在里面了
她连联系方式都写在里面了,她说不怕
她说不怕,我去找她核实情况
我去找她核实情况,你到底有没有骚扰她
我在前两家公司也遇到过这种情况,说实话
说实话,你前妻那些无赖的方法 在我们ABA这么大的公司里面是没用的
你前妻那些无赖的方法 在我们ABA这么大的公司里面是没用的,要是她继续写信
要是她继续写信,我们公司有法务部门去介入
我们公司有法务部门去介入,那当然 前提是你没有撒谎
有一点得说明白,说吧
他现在每天都受折磨,你想干什么
到时候您别介意,你这样做是违法的
她现在连爷爷奶奶都不让马儿见了,我跟你讲 老陈 你一定要好好地去处理这件事情
我跟你讲 老陈 你一定要好好地去处理这件事情,要是不小心会影响你升职的
要是不小心会影响你升职的,你一个人能带孩子吗
我就带他去各种各样的博物馆 音乐厅啊 植物园,我觉得这样很好
我觉得这样很好,我看你老陈现在阶段状态是最好的
我看你老陈现在阶段状态是最好的,我希望你会努力 加油
什么事 忘了,谁的短信啊
广告,给我看看呗
广告有什么可看的,我就喜欢看广告
我就喜欢看广告,给我看看呗
是微信,拿出来
你干嘛呀 就跟我做了什么缺德事似的是吧,中午十二点老地方 熟啊
中午十二点老地方 熟啊,谁呀
微信摇一摇摇出的朋友,你要不要脸哪
你以为我是你啊 你别用你的道德标准来规范我,你在这说什么呢
你在这说什么呢,你干嘛去
你说呢,你敢
不许百姓点灯啊,南海
再见,于生 究竟发生什么事了
那快递不见了,一定要查
您的裤子,姑妈
姑妈,我真的没兴趣去做这种无聊的事情啊
我真的没兴趣去做这种无聊的事情啊,你不要叫我去相亲了
你到底想要拖到什么时候啊,姑妈
姑妈,爱情也好
爱情也好,婚姻也好
婚姻也好,是要看缘分的嘛
是要看缘分的嘛,是不能硬来的
是不能硬来的,而且姑妈你也应该知道我的态度
而且姑妈你也应该知道我的态度,我从来都是反对相亲这种事情的
哪怕一起喝一杯茶也可以,姑妈 我再说一遍
姑妈 我再说一遍,我不需要相亲
我不需要相亲,我现在一个人过得很好
我现在一个人过得很好,三十岁不结婚怎么了
三十岁不结婚怎么了,四十岁不结婚又怎么了
四十岁不结婚又怎么了,我是要找我自己想找的人哪
我是要找我自己想找的人哪,我想过我自己想过的生活
我想过我自己想过的生活,你不要再逼我了
你不要再逼我了,好不好
我会替你保守秘密的,于生 你现在的训练量好大啊
我还找了拳击陪练呢,这两天你身上 好像发生了奇怪的变化
可能是流露了更多本性吧,对了 于生
对了 于生,我们都在等你对潘芸的处理意见
那就再等等,都4天了
我真把他害惨了,我天哪 换我真不知道该怎么办
我天哪 换我真不知道该怎么办,你说补偿补偿他吧
你说补偿补偿他吧,他又不缺钱
他又不缺钱,你太可怜了 亲爱的
是他可怜,你更可怜
我转手就捡起来了,干吗捡啊
干吗捡啊,你可别跟他有什么 我会跟你绝交的
我不会的,那你打算告诉那谁吗
谁啊,赵小亮 你跟老于吃饭的事
会吧,我就放心了
我就放心了,纠结死了
谢谢梁哥,于总 你没事吧
我没事 拉到了,小心点嘛
没事 没事,医生说你训练太猛了
医生说你训练太猛了,拉伤了肌肉
拉伤了肌肉,还好
还好,没什么大碍
没什么大碍,来 喝点三元牛奶吧
来 喝点三元牛奶吧,可以恢复你的肌肉和筋骨
可以恢复你的肌肉和筋骨,来 试一下
我本来想改变一下自己的,你做的木工活不是很好吗
熊孩子,潘芸
潘芸,于总今天不在
于总今天不在,我们找个地方聊聊
好,潘芸
潘芸,你在我手下的时间不短了
你在我手下的时间不短了,我曾经关注过你
我曾经关注过你,也奖励过你
也奖励过你,也跟你有过不少交流
也跟你有过不少交流,我甚至想过要提拔你
我甚至想过要提拔你,但是不知道为什么
但是不知道为什么,我们两个总是亲近不起来
我们两个总是亲近不起来,你不是家猫
你不是家猫,你是野猫
你是野猫,不知道怎么就混进了家里
主人不在家 看门狗要自己清理门户了,第三方审计才是真正的大型战斗犬
第三方审计才是真正的大型战斗犬,吃肉不吐骨头
吃肉不吐骨头,把你吞下去连渣都不剩
把你吞下去连渣都不剩,夫妻本是同林鸟
夫妻本是同林鸟,大难临头各自飞
大难临头各自飞,这种场面我可是见得太多太多
这种场面我可是见得太多太多,我看你跟赵小亮也不例外
撇清关系,你还记得你的前任 是准前任的下场吗
罗斌 ,罗斌的太太可是写了小材料的
罗斌的太太可是写了小材料的,那个时候我和于总还悲叹人的薄情
那个时候我和于总还悲叹人的薄情,转眼间 都转到你跟赵小亮身上了
我今天做了好多你爱吃的 一会儿出锅了啊,这么乖呀
收拾吃饭吧,我先洗个手
我先洗个手,什么事这么高兴
我们谈了一下午,就为了解释你下午去哪儿 兜这么大个圈子
你以为我去哪了,我哪儿知道你去哪了
我哪儿知道你去哪了,去见网友了吧
你看你 老婆,我错了
我错了,祝贺你
老婆 我能睡觉吗,于生 今天怎么这么高兴
于生 今天怎么这么高兴,要喝红酒
还真的是赵小亮拿的,真的
我们没那个运气,我们一定还有机会的
再见 小叶,都是因为我把他逼得太紧了
都是因为我把他逼得太紧了,他又有压力
他又有压力,又委屈
又委屈,当然不愿意回家了
你别被他洗脑了,他这人看着老实吧
他这人看着老实吧,其实鬼精鬼精的 你知道吗
其实鬼精鬼精的 你知道吗,他怕香水味撒到他衣服上
他怕香水味撒到他衣服上,就在办公室备了两套衣服
就在办公室备了两套衣服,出去开房的时候穿一套
出去开房的时候穿一套,回来再换
回来再换,没事
没事,别管它了
别生我气了,我多希望这只是一场梦啊
我也是 觉得做了场噩梦,会过去的
会过去的,我只希望你以后不要再见她了
老婆 你对我真的太宽容了,我不逼你
我不逼你,你也别逼我
你也别逼我,你现在不能碰我
你现在不能碰我,我觉得脏
我觉得脏,会过去的
你一会儿把奶喝了,接吧
接吧,是她打的
什么钱啊,我的精神损失费
我的精神损失费,很俗是不是
很俗是不是,我真的不想你帮你耿跃
我真的不想你帮你耿跃,你救不了他
你救不了他,你刚提名年度最有价值独立公关人 可不能被渣男给连累了
顺便请他吃个饭帮你把把关,你能不能不要每一次谈正事就故作轻松
你能不能不要每一次谈正事就故作轻松,故意扯淡
故意扯淡,故左右而言他
我们是谁,又来了
又来了,我们是问题的解决者
我们是问题的解决者,我们只解决问题
我们只解决问题,不判断对错
不判断对错,我们全力维护客户的利益
我们全力维护客户的利益,坚持客户至上
坚持客户至上,不抛弃不放弃
不抛弃不放弃,主动承担速度
主动承担速度,第一理性冷静诚实守信
很好,你不觉得卫哲法则听上去太自恋了吗
我最近要躲一阵呢,到底怎么回事
才能证明我的清白,你为什么不跟我说
你为什么不跟我说,我可以跟你一起去
我可以跟你一起去,你现在一个人谁来照顾你
你单独的去找邱总和兰总,我找他们干什么
跟他们这么说,Thanks
Thanks,david
david,要不是你的话
要不是你的话,也许我明天就要去领救济了
You've got to do something more for me,我明天请你吃大餐总行了
当然应该给我中介费,How much
2000,多少
2000,are you craze
其实我跟那小模特他不就是玩玩,老大 田璐情绪挺大
看着她,我就不明白了
我就不明白了,你为什么非要找到发布视频的人 想跟他私了 啊
我觉得整件事情非常奇怪,哪奇怪了
狗仔追的不应该是耿跃吗,这应该是角度问题
查个IP地址要这么长时间,说曹操曹操到 老大来消息了
说曹操曹操到 老大来消息了,他查到了发布视频的IP地址
他查到了发布视频的IP地址,居然是学校的局域网
学生,是 他的名字叫紫色毒药
一定别再干犯法的事了,Dl江山是咱们一起打下的
Dl江山是咱们一起打下的,如果因为远鹏个人的原因
如果因为远鹏个人的原因,让你们这些老朋友都遭受损失
让你们这些老朋友都遭受损失,我心里太过意不去了
我可一直都是支持你们家远鹏的,我就放心了
我就放心了,但是事情总要有一个解决的办法
但是事情总要有一个解决的办法,我在想现在当务之急应该举荐一个新的总裁
我在想现在当务之急应该举荐一个新的总裁,我已经决定让琳琳紧急回国接替远鹏
我已经决定让琳琳紧急回国接替远鹏,出任达琳国际的新总裁
出任达琳国际的新总裁,你觉得怎么样
琳琳,有什么问题吗
于情于理我觉得他都应该是,天哪 对不起
天哪 对不起,你刚才说什么我没听清
你刚才说什么我没听清,我想起个什么事
我想起个什么事,对了
对了,你儿子小辉还在滨海吗
你儿子小辉还在滨海吗,你还记得上次滨海推广案吗
记得怎么了,我就想起来当时远鹏跟我说
我就想起来当时远鹏跟我说,人家出了2000万
人家出了2000万,结果经过了一道中间商
结果经过了一道中间商,最后到公司这就剩下了850万
最后到公司这就剩下了850万,因为我娘家的弟弟在滨海
因为我娘家的弟弟在滨海,所以远鹏就我查一下 我这一查
所以远鹏就我查一下 我这一查,一看中间商的名字叫兰
一看中间商的名字叫兰,你儿子叫兰什么
兰若辉,对
对,兰若晖
兰若晖,我就跟远鹏说
我就跟远鹏说,那是兰总的儿子
那是兰总的儿子,这不是大水冲了龙王庙吗
这不是大水冲了龙王庙吗,肯定就不能查下去了
肯定就不能查下去了,所以那件事一直摁到现在
所以那件事一直摁到现在,没事 兰总
没事 兰总,人 不就得关键时候看
人 不就得关键时候看,关键时候才能看出谁是真朋友
关键时候才能看出谁是真朋友,妈 我爸到底出什么事
妈 我爸到底出什么事,他现在人在哪呢
他现在人在哪呢,我也不知道
我也不知道,他只是跟我说去找杜少坤了
他只是跟我说去找杜少坤了,他上哪找啊
他上哪找啊,杜少琨如果真的是携款潜逃
杜少琨如果真的是携款潜逃,怎么可能让我爸找到啊
怎么可能让我爸找到啊,你爸跟他几十年的交情
你爸跟他几十年的交情,应该会有一些线索
应该会有一些线索,几十年的交情 这么害我爸
几十年的交情 这么害我爸,这是什么
这是什么,朋友
朋友,琳琳
琳琳,这件事你先别管了
这件事你先别管了,有妈呢
有妈呢,你现在只想一件事
你现在只想一件事,如何当好dl总裁
如何当好dl总裁,妈
妈,你说的好轻松
你说的好轻松,我当总裁 还要当好总裁
我当总裁 还要当好总裁,我怎么当
我怎么当,你今天就当众宣布了
你今天就当众宣布了,你是不是太冲动了
你是不是太冲动了,妈你想想看
妈你想想看,我一天小职员都没干过
我一天小职员都没干过,现在一上来就是总裁
现在一上来就是总裁,可是总裁 你太开玩笑了吧
可是总裁 你太开玩笑了吧,要当你当 我可当不了
要当你当 我可当不了,你听好了
你听好了,妈妈如果但凡有一点办法
妈妈如果但凡有一点办法,我会这么做吗
我会这么做吗,你爸爸当初给公司起名叫达林传播
你爸爸当初给公司起名叫达林传播,就是想有一天你能接他的班
就是想有一天你能接他的班,只不过现在这个时间提前了而已
只不过现在这个时间提前了而已,所以为了家
所以为了家,你干得了也得干
你干得了也得干,干不了也得干
干不了也得干,不要再说了
不要再说了,你爸爸的事已经够我操心的了 对不起 从今天开始
你爸爸的事已经够我操心的了 对不起 从今天开始,公司的事就交给你了
我比你更了解耿跃,起床啦
起床啦,江达琳 太阳晒屁股了
江达琳 太阳晒屁股了,死女人
死女人,怎么这么多年这毛病还没改
怎么这么多年这毛病还没改,吓死人了
吓死人了,我看见你开心
我看见你开心,我怎么跑你这来的
我怎么跑你这来的,你不记得了
你不记得了,你可真是我亲闺蜜
你可真是我亲闺蜜,醉成那样 还能找到我们家 厉害死了
醉成那样 还能找到我们家 厉害死了,我手机呢 赶紧给我妈打个电话
我手机呢 赶紧给我妈打个电话,放心
放心,我给阿姨打过电话了
我给阿姨打过电话了,他昨天打你手机一直都不接
他昨天打你手机一直都不接,吓得他都快报警了
吓得他都快报警了,邦尼 你知道吗
邦尼 你知道吗,这两天见到你才是我最高兴的事情
这两天见到你才是我最高兴的事情,好啦 放心
好啦 放心,你爸肯定会没事的
你爸肯定会没事的,干吗
干吗,一晚上都没卸妆
一晚上都没卸妆,我给你拿个东西
我给你拿个东西,我就不洗脸就不卸妆 怎么
我就不洗脸就不卸妆 怎么,这个是LUNA洗脸仪
这个是LUNA洗脸仪,你赶紧拿这个 好好洗
你赶紧拿这个 好好洗,把脸 清理一下你的皮肤
把脸 清理一下你的皮肤,我还洗什么脸呀
我还洗什么脸呀,我命都活不起了
我命都活不起了,我整个人乱七八糟的
我整个人乱七八糟的,你给我起来
你给我起来,你现在就应该积极一点
你现在就应该积极一点,振作一点
振作一点,咱们可是要当总裁的人了
咱们可是要当总裁的人了,别跟我提这个 一提我想哭
别跟我提这个 一提我想哭,你说为什么 我可是一天正经班都没上过
你说为什么 我可是一天正经班都没上过,虽然我学的是这个专业
虽然我学的是这个专业,但问题是我现在连纸上谈兵的资格都没有
但问题是我现在连纸上谈兵的资格都没有,而且你是不知道我们公司那几个合伙人资格一个比一个深
而且你是不知道我们公司那几个合伙人资格一个比一个深,气场一个比一个强
气场一个比一个强,我可hold不住他们
我可hold不住他们,怕什么
怕什么,你们公司叫达林传播
你们公司叫达林传播,那就是你的公司
那就是你的公司,你可是总裁
你可是总裁,听不懂怎么了
听不懂怎么了,再跟我说一遍
再跟我说一遍,不会业务怎么了
不会业务怎么了,会业务老娘还用得着你们
会业务老娘还用得着你们,你说的那是旧企业制度
你说的那是旧企业制度,现在可是合伙人制
现在可是合伙人制,我爸说了公司的老板
我爸说了公司的老板,也就是最大的合伙人
也就是最大的合伙人,最大的合伙人是什么
最大的合伙人是什么,所有最好的客户
所有最好的客户,所有的利润都得是老板带来的
所有的利润都得是老板带来的,不然我怎么服众
不然我怎么服众,我怎么把公司做大
我怎么把公司做大,可当老板最重要的是会用人
可当老板最重要的是会用人,你摆平他们不就好了吗
你摆平他们不就好了吗,我摆平他们 就我这样的 臣妾做不到
我摆平他们 就我这样的 臣妾做不到,你就这么想
你就这么想,再怎么难
再怎么难,咱们也是去做老板的
咱们也是去做老板的,总比我们这些打工的容易
总比我们这些打工的容易,你站着说话不腰疼
你站着说话不腰疼,我的人生完蛋了
我的人生完蛋了,你怎么又躺下了给我起来
你怎么又躺下了给我起来,不起来 不起来 不起来
不起来 不起来 不起来,起来 刷牙洗脸吃饭 走
起来 刷牙洗脸吃饭 走,我打算明天搬家 搬到瑞安里
我打算明天搬家 搬到瑞安里,就是我爸我妈刚结婚的地方
就是我爸我妈刚结婚的地方,虽然破了一点
虽然破了一点,但是我觉得可以激励我
但是我觉得可以激励我,让我从头开始
让我从头开始,最主要是比较方便
最主要是比较方便,我支持你 瑞安里离我这里挺近的
我支持你 瑞安里离我这里挺近的,回头我找人帮你搬家
回头我找人帮你搬家,你找人搬家 找什么人啊
你找人搬家 找什么人啊,这你就不用管了
这你就不用管了,反正这件事情包在我身上
反正这件事情包在我身上,马邦尼
马邦尼,你现在厉害
你现在厉害,我跟你说了多少次了 叫我邦尼
我跟你说了多少次了 叫我邦尼,你怎么又给忘记了
你怎么又给忘记了,脑子不好呗
脑子不好呗,你好
你好,好我知道了
好我知道了,谢谢
谢谢,谁啊
谁啊,我们公司行政 让我明天开会
我们公司行政 让我明天开会,不是 什么意思
不是 什么意思,你一个总裁他们让行政通知你来开会
你一个总裁他们让行政通知你来开会,就应该跟他说你不去 给他们一个下马威
就应该跟他说你不去 给他们一个下马威,干嘛不去
干嘛不去,搞得好像我怕他们一样
搞得好像我怕他们一样,只不过明天搬家的事情
只不过明天搬家的事情,要泡汤了
要泡汤了,要不我今天把下午的课调一下
要不我今天把下午的课调一下,陪你把家搬了
陪你把家搬了,你可是我亲姐妹
还是对你自己没有信心,我说你搬个家你还弄这么个破琴来
我说你搬个家你还弄这么个破琴来,有什么用呀
有什么用呀,什么破琴
什么破琴,这可是我的宝贝
这可是我的宝贝,我上一年级的时候
我上一年级的时候,我爸看周围的那些小朋友又会弹琴
我爸看周围的那些小朋友又会弹琴,又会跳舞
又会跳舞,就非得买个电子琴让我学
就非得买个电子琴让我学,我抗争了一个月
我抗争了一个月,后来还是变成了一名光荣的琴童
后来还是变成了一名光荣的琴童,挨了多少打
挨了多少打,知足吧你
知足吧你,我小学一年级的时候
我小学一年级的时候,我爸妈对我唯一的期望就是认几个字分得清男女厕所
我爸妈对我唯一的期望就是认几个字分得清男女厕所,然后赶紧上厂里上班赚钱
然后赶紧上厂里上班赚钱,你说你会8国语言这事你怎么不告诉爸妈
你说你会8国语言这事你怎么不告诉爸妈,他们对此毫无兴趣
他们对此毫无兴趣,but I don't give a shit
but I don't give a shit,我就谢谢他们一家人了
我就谢谢他们一家人了,有什么用 我混到今天
有什么用 我混到今天,到今天连个真正属于自己的地方都没有
到今天连个真正属于自己的地方都没有,房东每天跟个催命鬼似的
房东每天跟个催命鬼似的,动不动就想涨房租
动不动就想涨房租,想想就没劲
想想就没劲,真是一出大戏
真是一出大戏,我说大姐 大什么戏 帮我干活
我说大姐 大什么戏 帮我干活,我在看耿跃跟何君的八卦
我在看耿跃跟何君的八卦,这昨晚上微博首页讨论的沸沸扬扬的
这昨晚上微博首页讨论的沸沸扬扬的,什么八卦
什么八卦,你说你身为一个传播公司老板
你说你身为一个传播公司老板,你怎么连这种事情都不关注的 事情是这个样子
你怎么连这种事情都不关注的 事情是这个样子,耿跃跟一个模特出轨了
耿跃跟一个模特出轨了,结果不知道怎么回事
结果不知道怎么回事,被人偷拍的照片直接传到网上去了
被人偷拍的照片直接传到网上去了,你说这天大的事情他居然都不出来回应一下的
你说这天大的事情他居然都不出来回应一下的,但是过了第三天
但是过了第三天,他突然就发微博道歉
他突然就发微博道歉,更奇怪的是他老婆何君他居然就这么原谅他了
更奇怪的是他老婆何君他居然就这么原谅他了,你说这事神奇吧
你说这事神奇吧,你说他老婆原谅啦
你说他老婆原谅啦,是啊 所以说 这件事情他肯定有内幕
是啊 所以说 这件事情他肯定有内幕,搞不好就是他们俩自己炒作
搞不好就是他们俩自己炒作,那说不定是人家的公关团队厉害
那说不定是人家的公关团队厉害,这个时候就能看到我们这些干公关的重要性了
这个时候就能看到我们这些干公关的重要性了,你 还干公关 菜鸟一个
你 还干公关 菜鸟一个,菜鸟 你也得给我干活
菜鸟 你也得给我干活,搬家 你知道吗
搬家 你知道吗,你赶紧起来吧大爷
你赶紧起来吧大爷,我饿了我们先吃饭好不好
我饿了我们先吃饭好不好,谢谢你 还特意来接我
没想到你一分不差,第一天当老板
第一天当老板,当然得表现好一点了
今天的发布会你要表现的更好一点才行,什么发布会
什么过两天颁奖礼上再重新做一次解释,还有颁奖礼呀
所以只能由你来担任颁奖嘉宾了,我还要上台颁奖
对,可是我什么准备都没有
项链不错,这是我爸给我做的
怀孕了,没有
没有,我就是那个
我就是那个,早晨没吃早饭然后晕车
早晨没吃早饭然后晕车,再加上那个油漆的味儿
再加上那个油漆的味儿,所以有点难受
压力很大,有点
我可不希望我的未来因为你而打水漂,你放心
你放心,你的那200万股期权会变成很多钱的
你的那200万股期权会变成很多钱的,我会努力的
这样最好,我觉得这篇声明有点不对
哪不对,我们开发布会的目的不就是要向大家解释最近关注的这些热点吗
我们开发布会的目的不就是要向大家解释最近关注的这些热点吗,可是你看这里 什么网络上对达林传播有很多负面的报道
可是你看这里 什么网络上对达林传播有很多负面的报道,甚至是极不负责任的谣言
甚至是极不负责任的谣言,通篇都没有一句认真的解释
通篇都没有一句认真的解释,全是虚的
那你想怎么具体呢,总是应该回应一下吧
总是应该回应一下吧,比如说 比如说关于我爸爸的事情
比如说 比如说关于我爸爸的事情,比如说今天早上我们公司被泼油漆的这些事情
比如说今天早上我们公司被泼油漆的这些事情,这才是他们想听的
这才是他们想听的,不是吗
你怎么回答,就算是我不讲
就算是我不讲,难道他们就不问了
咱们俩还挺有缘分,不是 你谁啊
你不认得我了啊,泡妞找别人
还是我替你付的酒钱,我还以为是骗色
我还以为是骗色,原来是骗钱
记得了吧,你也喜欢24个比利啊
感情问题,为什么要告诉你
为什么要告诉你,想起来了
记得我是谁了,不认识
还钱 我没有请陌生人喝酒的习惯,我不记得有人帮我付过钱
几杯酒钱还赖账,你怎么认识我 你谁
还钱,那你凭什么说我欠你钱
那你凭什么说我欠你钱,有人能证明吗
你好,别闹了 那天根本就不是他
龙舌兰一样的,领导
领导,买单
买单,麻烦下次骗人
麻烦下次骗人,功课做足一些
功课做足一些,谢谢
两位一起吗,我自己来的
你说是吧,舒总 好久不见
上个星期我们还在飞扬集团的会议室聊过天,是吗
是吗,你看你 我这个人对于手下败将的惨痛经历是不愿意主动提起的
提一次 我怕有些人记打不记吃,做人要厚道
那得分对谁,我的天 我看这条新闻差点吓死我了
我的天 我看这条新闻差点吓死我了,那孩子真生在通道了
那孩子真生在通道了,那不打了马赛克了嘛
那不打了马赛克了嘛,我还挺上镜的
我还挺上镜的,上镜 能当演员了你
上镜 能当演员了你,不是 生孩子是孕妇
不是 生孩子是孕妇,又不是你 你吃这么着急干嘛
又不是你 你吃这么着急干嘛,你慢点
你慢点,我今天为了穿这条裙子
我今天为了穿这条裙子,我一天没吃饭
我一天没吃饭,结果爬那么多层楼梯
结果爬那么多层楼梯,你都这么瘦
你都这么瘦,什么裙子穿不进去
什么裙子穿不进去,今天见义勇为那男的我认识
今天见义勇为那男的我认识,真没想到他能干出这种事情来
真没想到他能干出这种事情来,英雄救美
英雄救美,孕妇一点都不美
孕妇一点都不美,谁 长得帅吗
谁 长得帅吗,你说孕妇啊
我就拒绝领奖,你不是不打算做独立公关人了吗
别的奖我也得拿,好 我就跟他们反映
好 我就跟他们反映,老大
老大,根据你的要求
根据你的要求,年销售在一个亿以上
年销售在一个亿以上,三个亿以下规模在50人到200人之间实行合伙人制度的传播公司
三个亿以下规模在50人到200人之间实行合伙人制度的传播公司,全部都在这里
全部都在这里,我稍微往外面放了点风
我稍微往外面放了点风,已经有好几家闻风而动
已经有好几家闻风而动,老大你真的想好了吗
老大你真的想好了吗,其实我跟着你 单干也挺好的
这里面怎么没有DL传播,因为你不会去
因为你不会去,你还嫌他们不够乱
赶紧给我准备一份DL传播的详细资料,不会吧
先备着,大姐 你什么都不吃 坐在这 你多少吃点
大姐 你什么都不吃 坐在这 你多少吃点,我要保持体型的
我要保持体型的,月底还有个试镜了
月底还有个试镜了,很瘦了 好吗
很瘦了 好吗,我会有负罪感的
我会有负罪感的,我的心灵不需要安抚
我的心灵不需要安抚,恶毒的女人
恶毒的女人,你必须吃
你必须吃,你得陪我
你得陪我,我就勉为其难的吃一口
我就勉为其难的吃一口,我吃
我吃,你受累了
你受累了,说说 什么事情把你气成这个样子
说说 什么事情把你气成这个样子,吃这么一大堆
吃这么一大堆,我想好了
我想好了,必须要找个人帮我
必须要找个人帮我,不会是我吧
不会是我吧,专业方面的事情你肯定是不行
专业方面的事情你肯定是不行,但是你可以帮我找人
但是你可以帮我找人,现在整个公司上上下下全都听斯黛拉的
现在整个公司上上下下全都听斯黛拉的,达林传播很快要变成斯黛拉传播了
达林传播很快要变成斯黛拉传播了,你知道吗
你知道吗,我必须要找一个专业的人来拯救我
我必须要找一个专业的人来拯救我,可是我身边除了我妈就剩下你了
可是我身边除了我妈就剩下你了,我妈肯定是不行了
我妈肯定是不行了,所以光荣而又艰巨的任务就交给你了
所以光荣而又艰巨的任务就交给你了,你妈怎么不行
你妈怎么不行,你妈明显比我更靠谱
你妈明显比我更靠谱,自从我爸出事之后
自从我爸出事之后,我妈就特别烦躁
我妈就特别烦躁,我不能再给他添乱了
我不能再给他添乱了,再说了
再说了,你是谁 你可是邦尼啊
你是谁 你可是邦尼啊,你能力多强
你能力多强,你不来谁来 是吧
你不来谁来 是吧,行吧
行吧,我教的学生大部分都是外企高管
我教的学生大部分都是外企高管,你要找的人有什么条件
你要找的人有什么条件,我让他们帮你物色
我让他们帮你物色,听好了
听好了,第一条得懂专业
第一条得懂专业,就算不能秒杀斯黛拉
就算不能秒杀斯黛拉,也不能让斯黛拉挑出毛病来
也不能让斯黛拉挑出毛病来,第二
第二,他的要有能力能给我带来业绩
他的要有能力能给我带来业绩,你想我在公司要没有业绩
你想我在公司要没有业绩,我怎么站得住脚对不对
我怎么站得住脚对不对,第三
第三,得要会带团队懂管理
得要会带团队懂管理,顺便给我当老师教教我
顺便给我当老师教教我,第四很重要也是非常重要的一条
第四很重要也是非常重要的一条,就是忠诚 对我绝对的忠诚
就是忠诚 对我绝对的忠诚,没了
没了,没了
没了,江达琳
江达琳,你这简直就是在找一个大内总管
你这简直就是在找一个大内总管,还得是9000岁的那种
还得是9000岁的那种,我倒是想找个9000岁
我倒是想找个9000岁,可是这种特殊人才有哪儿找去
可是这种特殊人才有哪儿找去,Ok
Ok,no problem
no problem,我一会到学校就帮你问 挖地三尺给你找出来
我一会到学校就帮你问 挖地三尺给你找出来,love you 我跟你讲
love you 我跟你讲,你要找不到我掐死你
你要找不到我掐死你,放心
放心,你不会是想这么一块蛋糕就把我打发了
你不会是想这么一块蛋糕就把我打发了,我要吃大餐
我要吃大餐,必须的
必须的,上海高档餐厅任你选
上海高档餐厅任你选,要不然我送你个包
要不然我送你个包,好
好,什么牌子的
什么牌子的,必须得一线大牌才能配得上你啊
菜好了,我让你帮我找的人呢
我让你帮我找的人呢,我问过了 李斯特
我问过了 李斯特,我那个学生 他给我找了猎头
我那个学生 他给我找了猎头,猎头说了
猎头说了,你要找的人档次太高
你要找的人档次太高,这在企业里至少也是总监以上级别的
这在企业里至少也是总监以上级别的,要么就是超级牛的独立公关
要么就是超级牛的独立公关,像这样的人肯定是不愁找工作的
像这样的人肯定是不愁找工作的,一般的条件根本不可能吸引到他们
一般的条件根本不可能吸引到他们,这不是白说
这不是白说,猎头说了
猎头说了,你要先想清楚打算给出什么样的条件
你要先想清楚打算给出什么样的条件,想挖这样的人给出的条件必须有足够的诱惑力
想挖这样的人给出的条件必须有足够的诱惑力,不仅仅是给钱给头衔给期权
不仅仅是给钱给头衔给期权,最重要的是要给人家梦想
最重要的是要给人家梦想,梦想
梦想,说的文艺一点就是许给别人一个 bright future
说的文艺一点就是许给别人一个 bright future,不就是画大饼吗
不就是画大饼吗,画大饼怎么了
画大饼怎么了,画大饼怎么了
画大饼怎么了,反正你要想好了
反正你要想好了,打算付出什么样的代价
打算付出什么样的代价,根据你提供的条件
根据你提供的条件,猎头再去找人
猎头再去找人,对了
对了,猎头还说了
猎头还说了,谈这样的人必须老板亲自上
谈这样的人必须老板亲自上,必要的时候还要声情并茂
必要的时候还要声情并茂,声泪俱下
声泪俱下,情景交融
情景交融,死缠烂打
死缠烂打,要不要以身相许
要不要以身相许,看情况了
看情况了,滚
滚,妈这么晚你过来
妈这么晚你过来,有事我回去就行了
有事我回去就行了,打电话说也行
打电话说也行,电话里说不方便
电话里说不方便,我必须当面跟你讲
我必须当面跟你讲,又出什么事啦
又出什么事啦,你爸爸给我打电话了
你爸爸给我打电话了,他人在哪 他什么时候回来
他人在哪 他什么时候回来,我问他了
我问他了,他不肯说他在哪 但是他说找不到杜少坤
他不肯说他在哪 但是他说找不到杜少坤,他是不会回来的
他是不会回来的,爱回来不回来
爱回来不回来,对了
对了,你爸爸说在网上看到了你新闻发布会上的视频
你爸爸说在网上看到了你新闻发布会上的视频,真的假的
真的假的,我爸看了呀
我爸看了呀,完了他肯定觉得我把发布会搞砸了
完了他肯定觉得我把发布会搞砸了,他觉得你表现得很棒
他觉得你表现得很棒,很有魄力
很有魄力,有他年轻时候的样子
有他年轻时候的样子,肯定是你安慰我的
肯定是你安慰我的,什么重要的东西非得在这改
王楚的任务,是个女人的话你都听
你说什么,我说灯塔公关的向伟可真逗
我说灯塔公关的向伟可真逗,自己不来跟你说
自己不来跟你说,跑来苦口婆心的劝
跑来苦口婆心的劝,我 想请你当合伙人
灯塔公关不靠谱,那钱坤呢
那钱坤呢,红点公司这几年发展挺好
容易犯错误,犯错误不就正好等你来解救啊
人错了谁也救不了,排除法还剩最后一个了
排除法还剩最后一个了,著名美女丁一楠 怎么样
这种靠私下交易生存的公司没前途,你是找合伙人还是找老婆
我让你查的DL公司查的怎么样了,有什么好查的
我吩咐你的工作不许夹杂个人主观好恶,查了查了
查了查了,不过我觉得你不合适
为什么,DL传播
DL传播,虽然业务范围广
虽然业务范围广,但以营销为主
但以营销为主,根本没有独立的公关部门
根本没有独立的公关部门,你是谁
你是谁,你是著名的独立公关人
你是著名的独立公关人,去一个连公关部门都没有的公司
去一个连公关部门都没有的公司,干嘛
说明正需要我这样的人去帮他们开疆拓土,虽然江达琳接替江远鹏出任dl总裁
虽然江达琳接替江远鹏出任dl总裁,但是朋坤基金的事情影响还是没能消除
但是朋坤基金的事情影响还是没能消除,现在是dl最动荡不安的时候
现在是dl最动荡不安的时候,很多人想跑都来不及
很多人想跑都来不及,你居然还想往里跳
瑞安里名字很好听,老上海就是这个样子的
老上海就是这个样子的,我从小就在这样的环境里长大
可是上海就是讲弄堂里,李斯特 你也真是的
李斯特 你也真是的,今天又没有你的课
今天又没有你的课,你还专门跑到学校接我下班
你还专门跑到学校接我下班,这叫突然袭击
这叫突然袭击,搞得人家措手不及
我愿意,小点声邻居听到多不好啊
我在楼下等你,不用
不用,现在时间还早
现在时间还早,你先去
你先去,我保证我一定会准时出现
咱们8:30不见不散,李斯特
李斯特,谢谢你这么快把消息给我送来
你交给我的任务我必须得完成,你跟李斯特说这是你家
你跟李斯特说这是你家,凭什么
凭什么,你这房子好
你这房子好,跟你在余庆坊住的房子有什么区别
跟你在余庆坊住的房子有什么区别,都是这种老房子啊
都是这种老房子啊,老房子跟老房子 区别可太大了
老房子跟老房子 区别可太大了,你这是老式洋房
你这是老式洋房,我那老式贫民窟 能一样吗
我那老式贫民窟 能一样吗,再说了
再说了,我可不想让李斯特看见我住在那种破弄堂里面
我可不想让李斯特看见我住在那种破弄堂里面,之前尼克不是也都去过你家吗
之前尼克不是也都去过你家吗,尼克能跟李斯特比吗
尼克能跟李斯特比吗,李斯特可是骑哈雷的
李斯特可是骑哈雷的,这舍得花几十万买辆摩托车的人
这舍得花几十万买辆摩托车的人,跟花几十万买辆汽车的人
跟花几十万买辆汽车的人,档次能一样吗
档次能一样吗,而且你知道李斯特今天晚上请我吃什么吗
而且你知道李斯特今天晚上请我吃什么吗,米其林三星
米其林三星,三星怎么了
三星怎么了,今天晚上是我跟李斯特第一次正式约会
今天晚上是我跟李斯特第一次正式约会,这男女之间的第一顿饭就代表着你在男人心中的分量
这男女之间的第一顿饭就代表着你在男人心中的分量,咱们上大学的时候
咱们上大学的时候,一个男的追你第一顿饭请你吃快餐
一个男的追你第一顿饭请你吃快餐,没什么
没什么,因为他一个月就那么一点生活费
因为他一个月就那么一点生活费,但是工作以后一个男的追你第一顿饭还请你吃快餐
但是工作以后一个男的追你第一顿饭还请你吃快餐,那就必须跟他翻脸了
那就必须跟他翻脸了,太武断了
太武断了,万一人家是心地善良
万一人家是心地善良,积极上进呢 吃便宜点挺好的
积极上进呢 吃便宜点挺好的,你说的这些都是非常好的品德
你说的这些都是非常好的品德,但是这些都掩盖不了他的致命缺点
但是这些都掩盖不了他的致命缺点,什么
什么,要么没钱
要么没钱,要么小气
要么小气,二者必占其一
二者必占其一,歪理邪说
歪理邪说,我在几个高端的招聘网上下了英雄帖
我在几个高端的招聘网上下了英雄帖,我就不信找不着人
我就不信找不着人,你看
你看,人 我已经给你找到了
人 我已经给你找到了,李斯特给你推荐了一个男神级的人物
李斯特给你推荐了一个男神级的人物,大姐 我要找的是大神
大姐 我要找的是大神,男神大神有区别的好吗
男神大神有区别的好吗,这个绝对没有区别
这个绝对没有区别,男神的皮囊大神的头脑二神合一
男神的皮囊大神的头脑二神合一,真的假的呀
真的假的呀,我骗你干嘛呀
我骗你干嘛呀,本来李斯特跟我说了我也不相信
本来李斯特跟我说了我也不相信,结果我上网一查不服不行
结果我上网一查不服不行,沪上公关界就没有不认识他的
沪上公关界就没有不认识他的,据说他跟所有大的公关公司都交过手
据说他跟所有大的公关公司都交过手,包括你们dl
包括你们dl,人家就没有败绩
人家就没有败绩,而且他还建立了一套自己的公关法则
而且他还建立了一套自己的公关法则,叫什么 我给你看看
叫什么 我给你看看,有了 客户至上
有了 客户至上,利益最大
利益最大,主动承担 真诚沟通 速度
主动承担 真诚沟通 速度,第一 简单有效
第一 简单有效,主次分明
主次分明,理性冷静
理性冷静,诚实守信
诚实守信,遵纪守法
遵纪守法,谁
谁,卫哲
卫哲,老大自从跟了你
老大自从跟了你,我这良心也渐渐一点一点消散了
我这良心也渐渐一点一点消散了,可你这一次面对的是一个寡妇
可你这一次面对的是一个寡妇,多可怜
多可怜,太残忍了
这是黑白分明的,可李静柔刚才说有证据
可李静柔刚才说有证据,杨墨是被new face给累死的
再说了我也没必要平白无故的得罪new face这样的大公司,可我还是觉得他太可怜
亏你还是个女的,我是女人怎么了
我是女人怎么了,头发长见识短
头发长见识短,你不知道啊
你头发不长,这不行
这不行,为什么不行
为什么不行,我说不行就是不行
我说不行就是不行,他就是在消防通道帮人接生的男人
他就是在消防通道帮人接生的男人,这不挺好的吗
这不挺好的吗,乐于助人
乐于助人,你记得我上次喝醉了吗
你记得我上次喝醉了吗,在酒吧帮我付钱的也是他
在酒吧帮我付钱的也是他,这说明他不仅乐于助人
这说明他不仅乐于助人,还慷慨大方
还慷慨大方,关键他是个花花公子
关键他是个花花公子,你想在酒吧随便搭讪一个女孩子
你想在酒吧随便搭讪一个女孩子,还赖着让我还他钱
还赖着让我还他钱,这是什么
这是什么,这叫居心不良 最重要是他明明认识我
这叫居心不良 最重要是他明明认识我,他装不认识 这叫什么
他装不认识 这叫什么,这叫居心叵测
这叫居心叵测,不至于吧 说不定人家就是想泡你呢
不至于吧 说不定人家就是想泡你呢,泡我
泡我,更不行了
更不行了,想什么呢
想什么呢,你这是找合伙人
你这是找合伙人,又不是找老公
又不是找老公,再说人家还见义勇为
再说人家还见义勇为,人品是过硬的
人品是过硬的,私生活就不要太计较了
私生活就不要太计较了,话是这么说没错
话是这么说没错,但是合伙人的位置也很重要好吗
但是合伙人的位置也很重要好吗,第一要有道德
第一要有道德,第二你得讲底线
第二你得讲底线,你是选三好学生还是选居委会好大妈
你是选三好学生还是选居委会好大妈,还道德底线
还道德底线,你要是觉得不方便
你要是觉得不方便,我可以去帮你谈
我可以去帮你谈,别给我找事
别给我找事,江达琳
江达琳,我可告诉你
我可告诉你,这个人要是再不行
这个人要是再不行,那就真的没有人了
那就真的没有人了,李斯特可跟我说了
李斯特可跟我说了,卫哲那是全上海公关界的独一份
不急,不是吧
不是吧,你在直播里当中被人损一遍不过瘾
你在直播里当中被人损一遍不过瘾,回家还要看多少遍视频
回家还要看多少遍视频,真是受虐狂
真是受虐狂,我觉得他说的没错
我觉得他说的没错,连他都看得出来
连他都看得出来,能被我们公司请到现场去的这些记者
能被我们公司请到现场去的这些记者,都是平时跟我们公司关系不错
都是平时跟我们公司关系不错,又有意相助的媒体
又有意相助的媒体,如果
如果,如果没有人纵容的话
如果没有人纵容的话,他们怎么可能这么肆无忌惮的为难我
他们怎么可能这么肆无忌惮的为难我,你还挺想开的
你还挺想开的,我看这个卫哲别的水平不知道
我看这个卫哲别的水平不知道,这搞事情的水平倒是一流的
这搞事情的水平倒是一流的,我觉得这回他算是帮了我
我觉得这回他算是帮了我,骂你还成帮你了
骂你还成帮你了,你想他说的这些事情
你想他说的这些事情,难道我不知道吗
难道我不知道吗,可是我知道有什么用
可是我知道有什么用,我不可能现在就跟斯黛拉对着干
我不可能现在就跟斯黛拉对着干,对不对
对不对,他刚好把我想说的话全都说了出来
他刚好把我想说的话全都说了出来,提醒那些人
提醒那些人,我不是傻子
我不是傻子,明眼人都看得出来
明眼人都看得出来,你这么一说的话好像还有点道理
你这么一说的话好像还有点道理,这叫什么
这叫什么,帮你敲山震虎
我也可以不去,邦尼 我给你准备了礼物
邦尼 我给你准备了礼物,给你了
给你了,无事献殷勤
无事献殷勤,非奸即盗
非奸即盗,看出来了哈
看出来了哈,你的李斯特不是要帮我把卫哲挖过来吗
你的李斯特不是要帮我把卫哲挖过来吗,这个事情还能不能搞定了
这个事情还能不能搞定了,不会吧
不会吧,他刚在直播上骂过你
他刚在直播上骂过你,现在又想挖他了
现在又想挖他了,你说我怎么办
你说我怎么办,我现在只有总裁这个名头
我现在只有总裁这个名头,我没资历
我没资历,没阅历
没阅历,没能力还没有人脉
没能力还没有人脉,我什么都不行
我什么都不行,可是卫哲行 他在网上挖苦很难听
可是卫哲行 他在网上挖苦很难听,可是我气量大
可是我气量大,他是这方面的专业人才
他是这方面的专业人才,我需要像他这样的合伙人
我需要像他这样的合伙人,走了
走了,你是不是跟李斯特约会
你是不是跟李斯特约会,他今天晚上请我吃私房菜
他今天晚上请我吃私房菜,有什么佛跳墙
有什么佛跳墙,贵妃鸡 秃黄油拌饭
贵妃鸡 秃黄油拌饭,知道秃黄油是什么吗
知道秃黄油是什么吗,就是大闸蟹的蟹黄跟蟹膏
就是大闸蟹的蟹黄跟蟹膏,用葱香给他一爆炒
用葱香给他一爆炒,今天晚上这顿饭我买单
今天晚上这顿饭我买单,但是必须要让你的李斯特帮我把卫哲挖过来
但是必须要让你的李斯特帮我把卫哲挖过来,只要这件事情搞定了
只要这件事情搞定了,你和他谈恋爱这件事情
你和他谈恋爱这件事情,我准了
我准了,好的老板
好的老板,加油
加油,好
不胜荣幸,达琳宝宝
达琳宝宝,你看我这个肌肤测试结果这么高的分数
你看我这个肌肤测试结果这么高的分数,果然认真清洁的皮肤就是完美
果然认真清洁的皮肤就是完美,你真有闲情逸致
你真有闲情逸致,我这都愁死了
我这都愁死了,我明天一早必须要交出声明
我明天一早必须要交出声明,可是我到现在一个字都没写
可是我到现在一个字都没写,我该怎么办 你快帮帮我
我该怎么办 你快帮帮我,我实在是不会写
我实在是不会写,我说亲爱的我这个人你让我帮你牵个线
我说亲爱的我这个人你让我帮你牵个线,搭个桥找点普通资源还行
搭个桥找点普通资源还行,你现在这可是专业领域的问题
你现在这可是专业领域的问题,我真没有这个本事
我真没有这个本事,这声明可不敢乱写
这声明可不敢乱写,写错了那是要负责任的
写错了那是要负责任的,我知道
我知道,所以我也害怕
所以我也害怕,这万一我要写不好了
这万一我要写不好了,我以后在公司我怎么抬起头
我以后在公司我怎么抬起头,网上那篇文章我也看了
网上那篇文章我也看了,new face公司特别不占理
new face公司特别不占理,都快被网友给骂死
都快被网友给骂死,你知道吗
你知道吗,我跟他们领导说了
我跟他们领导说了,让他出于人道主义的份上多给点抚恤金
让他出于人道主义的份上多给点抚恤金,结果差点把我轰出去
结果差点把我轰出去,你还劝人家老板人道主义
你还劝人家老板人道主义,你也太可爱了
你也太可爱了,行了 你就别笑我了
行了 你就别笑我了,你快帮我想想怎么办吧
你快帮我想想怎么办吧,实在不行你去问问你们公司斯黛拉
实在不行你去问问你们公司斯黛拉,我找他我疯了
我找他我疯了,我才从他那儿雄赳赳气昂昂的把这个案子要过来
我才从他那儿雄赳赳气昂昂的把这个案子要过来,这还不到一天
这还不到一天,我就灰溜溜的回去找他帮忙
我就灰溜溜的回去找他帮忙,我还要不要脸
我还要不要脸,再说了
再说了,我们公司的人我一个都不会用的
我们公司的人我一个都不会用的,我可是老板这点事我都干不好
我可是老板这点事我都干不好,我以后还有没有威信
我以后还有没有威信,我怎么管人
我怎么管人,所以说谁让你那么冲动
所以说谁让你那么冲动,卫哲在网上说我激起了我的斗志
卫哲在网上说我激起了我的斗志,有句话说的好
有句话说的好,解铃还须系铃人
解铃还须系铃人,你的意思是让我找卫哲
你的意思是让我找卫哲,他是最合适的人选
他是最合适的人选,你想他又不是你们公司的
你想他又不是你们公司的,你找他帮忙 斯黛拉
你找他帮忙 斯黛拉,他们也不会知道
他们也不会知道,这样你就不会丢面子
这样你就不会丢面子,而且你不是经常在西瓜视频上找各种公关大神的资料吗
而且你不是经常在西瓜视频上找各种公关大神的资料吗,您看现在西瓜视频的首页上全是他的视频
您看现在西瓜视频的首页上全是他的视频,我看现在能帮你的只有魏哲一个人了
我看现在能帮你的只有魏哲一个人了,抛开别的不说
抛开别的不说,他的专业能力还是很可以的
他的专业能力还是很可以的,可是我之前对他态度那么差
可是我之前对他态度那么差,他愿意帮我吗
他愿意帮我吗,现在知道后悔了
现在知道后悔了,我早就跟你说过见面留一线
我早就跟你说过见面留一线,日后好相见
日后好相见,不过我觉得你也不用太担心
不过我觉得你也不用太担心,你可以找个借口去见他
你可以找个借口去见他,然后跟他好好道个歉
然后跟他好好道个歉,认个错
认个错,实在不行就牺牲点真金白银
实在不行就牺牲点真金白银,大不了多分他点new face代理费
大不了多分他点new face代理费,总之你要用你的诚意去打动他
总之你要用你的诚意去打动他,你说的还真挺有道理的
你说的还真挺有道理的,卫哲老师 你终于回来
卫哲老师 你终于回来,我等你好久我都等傻了
你怎么来了,我是特意来给您道歉的
我是特意来给您道歉的,这是我送你的礼物
这是我送你的礼物,请您笑纳
为什么要道歉,是这样
是这样,我去了酒吧我也问了凯文了
我去了酒吧我也问了凯文了,确实是您帮我付的酒钱
确实是您帮我付的酒钱,所以之前是我错怪你了
所以之前是我错怪你了,不好意思
跟踪我,不用
不用,你在微博上抛过一张你家里的照片
你在微博上抛过一张你家里的照片,我经过一比对
我经过一比对,发现你就住在河滨大楼
发现你就住在河滨大楼,太有品位了
你以前当间谍的呀,友情提醒一下
友情提醒一下,把自己家里的照片放在网上
把自己家里的照片放在网上,需要特别谨慎
你可以回去了,等一下
等一下,卫哲老师
卫哲老师,其实我今天来还有另外一件事情
其实我今天来还有另外一件事情,我在网上看到你的直播了
来算账的,不是 不是
不是 不是,我觉得你骂的特别好
我觉得你骂的特别好,特别有道理
特别有道理,我虚心接受
我还第一次见到挨骂也上瘾的人,那就得看你骂的好不好了
那就得看你骂的好不好了,我知道您是全中国 不 全亚洲最好的公关顾问
我知道您是全中国 不 全亚洲最好的公关顾问,我这出现一个小小的危机
我这出现一个小小的危机,需要你帮我个忙
需要你帮我个忙,写一篇声明
写一篇声明,你看行吗
明天上午你可以跟我的助理联系,明天上午就来不及了
明天上午就来不及了,我但凡有办法我就不会找你了
我但凡有办法我就不会找你了,反正我不管
反正我不管,这个忙你帮也得帮
这个忙你帮也得帮,不帮也得帮
不帮也得帮,你要是不帮我写这篇声明
你要是不帮我写这篇声明,我今天就赖着不走了
你爱在这里待多久就待多久,我待会要有人来问的话
我待会要有人来问的话,我就说我就说我是你的女朋友被你轰出来了
我就说我就说我是你的女朋友被你轰出来了,反正我又不住在这里了
反正我又不住在这里了,你要是不嫌丢人我也无所谓
宝贝到家了,谢谢你送我回家
时间过得好快,是
是,真巧啊
真巧啊,李斯特 你说世界上有这么多的国家
李斯特 你说世界上有这么多的国家,中国有这么多的城市
中国有这么多的城市,而你却偏偏来到了上海
而我偏偏走进了你的教室,你的中文已经很好了
你的中文已经很好了,完全可以毕业了
我想留级,所以大概就是这样的一个情况
所以大概就是这样的一个情况,他们一定要让我写什么声明
他们一定要让我写什么声明,主要是这篇声明我也不会写
主要是这篇声明我也不会写,你得帮我
我知道 他的遗孀李静柔来找过我,你不会要接他单子吧
我不接,那就好
那就好,"我们公司代理的是news
face"
"我们公司代理的是news
face",不是李静柔
所以请你另请高明,不是大晚上的
不是大晚上的,你让我上哪请高明去 再说了全上海
你让我上哪请高明去 再说了全上海,但最高明的人不就在这站着的吗
但最高明的人不就在这站着的吗,主要是我的时间来不及了
主要是我的时间来不及了,他们让我明天务必出一份声明
他们让我明天务必出一份声明,可是我到现在都不知道该怎么写
赶紧回去,卫哲老师
卫哲老师,不是你自己也说了
不是你自己也说了,我们那么大个公司那么多人
我们那么大个公司那么多人,我为什么毫无准备的就参加什么发布会
我为什么毫无准备的就参加什么发布会,是因为没有人帮我
是因为没有人帮我,他们都在看我的笑话
他们都在看我的笑话,我爸的事情你也知道了
我爸的事情你也知道了,我就是一个学生
我就是一个学生,我现在当什么总裁
我现在当什么总裁,纯属就是赶鸭子上架把我放在火上烤
纯属就是赶鸭子上架把我放在火上烤,我现在的处境就是四面楚歌
我现在的处境就是四面楚歌,10面埋伏
10面埋伏,我好不容易接下了new face
我好不容易接下了new face,谁知道是这样的一个情况
谁知道是这样的一个情况,我真的我都傻眼了
我真的我都傻眼了,所以你得帮我
所以你得帮我,不然我爸爸这么多年的心血毁在我手里
不然我爸爸这么多年的心血毁在我手里,那我怎么办
那我怎么办,你得救我命
你得救我命,卫哲老师
赶紧回去,我不管
我不管,这个忙你帮也得帮
这个忙你帮也得帮,不帮也得帮
这叫私闯民宅知道吗,你没有拦我
你说你一个堂堂的总裁怎么还在这死皮赖脸呢,为了公司的业务我就得不要脸
为了公司的业务我就得不要脸,多包涵啊
你还挺豁得出去,必须的
必须的,我怎么办
我怎么办,你在网上那么说我了
你在网上那么说我了,我要是不豁得出去
我要是不豁得出去,我早就跳楼了
我早就跳楼了,但是我不追究
但是我不追究,只要你教我写这篇声明
只要你教我写这篇声明,我们俩就扯平了
我们俩就扯平了,而且我愿意付钱的
你知道我是非常贵的吗,我知道我付得起
我知道我付得起,你就当我是你的客户
我从来不接个人业务,太好了
太好了,我现在就以DL总裁的身份
我现在就以DL总裁的身份,诚挚的邀请你加入我们的公司当我的合伙人
有很多的人在邀请我,那又怎么样
我为什么要答应你,因为我更有诚意
因为我更有诚意,我们就从这边声明开始磨合
我们就从这边声明开始磨合,说不定你很快就不烦我了
说不定你很快就不烦我了,会喜欢我
会喜欢我,只要你同意
只要你同意,我们随时签合同
我们随时签合同,你看公章我都带了
你是皮包公司,为了能请动你这尊大神
为了能请动你这尊大神,我可是什么都做得出来的
出来混就得玩命,什么叫996
朝九晚九一周工作6天,那不跟我们一样吗
那不跟我们一样吗,我们到现在还在加班
杨沫是在加班,这么说的话
特别是自己的弱点,按你说的 new face是有错的
按你说的 new face是有错的,我怎么帮他们辩护
new face 一点错都没有,是你刚才说的很大概率 杨墨在加班
但是网友也只能站在道德的高度进行声讨,可是我觉得这么说不对
可是我觉得这么说不对,杨墨确实是在度假中过世的
杨墨确实是在度假中过世的,可是很显然他是积劳成疾
可是很显然他是积劳成疾,new face还是要负一部分责任的
new face还是要负一部分责任的,而且new face那么有钱
而且new face那么有钱,多给些赔偿怎么了
你是谁的代理人,New face
记住无论在什么时候处理危机公关事件的首要原则就是客户至上,可是我觉得 不反驳不质疑
可是我觉得 不反驳不质疑,客户至上
客户至上,再次感谢您 卫哲老师
再次感谢您 卫哲老师,今天把你耗得这么晚
今天把你耗得这么晚,真的不好意思
真的不好意思,不过你要不帮我写这篇声明
不过你要不帮我写这篇声明,估计我得跳黄浦江了
赶紧回去吧,邀请你做合伙人的事情
邀请你做合伙人的事情,我希望你能好好考虑一下
我希望你能好好考虑一下,我是认真的
你爸爸有消息了吗,你认识他呀
公关圈哪个人不认识他,还是下落不明
我相信你爸是个好人,晚安
晚安,你的人走吗
你的人走吗,我这声明可写完了
我这声明可写完了,我准备回家了
我准备回家了,你能不能先别回来
你能不能先别回来,李斯特他人还没走
李斯特他人还没走,他现在伤势有点严重
他现在伤势有点严重,严重
严重,你就叫救护车
你就叫救护车,你在这耗着干嘛 都2点了亲爱的
你在这耗着干嘛 都2点了亲爱的,不不不 救护车有点太夸张了
不不不 救护车有点太夸张了,你再等半个小时
你再等半个小时,我估计他就能缓过来了
我估计他就能缓过来了,好不好
好不好,你能不能快一点 我很困了
你能不能快一点 我很困了,谢谢宝贝
那个江达琳交给你了 好吧,等一下
等一下,谢谢你
谢谢你,教我闺蜜写声明
教我闺蜜写声明,谢谢你
谢谢你,替他开了会
替他开了会,谢谢你把我闺蜜送回家
谢谢你把我闺蜜送回家,其实达琳是真心的想要跟你学公关的
其实达琳是真心的想要跟你学公关的,而且他绝对是诚心诚意想邀请你到他们公司当合伙人
这事你怎么知道的,我向他推荐的你
你很了解我吗,我之前调查了一下
我之前调查了一下,花了2000块钱才拿到你的详细资料
猎头谁呀,保密
所以我有些犹豫,马邦尼 我告诉你
马邦尼 我告诉你,别说这里不是你家了
别说这里不是你家了,这里就算是你家
这里就算是你家,你也不能随随便便留一个男人过夜的
你也不能随随便便留一个男人过夜的,你俩才认识多久
你俩才认识多久,这有什么的 我们又不偷不抢的
这有什么的 我们又不偷不抢的,你干嘛那么封建呢
你干嘛那么封建呢,他可是你的学生
他可是你的学生,你们是什么 师生恋 影响多不好
你们是什么 师生恋 影响多不好,我们两个已经商量好了
我们两个已经商量好了,先地下恋情一段时间以后再公开
先地下恋情一段时间以后再公开,万一他把这里当成你家了
万一他把这里当成你家了,有事没事就过来
有事没事就过来,想要跟你亲热你怎么办
想要跟你亲热你怎么办,你放心 我以后肯定不会让他再上来的
你放心 我以后肯定不会让他再上来的,你家也不行
你家也不行,街坊邻居那么多 看到了像什么样子
街坊邻居那么多 看到了像什么样子,你是个女孩子要矜持 知不知道
你是个女孩子要矜持 知不知道,不能跟他们随便的
不能跟他们随便的,你讲话给我注意一点
你讲话给我注意一点,还说我 自己不也是被男人给送回来的
还说我 自己不也是被男人给送回来的,还是人家背回来的
还是人家背回来的,什么男人
什么男人,卫哲 人家不但把你送回来
卫哲 人家不但把你送回来,还替你开了会
还替你开了会,男神一枚 可以呀
男神一枚 可以呀,开会
开会,我的声明 我手机呢
我的声明 我手机呢,在这儿 今天早上回来就没电给你充着电
在这儿 今天早上回来就没电给你充着电,12个未接来电
12个未接来电,你给我吧 完蛋了
你给我吧 完蛋了,真的决定加入dl了
真的决定加入dl了,为什么
为什么,为什么到现在才告诉我
就通知你了,老大
老大,你知不知道我跟灯塔公关的向伟已经谈到什么程度了
你知不知道我跟灯塔公关的向伟已经谈到什么程度了,只要你去 灯塔
只要你去 灯塔,愿意为你成立专门的公关部
愿意为你成立专门的公关部,由你全权负责独立运营
由你全权负责独立运营,另外
另外,给你5%的股权
给你5%的股权,年底分红就这个数
年底分红就这个数,你跟我说实话
你跟我说实话,你到底是看上dl了还是看上江达琳了
别在这胡说八道,总之你今天必须给我一个合适的理由
总之你今天必须给我一个合适的理由,不然我坚决不同意你去dll
别那么小肚鸡肠好不好,我小肚鸡肠
我小肚鸡肠,老大我跟了你这么久
老大我跟了你这么久,没想到你是这么看我的
没想到你是这么看我的,老大
老大,我跟了你这么多年 之前多少公司找我 我都没有去
我跟了你这么多年 之前多少公司找我 我都没有去,为什么
为什么,因为我愿意跟你在一起工作
因为我愿意跟你在一起工作,你不能因为我心甘情愿就完全不考虑我的感受
你不能因为我心甘情愿就完全不考虑我的感受,去DL不是你一个人的事
去DL不是你一个人的事,你必须给我一个说得通的理由
也就是你最关心的钱,你别说的好像你不在乎
我想他们应该会答应的,这还差不多
这还差不多,第三个理由呢
你觉得我应不应该去帮他,你好
请问是江达琳吗,是
卫哲在不在,卫哲 他在忙别的事情
雷总特意交代这个case是让他参与的,其实您这边要有什么问题找我就行
给媒体的通稿第二段不能这么说,给媒体通稿的第二段 就是我们对杨墨的去世感到无比的悲痛和遗憾
我司将保留追究法律责任的权利,我觉得这么说不妥
我认为我们必须得阐明态度,这是骂人
我骂谁了,杨墨已经死了
杨墨已经死了,如果这么做
如果这么做,只会显得很冷酷
只会显得很冷酷,也很残忍
也很残忍,会激怒网友的
我只是在表明立场,我们发通稿的目的也是为了把这件事情压下来
我们发通稿的目的也是为了把这件事情压下来,激怒网友
激怒网友,对我们有什么好处呢
对我们有什么好处呢,我想问问你
我想问问你,我们做这件事情的目的是什么呢
维护公司的利益,不对
不对,是维护公司长远的利益
那这样 咱们别在电话里争了 你来一下我们商量怎么修改措辞,好的
好的,我一会就过去
我一会就过去,你从来都没有这么认真的教过我
但是你连我银行卡的密码都知道,好吧
好吧,我就不吃醋了
现在就是个光杆司令,这斯黛拉真够狠的
现在都还没付,那你还打算加盟DL
看看纽非斯这个案子她能办成什么样,内忧外患
内忧外患,毫无经验
毫无经验,这么大一件事
这么大一件事,你要是不帮他
你要是不帮他,她肯定就扑街咯
万一人家办成了,李女士
李女士,首先对您家发生这样的不幸
首先对您家发生这样的不幸,我们表示同情
我们表示同情,其实我今天来就是想多了解一些情况
其实我今天来就是想多了解一些情况,想知道您的想法和要求
想知道您的想法和要求,不管怎么说
不管怎么说,杨墨都是new face的员工
杨墨都是new face的员工,他这次度假 发生这样的意外身亡
到哪都先问有没有WiFi或者4G信号,是 不可否认杨墨真的是非常好的员工
是 不可否认杨墨真的是非常好的员工,您说的这些并不能证明他在加班
您说的这些并不能证明他在加班,工伤保险条例的第39条规定
你跑到这儿来给我背条款了是吗,"不
不"
"不
不",你让我把话说完
你让我把话说完,其实我希望能认真的听您的意见和想法
其实我希望能认真的听您的意见和想法,并且我们能够友好的去协商 双方如果真的想和解
并且我们能够友好的去协商 双方如果真的想和解,那必须得拿出一点诚意
又怎么了,你终于就接电话了
你终于就接电话了,我就怕你不接
我就怕你不接,我现在在李静柔的家里
我现在在李静柔的家里,我有一个问题想要问你 很紧急
我回答问题是要收费的,我知道你很贵
我知道你很贵,但是这个问题一点都不专业
但是这个问题一点都不专业,就是很常见的一个问题
就是很常见的一个问题,我很想跟对方讲道理
我很想跟对方讲道理,可是对方一直哭怎么办
是不是这么回事,对
对,就是这个意思
原来李静柔怀孕了,所以我才说她可怜
所以我才说她可怜,她老公刚走
她老公刚走,现在又有了孩子
现在又有了孩子,未来一个人一定会很艰难的
所以你同情心大发了,我不能见死不救
我不能见死不救,感情用事是做公关的大忌
感情用事是做公关的大忌,卫哲老师 你就再帮我一回吧
卫哲老师 你就再帮我一回吧,你都已经帮了一半
你都已经帮了一半,你不能半途而废
你不能半途而废,你这样对不起客户
你这样对不起客户,对不起李静柔
对不起李静柔,也对不起我
也对不起我,顾凯雷只给50万
顾凯雷只给50万,这50万够干什么用
放弃这一单,你什么意思
没有两全其美的事情,卫哲老师
你这样的学生我教不起,行
行,如果这单我办成了
如果这单我办成了,你是不是就可以当我的老师并且做我的合伙人了呢
你是不是就可以当我的老师并且做我的合伙人了呢,就当你同意了
就当你同意了,李静柔答应和解了40万
喝完这杯咖啡就可以高高兴兴的回家了,这个案子没有完
你还想干嘛,我在看杨墨的日记
我在看杨墨的日记,你看这段 今天写代码的时候居然睡着了
你看这段 今天写代码的时候居然睡着了,还梦到雷总跟我说
还梦到雷总跟我说,bug解决了没有
bug解决了没有,结果一睁眼被我想到了
结果一睁眼被我想到了,解决的办法真是神了
解决的办法真是神了,李静柔说的没有错
李静柔说的没有错,杨墨就是过劳死
你不能因为一本日记就加大对他的同情,我觉得你这么说太不近人情了
听我的 这件事情到此为止了,我过不去
你还想干什么,我们这么辛苦难道就是因为钱吗
我们这么辛苦难道就是因为钱吗,因为我拿了new face的钱
因为我拿了new face的钱,所以他们让我干什么我就必须要干什么
所以他们让我干什么我就必须要干什么,我不能有自己的判断和是非观念
你还想不想在dl坐稳你的总裁位置,我们明明知道事情的真相
我们明明知道事情的真相,我们为什么要隐瞒
我是让你有选择的说出真相,如果说我有证据
你还有什么证据,红茶
红茶,红茶能够证明
晚上我不吃了,这个杨墨的创业日记 李静柔给我的
这个杨墨的创业日记 李静柔给我的,你看一下
你什么意思,我只是希望您能重新认真的考虑一下
我只是希望您能重新认真的考虑一下,李静柔现在怀着孕也没有工作
李静柔现在怀着孕也没有工作,也没有固定的收入来源
也没有固定的收入来源,你们现在给他的赔偿费真的太少了
是给李静柔求情的,我只是希望 希望您能
你知不知道你现在在做什么,其实我特别知道您在说什
我会让财务给你们打过去,是呀 我今天一天都宅在房子里面
是呀 我今天一天都宅在房子里面,哪里也没有去
你等着我,Okay
Okay,你跟谁说话呢
你跟谁说话呢,李斯特
李斯特,你知道他在哪里住吗
你知道他在哪里住吗,嘉丽华庭 这地段的房子 这size 租金少说要3万块钱一个月
嘉丽华庭 这地段的房子 这size 租金少说要3万块钱一个月,还有他今天给我看了他父母跟他妹妹的照片
还有他今天给我看了他父母跟他妹妹的照片,还跟我讲他家里情况
还跟我讲他家里情况,这一个男人给一个女人讲述自己的家里情况
这一个男人给一个女人讲述自己的家里情况,这意味着什么
这意味着什么,你晓得吧
你晓得吧,我在跟你讲话有没有在听
我在跟你讲话有没有在听,我在听
我在听,李斯特不会这么短的时间就要向你求婚了
李斯特不会这么短的时间就要向你求婚了,外国人嘛
外国人嘛,你懂的
你懂的,感情来了挡也挡不住的
感情来了挡也挡不住的,不过这至少说明他是不抗拒跟我共建家庭的
不过这至少说明他是不抗拒跟我共建家庭的,是不是也意味着你对他的原始吸引力减弱了
是不是也意味着你对他的原始吸引力减弱了,我呸 乌鸦嘴
我呸 乌鸦嘴,江达琳 就你这个情商你还想做公关
江达琳 就你这个情商你还想做公关,我呸 你才乌鸦嘴
我呸 你才乌鸦嘴,不过还真被你说对了
不过还真被你说对了,我这个公关说不定就要做到头了
我这个公关说不定就要做到头了,怎么了
怎么了,出什么事了
出什么事了,没事
没事,我脑子有点乱
我脑子有点乱,今天晚上来陪我了
今天晚上来陪我了,现在这个情况我怎么回得去
现在这个情况我怎么回得去,什么意思
什么意思,今天晚上你不会要在他那过夜
今天晚上你不会要在他那过夜,反正我今天晚上是回不去的
宝贝快点脱衣服,李斯特
李斯特,人家是中国人
人家是中国人,我们含蓄一点
i'm sorry 我还是送你回家,你看看我都紧张死了
你看看我都紧张死了,你不说出来我都不好意思开口的
你不说出来我都不好意思开口的,我也是的
我也是的,我从来没有在人家家里过夜的
我从来没有在人家家里过夜的,真的我马上走
真的我马上走,马上走
马上走,你说我是不是特别蠢
你说我是不是特别蠢,一直就蠢
一直就蠢,明知是南墙还硬要往上撞
明知是南墙还硬要往上撞,是真的蠢 换成是我肯定不会这样做
是真的蠢 换成是我肯定不会这样做,拿着人家new face的钱去帮李静柔做事情
拿着人家new face的钱去帮李静柔做事情,你在跟我搞笑吗
你在跟我搞笑吗,你安慰我一句能死吗
你安慰我一句能死吗,可你就是这样的人
可你就是这样的人,你还记得咱们军训的时候吗
你还记得咱们军训的时候吗,赵晓丹钱包丢了
赵晓丹钱包丢了,硬要说是我偷的
硬要说是我偷的,理由就是我是全寝室最穷的一个
理由就是我是全寝室最穷的一个,却买了条1000多块的裙子
却买了条1000多块的裙子,我记得当时没有一个人敢吭声
我记得当时没有一个人敢吭声,就你站出来替我打抱不平
就你站出来替我打抱不平,必须的呀
必须的呀,结果他钱包找着了
结果他钱包找着了,你逼着他出来跟我道歉
你逼着他出来跟我道歉,早看他不顺眼了
早看他不顺眼了,我这个人从小到大就自私自利爱慕虚荣的
我这个人从小到大就自私自利爱慕虚荣的,可我就是愿意跟和我相反的人做朋友
可我就是愿意跟和我相反的人做朋友,江达琳 这件事情你做的对
江达琳 这件事情你做的对,我支持你
我支持你,总算说了句人话
总算说了句人话,行啦
行啦,既然事情都已经发生了
既然事情都已经发生了,你就不要再去想了
你就不要再去想了,还是赶紧琢磨一下该怎么控制公司的损失吧
还是赶紧琢磨一下该怎么控制公司的损失吧,江总裁
江总裁,我怎么控制啊
我怎么控制啊,人家是新官上任三把火
人家是新官上任三把火,我走马上任第一个案子
我走马上任第一个案子,我不仅坑了公司
我不仅坑了公司,我还坑了自己的客户
我还坑了自己的客户,关键是卫哲我也保不住了
关键是卫哲我也保不住了,我原本想着这个案子要做好了
我原本想着这个案子要做好了,我就拉卫哲入伙
我就拉卫哲入伙,现在的黄了他肯定不来了
现在的黄了他肯定不来了,刚才你没来之前
刚才你没来之前,我仔仔细细前前后后里里外外的把这件事情好好的梳理了一下
我仔仔细细前前后后里里外外的把这件事情好好的梳理了一下,我真心觉得自己没有错
我真心觉得自己没有错,你纠结什么
你纠结什么,卫哲
卫哲,觉得对不起他
觉得对不起他,你要真想拉他入伙还不容易吗
你要真想拉他入伙还不容易吗,怎么
怎么,色诱呗
色诱呗,去你的吧
去你的吧,刚才我要是不给你打电话的时候
刚才我要是不给你打电话的时候,今天晚上是不是就住在李斯特那了
今天晚上是不是就住在李斯特那了,我突然想上厕所
我突然想上厕所,等一下
等一下,不许逃避 回答问题
不许逃避 回答问题,肯定是 女流氓
肯定是 女流氓,刚来的路上 其实特别紧张
刚来的路上 其实特别紧张,我怕你又要大发雷霆
我怕你又要大发雷霆,然后训我一顿
然后训我一顿,但没想到看到了这么暖心让人感动的一幕
但没想到看到了这么暖心让人感动的一幕,我又重新认识了你
我又重新认识了你,真的
真的,我觉得特别让人敬佩
我觉得特别让人敬佩,所以我也要向我之前的行为说一声道歉
所以我也要向我之前的行为说一声道歉,这件事情其实我做的不够好
这件事情其实我做的不够好,还让你花了这么多钱
还让你花了这么多钱,对不起
你和你的dl恐怕要继续忍受我们的折磨,什么意思
明年全年的业务都签给你们DL,真的假的
我怕我又得多花钱,信封里面有一张卡
信封里面有一张卡,卡里有35万
卡里有35万,请您收好 多了是吧
杨墨的公关代理费我们一人一半,你听我说
你听我说,先告诉你一个好消息
先告诉你一个好消息,new face把欠我们公司的100万还给我们了
是吗,还有更好的消息
还有更好的消息,new face把他们明年全年的公关业务全交给我们做了
真的,其实我觉得顾凯雷不仅讲道义
其实我觉得顾凯雷不仅讲道义,还挺有人情味的
还挺有人情味的,最主要是他特别聪明
最主要是他特别聪明,他知道自己要什么 知错能改
他知道自己要什么 知错能改,你想他要是省出200万
你想他要是省出200万,他就失去了员工的心
他就失去了员工的心,那就太得不偿失了
那就太得不偿失了,他现在把他们公司明年的业务交给我们做
他现在把他们公司明年的业务交给我们做,他的员工肯定会想我们的老板还是守持本心充满正义感的老板
他的员工肯定会想我们的老板还是守持本心充满正义感的老板,我们要为他卖命创造更多的价值
我们要为他卖命创造更多的价值,这样一来
这样一来,他可不是多付了200万
他可不是多付了200万,他赢了
他赢了,可是员工们的心 他多精明
可是员工们的心 他多精明,你说我分析的对不对
那真得恭喜你,同喜同喜
多出的这10万我还是不能收,接着让我把话说完
接着让我把话说完,这10万块钱算是我的拜师费
这10万块钱算是我的拜师费,从今天开始
从今天开始,你就正式的收我为你的学生
你就正式的收我为你的学生,我知道你特别贵
我知道你特别贵,这点钱可能真的有点少
这点钱可能真的有点少,但怎么说也是我的一片心
还有我先给你定三个月的试用期,等等 怎么当学生还有试用期
如果你有意见我再减一个月,没意见就三个月
没意见就三个月,卫哲老师
卫哲老师,其实我今天来还有一件最最重要的事 我正式的诚心诚意的邀请你做我的合伙人
我答应你,你说什么
这次你干的很漂亮,老大
老大,看看 满不满意
看看 满不满意,我特意提出来的
我特意提出来的,你的办公室必须是整个dl最大
你的办公室必须是整个dl最大,还有无敌江景房 老大 跟你说
还有无敌江景房 老大 跟你说,只要你这些奖杯一摆出来
只要你这些奖杯一摆出来,整层楼都被你给震住了
整层楼都被你给震住了,你注意到没有
你注意到没有,你刚进来的时候
你刚进来的时候,那几个女孩看你眼睛都好长在你身上似的
你是不是把我的堵车背景音给换了,你说什么
你是不是把我的堵车背景音给换了,不好意思
不好意思,我上个月换的
为什么会有牛叫啊,不可能
不可能,我用的都是国际大都市交通素材
印度吗,不好意思
不好意思,我上个月刚去过孟买
开会的人呢,你今天前面出车祸了
你今天前面出车祸了,是辆牛车
是辆牛车,我怎么还听到有英文是印度乡下
我怎么还听到有英文是印度乡下,别跟我啊啊啊 当我傻子啊
别跟我啊啊啊 当我傻子啊,第一天开合伙人会议你就迟到了
第一天开合伙人会议你就迟到了,故意的
故意的,你这是给我要下马威
你怎么在这办公,我办公室装修
我办公室装修,他们说这是暂时的
他们说这是暂时的,我们可是把最好的办公室都给你了
你办公室什么时候装好,不知道
不知道,他们说快了
我志在必得,刚上网查了一下
刚上网查了一下,你是全世界最贵的造型师啊
你是全世界最贵的造型师啊,你是不是给很多明星弄个头发
你是不是给很多明星弄个头发,你这儿的营业时间是11:00~10:00
你这儿的营业时间是11:00~10:00,你是特别的为了我提前开的门吗
我是为了卫哲,你们俩是好朋友
再说了做人不能忘恩负义,你打算把我的头发弄什么样
等会你就知道了,虽然你们俩是好朋友
虽然你们俩是好朋友,但是今天付钱的是我 我的头发我做主
没有人告诉过你永远都不要得罪造型师的吗,手下留情
还不错,把卡给我
我还没问你要我的形象设计费,卡里总共才6万多块钱
卡里总共才6万多块钱,就花了我一半
就花了我一半,卫哲老师 我叫你一声老师
卫哲老师 我叫你一声老师,是希望你能好好的教我如何当一个优秀的公关
是希望你能好好的教我如何当一个优秀的公关,而不是教我如何花钱
你认为客户会更听谁的,谁有能力听谁的
可是我卫哲的脸,我可是总裁
这些财产的来龙去脉都要弄清楚,Hello 好看吗
就像换了个人生一样,是卫哲帮我设计的
是卫哲帮我设计的,穿成这样我特别不习惯
穿成这样我特别不习惯,而且没有刘海之后
而且没有刘海之后,我觉得特别没有安全感
有机会我也得让他帮我参谋参谋,其实我来是想让你给我帮个忙
你说,明天早上你去飞洋集团的时候能不能带上我呀
明天早上你去飞洋集团的时候能不能带上我呀,我从来都没有听过讲标
我从来都没有听过讲标,我想旁听一下学习学习
更显得我无能,我替你想到了
我替你想到了,我不以总裁的身份去
我不以总裁的身份去,我就说是你助理
我就说是你助理,哒哒哒 名片我都印好了
明天上午8:45飞扬集团楼下见,我帮你拎包
我帮你拎包,拜拜 谢谢啊
拜拜 谢谢啊,他们怎么这样
他们怎么这样,我们的方案都做完了
我们的方案都做完了,一句轻飘飘的主题变了
一句轻飘飘的主题变了,我们就前功尽弃了吗
一边比一边找自己的方向,他们主题变了不早说
他们主题变了不早说,我们还在那讲半天
我们还在那讲半天,这不浪费时间嘛
要不要一起,真的没有想到能够见到你像做梦一样
真的没有想到能够见到你像做梦一样,你什么时候回来的
说来就话长了,知道你大学毕业以后去了深圳
知道你大学毕业以后去了深圳,我之前还通过深圳的校友会找过你也没找到
我之前还通过深圳的校友会找过你也没找到,在深圳还好吗
在深圳还好吗,你回上海多久了
你回上海多久了,你怎么进飞扬集团了
我是先回答哪个呢,我就有点激动
我就有点激动,没想到
真没想到能在这遇见你,对呀 还挺有缘分的
太有缘了,你说你上个月刚刚入职
你什么时候进的DL,我我也是才不久
也算是庆祝一下咱们两个再相遇怎么样,请吃饭那也得是我请啊
请吃饭那也得是我请啊,我可是上海人 我得要尽地主之谊的
等我一会马上就来,亲爱的
亲爱的,你知道我遇到谁了吗
你知道我遇到谁了吗,谭新凯 那个师哥谭新凯
谭新凯 那个师哥谭新凯,你怎么会遇到他
你怎么会遇到他,他不是在深圳吗
他不是在深圳吗,他回上海了
他回上海了,而且是在飞扬集团
而且是在飞扬集团,你的偶像回来了
你的偶像回来了,这一次你可不能让他跑了
这一次你可不能让他跑了,一定要抓住机会
一定要抓住机会,什么乱七八糟的
什么乱七八糟的,他该不会是特意回上海来找你的
他该不会是特意回上海来找你的,你再胡说我挂电话了
你再胡说我挂电话了,我怎么胡说了
我怎么胡说了,他现在在你旁边吗
他现在在你旁边吗,我来跟他说
我来跟他说,他不在 待会要请我吃饭
他不在 待会要请我吃饭,他应该是上去拿东西了
他应该是上去拿东西了,我的天你们进展也太快了
我的天你们进展也太快了,这就开始约会了
这就开始约会了,你走开
你走开,什么 好了不跟你说了
什么 好了不跟你说了,拜拜
拜拜,我们快有6年没见了
还有三个月零6天刚好6年,这你都记得 你记性怎么那么好
这几年你过得还好吗,挺好的
听人说你出国了,打听我干什么
我想咱们俩还能不能见上一面,大学毕业以后就出国留学了
大学毕业以后就出国留学了,也是才回来
也是才回来,因为家里出了一些事情
因为家里出了一些事情,所以去了DL
需要帮忙吗,没事
没事,别老聊我了
别老聊我了,说说你吧
说说你吧,飞扬集团可是500强的企业
飞扬集团可是500强的企业,你这个年纪当上了高级经理
你这个年纪当上了高级经理,真的是太棒了
真的是太棒了,不愧是我师兄
不愧是我师兄,上大学的时候我就特别崇拜你
这些年忙忙碌碌的还算好吧,干嘛这么谦虚
干嘛这么谦虚,是不是
是不是,你这个甲方怕我这个乙方求你高抬贵手
你这个甲方怕我这个乙方求你高抬贵手,我是希望公平竞争
我是希望公平竞争,赢也要赢得坦坦荡荡
什么情况,这个身位你还看不出来
这个身位你还看不出来,不是高手吗
这男的什么来着,现在还不知道
现在还不知道,隔得太远没听清
隔得太远没听清,好像说是大学师兄什么的
好像说是大学师兄什么的,大学里是最容易产生爱情的地方
大学里是最容易产生爱情的地方,师兄和师妹你懂的
在外面八卦,好了
好了,我不八卦了
我不八卦了,我还有个小情况要汇报
我还有个小情况要汇报,想不想听啊
有屁快放,我们亲爱的江总
我们亲爱的江总,刚刚很神秘的跟我说
刚刚很神秘的跟我说,千万不要暴露他总裁的身份
千万不要暴露他总裁的身份,我不知道他这句话是什么意思
糟糠之妻不下堂,你说完了吗
你说完了吗,糟糠之妻都用上了
糟糠之妻都用上了,你劈腿了
你劈腿了,你是你们老板小小媳妇
你是你们老板小小媳妇,你要搞清楚
你要搞清楚,没给你发工资的是他
没给你发工资的是他,他成天让你做牛做马
他成天让你做牛做马,不给你添草料的也是他
不给你添草料的也是他,什么糟糠之妻啊
什么糟糠之妻啊,听你这口气当怨妇上瘾了
听你这口气当怨妇上瘾了,重说一遍
得有点虚头巴脑的东西是不是,告诉你法律上不承认情怀和理想是支付手段
告诉你法律上不承认情怀和理想是支付手段,你还不明白吗
你还不明白吗,你不好意思跟他要钱
你不好意思跟他要钱,他就好意思不给你
他就好意思不给你,你到底会不会骂人
让我重新组织一下可以吧,算了
算了,是我的错
是我的错,我怎么能逼你骂人呢
原来答应我的事全当放屁了,漂亮
漂亮,趁热打铁走
趁热打铁走,找你老公啊 不
找你老公啊 不,找你老板啊 高健
找你老板啊 高健,不是 你白练了
外人不要插嘴,我是外人
我是外人,你跟你老板是两口子插足你们俩了是吗
你跟你老板是两口子插足你们俩了是吗,我是你老板
我是你老板,不我是你老婆
不我是你老婆,要不是你这面瓜性格日子至于过成这样吗
要不是你这面瓜性格日子至于过成这样吗,至于过成这样吗
我都知道,你知道个屁啊
好了,已经分居那么长时间了
已经分居那么长时间了,不如先把婚离了好吗
不如先把婚离了好吗,你叫他什么
你叫他什么,他是谁
别这样,怂包
好吧,对不起
对不起,刚才我真的是太失态了
刚才我真的是太失态了,对不起
对不起,因为我已经给你给逼疯了
什么时候办手续,你说了算
民政局又不是我家开的,余峥看我发现你挺迫不及待的
余峥看我发现你挺迫不及待的,行
行,随时恭候
随时恭候,再见
我就说最后一句,爱过
爱过,不吃 我妈会游泳
不吃 我妈会游泳,没钱 不后悔
没钱 不后悔,明天有事 我对你造成的伤害心理阴影占地面积为9平方厘米
明天有事 我对你造成的伤害心理阴影占地面积为9平方厘米,还有事吗
快来,我们俩谈恋爱那会儿
我们俩谈恋爱那会儿,我爸不同意
我爸不同意,但我就喜欢他
但我就喜欢他,我真挺喜欢他的
我真挺喜欢他的,喜欢他那样傻乎乎的
喜欢他那样傻乎乎的,有的时候真是特别喜欢他
有的时候真是特别喜欢他,做错的事情都不知道自己错在哪
做错的事情都不知道自己错在哪,赖赖叽叽的样子
赖赖叽叽的样子,后来我们俩结婚了
后来我们俩结婚了,我爸还是不同意
我爸还是不同意,然后我们俩就出去租房子住
然后我们俩就出去租房子住,那房子
那房子,冬天没暖气好冷
冬天没暖气好冷,然后我们俩就围着被子坐床上
然后我们俩就围着被子坐床上,他编程序
他编程序,我准备律考
我准备律考,我记得
我记得,他老把电脑放我膝盖上
他老把电脑放我膝盖上,他说那样暖和
他说那样暖和,傻乎乎的 特别温暖
傻乎乎的 特别温暖,那种感觉还是挺拿人的
他不知道心疼女人,他挺心疼我的
我这不是想帮你单方面销毁了,我自己来
谁,哥出租房屋的帖子
哥出租房屋的帖子,我留的言在你这小区找了三个月了
我留的言在你这小区找了三个月了,终于找到了
终于找到了,太好了
不好意思,不是哥
不是哥,您这也太任性了
您这也太任性了,您这一冲动发了个出租房屋的帖子
您这一冲动发了个出租房屋的帖子,你又一冲动取消帖子关闭交易
你又一冲动取消帖子关闭交易,我从一层没赶上电梯
我从一层没赶上电梯,我跑上12层的 累傻小子哪
不好意思啊,哥 是不嫌房租少
哥 是不嫌房租少,我给你多交点不就完了吗
我给你多交点不就完了吗,我实话跟你说
我实话跟你说,我是个歌手
我是个歌手,我在北京漂了10年
我在北京漂了10年,大师跟我说今年是我的关键点
大师跟我说今年是我的关键点,我又上升了
我又上升了,无论是你房子的房号户型还有朝向特别地旺我
无论是你房子的房号户型还有朝向特别地旺我,我命里金木水火我缺火
我命里金木水火我缺火,住你房子我就能火
住你房子我就能火,火了我肯定
火了我肯定,您对你好哥
不好意思,嫂子的不就是你的吗
嫂子的不就是你的吗,哥
哥,你是一家之主
你是一家之主,你再任性一回冲动一回
小伙子,哥 你这样
烦死了,你就该离婚
你就该离婚,你的面向就是离婚的命
你的面向就是离婚的命,我跟你说早离比晚离强
我跟你说早离比晚离强,你别祸祸人家姑娘 怂包 软蛋
来 我让你看看 看看软蛋的窝,我说祝你幸福
现在你满意吗,哥
哥,我不是来租房的
你不是来租房的,来串门的
来串门的,来串门的 走错了 对不起啊
来串门的 走错了 对不起啊,对不起啊
你信不信,真男人 但你租房子
真男人 但你租房子,你得跟人嫂子商量
什么的,不租 不租
不租 不租,我算明白了
我算明白了,租也是死
租也是死,不租也是死 出不去这屋了
不租也是死 出不去这屋了,来
来,砍我头吧 来
你是不是有神经病你这个人,我没有神经病
我没有神经病,你也没有神经病吧
沙发上聊聊到租房的细节,哥 你刚才可吓死我了
哥 你刚才可吓死我了,不过我看出来了
不过我看出来了,你绝对是真男人在家里说一半
随时出门还都带着租赁合同,在北京漂了10年净搬家来着
在北京漂了10年净搬家来着,合同是我生活的必需品
合同是我生活的必需品,哥 这能常住吧
哥 这能常住吧,你别我住了两天
你别我住了两天,你又
你又,任性
任性,那我不租了
说一不二,次卧出租
次卧出租,租金1500
租金1500,如有违约
如有违约,违约金1万
违约金1万,其他都是全国的统一格式条款以及
其他都是全国的统一格式条款以及,一切按法律来的
一切按法律来的,没问题吧
走到哪都是法律,谁还是搞法律的
不是这个Y就是N,哥想开一点
哥想开一点,生活中很多事情不是yes
生活中很多事情不是yes,就是 no
就是 no,不喜欢优柔寡断的男人
不喜欢优柔寡断的男人,就喜欢你这种真男人独断专行
就喜欢你这种真男人独断专行,哥我回去拿李
哥我回去拿李,房租最晚
房租最晚,明儿给你
明儿给你,回来请你就吃麻辣烫
回来请你就吃麻辣烫,挺热闹
怎么着乐队解散了,临时的 三儿这不结婚了吗
临时的 三儿这不结婚了吗,老婆给他找了个正式的工作
老婆给他找了个正式的工作,我们准备重新组合
我们准备重新组合,组合好了
组合好了,第一时间考虑咱们酒吧
我这挺忙的,哥
哥,你看在咱们合作这么多年的份上
你看在咱们合作这么多年的份上,借我点钱
借我点钱,不用多1万块钱就行
不用多1万块钱就行,我现在有好多酒吧请我去驻唱
我现在有好多酒吧请我去驻唱,我赚了钱第一时间还你
兄弟钱的事儿就甭提了,哥
哥,我在你这唱了这么多年
我在你这唱了这么多年,你总不能看着我流落街头
夏峰你说你这天天怎么总属于半饥饿状态,我愿意
我愿意,我爱保持体型不行吗
本来兄弟还想帮帮你,小李
小李,你怎么帮我
你怎么帮我,你怎么帮
你怎么帮,这是谁啊
散伙,有钱呀 任性啊
有钱呀 任性啊,相当任性
这规律我都摸清楚了,他妈不会天天给他断粮吧
这身子是你自己,什么意思啊
什么意思啊,酒吧不卖酒
酒吧不卖酒,你要当戒酒中心
你要当戒酒中心,兄弟
兄弟,酒 哥请了 再去拿两杯
他谁 怎么回事,我表弟喝多了在这儿住一宿
咱俩租房的时候我可是跟你商量好的,你合同里没有这一条临时的哥
你合同里没有这一条临时的哥,你说他醉成这样我能见死不救吗
你说他醉成这样我能见死不救吗,是吧
你弄到我家来干什么,他失恋了
他失恋了,家里没人
家里没人,我不能把他一个人放在家里
我不能把他一个人放在家里,万一有个三长两短
万一有个三长两短,你心里能过得去吗
跟我有什么关系,很快你就知道了
很快你就知道了,哪屋哪屋
有多远滚多远,哥哥我表弟哥就一晚上谢谢哥哥
哥哥我表弟哥就一晚上谢谢哥哥,晚安 么么哒
晚安 么么哒,妈呀 你快醒醒
妈呀 你快醒醒,别给我惹事了 行不行啊
别给我惹事了 行不行啊,行不行
有没有考虑过我的感受,你妈可够新潮的了
你妈可够新潮的了,不过他也太不在乎你这当儿子的感受了是吧
还没有办法摆脱她,对
对,要不然别人会说你不孝顺
问题就是离开她我就没钱了,兄弟最好的办法搬出来租房子
兄弟最好的办法搬出来租房子,还管他要钱
还管他要钱,他爱交男朋友交男朋友
他爱交男朋友交男朋友,爱交多少交多少
爱交多少交多少,你不当电灯泡不就完了吗
租房啊,我经常在酒吧看见你醉生梦死
我经常在酒吧看见你醉生梦死,生活得很痛苦
生活得很痛苦,哥早就想帮你了
哥早就想帮你了,你看这房子很便宜
你看这房子很便宜,5000我租给你
5000我租给你,嫌贵啊
我先先付你一年你账号给我,你不是没钱了吗
你傻以为我就一张卡,哥哥实话跟你说
哥哥实话跟你说,我转租了 听我说句话 行吗 就一句话 一句话
我转租了 听我说句话 行吗 就一句话 一句话,你这房租太贵了
你这房租太贵了,我拿不出来
我拿不出来,我只能当二房东啦
赶紧跟他一起走,哥 解除合同需要双方友好协商
哥 解除合同需要双方友好协商,如果有一方坚持解除 承担不利的后果
承担什么不利的后果,违约金1万
违约金1万,坚持解除拿1万
他不让我往外租,双重违约
双重违约,你先违约
你先违约,你跟你老婆的约定又违约
你跟你老婆的约定又违约,咱们俩之间的合同
你跟他马上消失在我面前,行行哥走
行行哥走,我现在就可以走
我现在就可以走,但是我敢保证明天你老婆就会知道你房子转租的事
你敢威胁我,我哪舍得
我哪舍得,何必呢 没有你听我说 哥
何必呢 没有你听我说 哥,里面住着那位就张一男
里面住着那位就张一男,富二代 家里穷得就剩钱了
富二代 家里穷得就剩钱了,花都花不出去
花都花不出去,咱们房子这么大
咱们房子这么大,一只羊也是养
一只羊也是养,两只羊也是养
两只羊也是养,你说咱们三个人
你说咱们三个人,打麻将三缺一
打麻将三缺一,斗地主咱正合适
斗地主咱正合适,哥
哥,如果你让他住这个房子
如果你让他住这个房子,你老婆永远不会知道你房子转租的事
你老婆永远不会知道你房子转租的事,他的租金咱们俩一人一半
他的租金咱们俩一人一半,行吧
租金多少,什么
6万,两年的一年3万
两年的一年3万,一个月2500
你够黑的,哥们见面一人一半
哥们见面一人一半,我每个月多交500
我每个月多交500,2000行了吧
不要再口出狂言,是
要不然我收拾他,谢谢哥
进 陶律师 好早啊,早主任
有事,沃尔德那个案子一直是我跟高尚跟进的
沃尔德那个案子一直是我跟高尚跟进的,可是昨天我们去签合同的时候
可是昨天我们去签合同的时候,说公司新来的小李已经把合同先签了
有门路有经验的再找其他的案子,我只知道这个行业竞争很激烈
我只知道这个行业竞争很激烈,但是不知道公司内部还可以互相挖墙角啊
你看像我现在都在出去找案子了,好
好,好好给他们做榜样
哎哎哎哎,还哎什么
不是你跟主任谈的怎么样了,不怎么样
不怎么样,新来的成了心头肉
新来的成了心头肉,我们这些老家伙就成赘肉了呗
你看着碍眼,乌鸦嘴
乌鸦嘴,不会有那一天的
我们俩,get out
get out,Please
Please,你够贫的
你够贫的,你
你,你眼睛拔不出来了
你眼睛拔不出来了,呀
呀,这是什么啊
这是什么啊,讨厌
讨厌,那女孩有那么好看吗
我看别的女人不也不犯法吗,犯法
犯法,咱俩还没办手续
笑什么我说的是真的,你那厕所怎么样
你那厕所怎么样,帮你看看
偶尔漏那么一点点,那行
那行,我跟你说正事
我跟你说正事,我有事要求你
终于有事求我,刚接了一个案子
刚接了一个案子,对方当事人是你老板高健
对方当事人是你老板高健,他不刚离婚吗
现在这女的好说离就离,说谁呢
他老婆能和你比吗,你现在巴结我晚了
你现在巴结我晚了,你记得高健去年通过你转移了一部分财产吗
转移财产,你忘啦
你忘啦,当时你以为高健大发善心给你分红
当时你以为高健大发善心给你分红,结果第二天让你把钱转给他父母了吗
我记得有200多万,我告诉你
我告诉你,当时他就想跟他老婆离婚了
当时他就想跟他老婆离婚了,这笔钱是他私自转出来的
这笔钱是他私自转出来的,通过你转出来的
通过你转出来的,现在他前妻发现了要求重新分配财产
现在他前妻发现了要求重新分配财产,我是他老婆代理律师
我是他老婆代理律师,我
我,不想把你扯进这个案子里来
不想把你扯进这个案子里来,但是这是我重出江湖之后的第一个案子
但是这是我重出江湖之后的第一个案子,我不能输今天下午就开庭了
我不能输今天下午就开庭了,你是唯一的知情人
你是唯一的知情人,你什么都不用做
你什么都不用做,你只需要出具一份证言
你只需要出具一份证言,把你知道事情说出来而已
把你知道事情说出来而已,就这样
就这样,可以吗
可是高健是我老板,可是他做错了
可是他做错了,那是他跟他前妻的共有财产
那是他跟他前妻的共有财产,他错在先
但是我只是承诺他这件事情我不跟别人讲,所以
所以,你宁可看我输官司
你宁可看我输官司,是吗
还能有律师不输官司的吗,我
我,我到现在为止还没有输官司的记录
你是不是遇到什么问题了,我承认我是焦头烂额了
我承认我是焦头烂额了,余峥
余峥,拜你所赐
拜你所赐,是你让我辞职在家里边专职生孩子
是你让我辞职在家里边专职生孩子,专职做太太
专职做太太,这七八个月过去了
这七八个月过去了,我所有的客户都没了
我所有的客户都没了,我的资源都断了
我的资源都断了,我只能从最小的鸡毛蒜皮的案子做起
我只能从最小的鸡毛蒜皮的案子做起,我一三十多岁的老江湖
我一三十多岁的老江湖,我跟一帮90后在那争
我跟一帮90后在那争,你不觉得可笑吗
你不觉得可笑吗,这个官司我不能疏余峥你懂吗
懂,所以
就要让我违背自己的诺言,余峥
余峥,你真的别再说了
你真的别再说了,你别逼我哭
你别逼我哭,呼
呼,行拜你所赐
行拜你所赐,我明明可以赢的官司
我明明可以赢的官司,现在要输了
现在要输了,我陶语桐以后变成律师界的一个笑话
我陶语桐以后变成律师界的一个笑话,我自己老公我搞不定
我自己老公我搞不定,这么小的官司我都赢不了
这么小的官司我都赢不了,真险啊
真险啊,怎么了
怎么了,哥嫂子打架了
哥嫂子打架了,我跟你嫂子从来没有打过架
我跟你嫂子从来没有打过架,我从门缝看见嫂子了
我从门缝看见嫂子了,那可真是个人尖儿啊
彻底跟他爸闹翻了,那他爸当时挺恨你吧
现在肯定认为一切都被他言中了,我看嫂子也不比哥强
我看嫂子也不比哥强,他哪个律所啊
天秤,天秤 唉哟高大上啊
天秤 唉哟高大上啊,嫂子了不起
所以不怪你嫂子瞧不起我,哥你别多想
哥你别多想,家里有一个行的就ok了
给张一男打个电话让他回来处理,不接
孩子电话都不接,不是孩子打的
不是孩子打的,我打的
这张一男,他到底为什么哭
衣住性,你别饥渴了
你别饥渴了,孩子就是饿了
可是我家没有给他能吃的东西,把孩子放到书房
把孩子放到书房,书房那安静没准放一会就好了
书房那安静没准放一会就好了,咱们来冲奶
怎么样了,这这这
这这这,先放奶粉还是先放水
这么快就冲好了 你吹吹,不烫 我用冷水冲的
你是猪啊,这不冲开了吗
这不冲开了吗,你看我尝尝
你看我尝尝,不甜呀
赶紧来再弄喂孩子,有道理
有道理,怎么不喝呀
怎么还哭呢这孩子 你看看,唉 哥
唉 哥,找隔壁的姑娘帮个忙
找隔壁的姑娘帮个忙,女人对孩子有经验
骂得多厉害,骂我那是 没事我找他
骂我那是 没事我找他,哥
哥,趁着孩子这个机会
趁着孩子这个机会,我泡姑娘不挺好吗
小心遭雷劈,开玩笑
开玩笑,我心里只有一个人走了
我心里只有一个人走了,哥你不是面瓜
哥你不是面瓜,你是呆瓜
你是呆瓜,我知道嫂子为什么跟你离婚了
我知道嫂子为什么跟你离婚了,你要是会说一句话
你要是会说一句话,那都是偷来的
那都是偷来的,你就是不会与女人沟通
没有张一男我就没有这么多麻烦,哥我有急事
你给谁打电话,我要去见我女朋友
什么女朋友先把孩子问题解决,孩子是你接住的
张一男是你带来的,你接住的
你带来的,咱们不耽误时间了
咱们不耽误时间了,行吗
行吗,这样哥
这样哥,你先看孩子
你先看孩子,我找张一男行了吧
多长时间,俩小时
要不然我涨房租,快别耽误时间了
快别耽误时间了,你看好孩子啊哥
你看好孩子啊哥,4年本科
4年本科,三年研究生
三年研究生,一年律考 容易吗
一年律考 容易吗,什么破律所
什么破律所,兼卖成人用品
兼卖成人用品,他怎么好意思挂那牌子
别说了,邹男 我本打算不想让你去
这些我都清楚,对不起
对不起,邹男
邹男,咱们刚刚起步
咱们刚刚起步,从小律所干起是应该的
从小律所干起是应该的,可是你从小那么的要强
可是你从小那么的要强,这不是你该干的事
我去之前他连一个律师都没有,不干了
不干了,咱不干了
我看见他们我就不明白凭什么凭什么他们就能有我就不能我到底哪一点比他们差,我们刚到北京的时候说过什么你忘了吗
我们刚到北京的时候说过什么你忘了吗,下了火车
下了火车,我们飞奔长安街的天桥上大喊北京我们来了
我们飞奔长安街的天桥上大喊北京我们来了,你看啊 邹男
你看啊 邹男,你在北京读了研究生
你在北京读了研究生,拿了律照
拿了律照,当了一名律师
当了一名律师,你多有成就
你多有成就,你看看我我每天在各种酒吧里做无名的歌手
你看看我我每天在各种酒吧里做无名的歌手,我都很快乐
我都很快乐,你凭什么认输啊
我绝对不会回去,你一定会成为北京最牛的律师
你一定会成为北京最牛的律师,这个过程不管多久
这个过程不管多久,我会一直陪在你的身边
下午还得接着发名片,你别走
你别走,邹男你不找我
邹男你不找我,我还要找你
我还要找你,我昨天赚了6万
你是不是签约了,签什么约小屁公司不稀罕
签什么约小屁公司不稀罕,我已经给你打了一万了
我已经给你打了一万了,你注意查收 邹男对我永远不要客气
你注意查收 邹男对我永远不要客气,不对
不对,对我绝对不能客气
我一定会还给你的,周女士
周女士,目前形势不明朗
目前形势不明朗,我建议
我建议,你还是放弃上诉
你还是放弃上诉,你找到你前夫转移资产的有力证据
你找到你前夫转移资产的有力证据,我们再说
您说这个官司我们是有很大希望获胜的,所谓法律的事实和客观事实不是一回事儿
所谓法律的事实和客观事实不是一回事儿,你觉得它存在
你觉得它存在,可是没有证据呈现在法庭上
可是没有证据呈现在法庭上,法庭就可以认为它不存在
法庭就可以认为它不存在,所以我非常抱歉
我还倒赔钱,当初是我不对
当初是我不对,我判断失误
我判断失误,没有拿到有力的证据
没有拿到有力的证据,这样吧你给我们所的代理费我来出回去我就把钱打给你
再见,别撑着了
别撑着了,我知道你心里不舒服
我知道你心里不舒服,心里不舒服是有一点输了官司肯定心里不舒服
心里不舒服是有一点输了官司肯定心里不舒服,不过后来我也想 余峥说得对
不过后来我也想 余峥说得对,在这个世界上不输官司的律师是不存在的
在这个世界上不输官司的律师是不存在的,所以我得感谢他提前给我上了那么一课
所以我得感谢他提前给我上了那么一课,这就是余峥
这就是余峥,自己老婆的官司
自己老婆的官司,他非但不帮着作证
他非但不帮着作证,还散布这种失败者的言论来蛊惑你
还散布这种失败者的言论来蛊惑你,这全世界也就
这全世界也就,他干得出来
他干得出来,爸 余峥就是这么一号人
爸 余峥就是这么一号人,对吧
对吧,心地善良
心地善良,烂好人
烂好人,答应过他们老板
答应过他们老板,为他保密
为他保密,他自然是不会出庭作证了
他自然是不会出庭作证了,我不怪他
我不怪他,你既然想的那么明白
你既然想的那么明白,你还找他作证干什么
你还找他作证干什么,怪自己
怪自己,怪自己当初太想赢了
怪自己当初太想赢了,没有不想赢的律师
没有不想赢的律师,你懂吗
你懂吗,你从小的时候就要强
你从小的时候就要强,可是自从你跟了余峥
可是自从你跟了余峥,你就变得越来越消极
你就变得越来越消极,要不是因为他你能落到今天这步田地吗
要不是因为他你能落到今天这步田地吗,你应该早点离开他
你应该早点离开他,我承认 余峥品行不错
我承认 余峥品行不错,人也老实
人也老实,肯钻研
肯钻研,但是作为一个男人
但是作为一个男人,有这几条就够了吗
有这几条就够了吗,你跟了余峥这几年
你跟了余峥这几年,他在事业上
他在事业上,有什么发展
有什么发展,他居然还让你辞了工作回家生孩子
他居然还让你辞了工作回家生孩子,现在你的事业重新开始
现在你的事业重新开始,他明明可以举手之劳就帮到你
他明明可以举手之劳就帮到你,但是他都不这么去做
但是他都不这么去做,这样的男人还有什么可留恋
这样的男人还有什么可留恋,我们俩已经签了离婚协议了
我们俩已经签了离婚协议了,就差去民政局了
就差去民政局了,这就好了
这就好了,你手上还有案子接吗
你手上还有案子接吗,有吧
有吧,我虽然在这个行业有好多学生
我虽然在这个行业有好多学生,但是我不好
但是我不好,去求他们
去求他们,爸 不用
爸 不用,别 我自己可以
别 我自己可以,我自己可以
我自己可以,人哪
人哪,在事业发展当中会碰到不少的沟沟坎坎迈过去
在事业发展当中会碰到不少的沟沟坎坎迈过去,前面就是新世界
前面就是新世界,爸 我问一下你
爸 我问一下你,我要发展成什么样子
我要发展成什么样子,你才觉得是成功的
你才觉得是成功的,你是什么意思
你是什么意思,虽然我跟余峥签了离婚协议
虽然我跟余峥签了离婚协议,可我这心里还是不好受的
可我这心里还是不好受的,你除了关心我的事业
你除了关心我的事业,有关心过我内心的感受吗
有关心过我内心的感受吗,人为什么一定要有事业
人为什么一定要有事业,要发展成什么样才算成功
要发展成什么样才算成功,我有好多同学现在都结婚了
我有好多同学现在都结婚了,生孩子家相夫教子
生孩子家相夫教子,我看他们生活的也挺快乐的
我看他们生活的也挺快乐的,我为什么就一定要拔尖
我为什么就一定要拔尖,你在大学里边出类拔萃
你在大学里边出类拔萃,那又怎么样
那又怎么样,毕业以后
毕业以后,以后我又手把手的教你
以后我又手把手的教你,难道就是为了让你相夫教子
难道就是为了让你相夫教子,做一个家庭主妇吗
做一个家庭主妇吗,今天这个事你别告诉你妈
今天这个事你别告诉你妈,在余峥这个问题上
在余峥这个问题上,你妈那是不讲原则的
你妈那是不讲原则的,语桐我看见你的车在楼下停着
语桐我看见你的车在楼下停着,我就知道宝贝闺女回来了
我就知道宝贝闺女回来了,余峥呢没跟你一块回来
余峥呢没跟你一块回来,我回来看看你
我回来看看你,他忙着呢
他忙着呢,哎呦 他怎么那么忙啊
哎呦 他怎么那么忙啊,你看他都能吃苦
你看他都能吃苦,叫他回来咱们吃点好吃的
叫他回来咱们吃点好吃的,他那个人你还不知道吃什么都一个味儿
他那个人你还不知道吃什么都一个味儿,不用管他了
不用管他了,他不懂生活你才要照顾他
他不懂生活你才要照顾他,我今天买了黄花鱼
我今天买了黄花鱼,买了螃蟹
买了螃蟹,你们俩平时吃饭都凑合
你们俩平时吃饭都凑合,今天我给你们改善改善
今天我给你们改善改善,快给他打电话
快给他打电话,别叫他让他踏实忙
别叫他让他踏实忙,你就给他打一个电话去
你就给他打一个电话去,你什么情况
你什么情况,不是说你老板催着要程序
不是说你老板催着要程序,你加班吗
我就随便逗了逗,你敢说你跟那女的第一次见
我都不知道他有孩子,你就撒谎吧你
你就撒谎吧你,这是什么
这样,行啊余峥
行啊余峥,我妈对你不好吗
我妈对你不好吗,我妈今天做了一桌子菜
我妈今天做了一桌子菜,等你回去吃
等你回去吃,我妈对你不好吗
我妈对你不好吗,你真行
你真行,咱俩还没办手续
咱俩还没办手续,你为了着急带一女人回家
你为了着急带一女人回家,无所不用其极
无所不用其极,睁眼说瞎话是吗
睁眼说瞎话是吗,你真的够意思了 余峥
这是跟我诚心较劲,事实胜于雄辩
事实胜于雄辩,你还要
你还要,狡辩吗
明天也不会变,所以
所以,所以算呢 算了吧 余峥
所以算呢 算了吧 余峥,你说这些假话还有什么用呢
你就不能耐心一点了,我有什么问题
我有什么问题,我是有问题
我是有问题,我最大的问题就是不是找了一个丈夫
我最大的问题就是不是找了一个丈夫,我找了个儿子
瞧你现在的态度,你的意思是说我们俩变成今天这样子怪我都是我的错
你会吗,问题是你不是我客户
问题是你不是我客户,你要是我客户就好了
你要是我客户就好了,就简单
就简单,好吗
对吧,我是你妻子
我是你妻子,我并不是你妈
我并不是你妈,余峥是不是这些年我在你心目当中
余峥是不是这些年我在你心目当中,一个无理取闹
一个无理取闹,不讲道理的一个形象
拜拜,什么人这是
就这么着,孩子是塞在你手里的
孩子是塞在你手里的,跟我没关系
跟我没关系,更重要的是房租交给你了
更重要的是房租交给你了,合同正式生效
那是我的房间 你去干嘛,1500是次卧
1500是次卧,我给你2000肯定是主卧
你给我出来,哥哥哥 小点声 把孩子吵醒了
哥哥哥 小点声 把孩子吵醒了,你得自己哄
你给我出来,我找嫂子直接租下来了
夏峰,你怎么不打车
累死我了,你看 我给你报了
你看 我给你报了,不就完了吗
不就完了吗,哥们现在都住这了
这么高档的小区 租金得多少钱,我遇到大傻子把房子特别便宜的租给了我
我遇到大傻子把房子特别便宜的租给了我,我又遇到个大傻子
我又遇到个大傻子,我把房子租给了他
我把房子租给了他,里外里我白住我还赚了
真的假的,这都不重要
这都不重要,关键呢 房东的老婆是天秤律师事务所的大傻子
关键呢 房东的老婆是天秤律师事务所的大傻子,那啥 大律师
那啥 大律师,我这么想的 我想让你们认识一下
我这么想的 我想让你们认识一下,没准你就能进好的律所
你是真的傻,我愿意啊
怎么回事,对对对 有个孩子就砸我们3个手里了
对对对 有个孩子就砸我们3个手里了,我们就
我们就,快点 我们现在就着急
快点 我们现在就着急,着急想半天就找谁了
着急想半天就找谁了,那只能找你了
那只能找你了,那肯定的
那肯定的,你别听他说离婚
你别听他说离婚,这婚离不了
这婚离不了,他就想把孩子打发走
他就想把孩子打发走,挽救他俩的婚姻
没准对他俩的婚姻更好,那可不行
那可不行,余哥是个大好人
余哥是个大好人,他小心翼翼维系他们俩的关系
他小心翼翼维系他们俩的关系,咱们要是告诉了万一狠心离婚了
咱们要是告诉了万一狠心离婚了,咱不搞破坏吗
那我走了,打车走
打车走,我给你报了
你能报销一辈子吗,只要你愿意
我走了,邹男 嫂子就是不认识你
邹男 嫂子就是不认识你,他要认识你肯定会喜欢你
他要认识你肯定会喜欢你,我一定让你们俩认识 打车走
我真的是有急事我才离开了一个小时,名片都发完了
我现在就去发,等会儿
等会儿,回来回来
挺贵的刚订的,哥 他还是关机
我平时待你不薄,啥意思哥
咱们就此永别吧,哥 你不会撒手人寰
哥 你不会撒手人寰,这多大点事你得挺住
这多大点事你得挺住,我去解决
我去解决,大招不行咱出绝招
大招不行咱出绝招,他不要这孩子 咱给他妈
他不要这孩子 咱给他妈,咱给他妈老太太可能不喜欢这孙子吗
你知道他妈住哪啊,你不是有张一男的QQ号吗
你不是有张一男的QQ号吗,你是电脑
你是电脑,你是电脑大神
是这个吧,对是
超级帅少年,我去怎么这么不要脸
我去怎么这么不要脸,起个网名起这么长还帅
起个网名起这么长还帅,你知道人间羞耻二字吗
你知道人间羞耻二字吗,哥我上我的号我钓他
你换这个怎么那么像日本明星,上钩了
上钩了,上钩了哥
高总,哟 你当爸爸了
哟 你当爸爸了,你现在是全职奶爸
你现在是全职奶爸,My god. 你老婆怎么就你一人在家看孩子
我这不是正跟语桐闹离婚的吗,孩子才这么大
孩子才这么大,你们就闹离婚了
这不是我跟语桐的孩子,这种事情确实很难被女人原谅
不是不是不是那么回事,这不是你孩子
这不是你孩子,怎么可能在你家里你养着不是你的孩子
怎么可能在你家里你养着不是你的孩子,难道你是活雷锋
难道你是活雷锋,行了
行了,这种事情男人互相之间都是可以理解的
这种事情男人互相之间都是可以理解的,叫我说这留情属于程序的多线程运行
叫我说这留情属于程序的多线程运行,留种 就是程序后台出了bug
留种 就是程序后台出了bug,这个漏洞很正常吗
这个漏洞很正常吗,补上打个补丁不就完了吗
补上打个补丁不就完了吗,再不行换个新程序
再不行换个新程序,不过 余峥
不过 余峥,你在我心里一直是个大老实人
你在我心里一直是个大老实人,这次一鸣惊人
高总 真不是你想的那样,行了行了 我不是来听你八卦的
行了行了 我不是来听你八卦的,你愿留情愿留种跟我一点关系都没有
你愿留情愿留种跟我一点关系都没有,但是你工作老是拖拖拉拉完不成
但是你工作老是拖拖拉拉完不成,跟我就有点关系了
跟我就有点关系了,你说公司这笔风投
你说公司这笔风投,正是在关键的时刻
正是在关键的时刻,你因为私生子而影响了工作
你因为私生子而影响了工作,要是让客户知道
要是让客户知道,要是投诉我们影响了风投
要是投诉我们影响了风投,影响了咱们公司的前途
影响了咱们公司的前途,你担得起这个责任吗
你担得起这个责任吗,程序写完了没有啊
程序写完了没有啊,我看看呀
写完了,写完怎么不发给我呀
这不是你进门之前才写完吗,你看还是因为私生子
这不是私生子,是正大光明生的
是正大光明生的,Oh my god! You are so young
Oh my god! You are so young,so open
我这我这收件箱里怎么你什么时候又给我发了一封邮件,这是新活儿给你的新任务
这是新活儿给你的新任务,时间紧任务重
时间紧任务重,除了你没谁能完成得了
可是我 我,能者多劳能者多劳嘛 啊 
嘿,行了
行了,我收到了
我收到了,那我就先走了
那我就先走了,孩子的事情要好好跟你老婆解释
孩子的事情要好好跟你老婆解释,争取宽大处理
你没忘什么事吧,收到了
收到了,没有
还有新的这个工作也应该是有报酬的,余峥你干活总是拖拖拉拉的
余峥你干活总是拖拖拉拉的,没想到你要钱的时候
没想到你要钱的时候,一会儿都不肯耽搁
我也是拖家带口的嘛,还是私生子
随便你怎么理解都行,行了
行了,等我回去看看你这个程序
等我回去看看你这个程序,通知你给你打电话
通知你给你打电话,对了
对了,上次和我老婆打官司那个事儿
上次和我老婆打官司那个事儿,谢谢你 啊
那笔钱,余峥 你还真是个大老实人哪
余峥 你还真是个大老实人哪,你邮箱里这个活你完成了之后
你邮箱里这个活你完成了之后,我给你
我给你,这个数
真的,行了别送了
行了别送了,坐那
勒令他明天马上给我付钱,然后呢
什么然后,我说然后呢 跟着怎么着了
乖乖的付钱,勒令就你那样还勒令是不是求人家了
他也挺不容易的,那你辛苦了
那你辛苦了,回头记得去拿钱
如果我找老高把这钱拿回来了,别叫我爸
别叫我爸,你跟语桐不是已经达成协议了吗
你跟语桐不是已经达成协议了吗,还是恢复原来的称呼吧
您这回来,你和我女儿走到这一步
你和我女儿走到这一步,一个做父亲的我不应该来一趟吗
该来 当然,7年了
7年了,这让我想起当初给你们买第一套房的情形
这让我想起当初给你们买第一套房的情形,那个时候语桐不顾我的反对一定要嫁给你
那个时候语桐不顾我的反对一定要嫁给你,我一气之下就断绝了他的经济来源
我一气之下就断绝了他的经济来源,没想到这孩子居然连一丝布毛都没拿
没想到这孩子居然连一丝布毛都没拿,就跑到你那去跟你一起受苦
就跑到你那去跟你一起受苦,就挤在你租的破房子里面
就挤在你租的破房子里面,你知道吗
你知道吗,我给你们买这套房并不代表我赞同你们的婚姻
我给你们买这套房并不代表我赞同你们的婚姻,我是希望我的女儿能有一个安定的家
我是希望我的女儿能有一个安定的家,让他知道我们有多么爱他
让他知道我们有多么爱他,好在7年过去
好在7年过去,他自己也能买一套房子
更辜负了您对我的希望,你知道
你知道,我没有什么没有希望哪来的失望
我没有什么没有希望哪来的失望,重要的是语桐
重要的是语桐,你们结婚以后
你们结婚以后,他一直努力的想证明当初他的选择是对的
他一直努力的想证明当初他的选择是对的,我的选择是错的
我的选择是错的,可现在结果怎么样
是我的问题,后来我也就认了
后来我也就认了,退而求其次
退而求其次,只要你对他好
只要你对他好,你不让他吃苦
你不让他吃苦,不受委屈
不受委屈,也就那样
也就那样,但是你做到了
但是你做到了,你居然在陶语桐事业蒸蒸日上的时候
你居然在陶语桐事业蒸蒸日上的时候,让他回家来给你生孩子
让他回家来给你生孩子,我问你陶语桐为什么流产
这件事情您知道了,叫我陶老师
陶老师这件事情你知道了,我当然知道
我当然知道,我私底下问过大夫
我私底下问过大夫,只不过陶语桐不知道罢了
只不过陶语桐不知道罢了,我的女儿
我的女儿,从小在我的手心里呵护着长大的
从小在我的手心里呵护着长大的,我不愿意让他受一点委屈
我不愿意让他受一点委屈,可是她嫁的你给你生孩子
可是她嫁的你给你生孩子,中断了他的事业
中断了他的事业,你居然可以让他在冰天雪地里
你居然可以让他在冰天雪地里,一个人
一个人,到医院去
到医院去,余峥 从那以后
所以我才相信的,我都不信 你凭什么信
我都不信 你凭什么信,还有作证的时候
还有作证的时候,你作为她的丈夫
你作为她的丈夫,在她最需要的时候
在她最需要的时候,你就不能够帮她一把吗
你就不能够帮她一把吗,但是你没有
不是已经跟你解释过了吗,语桐就就是太善良了
语桐就就是太善良了,他说他谅解你
他说他谅解你,他不怪你
他不怪你,当然我也不怪你
当然我也不怪你,你根本你就不爱他
你根本你就不爱他,你凭什么为他去伤害你和老板的感情
这件事情您是这么认为的,我不是来算旧账的
我不是来算旧账的,陶语桐
陶语桐,经过了这么多坎坷
经过了这么多坎坷,那是他成长必须要付出的代价
那是他成长必须要付出的代价,从另一个角度说
从另一个角度说,也是有意义
也是有意义,我今天要跟你说另外一件事
您说,你跟陶语桐是不是谈好了离婚协议了
是,他现在很痛苦
他现在很痛苦,我知道
我知道,他还在犹豫
可是我总希望他能再给我一个机会,语桐很善良
语桐很善良,他怕离婚这件事
他怕离婚这件事,刺伤了
刺伤了,但是咱们都看到了
但是咱们都看到了,他现在正在上升期
他现在正在上升期,他会越飞越高
他会越飞越高,而你在地面上一直在拖他的后腿
而你在地面上一直在拖他的后腿,你愿意他这么痛苦下去吗
不愿意,那就好
那就好,如果语桐不愿意跟你办手续
如果语桐不愿意跟你办手续,我不强求了
我不强求了,如果语桐愿意
如果语桐愿意,我希望你不要纠缠了
我希望你不要纠缠了,至于经济上面的问题
还交房租,那我就不多说什么了
那我就不多说什么了,我谢谢你
我谢谢你,还有你们的事
还有你们的事,语桐没有跟她妈妈说
语桐没有跟她妈妈说,我希望你也瞒着这件事
我希望你也瞒着这件事,做丈母娘的疼女婿
做丈母娘的疼女婿,常常是没有原则的
我知道,我到这来也没有跟语桐说希望你也不要告诉他
我不说,好
好,那我走了
那我走了,这怎么有孩子
就是暂时然后让我帮他带一下,再见
陶老师您慢走,什么没用
妈 您弄这些东西都没用,我说你个臭儿子我把你生出来
我说你个臭儿子我把你生出来,你就是给我来添堵来了是吧
忠言逆耳,我怎么发现我儿子今天气不顺
第一次被人放鸽子能顺吗,我说你都多大人了
我说你都多大人了,你能别把那心思都放在女孩身上
这句话还是留给你自己,我怎么了
我怎么了,我找男朋友不是为我自己
我找男朋友不是为我自己,我那是为你看你爸
就别说他坏话,行行我不说他
行行我不说他,儿子你觉不觉得你菲叔就挺好的
儿子你觉不觉得你菲叔就挺好的,你看美国国籍资产过亿
还轮得到你,小丫头们有什么意思
小丫头们有什么意思,肤浅得很又没有深度
肤浅得很又没有深度,你菲叔那是懂感情的人
我问你他有没有在你身上花过钱,你俗不俗
你俗不俗,你一张口就是钱
我妈还要我妈给她花钱叫什么地痞无赖臭流氓,你看你那嘴
你看你那嘴,我现在给他花的都是小钱
我现在给他花的都是小钱,最多给他买个领带
最多给他买个领带,买个腰带以后要跟他结婚了
买个腰带以后要跟他结婚了,那钱不都是你的
不觉得做春梦比做蠢梦要实际的多吗,什么意思
什么意思,反正我不管
反正我不管,我觉得没有梦的人生
我觉得没有梦的人生,它是灰色的
它是灰色的,你菲叔说了要在他的集团公司美国总部给你安排个职务
你菲叔说了要在他的集团公司美国总部给你安排个职务,好像要把你派驻到亚太公司任个高管
好像要把你派驻到亚太公司任个高管,他的分公司就在北京
他的分公司就在北京,而且好像离咱们家还挺近的
而且好像离咱们家还挺近的,儿子你去把现在工作辞了
儿子你去把现在工作辞了,然后明天去他那上班
我是那么随便的人吗,你现在在我前任男友上班
你现在在我前任男友上班,你得有多随便
你得有多随便,行了
行了,别跟你贫了 你不是正好怀疑你飞叔去骑马看他
别跟你贫了 你不是正好怀疑你飞叔去骑马看他,看看妈妈这个梦到底什么颜色
看看妈妈这个梦到底什么颜色,他说的情况属实吗
你这么做也不太合适,我告诉你高健的案子我已经输了
我告诉你高健的案子我已经输了,这事你就看着办
你还想回到那种天天失眠睡不着觉的状态当中去,你这么说这话亏心不亏心
你这么说这话亏心不亏心,拜你所赐 我才有今天这个地步
拜你所赐 我才有今天这个地步,你说真像你说的挣钱养家养老
你说真像你说的挣钱养家养老,我能至于
我能至于,像现在这样闯出江湖吗
像现在这样闯出江湖吗,谁不想过安稳日子
谁不想过安稳日子,说话不腰疼
说话不腰疼,余峥 我警告你
余峥 我警告你,那个孩子是他的 他是监护人
那个孩子是他的 他是监护人,你没事少跟孩子单独相处
你没事少跟孩子单独相处,万一出了什么事情你负不起这个责任
我对不起你,我不想我这些苦都白受了
真的我尊重,你特着急跟我离婚是不是
你特着急跟我离婚是不是,行
行,户口本在哪
户口本在哪,你把户口本找出来 咱俩现在就去把离婚证给扯了
现在就没有理由再要求你给我更多就这么简单,别再说了
别再说了,咱俩说不下去 一说就吵
咱俩说不下去 一说就吵,不知道为什么
不知道为什么,我有事我先走了
我有事我先走了,你跟夏峰说他要离婚让他找我
你跟夏峰说他要离婚让他找我,好吧
好吧,还有
还有,你不要对高健再心存什么幻想
你不要对高健再心存什么幻想,你听见那个夏峰对吧
你听见那个夏峰对吧,你听见夏峰说了没
你听见夏峰说了没,说开除就开除
说开除就开除,你要想维护自己的合法权益
你要想维护自己的合法权益,他就是你前车之鉴
他就是你前车之鉴,实在不行我知法犯法
实在不行我知法犯法,我拿刀把他给剁了
我拿刀把他给剁了,跟他同归于尽
跟他同归于尽,他真不是个东西
要剁也是我剁行吗,都赖他
都赖他,早晚有一天剁了他
早晚有一天剁了他,陶语桐盛气凌人
陶语桐盛气凌人,但是我觉得你比他强多了
但是我觉得你比他强多了,你就差个机会
你就差个机会,现在机会来了必须抓得住
夏峰,说了多少回了
说了多少回了,永远不要跟我客气
永远不要跟我客气,咱们俩什么关系
千万别说我是你女朋友,为什么呀
咋俩本来也没定,怎么 不 什么叫 你怎么没
朋友对吧,大律师就是大律师
大律师就是大律师,我就是喜欢你这一点
我就是喜欢你这一点,有道理有道理是有道理
行了别贫了,我好崇拜你
我好崇拜你,干嘛呀哥
干嘛呀哥,你干嘛 哥 我送送邹男
你这不是明摆着诓我老婆吗,是我让他这么说的
是我让他这么说的,我之前不是跟嫂子说我闹离婚
我之前不是跟嫂子说我闹离婚,我旁边突然出现一个姑娘怎么回事
我旁边突然出现一个姑娘怎么回事,其实邹男他来是为了孩子来的
其实邹男他来是为了孩子来的,上次来不就说孩子在咱们这存在着法律风险
上次来不就说孩子在咱们这存在着法律风险,他是为咱们好
他是为咱们好,他赶紧过来跟嫂子交流一下
让他死了这条心行不行,别哥
别哥,你这案子要是邹男代理了
你这案子要是邹男代理了,嫂子会让我住这吗
可能不会怎么了,不是可能
不是可能,不会是一定不会我不住这了
不会是一定不会我不住这了,孩子能住这吗
不会,孩子一时半会送不出去
孩子一时半会送不出去,我都不在这了
我都不在这了,你怎么跟嫂子解释
可是我不能骗语桐啊,这怎么能是骗呢
这怎么能是骗呢,这叫
这叫,缓兵之计
缓兵之计,哥
哥,这段时间我对你潜移默化的教导你白费了
这段时间我对你潜移默化的教导你白费了,当务之急
当务之急,把嫂子赶紧追回来
把嫂子赶紧追回来,我告诉你个真理
我告诉你个真理,追到嫂子
追到嫂子,欺骗就是真爱
欺骗就是真爱,追不到嫂子
追不到嫂子,真爱也是欺骗
你怎么不自己拿钥匙开,不说家里住人了吗
不说家里住人了吗,我怕不方便
我怕不方便,不说暂住一阵吗
不说暂住一阵吗,怎么这么大动静
我也不能拦着人家,太乱了
回头我弄个别管了,我跟你说夏峰的离婚 他想得怎么样了
我跟你说夏峰的离婚 他想得怎么样了,这房子我让他免费住着
这房子我让他免费住着,够给面子了吧
非得跟着小案子较劲,他不是你朋友吗
他不是你朋友吗,我告诉你他那个女朋友没有实战经验帮不了他
我告诉你他那个女朋友没有实战经验帮不了他,他肯定得输官司
但是你非得跟实习生抢那小业务干嘛,我怎么那么不爱听
我怎么那么不爱听,谁跟他抢业务他不行就是不行
谁跟他抢业务他不行就是不行,打官司就是要赢
打官司就是要赢,不是吗
不是吗,再说我不要强
再说我不要强,谁能帮我 你能帮我吗
谁能帮我 你能帮我吗,谁能帮
你说得对,你不给你老板要钱了吗
你不给你老板要钱了吗,要来了没有
他已经答应我了,你能要来就怪了
你能要来就怪了,我不明白这些年你在怎么想的
我不明白这些年你在怎么想的,那高健成天在你面前画大饼
那高健成天在你面前画大饼,回头把你当驴使 你爽啊
回头把你当驴使 你爽啊,他说什么你都信
他说什么你都信,你健吗 人家农民工都知道去砸恶老板的豪华车
你健吗 人家农民工都知道去砸恶老板的豪华车,你要有种你就拿个弹弓把他们家玻璃拆了
我找他要 他已经答应我了,孩子怎么在家里
夏峰不是跟他老婆谈判去了吗,我跟没跟你说过 不要单独跟小孩在一起
我跟没跟你说过 不要单独跟小孩在一起,他要出了事你负不了责任
你帮我看着孩子,我刚给你普及完法律知识
我刚给你普及完法律知识,你就让我单独跟别人家的孩子在一起
你没问题好吧,行吧你去吧
行吧你去吧,你早点回来
你早点回来,这笔风投对于公司的上市来说是至关重要的最重要的事情
上次我写的程序,我看了写的是确实不错
我看了写的是确实不错,我马上让会计往你卡上打5000块钱
我马上让会计往你卡上打5000块钱,你是公司的元老
你是公司的元老,亏了谁都不能亏了你
亏了谁都不能亏了你,对吧
上回说的不是,我跟你说了5万
我跟你说了5万,我记得
我记得,可是现在公司确实有点困难
可是现在公司确实有点困难,所以你还得体谅一下我们
所以你还得体谅一下我们,你放心在公司的账上一分钱都少不了你的
你放心在公司的账上一分钱都少不了你的,再说了
再说了,公司的账上你的钱越多
公司的账上你的钱越多,到时候上市以后那股份对吧
可是我听公司的同事说上个月的奖金,谁
谁,这还
没谁 没谁,你看这帮人
你看这帮人,让他们有事来
让他们有事来,找我
找我,他们就是不找
他们就是不找,在背后说东说西这都合适吗
但是关键这奖金的事情是你自己在大会上提的,我在大会上宣布过的事情我当然会兑现了
我在大会上宣布过的事情我当然会兑现了,可是公司这困难这也是有目共睹的
可是公司这困难这也是有目共睹的,咱们看问题做事情一定要抓主要
咱们看问题做事情一定要抓主要,矛盾眼光要放长远
矛盾眼光要放长远,余峥你作为公司元老级的创业者
余峥你作为公司元老级的创业者,一方面技术非常过硬
一方面技术非常过硬,另一方面大家都非常信任你
另一方面大家都非常信任你,所以我觉得你更应该做这个表率
所以我觉得你更应该做这个表率,困难的时期跟公司一起熬
困难的时期跟公司一起熬,一旦熬过去了
但是大家都应该有份,当然大家都应该有份
当然大家都应该有份,公司正爬坡
公司正爬坡,这个坡一旦给它爬上去之后
我尽力,对了
对了,你私生子的事情处理的怎么样了
你私生子的事情处理的怎么样了,我跟你说这个就像写程序是一样
我跟你说这个就像写程序是一样,有bug就得赶紧补
有bug就得赶紧补,有问题赶快解决
有问题赶快解决,别影响工作
别影响工作,抓紧
我知道我知道,回来了
回来了,这孩子挺可爱的
这孩子挺可爱的,就抱久了胳膊疼
就抱久了胳膊疼,他挺沉的
他挺沉的,你钱要回来了吗
回来了,多少钱
5000,原来是多少钱
原来是5万,傻呀5万变5000
傻呀5万变5000,你们这老板真是的剥削员工利益成习惯了
你们这老板真是的剥削员工利益成习惯了,他电话多少我给他打
我们都有可能跟其他同事一起变成股东,有书面协议吗
没有,余峥你实在是需要一个律师了
余峥你实在是需要一个律师了,你给我一个代理委托
你给我一个代理委托,我代表你和你们全公司的员工去找高健谈
我代表你和你们全公司的员工去找高健谈,让他把口头承诺变成书面的承诺
让他把口头承诺变成书面的承诺,好吗
你明白我说的意思吧,是兄弟是吗
是兄弟是吗,铁哥们
一直都还行,真是要兄弟不要媳妇了
咱俩离婚协议不是白签了吗,没白签啊
没白签啊,这不手续还没办
这不手续还没办,我今天着急没带那个协议
我今天着急没带那个协议,你等我哪天把协议带上
你等我哪天把协议带上,我来找你
我来找你,咱们马上去民政局咔嚓一下给你一痛快
咱们马上去民政局咔嚓一下给你一痛快,这几天你还忍得了吗
我不都在这忍着是不是,真怂
真怂,主任
有事儿,我不太明白
我不太明白,这谈好的案子
这谈好的案子,点名儿委托我跟高上 上百万的案子你怎么又转给年轻律师了
对你名声有影响,我们都是法律人
我们都是法律人,您这套说辞哄谁
您这套说辞哄谁,任何一个人上了法庭都有权利得到公正和有力的辩护
任何一个人上了法庭都有权利得到公正和有力的辩护,这不用我来跟您普及了
这不用我来跟您普及了,这是我跟高上的案子您拿回来
委托人的意愿我们得尊重,委托人是吗
委托人是吗,我现在就去找委托人
我现在就去找委托人,我问他是不是他的意愿
我问他是不是他的意愿,如果是我输在起跑线上了
如果是我输在起跑线上了,我认了
把这个案子再还给你和高上,什么叫协调
什么叫协调,这本来就是我跟高上的案子
知道吗,主任你现在搞清楚您是要脸还是要钱
主任你现在搞清楚您是要脸还是要钱,您把这案子交给年轻律师
您把这案子交给年轻律师,屁都要不回来
周教授刚才跟您说什么了,他跟我说
他跟我说,牢记校训
牢记校训,除人间之邪恶
除人间之邪恶,守政法之圣洁
守政法之圣洁,自强不息
自强不息,铁面无私
铁面无私,你干嘛来了
您看有没有可能我们两个共同代理这个案子,在你刚出道这么小的案子
在你刚出道这么小的案子,就当自己的活练练手
就当自己的活练练手,我太忙了
我太忙了,不可能
您就带我,我们律所不跟别人共同代理
您看有没有,就自己做吧
就自己做吧,有什么不懂的就来问我
有什么不懂的就来问我,还不成吗
好 那 那师姐您能告诉我现在应该从哪下手吗,这个案子呀
这个案子呀,他们不是还没离吗
他们不是还没离吗,所以你要先做好一切准备工作
所以你要先做好一切准备工作,调查清楚他们俩婚姻的实际状况
调查清楚他们俩婚姻的实际状况,最重要的是要知道他太太到底有多少资产
最重要的是要知道他太太到底有多少资产,跟夏峰说先别着急提离婚
跟夏峰说先别着急提离婚,万一他太太打草惊蛇把财产都转移了呢
万一他太太打草惊蛇把财产都转移了呢,还有你要提醒夏峰
还有你要提醒夏峰,关键时刻 检点一点
关键时刻 检点一点,离婚官司
离婚官司,拼的就是过错
我前几天我都急得睡不着觉,真的不至于
真的不至于,共同切磋
我先回去,好
谢谢师姐,不送啊
您怎么来的,你干干什么
你干干什么,你们打算要孩子了
你们打算要孩子了,提前布置房间了都
提前布置房间了都,好温馨
好温馨,这个好温馨
这个好温馨,你看
你看,看看
这都是我写程序的时候找灵感用的,找灵感
找灵感,跟这有关系吗
跟这有关系吗,胡说八道
胡说八道,我问你你跟语桐是不是有事
我问你你跟语桐是不是有事,怎么老不回家吃饭呢
忙就是写程序什么的就回不去,别骗我了
别骗我了,我都看出来了
我都看出来了,你跟雨桐最近不对劲
你跟雨桐最近不对劲,是不是有什么问题
问题就是我们俩太好了,去去去 别打岔
去去去 别打岔,那好
那好,怎么不再要个孩子
怎么不再要个孩子,赶紧的
他干活的时候我就休息了,编 接着编
编 接着编,我还不了解
我还不了解,我是过来人
我是过来人,反正我看着你们不对劲 说吧
反正我看着你们不对劲 说吧,出什么问题了
咱下楼吃点去,不不不 我 我刚来 还吃什么呀
不不不 我 我刚来 还吃什么呀,什么声音
你饿不饿 带你吃饭去吧,这
这,什么声音
吗,他这怎么有个孩子
他这怎么有个孩子,这 余峥啊 余峥
这 余峥啊 余峥,你怎么干这种事
你怎么干这种事,我看你外表挺老实的
我看你外表挺老实的,你犯什么错都可以
你犯什么错都可以,你怎么能犯这种错
你怎么能犯这种错,这谁啊 你不说清楚这什么时候的事
把孩子硬塞在我这儿的,你跟他妈妈有关系
所以孩子就在我们家,你别骗啊
没有没有没有,那语桐同意吗
他见过这孩子挺喜欢的,那感情你们几个是学雷锋的是吧
嗯,不过人雷锋办了那么多的好事
不过人雷锋办了那么多的好事,人家也没把一个孩子弄家里养
人家也没把一个孩子弄家里养,真是的
真是的,这孩子还倒挺可爱的
这孩子还倒挺可爱的,他多大了
三四个月,要是你跟语桐的孩子留下来
要是你跟语桐的孩子留下来,也该这么大了
都赖我,行了 你看老实的什么事都往自己身上揽
行了 你看老实的什么事都往自己身上揽,要是你们俩真有了孩子
要是你们俩真有了孩子,语桐现在也不会这个样子了
他不事业又重新起步,好什么好一天到晚的事业
好什么好一天到晚的事业,那是什么时候是个头
那是什么时候是个头,那女孩子天天搞事业
那女孩子天天搞事业,他就顾不了家了
他就顾不了家了,所以你呀 要原谅他
所以你呀 要原谅他,多多包容他
多多包容他,这些天我都睡不好觉
这些天我都睡不好觉,我生怕你俩有什么事
我生怕你俩有什么事,不过想想这事也不全怪语桐 怪他爸
不过想想这事也不全怪语桐 怪他爸,他爸一辈子不成功
他爸一辈子不成功,就把全部的希望寄托在女儿身上
就把全部的希望寄托在女儿身上,好好一个姑娘愣给养成了一个什么词叫
女汉子,对
对,女汉子你看看孩子现在成什么样了
我也肯定是这样的,你可别跟他学
你可别跟他学,这孩子的事儿
这孩子的事儿,语桐他不会误会你吧
眼神什么的,真的好
真的好,你看没有这女人
你看没有这女人,他只要一有了孩子
他只要一有了孩子,那他就有女人味了
那他就有女人味了,我可看好你这个女婿了
我可看好你这个女婿了,好好过日子
好好过日子,赶紧给我要个孩子
我,跟你说也没用
跟你说也没用,我抽空去跟语桐谈去
我抽空去跟语桐谈去,我走了
妈 你饿吗,别跟我打岔了
不是 我们楼下那个,行了你忙你的吧
行了你忙你的吧,行了
行了,回去了 别送了
得空我再去看您,说话算数啊
说话算数啊,我在
我在,家给你做好吃的
家给你做好吃的,那我走了
误会在医院,你挨揍了
没事,哪儿
哪儿,我跟你说了
我跟你说了,你不是孩子的监护人
你不是孩子的监护人,平时离孩子远一点
平时离孩子远一点,这是把你给揍了
这是把你给揍了,万一把孩子伤了
万一把孩子伤了,这责任谁负
这责任谁负,再说你被打出个好歹来
再说你被打出个好歹来,谁照顾你
然后孩子也喂了,揍也挨了
是不放心我,你就别管了
你就别管了,你不是说我最近没活吗
你不是说我最近没活吗,万一你要是
万一你要是,进去了我不得捞你吗
你妈今天来了,你没跟他说我俩的事儿吧
怎么可能呢,那你就先别说了
他可是这么说的,那既然老年人都说了
那既然老年人都说了,你就体谅一下老年人的心情呗
体谅,咱们俩就分居那么长时间了
咱们俩就分居那么长时间了,是不是应该往前再
是不是应该往前再,走一步了
往哪走一步,往前
我真不跟你去民政局,我跟你这理科男说话怎么那么死脑细胞
我肯定答得上来,一共就两个选项往哪
一共就两个选项往哪,往哪儿缩啊我
你去掉一个错误答案不就,这个问题就错了
这个问题就错了,算了
你可想好怎么跟他说,我怎么那么想揍你呢
我怎么那么想揍你呢,你吓死我了
你吓死我了,当事人走了
感觉对人家相当不重视,我是有急事儿
我是有急事儿,回头好好跟他道了歉还不行
不就是因为医生性骚扰吗,谁跟你说的
你还舍不得呀,谁舍不得他呀
谁舍不得他呀,协议都签完了
协议都签完了,他没有性骚扰
我提出来220万,这么高啊
这么高啊,这个材料我看过了
这个材料我看过了,咱们没有必胜的把握
我就求你把你的心收回来,往哪收
往哪收,收你这来啊
收你这来啊,你不是我的菜
我说今天陶语桐是什么意思,他说什么了
往哪走一步,智者夏认为嫂子明显在给你希望
希望 都离了还给什么希望,哥放下架子 从了吧 赶紧搬到嫂子那住
就他那脾气每两天就得给我轰回来,你要跟嫂子透露一下
到时候我有点资格跟语桐谈,呦
行行行 交班吧,哥努力工作
哥努力工作,这个家跟孩子
这个家跟孩子,孩子就交给我们
孩子就交给我们,保证无后顾之忧
保证无后顾之忧,你去吧
你去吧,来 宝贝
来了,你没出门啊
没呢,我还以为你要出门
我还以为你要出门,呵呵
有什么事就说,不好意思说
不好意思 那我关门了,我今天
我今天,有一个特别重要的事
有一个特别重要的事,我追了10年还没追到手的女朋友结婚了
我追了10年还没追到手的女朋友结婚了,他结婚了
他结婚了,我得去拦啊
我得去拦啊,如果我不把他拦到
如果我不把他拦到,那我这10年就打水漂了
那我这10年就打水漂了,我这辈子的幸福
我这辈子的幸福,我是不是
去把孩子抱来吧,你真是一个有爱心的姑娘
你真是一个有爱心的姑娘,谢谢
谢谢,我现在就给你抱来
我现在就给你抱来,谢谢
夏峰我跟你说你太冲动了,邹男
邹男,每回来我都看见你受委屈
每回来我都看见你受委屈,你本科4年
你本科4年,研究生三年你
这条路早就有人为他铺好了,所以我让你认识陶语桐
所以我让你认识陶语桐,也许他能帮你
他根本就瞧不起我,他清高一点也是正常的
他清高一点也是正常的,你不能因为这个就自卑
你不能因为这个就自卑,他对于我离婚案还是挺相信的
他对于我离婚案还是挺相信的,你要多跟他接触
这种小的离婚案子他根本就瞧不上,谁说的
谁说的,余哥告诉我了
余哥告诉我了,说陶语桐对我这个案子很感兴趣
说陶语桐对我这个案子很感兴趣,你试试
人家知道的话也不好,我想过了
我想过了,咱也不骗他
咱也不骗他,我就想用这个案子让你们俩熟悉一下
我就想用这个案子让你们俩熟悉一下,到时候把实情说出来
到时候把实情说出来,你们俩一起骂我
你们俩一起骂我,不就结了吗
不就结了吗,对孩子
对孩子,还有孩子
还有孩子,如果丁丁不是一男的孩子
如果丁丁不是一男的孩子,那就证明丁丁的亲生父母把他给遗弃了
那就证明丁丁的亲生父母把他给遗弃了,这是法律问题
这是法律问题,这是货真价实的案子了吧
这是货真价实的案子了吧,先用这个假案子让你跟陶语桐建立起联系
先用这个假案子让你跟陶语桐建立起联系,然后我去查丁丁的来历
然后我去查丁丁的来历,到时候你们俩共同代理
我还得接着发我的名片呢,就不是你该干的事
就不是你该干的事,我替你发
你还能替我天天发呀,可以
可以,只要你愿意
只要你愿意,从今天开始
从今天开始,我就替你发名片
我就替你发名片,直到你当上大律师为止
直到你当上大律师为止,站着别动
怎么还剩一张,留好了
留好了,从今天开始
从今天开始,每次发完了我就剩一张留给你
每次发完了我就剩一张留给你,就在背面写上日期记好数
就在背面写上日期记好数,看看我一共能给你发多少
好吧,好吧就完了
好吧就完了,谢谢
为什么特别喜欢这个天台吗,不知道
我就可以俯瞰北京的CBD,看CBD是没有问题
看CBD是没有问题,但是
但是,我觉得推开窗首先能感受到的就是汽车尾气
开还是不开对吗,我相信你一定会成为一名大律师
我相信你一定会成为一名大律师,邹男你一定会成为一名大律师
会成为大大大歌星的,邹男你一定会成为大歌星一样的大律师
一定不打折,你哈什么哈 太不解风情了
老夏不是他值班吗今天,我还是觉得多收他们那么多代理费不合适
我还是觉得多收他们那么多代理费不合适,为什么呢
为什么呢,就算咱们竭尽全力为他减轻量刑
就算咱们竭尽全力为他减轻量刑,他的财产还是会被没收的
他的财产还是会被没收的,刘成的家人就不需要生活了吗
刘成给原告方造成这么大损失,也是
也是,也是
也是,余峥
余峥,最近为什么那么爱吊脸
最近为什么那么爱吊脸,你不会真的爱上我
你不会真的爱上我,我告诉你没戏
我告诉你没戏,咱俩还是适合做闺蜜
别再受苦了,年轻就是好呀
人家那话都没说完,你也太热心了
你也太热心了,余峥 人家根本就没想请律师这浪不浪费时间
我没想到你是这么一个情况,我以前不该那么说她
我以前不该那么说她,他挺好的
他挺好的,挺善良的
就是你看他那样子吧,特贤惠 特美好
特贤惠 特美好,我看出来了
我看出来了,在你眼里所有女人都比我好
好谢谢,我说我抱你 你看你
你看这不是挺好的吗,挺能蹦的
我自己来,行吗
我自己来自己来 可以可以,渴不渴 我给你倒杯水
我都不好意思了,别总客气
别总客气,咱们是邻居
咱们是邻居,有事就说话
你坐下歇会,我不坐了 我有事 走了啊
我不坐了 我有事 走了啊,我有事
我有事,走了啊
谢谢,这个 还留吗
不留了,真不留了
真不留了,对 爱情死了
对 爱情死了,这个就是遗物
这个就是遗物,我帮你处理了
我自己来吧,怎么样
怎么样,一半流着作为青春的记忆
一半流着作为青春的记忆,一半空着
一半空着,等有人来填补
等有人来填补,你是个好姑娘
你是个好姑娘,很快会有人填补的
很快会有人填补的,除非男人眼睛瞎了
除非男人眼睛瞎了,走了
走了,哥
怎么样,没事
没事,夸你来着
夸你来着,说你是标准的经济适用男
这是夸我呀,那可不夸你呗
那可不夸你呗,一直问我丁丁是谁的孩子
一直问我丁丁是谁的孩子,我说不知道
我说不知道,你问人家余哥吧
等孩子他妈回来了自然就知道了,你说咱们替他们抚养了这么长时间
你说咱们替他们抚养了这么长时间,是不是应该要点钱
是不是应该要点钱,让嫂子跟邹男一起代理索赔
让嫂子跟邹男一起代理索赔,我觉得靠谱
是邹男让你来找我的,我是真想要让邹男跟嫂子学习学习
是不是,你误会他了
你误会他了,我是在他面前说过
我是在他面前说过,当时就给我否了
当时就给我否了,我的主意
我的主意,我是真心的想帮邹男
我是真心的想帮邹男,哥
哥,邹男
邹男,从小就被继母带大
从小就被继母带大,继母对他不好
继母对他不好,从小就营养不良又瘦又小
从小就营养不良又瘦又小,班里的其他同学就欺负他
班里的其他同学就欺负他,但是无论怎么对他
但是无论怎么对他,他都不说什么努力学习
他都不说什么努力学习,也不知道什么时候
也不知道什么时候,我眼里这小黄毛丫头
我眼里这小黄毛丫头,就变成了我的女神
就变成了我的女神,他只要
他只要,一受委屈我心里就受不了
一受委屈我心里就受不了,我就是想帮他
我就是想帮他,你心里有个女神吗
你心里有个女神吗,有啊
陶语桐啊 还谁,对
对,所以你应该
所以你应该,有感受
有感受,女神受到了委屈
女神受到了委屈,自己心里能舒服吗
自己心里能舒服吗,你真的没看过
你真的没看过,邹男现在工作的条件
邹男现在工作的条件,他拼搏了那么长时间
他拼搏了那么长时间,努力了那么长时间
努力了那么长时间,好不容易考到律照
好不容易考到律照,在这种地方工作
在这种地方工作,换位思考
换位思考,如果嫂子
如果嫂子,在他这种地方工作
在他这种地方工作,你肯定想方设法帮他对吧
你充其量也就是个备胎,做他备胎我愿意
做他备胎我愿意,主胎一漏气
主胎一漏气,我备胎顶上了
来了稍等,不急
又是你啊,来来来 我来吧我来吧
我坐那,弹跳力见长啊
弹跳力见长啊,慢点慢点 来来来
我自己来 我自己来,变漂亮了
喜欢拍女人马屁的男人是需要警惕,哪有你现在腿脚不好
哪有你现在腿脚不好,我来看看能帮你做点什么没有
你看我这还收拾东西,对
对,断了念想就得把他所有东西都扔掉
断了念想就得把他所有东西都扔掉,一会我帮你扔了
那我就不客气了,唐爽 你现在腿脚不好
唐爽 你现在腿脚不好,你说我们三个大老爷们照顾你
你说我们三个大老爷们照顾你,不太方便
我真的不需要照顾自己一个人能行,那怎么行
那怎么行,一条腿伤筋动骨100天
一条腿伤筋动骨100天,必须有人照顾
必须有人照顾,这样我女朋友是个律师
这样我女朋友是个律师,现在事业上受阻
现在事业上受阻,没地儿住
没地儿住,你这儿租给他一间房
你这儿租给他一间房,一来你帮他
一来你帮他,二来他可以照顾你
在这儿等着我哪,这脚必须有人照顾 肿的
你女朋友,对呀 她来过
对呀 她来过,我不知道你见过没有
我不知道你见过没有,行不行
次卧倒是空着,我都说谢谢了
我都说谢谢了,那个 我来我来
那个 我来我来,谢谢
能开门吗,我特别行
我特别行,空中出现仨个字 我很行
只要你敢说我就敢做,我说你这孩子一天没大没小
我说你这孩子一天没大没小,说谁的橘子 我这气糊涂了
说谁的橘子 我这气糊涂了,谁的孩子
巨可爱,诶呀 你什么时候
诶呀 你什么时候,什么时候弄个孩子出来
什么时候弄个孩子出来,你
反正就是有了怎么办,反正我不接受
反正我不接受,我还挺年轻的
我还挺年轻的,我不想当奶奶
生活费怎么也得上去点,你这孩子你能不能
你这孩子你能不能,一一回来就要钱
一一回来就要钱,一回来要钱
一回来要钱,你你能不能省点心你
你你能不能省点心你,人家菲利普叔
人家菲利普叔,说的没错
说的没错,你都让我给惯坏了
这不是我儿子,我说你能不能省点心
我说你能不能省点心,你什么时候才能长大
你什么时候才能长大,你妈把你拉扯大容易吗
你妈把你拉扯大容易吗,妈妈把你生下来你爸就走了
妈妈把你生下来你爸就走了,是给咱留了点家业
是给咱留了点家业,可这么多年咱俩坐吃山空的
可这么多年咱俩坐吃山空的,要不是股市好点
要不是股市好点,咱娘俩早喝西北风去了
咱娘俩早喝西北风去了,妈现在想找个靠谱的人
妈现在想找个靠谱的人,又不是为了自己
又不是为了自己,我不是为了你吗
我不是为了你吗,我不是想弥补你失去的父爱吗
我不是想弥补你失去的父爱吗,妈才年过40
妈才年过40,你是不是让妈一直一个人过
你是不是让妈一直一个人过,那行
那行,你要这么狠心
你要这么狠心,那妈就一直不找
那妈就一直不找,我一直靠你 行了吧
我怕你吃亏,不会的
不会的,我跟你说你菲大爷可好了
我跟你说你菲大爷可好了,我跟你说他这人特靠谱
我跟你说他这人特靠谱,他对我特好
他对我特好,而且他向我求婚了
而且他向我求婚了,所以你看
所以你看,妈想找个人不是为自己
妈想找个人不是为自己,妈是想弥补你失去的父爱
先把付款密码输一下,讨厌
讨厌,我说人家菲大爷说得对
我说人家菲大爷说得对,我就不应该对你这么好
我就不应该对你这么好,知道吗
知道吗,人家对我们都挺好的
人家对我们都挺好的,你以后对人态度能不能的好点
你以后对人态度能不能的好点,邹男
你怎么来了,早就想来了
早就想来了,我看你们老板还欺不欺负你
我看你们老板还欺不欺负你,今天怎么样
不行,哪方面不行
就给他推销了几件成人用品,那也是通过你赚的钱啊
我又不是推销成人用品的,一切都会好
一切都会好,你那地下室就别租了
你那地下室就别租了,你没事吧
你没事吧,我不住那儿 我住哪去
我不住那儿 我住哪去,我给你找一个好的地方住 走
我给你找一个好的地方住 走,唐爽帮了我们不少忙
唐爽帮了我们不少忙,他因为我受伤的
他因为我受伤的,我有义务照顾他
我有义务照顾他,你住过来
你住过来,一是帮我照顾她
一是帮我照顾她,二住我对门
二住我对门,还害怕遇不上陶语桐吗
你这个意思是我替你去照顾他了,名义上那么说
名义上那么说,关键他那儿有地儿住
我可交不起,不收房租
不收房租,他纯帮忙
他纯帮忙,这车怎么样
这车怎么样,张一男的车
我发现这世界上只有你开别人的车跟开自己的似的,这车特别好实惠
这车特别好实惠,一个家庭用正好
一个家庭用正好,你放心
你放心,等我有了钱拉了投资
等我有了钱拉了投资,大汉风乐队重启重出江湖
大汉风乐队重启重出江湖,我一定买个这样的车
陶语桐最近来过吗,不知道啊
不知道啊,不知道啊
你找个机会尽快让他同意跟我共同代理你的离婚案子,我肯定会的
我肯定会的,咱们得有点分寸
咱们得有点分寸,不能给余哥带来麻烦
你赶快回去我也睡,睡了
对,聊聊
明儿还早起呢,梦里见
您自己注意点,主任 找我啊
我新弄的茶叶尝尝,我喝不了我喝咖啡
最近忙吗,忙
忙,刘成那个案子不是还得取证吗
刘成那个案子不是还得取证吗,好多事
让小吴上,为什么
你有经验去给他帮帮忙,主任
主任,您没事儿吧
你什么意思,你把我都气笑了
你把我都气笑了,你知道吗
你知道吗,我出道的时候小马他在哪儿
我出道的时候小马他在哪儿,就算我休了几个月
就算我休了几个月,我比他多干好几年
我比他多干好几年,你让我一老江湖去给一小孩做助手
就反客为主吧,我有我自己的项目
我有我自己的项目,刘成的项目还忙不过来
刘成的项目还忙不过来,我走了
连怎么当律师都忘了,因为我跟他说了实话
到时候判案子的事法官又不是你,我们把代理费从100万提到了200万
我们把代理费从100万提到了200万,你要是打不赢
你要是打不赢,你怎么跟他们交代
这和你有什么关系呀,和我有什么关系
咱们帮他上诉,主任
主任,要不你也去政法大学开一法律基础课
要不你也去政法大学开一法律基础课,你就把刚才那套说辞跟你学生说
你就把刚才那套说辞跟你学生说,你告诉他们当律师就是为了骗钱
你告诉他们当律师就是为了骗钱,什么公平公正
什么公平公正,童话里都是骗人的
童话里都是骗人的,你怎么来了
所以还有一些事情想向您请教请教,算了
算了,劝和不劝离
劝和不劝离,这钱你也别挣了
这钱你也别挣了,好吧
但是一直瞒着他,是吗
是吗,那就是想好了欺负夏峰啊
那就是想好了欺负夏峰啊,对啊 师姐
对啊 师姐,周先生一直教我们要伸张正义
周先生一直教我们要伸张正义,您就带我吧 我自己实在是经验不足
您就带我吧 我自己实在是经验不足,我不是不愿意带你
我不是不愿意带你,我上次跟你说了
我上次跟你说了,我们所不跟别的所共同代理案件
我们所不跟别的所共同代理案件,尤其是你们那样的所我没法跟我们主任交代
您也得可怜可怜那孩子呀,你让我考虑考虑
您能带我看一看吗,行
行,我带你去走一走 邹男
我带你去走一走 邹男,我们这个公司律师200来个 合伙人
我们这个公司律师200来个 合伙人,就20多个
师姐一定是合伙人吧,本来可以是的都通过了
本来可以是的都通过了,但是不知道当时为什么一心想要回家给余峥生孩子做全职主妇
但是不知道当时为什么一心想要回家给余峥生孩子做全职主妇,就把工作给辞了
就把工作给辞了,回来以后就成别人了呗
爱情的力量真是太伟大了,你可别逗了
你可别逗了,女人最蠢的事情就是想着为爱情牺牲自己
女人最蠢的事情就是想着为爱情牺牲自己,结果到头来就真的是牺牲了
结果到头来就真的是牺牲了,你还年轻
你还年轻,别犯这样的错误
师姐,说的容易
对了 这大白天的怎么位子都是空的,空的就对了
空的就对了,律师都在外面跑活
师姐怎么在家呢,我在家办一个大案子
我在家办一个大案子,刚刚见完委托人
你看那边那两个特别年轻的 他们也是你们所得律师妈,去年刚来 今年就已经开始办大案子了
去年刚来 今年就已经开始办大案子了,现在的年轻人真的是很厉害
现在的年轻人真的是很厉害,你也可以的 走
你也可以的 走,我带你去参观一下优胜劣汰的工作环境
我刚刚接到通知,我知道了
我知道了,不让我做正好
不让我做正好,本来心里就别扭
你第十六对爪子在干嘛,别说了我知道了
能撑几天,我爸
你爸,我知道了
你说我对你的心,你停 咱俩没戏
你停 咱俩没戏,咱俩只适合做闺蜜
那我都离了呀,我没离呀
我没离呀,再说就算我离了
再说就算我离了,我也没想从一个火坑里直接跳到另外一个火坑里
我也没想从一个火坑里直接跳到另外一个火坑里,刘成的案子你不忙
刘成的案子你不忙,在这儿罗里吧嗦得干什么你赶紧走吧
特别痛,神经病
我今天去天秤了,去天秤啦
你知道为什么吗,不知道呀
我能看出来他动心了,他要知道这是假的穿帮了
他要知道这是假的穿帮了,影响他们俩的关系
影响他们俩的关系,我怎么面对余哥呀
进入天秤,得瞒多久啊
你来啦,你不是说你一个人在家
他还算吗 这么小,问过你孩子在不在
这孩子越大越难抱 你看 来,太软了太软了
我这胳膊都麻了,真可爱 还会笑呢
这孩子还是在你怀里乖,算了吧
算了吧,我怕我闪着他
慢点慢点,我问你那夏峰怎么还在这住着呢
我问你那夏峰怎么还在这住着呢,不就跟他老婆那问题还没解决了吗
不就跟他老婆那问题还没解决了吗,他还没想明白 都交流那么长时间了
他还没想明白 都交流那么长时间了,总应该知道自己想要什么结果了吧
他这人,你说你这房子免费让他住着
你说你这房子免费让他住着,你还给他带孩子
你还给他带孩子,这算怎么回事
这算怎么回事,你跟夏峰说
你跟夏峰说,他要是想好了要离
他要是想好了要离,我免费给他做代理
你是来抓业务的吧,业务有的是就看我愿不愿意抓
业务有的是就看我愿不愿意抓,他不是你好朋友吗
他不是你好朋友吗,我听说他把这个案子给邹男了
我听说他把这个案子给邹男了,邹男在我们律所那顶多就是一个律师助理
邹男在我们律所那顶多就是一个律师助理,他能帮夏峰解决问题吗
女同学,那就更不行了
那就更不行了,律师和当事人之间关系太近的话
律师和当事人之间关系太近的话,容易被对方攻击
容易被对方攻击,你知道吗
你是不是找案子找疯了,你是不是当奶爸当上瘾了
你是不是当奶爸当上瘾了,夏峰
夏峰,你跟你老婆那事怎么样了
你跟你老婆那事怎么样了,铁了心了他
铁了心了他,呵呵 那你就更得为自己做准备了
呵呵 那你就更得为自己做准备了,不光是心理准备
不光是心理准备,还有各方面的准备你都得做好
还有各方面的准备你都得做好,你看你现在过的什么日子
你看你现在过的什么日子,抱着一个孩子寄人篱下
抱着一个孩子寄人篱下,不应该你得赶紧开始你的新生活
不应该你得赶紧开始你的新生活,就算不为自己着想
就算不为自己着想,也得为丁丁
也得为丁丁,着想对吧
着想对吧,嫂子说得对
嫂子说得对,余峥知道我从来都是接大案子的
余峥知道我从来都是接大案子的,不接这样的小case
不接这样的小case,要不是看看你跟余峥是好朋友
要不是看看你跟余峥是好朋友,我也没必要
我也没必要,狗拿耗子多管闲事
狗拿耗子多管闲事,你去跟邹男说
你去跟邹男说,把这个案子交到我手里
把这个案子交到我手里,我帮你代理了
我帮你代理了,嫂子
嫂子,我跟邹男是多年的同学
我跟邹男是多年的同学,他是
他是,新人没什么资历
新人没什么资历,你让他帮你做胜算不大
你让他帮你做胜算不大,真的
真的,你们谈到哪一步了
你们谈到哪一步了,他们律所跟你要多少钱
他们律所跟你要多少钱,合同没签
合同没签,律所要3万
律所要3万,但我拿不出来
但我拿不出来,你看见了这就是典型的小律所的做事风格
你看见了这就是典型的小律所的做事风格,十年磨刀 一朝宰人
十年磨刀 一朝宰人,出手玩的就是一个狠
出手玩的就是一个狠,我可以帮你做风险代理
我可以帮你做风险代理,就是之前一分钱都不收你的
就是之前一分钱都不收你的,你的
你的,等官司打赢了再说
等官司打赢了再说,这才是一个正规律所的做事风格
这才是一个正规律所的做事风格,你那个老婆有多少套房子
你那个老婆有多少套房子,三套
三套,我至少帮你拿回一套
我至少帮你拿回一套,弟弟你就听我的
弟弟你就听我的,这房子你免费住着
这房子你免费住着,这个案子我帮你做
这个案子我帮你做,彻底打赢官司之后
彻底打赢官司之后,再走行吗
再走行吗,谢谢嫂子
谢谢嫂子,那行
那行,那把合同签了吧
那把合同签了吧,就按我说的风险代理
就按我说的风险代理,官司赢了之后
官司赢了之后,按标的的15%
按标的的15%,你跟余峥不是好朋友吗
你跟余峥不是好朋友吗,就收你12%就行了
就收你12%就行了,太谢谢嫂子了
太谢谢嫂子了,嫂子
嫂子,我们邹男是多年的同学
我们邹男是多年的同学,又是好朋友
又是好朋友,我真不能把她扔掉
我真不能把她扔掉,你看这样行不行
你看这样行不行,让他给你当助手
让他给你当助手,我说服他不要代理费
我说服他不要代理费,挣的钱都是你的
挣的钱都是你的,根本就不是钱的问题
根本就不是钱的问题,你知道我们律所非常介意跟别的律所同时代理一个案子
你知道我们律所非常介意跟别的律所同时代理一个案子,尤其是邹男他们的律所
尤其是邹男他们的律所,他那个律师事务所根本就不算是正规律师事务所
他那个律师事务所根本就不算是正规律师事务所,你明白吗
你明白吗,要不然我再回去商量
要不然我再回去商量,干嘛
你现在是往死了忽悠我老婆,我不是为了你吗哥
我不是为了你吗哥,嫂子要是知道你把房子租出去
嫂子要是知道你把房子租出去,就得把我赶出去跟你离婚
就得把我赶出去跟你离婚,是吧
要不然他不会这么较劲,是啊我帮你扛雷呢 哥
是啊我帮你扛雷呢 哥,我就想创造个机会让邹男嫂子为师
我就想创造个机会让邹男嫂子为师,这事成了以后
这事成了以后,我跟嫂子说我不离婚不就完了
我现在就告诉他去,你说吧 告诉他 说吧
你说吧 告诉他 说吧,我马上嫂子知道你把房子租出去了
我马上嫂子知道你把房子租出去了,咱们的孩子要是生下来 也该这么大了吧
工作上就别那么较劲了,好勒
好勒,我跟夏峰的事你就别管了
我跟夏峰的事你就别管了,一个愿离 一个愿代理 一个巴掌拍不响啊
余哥好,你搬隔壁住了
你搬隔壁住了,上次来律所怎么没说
我就暂时过来照顾照顾她,好孩子
好孩子,我呢 过来看余峥好碰见夏峰了
我呢 过来看余峥好碰见夏峰了,说起他离婚的事儿
说起他离婚的事儿,我们一直都觉得怕你经验不够做不好
我们一直都觉得怕你经验不够做不好,这个事儿
这个事儿,就交给我来代理了
就交给我来代理了,你怎么看
全归您,那怎么行
那怎么行,我跟夏峰都说好了
我跟夏峰都说好了,这个案子要是赢了
这个案子要是赢了,代理费我一分钱不要都给你
代理费我一分钱不要都给你,毕竟都是朋友
到时候我随时向您汇报,你们所说怎么办
你们所说怎么办,一般律师是不可以出去接私活的
我问你这女的什么情况,不就让嫂子帮个忙
不就让嫂子帮个忙,你至于吗
你将来怎么处理,邹男当上嫂子助手以后
邹男当上嫂子助手以后,我就跟嫂子说我不离了
我就跟嫂子说我不离了,我不离婚
我不离婚,嫂子能逼我离
如果将来这件事情传帮了语桐去起诉你怎么办,我不是特意问了吗
我不是特意问了吗,他不起诉
他不起诉,没准这两天邹男的事就成了
你找个新的地方住行吗,只要邹男进了天秤
只要邹男进了天秤,我怎么都行
我怎么都行,你就别生气了
你就别生气了,没事
没事,我错了错了
我错了错了,错了
错了,你别生气别生气
你别生气别生气,好吗 哥
他实在是太嫩了,诶呦
诶呦,小马的事啊 没问题
小马的事啊 没问题,没问题
没问题,让他来找我呗
让他来找我呗,我可以帮他
我可以帮他,别人的项目是不会去分一杯羹的
你太要强了,我要强吗
我要强吗,你看我姿态多低
你看我姿态多低,我手里有几个案子都在正常的运行
我手里有几个案子都在正常的运行,我要去帮他真忙不过来了
我要去帮他真忙不过来了,所以上次我跟您说助手的事情你想怎么样了
所以上次我跟您说助手的事情你想怎么样了,这个女孩你看看政法大学毕业的硕士研究生刚刚拿到律照
这个女孩你看看政法大学毕业的硕士研究生刚刚拿到律照,挺能干的
挺能干的,人也长得挺好看
再说你不是和高上合作了吗,不是律师
不是律师,助手
助手咱是不是,我找到新案子了
我找到新案子了,离婚案
离婚案啊,这个离婚案可不是一般的离婚案
这个离婚案可不是一般的离婚案,那女的有两个公司
公司资产多吗,所以需要一个人帮我好好的做一些调查
所以需要一个人帮我好好的做一些调查,要不然我跟你要什么助手
让他过去帮帮忙,主任
主任,你造吗
你造吗,你靠谱起来特别可爱哦
你靠谱起来特别可爱哦,太可爱了
太可爱了,么么哒
有种你把警察给我带来,邹男 咱们律所是已经很多了
邹男 咱们律所是已经很多了,所以是不招律师只招助手的
所以是不招律师只招助手的,不过没关系
不过没关系,你不是有律照吗
你不是有律照吗,多做几个案子我可以帮你
谢谢师姐,别客气 加油吧
别客气 加油吧,没过几年 你就可以成为很好的律师了 邹男
没过几年 你就可以成为很好的律师了 邹男,这是助理办公区域
这是助理办公区域,这个桌子是空的就交给你了
这个桌子是空的就交给你了,然后你既然是做助理的
然后你既然是做助理的,就不能只为我一个人服务
就不能只为我一个人服务,咱们所还有其他一些律师
咱们所还有其他一些律师,他们的工作你也要帮他们打打下手
他们的工作你也要帮他们打打下手,另外因为你是新来的
另外因为你是新来的,所以有些事情也积极一点
所以有些事情也积极一点,对将来有好处你懂的
懂 谢谢师姐,陈总
陈总,你怎么来了
我到您这来办事才知道你又回来了,我这不是回来两个多月了吗
我这不是回来两个多月了吗,你这个案子转给别人了
你这个案子转给别人了,我们再联系就不合适了
我可是诚心诚意的,这不好吧沈总
这不好吧沈总,所里的安排
所里的安排,主任都定了
来啦,不顺利
还行,怎么看你好像不高兴
怎么看你好像不高兴,值得庆祝
值得庆祝,来两杯卡布奇诺
给别人搭下手,那怎么行
那怎么行,我找余哥说说
我找余哥说说,你这么优秀怎么能给他们当下手
你总是为我着想,咱们俩谁跟谁
咱们俩谁跟谁,你别跟我说谢谢好吗
你别跟我说谢谢好吗,谢谢
谢谢,对
对,我就可以跟嫂子说不离了
所以这件事情现在由我全权负责,太好了
太好了,余哥可是大好人
余哥可是大好人,咱不能因为这事把人害了
咱不能因为这事把人害了,这样最好
我笑什么我这正发愁着,你说我为什么这么聪明
你说我为什么这么聪明,我突然之间想起张一男他妈的名字
我突然之间想起张一男他妈的名字,多亏嫂子不管了
多亏嫂子不管了,他要是真查下去穿帮了
他要是真查下去穿帮了,别说我不能在他那住
别说我不能在他那住,你的工作也难保
你的工作也难保,咱们太幸运了
亏你想得出来,别提了
别提了,我去过他们家
我去过他们家,他妈还忙着谈恋爱
他妈还忙着谈恋爱,特别年轻
特别年轻,和一个叫菲利普的假洋鬼子
和一个叫菲利普的假洋鬼子,说那男的特别有钱
还真不接这案子,我说什么了 哥
我说什么了 哥,做人不能太老实
做人不能太老实,也不能不老实
也不能不老实,这事成了又没伤害到嫂子对吧
家里没吃的,我哪有钱
我哪有钱,我在张一男身上弄那点钱
我在张一男身上弄那点钱,我交了房租
我交了房租,借邹男几万剩下那点钱
借邹男几万剩下那点钱,这两天都花完了
这两天都花完了,我今天跑一上午饭都没吃
去哪了,不知道啊
你不知道他去哪,他也每次
高总,哎呦 你终于来了
哎呦 你终于来了,赶紧帮我救个火
赶紧帮我救个火,小王那个程序又出问题了
小王那个程序又出问题了,我就说年轻人根本靠不住
我就说年轻人根本靠不住,只能靠你老同志
只能靠你老同志,跟我走
能不能把我曾经编的那些程序的酬金现在结算给我,不是跟你说好
不是跟你说好,好吗
好吗,到时候折合成公司的股份一块儿给你
到时候折合成公司的股份一块儿给你,快点来不及了
我现在就想知道,这么跟你说
这么跟你说,小王资历比较浅
小王资历比较浅,年纪很轻
年纪很轻,我给他的报酬不是很高
我给他的报酬不是很高,一共就
一共就,一共就1万块钱
一共就1万块钱,要不是因为他媳妇刚刚生完孩子
要不是因为他媳妇刚刚生完孩子,这个活都不会给他的
这个活都不会给他的,你说从中间劈多少给你
他这么年轻都有孩子了,你这么
你这么,年轻不也有孩子吗
我还想要孩子,行行
行行,咱们不聊孩子
咱们不聊孩子,孩子好吗
孩子好吗,这样照我说我就从他那里边分一半给你
要能拿多少你看着办,怎么样
到底给我多少钱,余峥啊
余峥啊,我发现你真的是有点变了
我发现你真的是有点变了,肯定是你媳妇教的
肯定是你媳妇教的,我说什么来着
我说什么来着,找谁结婚都不能找律师
找谁结婚都不能找律师,一脑门子官司
一脑门子官司,行了
行了,这个活一晚上我给你1万块钱
这个活一晚上我给你1万块钱,你别跟我砍价了
你别跟我砍价了,赶紧写 写完客户在那等着
赶紧写 写完客户在那等着,看什么
这些不保密吧,保密 但是你可以看
保密 但是你可以看,在我允许你看的时候你就可以看
呵,夏峰的案子怎么样了
他好像又不想离了,这个我已经知道了
这个我已经知道了,当初我也就想帮帮他
当初我也就想帮帮他,他要是不想离了就把这个案子解了
他要是不想离了就把这个案子解了,合同在你那吗
嗯,行 你尽快把这事了
您就叫我,行
行,我需要你的时候我就告诉你
我需要你的时候我就告诉你,去忙吧
好,邹男 做什么事都不要太着急
邹男 做什么事都不要太着急,一步一步来
一步一步来,当你有一天真的成为一个合格的律师以后
当你有一天真的成为一个合格的律师以后,我向你保证你有看不完的卷宗
我向你保证你有看不完的卷宗,加油
就那半张照片吗,闲的
闲的,我就是闲的
我就是闲的,我就是要他们回来吃饭
我就是要他们回来吃饭,老陶
老陶,你不觉得他们俩最近有点不对劲吗
你不觉得他们俩最近有点不对劲吗,咱们家闺女欺负人家了
咱们家闺女欺负人家了,人余峥那么好
人余峥那么好,你说
你说,孩子不等于好姑爷
孩子不等于好姑爷,夫妻两个要互相搀扶
夫妻两个要互相搀扶,余峥干什么呢
余峥干什么呢,他就逃逸层的后腿
他就逃逸层的后腿,你说要没有他陶语桐在事业上成就比现在得大得多
你说要没有他陶语桐在事业上成就比现在得大得多,行了
行了,别老谈你的事业的了
别老谈你的事业的了,我是当妈的
我是当妈的,我不管他事业不事业
我不管他事业不事业,我就是要他俩生活过得好
我就是要他俩生活过得好,咱俩都老了
咱俩都老了,没有什么事业了
没有什么事业了,你也别老逼着孩子了
你也别老逼着孩子了,行不行
行不行,你看你说的陶语桐
你看你说的陶语桐,咱俩就从来都没有统一过
咱俩就从来都没有统一过,随你随你
哪位,余峥 你在哪呢
我在那个公司呢,又加班 给你多少钱啊
高健就把我叫来了,不是这个意思
不是这个意思,我问你加班人给你多少钱
就1万,行
行,你一晚上1万块
你一晚上1万块,但我告诉你
但我告诉你,要放到自己篮子里才是你的菜
要放到自己篮子里才是你的菜,一定要拿到手知道吗
一定要拿到手知道吗,明天周末我妈让你务必回家吃饭
我什么身份能去你们家吃饭,咱俩还没办离婚手续
咱俩还没办离婚手续,当然是以姑爷身份了
我觉得可以,行
行,你别演得太投入了
你别演得太投入了,明天下午3点我去接你穿好一点
明天下午3点我去接你穿好一点,别让我妈觉得你没个人收拾
保证让你重新爱上我,行了
行了,你少贫挂了啊
老夏 我饿爆了,岂止你啊
岂止你啊,我早饿了
我早饿了,余哥什么时候回来
找找看有没有吃的,找到什么吃的没有
找到什么吃的没有,咱们俩还能不能一起愉快的玩耍了
你之前帮了他那么多花那么多钱,那可不行
那可不行,邹男刚刚进了新律所
邹男刚刚进了新律所,什么东西都得置办
什么东西都得置办,我可不能趁火打劫
怎么,我开不了这口
我开不了这口,唐爽不是对你挺好吗
唐爽不是对你挺好吗,你
也不知道对谁好,他对谁好
他对谁好,行了
行了,为兄弟两肋插刀
为兄弟两肋插刀,我来吧
我来吧,拿着
拿着,看哥的魅力
你什么都做不了,你有魅力你去呀
我能轻易做这种事情,忍忍 你说这余哥怎么还不回来
忍忍 你说这余哥怎么还不回来,会不会再回来发现两具尸体
会不会再回来发现两具尸体,张一男
张一男,你不会连孩子的奶粉你都不放我
你不会连孩子的奶粉你都不放我,你太无耻了
但我觉得不一定可能是我们买的奶粉的段位有问题,对奶粉是分段的
啊 你看,我们会不会给丁丁买的奶粉是成人段的
也不是没有这个可能,那为了孩子的健康
那为了孩子的健康,我们得冒死给他尝尝
尝尝 这当然得尝啦,尝尝尝 你去 你去拿碗
尝尝尝 你去 你去拿碗,我拿不了碗
万一这过程中我挂了怎么办,石头剪刀布
高总 你,他写出来了
余哥这水平还真不是吹的真厉害,他写完了没
还考虑我自尊心呢,要什么自尊心
要什么自尊心,赶紧写完
赶紧写完,抓紧时间
行,写完赶紧发过来
高总,怎么样都写完了吗
已经给您发过来了,对了
对了,这个项目之前答应的薪酬是1万块钱
这个项目之前答应的薪酬是1万块钱,现在主要部分都是余峥写的
现在主要部分都是余峥写的,你说给你多少钱合适
我现在也挺缺钱的,我当然知道了
我当然知道了,我这儿没问题
我这儿没问题,反正1万块钱给谁都是给
反正1万块钱给谁都是给,不是给你就是给他
不是给你就是给他,你们按劳分配对吧
你们按劳分配对吧,你觉得余峥完成的部分在整个程序当中占多大比重
也就是1/10,好
好,一会余峥来了
一会余峥来了,坚持这么说
坚持这么说,ok
老高,你还有别的事啊
我想能不能先放一放,那怎么能行呢
那怎么能行呢,不是跟你解释得很清楚了吗
不是跟你解释得很清楚了吗,我们争取这笔风投这个项目非常重要
对吧,你这个记性是真的不错
对吧,反正这个事咱们到时候再说再说好吧
这热电厂的项目我就放下不干了,行行你看答应过你的事情
行行你看答应过你的事情,我肯定会说话算话的
我肯定会说话算话的,之前公司欠你的
之前公司欠你的,加上这笔热电厂的项目
加上这笔热电厂的项目,一起折合成公司的股份
一起折合成公司的股份,让你当股东
那能折多少,我觉得最起码也不能低于10%吧
还有其他员工每个人都不能少,肯定都得算的
肯定都得算的,公司就靠大家了
公司就靠大家了,有钱就得大家一起赚
有钱就得大家一起赚,我话搁这每一个员工都会有相应的股份
我话搁这每一个员工都会有相应的股份,怎么样
那先这样吧,好好好 我觉得一定要抓紧
你跟余哥说说,没觉着人家对你挺好的
没觉着人家对你挺好的,让你进天秤了
要不然先放着吧 ,听你的 我都忘了
我上班去,周末今天
我们这些小助理又没有周末,你会成为大律师的
你会成为大律师的,邹男
你来干什么,你是个善良的女孩
你是个善良的女孩,你从小你也没少被人欺负
你从小你也没少被人欺负,但是你不应该把这些施加在别人身上
但是你不应该把这些施加在别人身上,给他道个歉行吗
走吧 现在就去,邹男
再见,你就这么空着手去
我想在路上再买,我就知道你没这心
我就知道你没这心,我给你准备好了
我给你准备好了,不是给你老板要了1万块钱吗
不是给你老板要了1万块钱吗,回头给我报了
好 好好好 走,好你个头 一看你这样子就没要回来
好你个头 一看你这样子就没要回来,是不是
我就把这1万块钱我就让给人家了,让了 让了
让了 让了,跟老板也不好意思要跟同事也不好意思要
跟老板也不好意思要跟同事也不好意思要,你怎么就那么好意思不拿钱给你老婆用呢
你怎么就那么好意思不拿钱给你老婆用呢,户口本你找着了没有
我没找着,找户口本还挺积极的
找户口本还挺积极的,别去了
别去了,嫂子真是雷霆万钧
别说了,不说了
但你觉得我真的是个怂包,我是开玩笑
我是开玩笑,嫂子那是气话
嫂子那是气话,老话不说的好吗
老话不说的好吗,打是亲
打是亲,骂是爱 爱得不够
骂是爱 爱得不够,用脚踹
用脚踹,嫂子对你这么厉害
嫂子对你这么厉害,这婚离不了
对他才是好的,放什么手哥绝对不能放
放什么手哥绝对不能放,我这当备胎都没放
我这当备胎都没放,你这正牌大丈夫干嘛放
你这正牌大丈夫干嘛放,他不就嫌你怂吗
他不就嫌你怂吗,你就别怂不就完了吗
我做不到,你太爱面子了
你太爱面子了,你爱面子胜过爱嫂子
我不应该骗你,我刚才为什么不提崔朕
我刚才为什么不提崔朕,是因为我不想当叛徒
是因为我不想当叛徒,昨天我们酒会没结束
昨天我们酒会没结束,他就给我打电话让我去银行接
他就给我打电话让我去银行接,他说不让我告诉你这当时我就急了
他说不让我告诉你这当时我就急了,我凭什么有事瞒着我老婆
我凭什么有事瞒着我老婆,结果到了以后我才知道他和一个女的约会拿我去当挡箭牌 你猜后来怎么着
结果到了以后我才知道他和一个女的约会拿我去当挡箭牌 你猜后来怎么着,赵萌来了
赵萌来了,女孩吓得唰就跑了
女孩吓得唰就跑了,你说崔朕他一有事就找我
你说崔朕他一有事就找我,一有事找我烦死我了
一有事找我烦死我了,从心理学上讲 一个人说话时如果不停地眨眼
从心理学上讲 一个人说话时如果不停地眨眼,如果不停摩擦自己的双手
如果不停摩擦自己的双手,说明他在思考自己如何说谎
说明他在思考自己如何说谎,还有人在说谎时面孔两边表情会很不对称
还有人在说谎时面孔两边表情会很不对称,他的语速会突然加快
他的语速会突然加快,以掩饰自己的尴尬
以掩饰自己的尴尬,然后拉高声调以缓和自己的不安
然后拉高声调以缓和自己的不安,老婆 你说我在这跟你推心置腹的
老婆 你说我在这跟你推心置腹的,你跟我聊什么微表情
你跟我聊什么微表情,老公
老公,我今天去医院了
我今天去医院了,预产期定了12月3号
预产期定了12月3号,你怎么算的那么准
撞成这样你知道是什么吗,天这也太夸张了
被撞成一堆烂铁了,什么车撞到他
事实胜于雄辩,你要觉得哪个好你就定了
你要觉得哪个好你就定了,反正我也不懂
你以后被冯晶晶轰出来能不蹲在我家门口吗,错了
错了,我是想豆豆了
豆豆都不信,豆豆 不是你说是赵萌 她也真是啊
进不进进不进,我说 崔
我说 崔,你行啊你刚离婚就有下家了
你行啊你刚离婚就有下家了,够可以的
够可以的,说其实接电话的妞是谁
他给你打电话了,我给你打电话他接的
帮我把一下我把不出来,把不住 怎么这么笨啊
好 再见,你跟赵萌太冲动了
你跟赵萌太冲动了,要像你们一样的话
要像你们一样的话,我跟孙强早离了
我跟孙强早离了,孙强
孙强,还住你们家的
他心里只有你跟奥特 你要相信他,你们还真是兄弟
你们还真是兄弟,到这份上了你还替他撒谎呢
到这份上了你还替他撒谎呢,要不是因为我看了你前妻的微博
要不是因为我看了你前妻的微博,我还真以为孙强陪你泡妞去了
我还真以为孙强陪你泡妞去了,你认为
你怎么做到的,是你的美丽让神奇出现
是你的美丽让神奇出现,按你的吩咐
按你的吩咐,五箱全部免费
我该怎么报答你呢,要不以身相许我不介意的
晚上姐妹party,什么叫姐妹聚会
干嘛呢,我说你们这银行的网络怎么那么差
别给我找麻烦 有监控,我来告诉你两个很不好的消息
跟你在一起就没有好消息,第一冯晶晶把我的QQ号给黑了
第一冯晶晶把我的QQ号给黑了,我所有的QQ好友都联系不上了
我所有的QQ好友都联系不上了,所以以后你再也不能通过我认识美女了
我什么时候通过你认识过美女,这个就算我在你家寄宿的一点补偿吧 送给你
你这意思是你还要住下去,我想不会住太久
我想不会住太久,一两天
一两天,两三天
两三天,四五天
就算是你帮我照顾到豆豆我给你的补偿,嘿够意思
嘿够意思,你早说我不拎着来 怪累的
不是还有一个坏消息吗,对了
对了,大楠要请咱俩吃饭
大楠要请咱俩吃饭,晶晶你这也太夸张了
晶晶你这也太夸张了,买这么多东西
买这么多东西,好久没逛商场了
好久没逛商场了,最近公司太忙了
最近公司太忙了,还不一下多买一点
还不一下多买一点,你这算什么
你这算什么,我跟你说我上次逛商场好像都是大楠追我的时候
我跟你说我上次逛商场好像都是大楠追我的时候,真的
真的,你说他怎么那么
你说他怎么那么,抠门
抠门,晓婷
晓婷,你一件衣服都没买
你一件衣服都没买,这衣服挺漂亮
这衣服挺漂亮,我就算了
我就算了,我今天是各陪你
我今天是各陪你,挺好看的
挺好看的,我不试了 不试了
我不试了 不试了,你最近跟孙强什么情况
你最近跟孙强什么情况,我听说你都不让他回家
我听说你都不让他回家,你能不能不提这个人
你能不能不提这个人,晓婷你试试这件衣服挺靓丽的
晓婷你试试这件衣服挺靓丽的,好看
好看,行吗
行吗,我行吗 这个
我行吗 这个,这么贵
这么贵,这衣服穿我孕妇身上简直太浪费了
这衣服穿我孕妇身上简直太浪费了,晶晶 你说
晶晶 你说,你说现在这钱怎么贬值这么快
你说现在这钱怎么贬值这么快,晓婷还有一样东西比以前贬值的还快
晓婷还有一样东西比以前贬值的还快,什么呀
什么呀,女人的魅力啊
女人的魅力啊,有些事情对女人太不公平了
有些事情对女人太不公平了,结婚会贬值
结婚会贬值,离婚会贬值
离婚会贬值,生孩子会贬值
生孩子会贬值,天天忙于工作一样会贬值
天天忙于工作一样会贬值,女人的魅力会随着时间的推移加速贬值
女人的魅力会随着时间的推移加速贬值,而男人的魅力却在升值
而男人的魅力却在升值,你觉得公平吗
你觉得公平吗,这凭什么这太不公平了
这凭什么这太不公平了,我们能有什么办法解决
我们能有什么办法解决,吃得好
吃得好,穿得好
穿得好,身体健康
身体健康,美艳动人
美艳动人,玩得好、情趣高、气质优雅
玩得好、情趣高、气质优雅,做这样的女人才能时时刻刻抓住自己男人的心
做这样的女人才能时时刻刻抓住自己男人的心,做这样的女人
做这样的女人,魅力才是永恒的
魅力才是永恒的,才能保值甚至升值
才能保值甚至升值,听你这么一说
听你这么一说,那我要对自己好点儿
那我要对自己好点儿,我得好好犒劳犒劳自己啊
我得好好犒劳犒劳自己啊,这款包我觉得你的衣服
这款包我觉得你的衣服,颜色是挺好的
颜色是挺好的,要不要试试
要不要试试,爸爸
爸爸,爸爸
爸爸,你看我穿这个衣服是不是显得很年轻呀
你看我穿这个衣服是不是显得很年轻呀,爸爸你看一眼
你要干什么,懂什么呀人家就那设计
懂什么呀人家就那设计,你别光只看上面的标签
你别光只看上面的标签,打完折下来才100多块钱
打完折下来才100多块钱,我得让我的魅力保值啊
还买这么多,我买这么多还不到1000块钱呢
我买这么多还不到1000块钱呢,人晶晶买五六千的东西
人晶晶买五六千的东西,眼皮都不带眨一下的
让人忽悠着买了这么一堆东西,有完没完不就买了东西
笨死我自己算了,人晶晶说的就是对女人就是得享受生活
人晶晶说的就是对女人就是得享受生活,这好东西就是不一样
这好东西就是不一样,你看看这包我看着我就开心
你看看这包我看着我就开心,这颜色多好看
这颜色多好看,看看这做工这材质真好
你还买包了,我以前就是太亏待我自己了
我以前就是太亏待我自己了,这包是买给自己的礼物
这包是买给自己的礼物,你看看我以前买那些包
你看看我以前买那些包,什么时候上过300
什么时候上过300,站在那保持安全距离
站在那保持安全距离,公事还是私事
公事还是私事,公事说重点私事出去
公事说重点私事出去,我今天是怀着一万分的真诚来向我心中的女神道歉
我今天是怀着一万分的真诚来向我心中的女神道歉,孙强你说话的时候能不能把所有的修词都去掉
孙强你说话的时候能不能把所有的修词都去掉,好的
好的,我是来求和解
我是来求和解,如果不想让我当这么多人的面儿
如果不想让我当这么多人的面儿,让你下不来台
让你下不来台,请你出去跟老婆我这次我真知道错了
请你出去跟老婆我这次我真知道错了,我我希望你保证真的我发誓
我我希望你保证真的我发誓,你发誓的次数确实已经超过我见你的次数了
你发誓的次数确实已经超过我见你的次数了,老婆我知道
老婆我知道,我不应该在你生气的时候再回家再气你了
我不应该在你生气的时候再回家再气你了,可是今天儿子给我打电话
可是今天儿子给我打电话,他说老爸这外面天凉了
他说老爸这外面天凉了,你多穿点衣服别感冒了
你多穿点衣服别感冒了,当然这也不主要了
当然这也不主要了,最主要的是你说你们孤儿寡母在家里连个男人都没有
最主要的是你说你们孤儿寡母在家里连个男人都没有,如果要是换个灯泡或者修个钉子
如果要是换个灯泡或者修个钉子,或者是得有个人吧
或者是得有个人吧,老公还弄你的小发明
老公还弄你的小发明,歇会儿
歇会儿,起司蛋糕
起司蛋糕,你最爱吃的起司蛋糕
你最爱吃的起司蛋糕,我特意给你买的
我特意给你买的,还生我气
还生我气,大熊
大熊,你别生气了
你别生气了,我不就买了一个包吗
不要跟我提包这种俗物,你不就因为这个生我的气吗
谁因为一个包给你生气,那你为什么
一会还有事早点回家吧,老公 今天天多好
老公 今天天多好,咱就得没事出来溜达溜达
咱就得没事出来溜达溜达,不能老熬在家里 这都发霉了
不能老熬在家里 这都发霉了,再说多活动活动对咱宝宝也好
再说多活动活动对咱宝宝也好,说不定咱以后还成为体育健将呢
不过日后成为科学家很有可能 有我的基因在,你说现在这孩子也太可怜了
你说现在这孩子也太可怜了,还没出生就没有选择梦想的权利了
还没出生就没有选择梦想的权利了,嘿
嘿,嘿
嘿,老公
老公,你看那相机
你看那相机,就是我说那个 这两天商场搞活动
就是我说那个 这两天商场搞活动,特价7000
高不成低不就拍出来效果特别不好,那人家拍得挺好吗
两年过两年咱踏踏实实买1万多 这不要,又是过两年
又是过两年,性感、神秘
性感、神秘,气质大方
气质大方,婀娜多姿
婀娜多姿,眼神并不游离
眼神并不游离,千娇百媚
千娇百媚,笑容虽不美丽
笑容虽不美丽,不对灿烂不对热情
不对灿烂不对热情,但充满了孩子般的纯真
但充满了孩子般的纯真,你具备天蝎座一切的优良品质
你具备天蝎座一切的优良品质,小姐可以认识一下吗 这是我的名片
你卖保险的,你GLB的 我怎么没见过你
你GLB的 我怎么没见过你,我有哥们在你那儿
我有哥们在你那儿,崔朕你认识吧
崔朕你认识吧,认识
你能跟我说说吗,可以
可以,不过这也不是什么说话的地儿
不过这也不是什么说话的地儿,这样咱们留个电话
这样咱们留个电话,改天我约你喝咖啡好不好
改天我约你喝咖啡好不好,唉什么哎
唉什么哎,有话就说
有话就说,晓婷在网上被人骗了
晓婷在网上被人骗了,你说这晓婷也太单纯了
你说这晓婷也太单纯了,这回好了 够大楠他们家喝一壶的了
这回好了 够大楠他们家喝一壶的了,不是骗了多少钱
不是骗了多少钱,2万2万
2万2万,不是骗子太可恨了
不是骗子太可恨了,怎么孕妇的钱都骗了
怎么孕妇的钱都骗了,不过更可恨的是他骗子拿我的QQ号骗的
不过更可恨的是他骗子拿我的QQ号骗的,老婆
老婆,自从你上次把我的QQ的防火墙给破译了以后
自从你上次把我的QQ的防火墙给破译了以后,我估计现在除了我以外
我估计现在除了我以外,谁都可以上我的QQ号
谁都可以上我的QQ号,用你的QQ号骗你把钱还给人家不就行了
用你的QQ号骗你把钱还给人家不就行了,凭什么我还要还也得骗子还
凭什么我还要还也得骗子还,不过你说现在骗子也是厉害
不过你说现在骗子也是厉害,都是黑客级别的
都是黑客级别的,现在这骗子都骗到网上去了
现在这骗子都骗到网上去了,骗钱可恨
骗钱可恨,骗感情更可恨
骗感情更可恨,你看你看这扯远了
你看你看这扯远了,这说人晓婷那事儿呢怎么办
这说人晓婷那事儿呢怎么办,我给晓婷打个电话问一下
我给晓婷打个电话问一下,欸
欸,没准现在大楠和晓婷正在吵架呢
没准现在大楠和晓婷正在吵架呢,你这不火上浇油吗
你这不火上浇油吗,行老婆你也别看书了早点睡吧
行老婆你也别看书了早点睡吧,哎 2万呐
哎 2万呐,老公都怪我
老公都怪我,我实在是太大意了
我实在是太大意了,我怎么能犯这么低级的错误呢
我怎么能犯这么低级的错误呢,我以后不上QQ了
我以后不上QQ了,我再也不上QQ了还不行吗
他们两口子现在欠我8000多,这事真的赖不着人家
这事真的赖不着人家,晶晶那包是我自己要买的
晶晶那包是我自己要买的,就更赖不着孙强了
就更赖不着孙强了,关他什么事 都怪我
跟孙强要债是门学问,你要干嘛
你要干嘛,你跟他要什么账
你跟他要什么账,你别跟人打电话你干嘛
你别跟人打电话你干嘛,孙强来电话了
孙强来电话了,你还真接啊
辛苦走吧,晓婷在网上被骗这件事情我深表遗憾
晓婷在网上被骗这件事情我深表遗憾,但是跟我一点关系都没有
但是跟我一点关系都没有,我的QQ号被犯罪分子利用了
我的QQ号被犯罪分子利用了,再说是冯晶晶先破解了我的QQ密码才造成这样的后果
再说是冯晶晶先破解了我的QQ密码才造成这样的后果,你要找你去找冯晶晶说理去
你要找你去找冯晶晶说理去,如果能说过她算你本事
那我现在就给他打个电话,打打打 打什么打
打打打 打什么打,看你急的遇到点事就这么急
看你急的遇到点事就这么急,着什么急呀
着什么急呀,咱先喝点水慢慢说
老板给我一大壶免费的白水,好吧
好吧,这顿我请先给你败败火
这顿我请先给你败败火,老板来壶菊花茶
咱们先把这事说清楚,这事已经说得很清楚了
这事已经说得很清楚了,你老婆买包的事我很抱歉
你老婆买包的事我很抱歉,但包的钱我肯定不能报
在执行你委托事务过程当中所产生的一切费用应该由你委托人全权负担,可是晓婷买包这事已经超出了我的委托范围
可是晓婷买包这事已经超出了我的委托范围,哦人晓婷拿自己的钱买了自己喜欢的包
哦人晓婷拿自己的钱买了自己喜欢的包,这人自己的事跟我有什么关系
你可以向我贷款,贷款
不是 这儿,挺好玩的
挺好玩的,程哥
程哥,上次我给孩子买个iPad还喜欢吧
小孩不能惯着他,小孩开心就好
要不咱改天再聊,不是 程哥
不是 程哥,公司又新进了一批酒
公司又新进了一批酒,你看你什么时候有时间去看看
有机会,不是 程哥这批酒跟以前不一样了
不是 程哥这批酒跟以前不一样了,口感比以前好多了
口感比以前好多了,但价码一点都没变
问题是我这还有一批存货,不过程哥你看你这么大的酒店多存点货怕什么呀
没变化呀,爸这赛车改外皮没用
爸这赛车改外皮没用,得改内脏懂不懂
得改内脏懂不懂,是它吧
爸你发财了,爸就做了一个小小的金融生意
我现在就要玩,儿子这地下这么脏
儿子这地下这么脏,走走 咱回家玩去吧好吧
走走 咱回家玩去吧好吧,儿子知道怎么跟你妈说吗
等她问的时候就说这是老爸攒钱给买的,聪明 走
聪明 走,爸爸 开我的豪车
爸爸 开我的豪车,咱上三环上兜一圈去
妈妈才是好车好吧,你别小看爸的车
你别小看爸的车,我告诉你啊
爸我什么时候能开真车啊,等你长大
等你长大,爸爸一定亲手教你
爸爸一定亲手教你,把你培养成为世界一流的赛车手
把你培养成为世界一流的赛车手,真的
不是善意的谎言,不是 我说你这都跟谁学的儿子
不是 我说你这都跟谁学的儿子,这个事出的太紧急了
这个事出的太紧急了,我这一紧张能想起来只有二位
我这一紧张能想起来只有二位,所以说二位你们才是我生命中真正可以托付性命的朋友
你那个分期付款这个月开始生效了,大楠 你看别提钱提钱都伤感情了是不是
大楠 你看别提钱提钱都伤感情了是不是,你放心 你的账我记着呢
你放心 你的账我记着呢,你说这怪我吗
你说这怪我吗,那都是他逼的呀
那都是他逼的呀,谁让我摊上这么个老婆呢
这样得傻老婆,我告诉你我们家冯晶晶不是一般人
我告诉你我们家冯晶晶不是一般人,我天天提心吊胆的
我天天提心吊胆的,我告诉你我的日子过的纯是水深火热
老实交代你刚才干嘛去了,我过两天不要参加比赛了吗
我过两天不要参加比赛了吗,我那车急等着钱改装
我那车急等着钱改装,没钱怎么办
没钱怎么办,我到处卖红酒四处奔波
我到处卖红酒四处奔波,快成了卖红酒的小男孩了
你的车不改装完了吗,不是
不是,那是缓兵之策
那是缓兵之策,我把我那两块浪琴的情侣表给当了
我把我那两块浪琴的情侣表给当了,换了了2万多块钱把它改装了
换了了2万多块钱把它改装了,但也不是长久之计
但也不是长久之计,我早晚得把他赎回来
你现在带那什么东西,浪琴的 假的 网上买的
浪琴的 假的 网上买的,以前我觉得我只有一个优点就是帅
以前我觉得我只有一个优点就是帅,现在我觉得又多了优点就是聪明
现在我觉得又多了优点就是聪明,怎么样
所以两块钱 早说嘛大姐,你说我爸肯定被人给骗了
你说我爸肯定被人给骗了,这名字还花500块钱
这名字还花500块钱,就这名字我能起10个大宝、二宝、三宝、四宝、五宝、六宝、七宝、八宝
合一个250,你替我好好劝劝他
你替我好好劝劝他,你说我好歹也是人民教师
你说我好歹也是人民教师,这说出去让人给笑话
爸早点睡吧 天色已晚啊,大楠啊
明天公司要要,最后一把
最后一把,行吧
老是最后一把 老是您说的算什么时候我在家里能说话算个数,再下最后一盘
再下最后一盘,以后你说什么我都听你的
你说话老不算数,这次算数以后说什么我都听你的
拉钩,拉钩走下棋勒
强哥你真逗,服务员买单
服务员买单,倩倩 这样我最后表示一下感谢
倩倩 这样我最后表示一下感谢,你那个朋友买了我这么多红酒
你那个朋友买了我这么多红酒,解决了我的燃眉之急
解决了我的燃眉之急,感谢感谢感谢
你可不要把我当外人,强哥从来不把你当外人
强哥从来不把你当外人,可你也不要把强哥当外人
我可经常会去你家骚扰你的,我迫不及待等着倩倩来骚扰
我迫不及待等着倩倩来骚扰,是不是
是不是,倩倩 哪天我带你去看赛车吧
强哥开赛车肯定特别帅,人家也都这么说
那就祝您越来越难相处,老婆
老婆,你看你今天不理我就算了
你看你今天不理我就算了,你怎么还把账单给孩子看呢
你怎么还把账单给孩子看呢,这让人我多没面子
这让人我多没面子,今天在餐厅两个女人围着你团团转
今天在餐厅两个女人围着你团团转,你多大的面子
你多大的面子,还用我给你面子吗
还用我给你面子吗,是老婆咱今天事就不提了好不好
是老婆咱今天事就不提了好不好,我下次不敢了
我下次不敢了,你有没有下次我是管不了
你有没有下次我是管不了,但是从今天开始我是不会管你了
但是从今天开始我是不会管你了,不行老婆你必须得管我 这个财政大权
不行老婆你必须得管我 这个财政大权,你必须得全权接手
你必须得全权接手,这样才能规范我的不良习惯
这样才能规范我的不良习惯,促进我的茁壮成长
促进我的茁壮成长,孙强
孙强,我是奥特的妈妈
我是奥特的妈妈,我不是你的妈妈
我不是你的妈妈,所以从今天开始你长什么样我是管不了
所以从今天开始你长什么样我是管不了,但是我一定会管奥特
但是我一定会管奥特,我不希望他长大以后长成你这样
我不希望他长大以后长成你这样,老婆 别生气了
老婆 别生气了,离我远点
离我远点,那老婆 晚安 希望明天你有个好心情
那老婆 晚安 希望明天你有个好心情,拜拜了
你这到底是要干什么呀,别收拾了
别收拾了,我没事
我没事,我也不累
我也不累,让你别收拾了
让你别收拾了,这是什么呀老婆
这是什么呀老婆,老婆 你这是干什么
老婆 你这是干什么,你不能这样啊
你不能这样啊,那你告诉我不这样
那你告诉我不这样,我应该怎么样
我应该怎么样,我跟那个女孩没什么关系
我跟那个女孩没什么关系,你知道吗
你知道吗,人家买酒完事以后请人喝杯东西
人家买酒完事以后请人喝杯东西,这不很正常的事吗
这不很正常的事吗,您别
您别,赶紧签字
赶紧签字,不行 老婆你说你干嘛拿儿子来要挟我
不行 老婆你说你干嘛拿儿子来要挟我,是不是
是不是,我认错还不行吗
我认错还不行吗,你签不签
你签不签,不是咱俩是咱俩是你说你把孩子牵扯进来
不是咱俩是咱俩是你说你把孩子牵扯进来,孙强你能不能像个男人一点敢作敢当
孙强你能不能像个男人一点敢作敢当,你看仔细了上面写的是什么
你看仔细了上面写的是什么,上面写的是如果你再跟别的女孩暧昧不清
上面写的是如果你再跟别的女孩暧昧不清,就视为主动放弃对奥特的抚养权
就视为主动放弃对奥特的抚养权,我已经对你够客气了
我已经对你够客气了,你还想怎么样
你还想怎么样,你觉得你现在品行有资格当爸爸吗
你觉得你现在品行有资格当爸爸吗,我怎么没有资格当爸爸了
我怎么没有资格当爸爸了,按你的意思说
按你的意思说,我以后和任何女性都不能接触对吧
我以后和任何女性都不能接触对吧,那要看怎么接触了
那要看怎么接触了,正常社交没有人管你
正常社交没有人管你,但如果你再给别的女孩变魔术
但如果你再给别的女孩变魔术,送红酒
送红酒,带女孩逛商场买衣服
带女孩逛商场买衣服,看我怎么收拾你
看我怎么收拾你,但凡一个光明正大的男人
但凡一个光明正大的男人,谁会不敢签这个
谁会不敢签这个,你这么不愿意签
你这么不愿意签,心里还惦记着谁
心里还惦记着谁,没惦记
没惦记,我真不能签
我真不能签,不愿意签是吧
不愿意签是吧,直接出门
直接出门,我签
我签,我签
还会影响我们部门的形象,你能不跟我客气了吗
你能不跟我客气了吗,实在不好意思晶晶
实在不好意思晶晶,我今天出门的时候没带钱
我今天出门的时候没带钱,我自己都不知道
我自己都不知道,我这脑子
我这脑子,你说大楠这人逗不逗
你说大楠这人逗不逗,卡里就这么点钱
卡里就这么点钱,密码还换来换去的
密码还换来换去的,他也不嫌烦
他也不嫌烦,不是你们家还真是大楠管账
不是你们家还真是大楠管账,他那性格还真挺合适的
他那性格还真挺合适的,关键别的他也不会就只能管管账了
关键别的他也不会就只能管管账了,别说我没提醒你
别说我没提醒你,一般在家里面女人让男人独揽经济大权
一般在家里面女人让男人独揽经济大权,可是一件挺危险的事
可是一件挺危险的事,这么跟你说
这么跟你说,男人对女人就像男人对车一样
男人对女人就像男人对车一样,刚买回来的时候爱不释手
刚买回来的时候爱不释手,沾一点灰都看不下去
沾一点灰都看不下去,碰一下更是心疼得不得了
碰一下更是心疼得不得了,但时间一长
但时间一长,新鲜劲过了就真的没那么在意了
新鲜劲过了就真的没那么在意了,甭说脏了就是撞了也不心疼了
甭说脏了就是撞了也不心疼了,如果有一天再有新款车型上市
如果有一天再有新款车型上市,没准把那辆旧车停在马路旁边就不管了
没准把那辆旧车停在马路旁边就不管了,那你说的跟财政大权有什么关系
那你说的跟财政大权有什么关系,当然有关系了
当然有关系了,你想如果这辆车的后备车箱装了200万现金
你想如果这辆车的后备车箱装了200万现金,他们还会随随便便把车停在路边
他们还会随随便便把车停在路边,不要了吗
不要了吗,我是给忘了
我是给忘了,我不是诚心的真忘了
我不是诚心的真忘了,什么忘了昨天晚上还提银行卡的事
什么忘了昨天晚上还提银行卡的事,你就是成心不想告诉我
我是你的防火墙,防什么
防什么,不就是防着我买贵的东西
不就是防着我买贵的东西,我还不知道你那点心思
我还不知道你那点心思,我上次买个包就给你心疼得够呛
我一点没心疼,你刚刚是没看见
你刚刚是没看见,我在收银台结账
我在收银台结账,后边排着那么一大堆人
后边排着那么一大堆人,我的银行卡半天也刷不出钱来
我的银行卡半天也刷不出钱来,要不是有晶晶替我把钱付了
要不是有晶晶替我把钱付了,我们不得把这些东西一样给放回去
这不挺好的,好什么呀
好什么呀,人家晶晶怎么想我呀
人家晶晶怎么想我呀,我去个超市银行卡也刷不出钱来
我去个超市银行卡也刷不出钱来,我在这个家我什么地位呀
我在这个家我什么地位呀,我连个保姆都不如
你是统治阶层高高在上的位置,我不想听你狡辩
我不想听你狡辩,我就应该听晶晶的
我就应该听晶晶的,把咱们家的财政大权重新分配一下
冯晶晶真多事儿,奥特看看妈妈给你买了多少好吃的
奥特看看妈妈给你买了多少好吃的,奥特
奥特,好儿子 你今天上辅导班辛苦啦 你最爱喝的小培奶粉
我先不吃了回屋写作业了,今天怎么这么听话
今天怎么这么听话,儿子零食都不吃了
儿子零食都不吃了,就回屋写作业
所以我要好好学习报答妈妈,乖儿子
乖儿子,这怎么上辅导班进步这么大呢
这怎么上辅导班进步这么大呢,回头妈妈也给爸爸报个辅导班好不好
回头妈妈也给爸爸报个辅导班好不好,亲一下
亲一下,回去吧
回去吧,哥们儿
哥们儿,酒不能这么喝
酒不能这么喝,遇愁事儿了吧
遇愁事儿了吧,我 推销酒的 你是
我 推销酒的 你是,做什么工作的呀
我是开酒店的,开酒店的
开酒店的,哎 我这个人啊
哎 我这个人啊,就看不惯身边的人不开心
就看不惯身边的人不开心,我得劝你一句
我得劝你一句,靠喝酒解决不了问题
靠喝酒解决不了问题,说出来就ok了
让媳妇赶出来了,我还以为多大点事
我还以为多大点事,是吧
是吧,哥们 我告诉你我平均一个月媳妇赶我两次
哥们 我告诉你我平均一个月媳妇赶我两次,我一次都没出去
我一次都没出去,这个女人其实很简单
这个女人其实很简单,你要先看他是真生气还是假生气
你要先看他是真生气还是假生气,真生气有真生气的办法
真生气有真生气的办法,假声气有假生气的办法
假声气有假生气的办法,只要方法用对了立马就回去
只要方法用对了立马就回去,她还得跟你道歉
你挺有经验的,有经验不敢说
有经验不敢说,至少是个老战士
今天在这儿能不能教我几招,今儿不行
今儿不行,我有二十箱红酒
我有二十箱红酒,我必须就得推销出去
我必须就得推销出去,要不这星期就被炒鱿鱼了
要不这星期就被炒鱿鱼了,改天再聊吧
改天再聊吧,别别 别话说一半啊 不就二十箱红酒吗
咱先聊五十箱的,五十箱
老婆睡觉吧,你睡吧我想事
对你和小宝宝都不好,得好好想想咱们家的财权分配问题
咱们家有什么财产干嘛要分,谁说要跟你分了
谁说要跟你分了,我只是要掌握我自己应有的权利
我只是要掌握我自己应有的权利,你这个房本上把我名字加上
有什么意义,才不是
才不是,人家晶晶今天说的挺对的
人家晶晶今天说的挺对的,男人对女人就像对车一样
男人对女人就像对车一样,救了就不在乎了
救了就不在乎了,除非这车上装着钱
最重要的是你这个车上撞了两个极其可爱的小宝宝,好像你说得也挺对的
就是的,这样以后我的工资全由我自己来支配
这样以后我的工资全由我自己来支配,要不然我一点自由都没有了
要不然我一点自由都没有了,我每次买个东西听你唠叨半天
我每次买个东西听你唠叨半天,弄得我都没心情买了
弄得我都没心情买了,你就说你答应我多长时间了
你就说你答应我多长时间了,给我买个单反相机
给我买个单反相机,这都什么时候了
这都什么时候了,我连个影都没见着
谢谢经理,谢谢
谢谢,老婆 告诉你一个好消息
老婆 告诉你一个好消息,酒终于卖出去了
酒终于卖出去了,得到老板嘉奖了
得到老板嘉奖了,嘿 这个老周怎么嘴这么快
嘿 这个老周怎么嘴这么快,我还想给你个惊喜呢
我还想给你个惊喜呢,老公啊其实我不需要你给我什么惊喜
老公啊其实我不需要你给我什么惊喜,只要你每天能踏踏实实安安稳稳把工作做好了
只要你每天能踏踏实实安安稳稳把工作做好了,我比什么都开心
我比什么都开心,我现在多踏实了都
我现在多踏实了都,再说了我今天卖这么多红酒
再说了我今天卖这么多红酒,你也不夸奖夸奖啊
你也不夸奖夸奖啊,还不到时候
还不到时候,还不到时候
还不到时候,什么时候我觉得该夸你了
什么时候我觉得该夸你了,我自然而然就会夸你了
我自然而然就会夸你了,好吧
好吧,你对我真是高标准严要求
你对我真是高标准严要求,老公
老公,你觉得这辆车好看吗
你觉得这辆车好看吗,哇
哇,挺酷的
挺酷的,那你买给我
那你买给我,好啊
好啊,当然了这个只是梦想了
当然了这个只是梦想了,我们只能通过奥特来实现了
我们只能通过奥特来实现了,时间不早了
时间不早了,明天开始你还要继续带奥特上辅导班
明天开始你还要继续带奥特上辅导班,时间到了
时间到了,还有上辅导班
单反跟卡片能一样一个2万一个2000,可这2万块钱不在我预算里
可这2万块钱不在我预算里,我就没打算我要给他买什么单反
我就没打算我要给他买什么单反,要不然以后我要用相机
要不然以后我要用相机,我就辛苦我自己去你们家借一下
明年开春这个项目基本就可以完成了,基地建在合肥哪里了
蜀山那儿,蜀山哪里
就是蜀山的工业园区吗,蜀山工业园区现在一共有21家企业
蜀山工业园区现在一共有21家企业,包括在建的42个单体项目
包括在建的42个单体项目,可是吴总您的有博公司好像不在册吧
可是吴总您的有博公司好像不在册吧,当然了
当然了,旁边的老旧园区倒是有一个基地
旁边的老旧园区倒是有一个基地,但是据我了解这个基地600万就足以成型
但是据我了解这个基地600万就足以成型,您现在让我投资1000万是什么意思呢
将来还是会扩大的,永波公司在蚌埠这个地方同时应该还有另外一个项目吧
永波公司在蚌埠这个地方同时应该还有另外一个项目吧,但是这个项目三年前就开始报批
但是这个项目三年前就开始报批,到现在资金没有到位
到现在资金没有到位,是一个烂尾工程
是一个烂尾工程,你们现在想尽力救活这个项目
你们现在想尽力救活这个项目,所以想借用我的资金拆东补西
所以想借用我的资金拆东补西,以为我发现不了吗
但那都是三年前的项目,我不想天天做这些幕后工作
我不想天天做这些幕后工作,顺便提醒您一句
顺便提醒您一句,您现在这种挪用投资的行为已经上升到法律层面了
您现在这种挪用投资的行为已经上升到法律层面了,还有是我们在调查贵公司的时候做的资产评估报告
还有是我们在调查贵公司的时候做的资产评估报告,希望您可以看一下
希望您可以看一下,不送
不送,你什么时候进来吓死我了
大人请过目,呀
呀,出来啦
你自己看看效果真的没什么区别,那如果真的没什么区别
那如果真的没什么区别,为什么那么多人还都买单反
你自己看,这怎么有点虚
这怎么有点虚,这怎么有点虚呢
这怎么有点虚呢,是不是崔朕这照相技术不行
你再看奥特尔这个,你看奥特这个怎么黑了吧唧的
钱就自己眯了,不会吧
凭良心说你觉得这三张哪个最好,还是咱家乐乐这个好
接着捆绑,将 将了 输了
将 将了 输了,这可是我们爷俩下那么多盘棋
这可是我们爷俩下那么多盘棋,这是我第一次赢你
这是我第一次赢你,再来一盘
不来了 爸,怎么了 今儿心不在焉
怎么了 今儿心不在焉,有什么事跟老爸说
一点信没有,人家领导办事是认真细致
人家领导办事是认真细致,别着急
别着急,慢慢等
我心里一直发毛,你送给他材料的时候
你送给他材料的时候,他情绪怎么样
而且看着我这东西两眼直放绿光,他当时说什么了
我就踏踏实实回家等着来了,我明白
爸你明白什么了,你看咱们家前一段时间不是装修
你看咱们家前一段时间不是装修,装修好了以后不就到这儿来了
装修好了以后不就到这儿来了,来之前你妈还专门打电话
来之前你妈还专门打电话,说叫我买5斤腊肉送给老王家
凭什么呀,把咱家钥匙给他
把咱家钥匙给他,然后让他每天到我们家去把窗户打开
然后让他每天到我们家去把窗户打开,通风
放味,晚上再把窗户给关上
晚上再把窗户给关上,再回来
再回来,这事他经验丰富
这事他经验丰富,给领导送材料
他们应该给我奖励,领导给你发奖金那是公家的
领导给你发奖金那是公家的,你送给领导礼
你送给领导礼,那是领导个人的
那是领导个人的,准备东西吧
可是爸这事我不擅长,送礼是有技术的
送礼是有技术的,送给领导礼的时候 千万别让人给看见 领导最忌讳这事儿
送给领导礼的时候 千万别让人给看见 领导最忌讳这事儿,知道吧
知道吧,睡了没事
轻点捶,腰疼
腰疼,老公我真逛不动了
老公我真逛不动了,要不你去逛 我在这等你吧
不买了,东西还没买呢
东西还没买呢,怎么不逛了
我申请个专利怎么比我发明还难,老公你就别纠结了
老公你就别纠结了,我看刚刚皮带挺好的
2000,你就别心疼钱了
你就别心疼钱了,咬咬牙买了吧
我给闺女当嫁妆那酒,您不说领导不缺酒吗
我帮你收拾收拾,你去哪了
你去哪了,老婆你还没睡
老婆你还没睡,我去见了个客户
我去见了个客户,那哥们太能砍价了
那哥们太能砍价了,把我红酒想成什么了
把我红酒想成什么了,这一夜磨一夜嘴皮子累死我了
这一夜磨一夜嘴皮子累死我了,接着说
接着说,我编什么了
我编什么了,我真去见客户了
我真去见客户了,而且人家客户是个男的
而且人家客户是个男的,行
行,我不跟你绕弯子
我不跟你绕弯子,协议生效
协议生效,凭什么呀
凭什么呀,不是孙强你可以现在泡妞都泡到我们公司大厦来了
不是孙强你可以现在泡妞都泡到我们公司大厦来了,你示威呢
你示威呢,我知道了
我知道了,那女孩叫王珊珊
那女孩叫王珊珊,他是崔朕的同事
他是崔朕的同事,我今儿不找崔去了吗
我今儿不找崔去了吗,正好赶上他给崔买饭去
正好赶上他给崔买饭去,我想我开车了带他去了一趟
我想我开车了带他去了一趟,就这
就这,不是人家催朕的同事
不是人家催朕的同事,你怎么那么熟
你怎么那么熟,对
对,我熟
我熟,是因为崔朕喜欢人家俩人快好了
是因为崔朕喜欢人家俩人快好了,我告诉你老婆
我告诉你老婆,你可不知道
你可不知道,那姑娘新来的
那姑娘新来的,从面试的时候崔就看上人家了
从面试的时候崔就看上人家了,结果以后就不管什么公事私事
结果以后就不管什么公事私事,全带人一块出去
全带人一块出去,要不你想想干嘛
要不你想想干嘛,他去给崔朕买饭
他去给崔朕买饭,怎么也轮不到他
怎么也轮不到他,还不就为了表现两个人那个吗
还不就为了表现两个人那个吗,前两天他俩约会
前两天他俩约会,想喝红酒了
想喝红酒了,害得我还跑了一趟
害得我还跑了一趟,不是你给谁打电话
不是你给谁打电话,不许说话
不许说话,瞒得挺好啊
我瞒什么了,瞒我什么你自己不知道
瞒我什么你自己不知道,你是不是心虚
你是不是心虚,不就是崔朕交的女朋友吗
不就是崔朕交的女朋友吗,至于瞒着我吗
至于瞒着我吗,多大点事
崔没女朋友啊,怎
怎,晶晶刚刚都给我打电话了
晶晶刚刚都给我打电话了,说崔朕约周末一块吃饭
说崔朕约周末一块吃饭,叫他女朋友跟我们一起
叫他女朋友跟我们一起,你不知道啊
你怎么这么八卦,你进来干嘛
你进来干嘛,外边等着吧一会儿饭就做好了
咱们买俩头 买仨头,你就忽悠我吧
我今儿给你买花了,太阳打西边出来啦
多安全,宋大楠
奥数都把孩子们折磨成什么样了,多大点事
多大点事,至于这么愁眉苦脸吗
至于这么愁眉苦脸吗,像你这样的
像你这样的,你怎么做宇宙战神去解决太阳系
你先拯救拯救我,儿子不就是奥数考试吗
咱们还是回去吧,来都来了怎么能临阵脱逃呢
来都来了怎么能临阵脱逃呢,没事儿子
没事儿子,爸教你这只要不会的全选b
爸教你这只要不会的全选b,大楠 饭好了
大楠 饭好了,吃饭了
你们先吃吧,专利单 这喜事 今儿得好好吃
不是我,怎么变成公司了呢
让我把名字改成公司,这也太不讲道理了
这也太不讲道理了,你没跟其他领导说说这事
他说是领导班子集体讨论的决定,这也得太欺负人了
这也得太欺负人了,大楠
大楠,别往心里去
别往心里去,啊
啊,去去去
去去去,吃饭吃饭吃饭
签完字了,没事老公
没事老公,你别多想
你别多想,我知道你委屈不就是一名吗
我知道你委屈不就是一名吗,别人不知道
别人不知道,我知道这是你发明的
我知道这是你发明的,你再想想奖金你心里就平衡了
奖金只有2000块钱,2000就2000
2000就2000,大不了单反相机我不要了
我越觉得对不起你,你千万别这么觉得老公我对你特别有信心
你千万别这么觉得老公我对你特别有信心,你想想你有这么大一聪明的脑袋
你想想你有这么大一聪明的脑袋,咱还能再想出更好的发明
咱还能再想出更好的发明,咱这次吃点亏就吃点亏
咱这次吃点亏就吃点亏,吃亏是福气吗
打一折 这家医院又不是你开的,怎么样了
睡觉呢你进去干嘛,你怎么不进去
你小子这身酒味,对
对,大楠
大楠,你知道这个医院是谁开的吗
城管都干嘛吃的不抓了他们,这个不良商人王珊珊他爸
王珊珊他爸爸 难怪把我拉这儿来生 给他们自己家拉生意呢,你想什么人这么大医院缺你这点钱
你想什么人这么大医院缺你这点钱,肯定想讨好崔朕知道吗
肯定想讨好崔朕知道吗,然后故意的给你帮这个忙
然后故意的给你帮这个忙,明白了吧
那是不是能打个折,那肯定
你干嘛呢,小北
小北,我能忙什么
我能忙什么,这不是上班赚钱呢吗
你得好好准备,太好了
太好了,谢谢小北
谢谢小北,你说我怎么感谢你
你说我怎么感谢你,你说你想吃什么我请客
今天晚上我刚好有空给你一个机会,今儿晚上不行
今儿晚上不行,我得接我老婆孩子去
我得接我老婆孩子去,你看这样好不好
你看这样好不好,咱就采访的当天你先说你想吃什么我去订位
咱就采访的当天你先说你想吃什么我去订位,咱们采访完了直接去怎么样
就这么着吧 挂了 拜拜,最近业绩不错还是最新款的
最近业绩不错还是最新款的,老婆我认为吧要送老婆一定要送最好的
老婆我认为吧要送老婆一定要送最好的,老婆 你看你平时在公司上班
老婆 你看你平时在公司上班,总穿这种职业装
总穿这种职业装,上面什么点缀这都没有
上面什么点缀这都没有,难免会显得太严肃了
难免会显得太严肃了,老婆 我看人家韩剧里那些office lady全这样穿特帅
老婆 我看人家韩剧里那些office lady全这样穿特帅,老公如果你平时做任何事情都能做的
老公如果你平时做任何事情都能做的,像送个礼物这样完美体贴的话
像送个礼物这样完美体贴的话,我觉得太开心了
我觉得太开心了,老婆你为什么每次表扬我的时候都捎带着损我一句呢
老婆你为什么每次表扬我的时候都捎带着损我一句呢,你敢不敢结结实实的表扬我一次
你敢不敢结结实实的表扬我一次,老公 我已经丧失了夸奖你的能力了
老公 我已经丧失了夸奖你的能力了,好吧
好吧,老婆我再告诉你一件喜事
老婆我再告诉你一件喜事,说吧
说吧,但是你不许生气
但是你不许生气,是喜事
是喜事,我生什么气
我生什么气,好吧
好吧,我准备参加汽车拉力赛
我准备参加汽车拉力赛,我说好端端的又是接我下班又是送我礼物
我说好端端的又是接我下班又是送我礼物,感情你们真是没安好心心怀鬼胎
感情你们真是没安好心心怀鬼胎,不是老婆
不是老婆,明明两码事
明明两码事,你干嘛要联系在一起呢
你干嘛要联系在一起呢,老婆你知道参加汽车拉力赛是我毕生的一个梦想
老婆你知道参加汽车拉力赛是我毕生的一个梦想,你就不能偶尔支持我一下吗
你就不能偶尔支持我一下吗,好吧
好吧,但你要答应我们条件
但你要答应我们条件,赛车就要像赛车的样子
赛车就要像赛车的样子,离那些像小妖精一样的车模远一点
离那些像小妖精一样的车模远一点,老婆你放心
老婆你放心,一百个放心
一百个放心,我现在的心态可以用一句诗来表达
我现在的心态可以用一句诗来表达,百花丛中过片叶不沾身
让你歇会,嗯 我能睡个踏实觉了
嗯 我能睡个踏实觉了,说真话说假话
祖宗 真话,我真觉得医院挺舒服的
我真觉得医院挺舒服的,我都不想回来
我都不想回来,你知道吗
你知道吗,因为那床睡得特舒服
因为那床睡得特舒服,我睡那几天睡的可踏实了
我睡那几天睡的可踏实了,我这刚一回来一躺下
我这刚一回来一躺下,我就觉得腰怎么这么难受
我就觉得腰怎么这么难受,你记得那会儿我还没生笑笑的时候
你记得那会儿我还没生笑笑的时候,我有好几天晚上都没睡着觉
我有好几天晚上都没睡着觉,我都是坐起来靠着才睡着的
我都是坐起来靠着才睡着的,要不咱把这床垫也换了
要不咱把这床垫也换了,换个医院那种棕床垫
换个医院那种棕床垫,那对腰还好呢
那对腰还好呢,对腰还好呢
我们明儿去看看,还有空气净化器
还有空气净化器,人家医院想的就是周到现在空气污染多严重
人家医院想的就是周到现在空气污染多严重,室内就得有一个净化器
室内就得有一个净化器,而且这笑笑刚出生
而且这笑笑刚出生,咱得给他一个健康成长的环境吧
我明天一块看,好 还有 还有
好 还有 还有,智能马桶用起来太方便了
智能马桶用起来太方便了,能够坐垫加热的
能够坐垫加热的,还能喷水冲洗的
还能喷水冲洗的,我这不是坐月子吗
我这不是坐月子吗,我弯腰也不方便
我弯腰也不方便,那特别适合我用
那特别适合我用,还适合老年人用
您看,闺女
闺女,闺女 我给你砸点核桃
闺女 我给你砸点核桃,我吃不了你吃点
我吃不了你吃点,你吃
你吃,晓婷啊
晓婷啊,你可知道
你可知道,你爸这一辈子做的最满意的一件事是什么
你爸这一辈子做的最满意的一件事是什么,什么
什么,我知道了
我知道了,我知道 娶了我妈
我知道 娶了我妈,是我们同意你嫁给了大楠
是我们同意你嫁给了大楠,爸
爸,你这胳膊肘怎么往外拐
你这胳膊肘怎么往外拐,到底谁是你亲生的
到底谁是你亲生的,刚才不是来了一个什么总吗
刚才不是来了一个什么总吗,我准备拿好茶叶接待他来
我准备拿好茶叶接待他来,后来大楠给我使了个眼色
后来大楠给我使了个眼色,我立马就换了个普通的茶叶
我立马就换了个普通的茶叶,大楠是把好东西留给咱自己家用的
大楠是把好东西留给咱自己家用的,咱的姑爷太棒了
咱的姑爷太棒了,爸这就一点茶叶不至于吧
爸这就一点茶叶不至于吧,大楠心细 节俭 会理财
大楠心细 节俭 会理财,从来不到外面去花
从来不到外面去花,不到外面去玩
不到外面去玩,这种男人到哪去找
这种男人到哪去找,又能跟你在一起好好的过日子
又能跟你在一起好好的过日子,最重要他还会下棋
最重要他还会下棋,爸你就这点要求
爸你就这点要求,你早说你女儿条件也不差
你早说你女儿条件也不差,那这当初我这不闭着眼睛到处找
那这当初我这不闭着眼睛到处找,都能找到这样要求的
说哪去了,小北
小北,咱们没外人
咱们没外人,我也不怕告诉你
我也不怕告诉你,我老婆那就不是一般人每天监视我监视的可厉害的
我老婆那就不是一般人每天监视我监视的可厉害的,我现在就感觉每天头顶上有很多的监视卫星
我现在就感觉每天头顶上有很多的监视卫星,你看今儿早上我换衣服
你就欠那么一个人管你,厉害吧
厉害吧,不过 北
不过 北,说实话
说实话,今天你帮我联系这个采访
今天你帮我联系这个采访,我真的是太感谢了
我真的是太感谢了,我都不知道该怎么报答你
我都不知道该怎么报答你,真的
然后再去K歌,那没问题
那没问题,不过今儿不行
不过今儿不行,今儿我约了几个朋友一块看球
今儿我约了几个朋友一块看球,明天行不行
好吧,不过
不过,我觉得你刚才建议也挺好的
什么,就是让我亲一下 我觉得挺好的
就是让我亲一下 我觉得挺好的,对不对
对不对,你都说了 你怎么玩赖呢
受尽重重磨难才来到此地与我汇合的,不经历风雨怎么见彩虹呢
不经历风雨怎么见彩虹呢,再说了咱们俩什么交情对不对
咱们俩什么交情,曾经沧海难为水
曾经沧海难为水,今朝有酒今朝醉
今朝有酒今朝醉,铁哥们
还拽诗呢都背串行了,哎 小北 来来来给点东西点东西
哎 小北 来来来给点东西点东西,一定给我点最贵的
一定给我点最贵的,千万不要给我省钱
千万不要给我省钱,哥们现在穷得就剩下钱了
好,开玩笑的开玩笑的
开玩笑的开玩笑的,对了
对了,有个事跟你说
有个事跟你说,我今天晚上喝不了酒
我今天晚上喝不了酒,晚上我得给孩子辅导功课去
晚上我得给孩子辅导功课去,你要想喝呢 你就自己点点不用管我啊
你要想喝呢 你就自己点点不用管我啊,你有劲没劲
刚才谁说的今朝有酒今朝醉,不是
不是,所以我主要是答应孩子了嘛
所以我主要是答应孩子了嘛,你是做家长的
你是做家长的,你说家长不能出尔反尔吧
你还记得我25岁生日那天晚上吗,这都50年以前的事了
这都50年以前的事了,我记得记得那时候买了一束鲜花
我记得记得那时候买了一束鲜花,然后我 现在上岁数了
然后我 现在上岁数了,这脑容量小了
这脑容量小了,要不你帮我提醒一下
还不忘笑嘻嘻的把镶钻的小王冠带到我头上,小北 这都是过去的事了
小北 这都是过去的事了,咱聊点新鲜的
咱聊点新鲜的,咱聊赛车
咱聊赛车,我跟你说最近我想弄
你就那么着急走吗,不着急
我给他打电话,嫂子有嫂子的事
嫂子有嫂子的事,让嫂子忙去吧
一决雌雄,小北啊觉得你喝多了 我们就不喝了好不好
小北啊觉得你喝多了 我们就不喝了好不好,我没喝多我清醒着
我没喝多我清醒着,清醒着
清醒着,你告诉我银行卡的密码是多少呢
我就把我所有的卡都给你,我觉得这个时间不早了
我觉得这个时间不早了,要不咱们就到此为止
孙强,哎 在呢
孙强,哎  在呢 在呢
我分分钟,肯定的
后面能排成排了,都不止 都不止
我找不着了,慢慢找
找不着了,小北
你给我带小王冠好不好,好
好,好
好,我带你去楼上看星星
你再给我买一个吧,买一个 给你买一个
再喝就出事了,大哥
大哥,你是我大哥我服了
你是我大哥我服了,平时跟我瞒得挺紧的
平时跟我瞒得挺紧的,没想到你小子下手够快的
没想到你小子下手够快的,怎么样
怎么样,哟哟哟哟 诶哟 够嫩的欸
哟哟哟哟 诶哟 够嫩的欸,啊 走了
啊 走了,我给你叫回去
我给你叫回去,可以啊 可以啊 大哥 人才啊
可以啊 可以啊 大哥 人才啊,不错
不错,很有潜力
很有潜力,怎么了享受呢
几点了,8:30
8:30,有培养前途
好再见,怎么样
怎么样,最近好吗
不错,珊珊好吗
挺好,孙强昨天好吗
你好他就好,豆豆最近好吗
豆豆最近好吗,不是生病了
不是生病了,什么病 严重吗
发烧 不严重,那就好
那就好,那就好
我先上去差不多,这么着急走找孙强去
这么着急走找孙强去,刚好我们公司今天晚上有一个家庭主题的party
刚好我们公司今天晚上有一个家庭主题的party,我都懒得叫他去
我都懒得叫他去,天天就知道跟你们在一块鬼混
回头我帮你告诉他,哎 不吃了
吃饱了,汽车杂志
这份杂志论专业性发行量和影响力都是很厉害的,当然我知道我就是这本杂志的忠实粉丝
好好准备啊,放心
放心,有上次电台的打底
有上次电台的打底,我现在自信多了
我现在自信多了,小北 仗义啊 一会想吃什么敞开了点
你老婆是不是特别没有安全感,也还好吧
也还好吧,现在岁数大也不像当年这么有魅力了
现在岁数大也不像当年这么有魅力了,不过也很难说我运气好
不过也很难说我运气好,正好赶上大叔吃香的年代
正好赶上大叔吃香的年代,我告诉你
我告诉你,我们前台的小姑娘特爱跟我谈星座谈
哎哎哎,发烧
谁呀,我一哥们他发错了
我一哥们他发错了,老公你在哪呢
老公你在哪呢,我还能在哪
我还能在哪,跟客户吃饭了吗
跟客户吃饭了吗,我刚才碰到崔朕了问了一下豆豆的病情
我刚才碰到崔朕了问了一下豆豆的病情,他跟我说豆豆闹肚子了
他跟我说豆豆闹肚子了,养两天就好了
养两天就好了,不对吧
不对吧,这个豆豆不是发烧吗
这个豆豆不是发烧吗,怎么今儿拉肚子了
怎么今儿拉肚子了,是吗
是吗,我可能听错了
我可能听错了,哎 老婆你放心
哎 老婆你放心,昨天晚上我跟崔朕忙活
昨天晚上我跟崔朕忙活,一晚上轮流值班
一晚上轮流值班,今儿早上你这个豆豆已经退烧了
今儿早上你这个豆豆已经退烧了,行了没事了
行了没事了,你先忙吧
你先忙吧,嗯好嘞
嗯好嘞,等等 你晚上
等等 你晚上,晚上不行 晚上我和崔朕有约了
晚上不行 晚上我和崔朕有约了,我有事拜拜
谁呀,一哥们
把你紧张成这样,她敢
怎么了,就是那个赛场于哥
就是那个赛场于哥,他说今天赛车比赛的种子选手全来让我去试试
哎你不吃饭了 ,来不及了
来不及了,吃饭肯定晚了
吃饭肯定晚了,小北这次算我请不这次不算我请下次算我请
小北这次算我请不这次不算我请下次算我请,就这么着
就这么着,大楠
大楠,我看你今天好像有什么心事
对不住,瞧你说
给我买两盒巧克力最好是瑞士,你不是不爱吃巧克力吗
我同学爱吃,就那两个小朋友
我应该对他们好,不
不,儿子 你这几个意思
让他们答应做我朋友,爸爸认认真真的告诉你
爸爸认认真真的告诉你,你交朋友也好
你交朋友也好,你认死党也好
你认死党也好,必须用真心对人家
必须用真心对人家,真心对人家好才行
真心对人家好才行,靠别的什么都长久不了
靠别的什么都长久不了,懂不懂
可惜我身边没有朋友,谁说的
谁说的,你看爸爸和崔叔叔 大楠叔叔
你看爸爸和崔叔叔 大楠叔叔,我们已经10好几年的好朋友了
我们已经10好几年的好朋友了,可是我们什么时候靠过别的
可是我们什么时候靠过别的,还得用真心对人家 懂吗
还得用真心对人家 懂吗,就因为爸爸讲义气
就因为爸爸讲义气,他们心甘情愿的做爸爸的朋友
是吗,当然了
当然了,上课了去吧
那就要问问了,以后再说
以后再说,乖 听话 记住爸爸的话啊
怎么样了,好了
这么快,其实没什么大问题
其实没什么大问题,主要是风扇太脏了
主要是风扇太脏了,上面都是灰
上面都是灰,灰尘产生的静电导致了你的电脑短路
灰尘产生的静电导致了你的电脑短路,我都给你清干净以后使用的时候注意点
多少钱,一共是200
一共是200,在这儿签个字就行了
你喝点水,谢谢
谢谢,这是我家乡的茶叶
能不能再送我点别的服务,姐
姐,我可是只卖艺不卖身
看看还有没有别的问题,中年妇女就是麻烦
你说什么,我说顾客就是上帝
你说话声音大一点,这样我给你优化一下系统
这样我给你优化一下系统,顺便看看有没有病毒 给你查查一下
这病毒我自己会查杀吗,我哪知道你自己会不会
那你教教我,其实特别简单
其实特别简单,你看电脑自带的软件就可以
你看电脑自带的软件就可以,在这点一下就行了
在这点一下就行了,就这儿 你来点吧
点这个是吧,你这里面还真有病毒
你这里面还真有病毒,我说姐 没想到你还好
我说姐 没想到你还好,这类网站病毒特别多
这类网站病毒特别多,你以后尽量少上
你以后尽量少上,我要不先这把你删了
这怎么开不了机了,我帮你把电池给拆下来
我现在就要开机,现在不能开机里边都是水
现在不能开机里边都是水,一通电它主板就烧坏了
你一定要给我把它修好了,你别急 你这样
你别急 你这样,你让他先晾着
你让他先晾着,我明天来还给你修好
我今天一定要开机,你得等这水都干了才能开机
你得等这水都干了才能开机,至少得4个小时
至少得4个小时,我今天还有别的活
你要再加多少钱我再给你加钱,什么叫我包给你
什么叫我包给你,你这说话说的也太难听了
你是多少号,7
你叫什么名字,鲍家明
我就投诉你,你凭什么投诉我
你凭什么投诉我,这水是你洒的
这水是你洒的,又不是我撒的
我想泼也泼不上去的,你能不能讲理
女人需要讲道理吗,你干嘛去
妈你找我,改天换个人来修
不用了 快了,来
来,明天你就照这个方子去拿药
这怎么又换了,你不是嫌那味药苦吗
你不是嫌那味药苦吗,我晨练以后又去找了张大夫
我晨练以后又去找了张大夫,让他给你重新配了一帖
让他给你重新配了一帖,他说这药好不苦
他说这药好不苦,味小
味小,要辛苦你
要辛苦你,又是三个月的疗程
如果喝完疗程还是怀不上呢,你不要泄气
你不要泄气,要对自己有信心
要对自己有信心,你想想
你想想,我们这个家要是能有个孩子
我们这个家要是能有个孩子,那一切就更美好
那一切就更美好,没有遗憾了
没有遗憾了,耐着点儿性子
耐着点儿性子,不着急
什么我都喝,姐
姐,我先走了
那我还要给你加多少钱,不用钱
谢谢你,不客气
不客气,姐 我给你一张我的名片
姐 我给你一张我的名片,上面有我的电话号码和联系方式
上面有我的电话号码和联系方式,如果以后你的电脑又出现了什么问题
如果以后你的电脑又出现了什么问题,你可以打电话给我
你可以打电话给我,不通过公司的话
不通过公司的话,我可以给你打一个对折
我可以给你打一个对折,对折 其实有病毒也没什么了不起的
对折 其实有病毒也没什么了不起的,删了它就好了嘛
删了它就好了嘛,是吧
是吧,我走了
你也是我的 我随便糟践,你要出去
妈我去给光耀送个饭,你今天怎么想到给他送饭了
我去他单位看看他,他平常在公司不吃的好好的
他平常在公司不吃的好好的,你没事给他送饭
你没事给他送饭,不怕人家笑话
不怕人家笑话,你到底是去送饭的
你到底是去送饭的,还是去查岗的
一会你自己先吃,你们俩没事
没什么事 我先去了,我看八成有事
都还好吗,你是在问我还是问公司还是问你们家老刘
你说呢,公司蒸蒸日上
公司蒸蒸日上,没看出来你倒蛮旺夫的 我告诉你
没看出来你倒蛮旺夫的 我告诉你,我最近发现你们家老刘常常不在公司里吃饭的
他在哪,我怎么知道的
他是不是有别的女人了,这个可不好乱猜的
这个可不好乱猜的,你是不是发现什么了
通常这种事情最后一个知道的才是他的老婆,好了
好了,你有功夫在这里瞎猜
你有功夫在这里瞎猜,你还不如赶紧去看看金医生
你还不如赶紧去看看金医生,我跟你说我妈妈说了金医生主治不孕不育是全市的第一块牌子
我跟你说我妈妈说了金医生主治不孕不育是全市的第一块牌子,外号叫什么
外号叫什么,金圣手
金圣手,你说说你都结婚7年了
你说说你都结婚7年了,你再不开花结果你可
认识吗,蓝馨 公司三个月前新聘的设计师
可公司以前的设计师不都是男的吗,那是以前了
那是以前了,这蓝馨32岁单身
这蓝馨32岁单身,话说这个年纪的女人应该是很恨嫁的
话说这个年纪的女人应该是很恨嫁的,你知道吗
你知道吗,女人一过了30岁
女人一过了30岁,那行情就大跌了
那行情就大跌了,这照片哪里来的
说是病毒,这就是病毒
这就是病毒,没想到狐狸精真的去勾引你老公小强
没想到狐狸精真的去勾引你老公小强,我告诉你这种病毒必须要立即杀绝
我告诉你这种病毒必须要立即杀绝,这种办公室恋情火是包不住纸的
这种办公室恋情火是包不住纸的,不对
不对,纸是包不住火的
纸是包不住火的,总归会露出来一点的
总归会露出来一点的,但是单凭这张照片
但是单凭这张照片,你们家老刘绝对不会承认自己出轨的
你们家老刘绝对不会承认自己出轨的,天下男人的绝杀秘籍就是打死都不招
天下男人的绝杀秘籍就是打死都不招,除非你捉奸在床
我真的不知道我以后该怎么办,我知道的
我知道的,对你来说家比天大
对你来说家比天大,可是这种事情你也不能不管的
不惜一切,对的
对的,不惜一切
不惜一切,别哭了
你家是不是有房间要出租,是
是,我刚才就在下面贴广告
我刚才就在下面贴广告,在电梯里我被你一吓
在电梯里我被你一吓,我那些什么浆糊 刷子
我那些什么浆糊 刷子,我全落在电梯里了
我要租你的房子,你给谁租啊
你住那么大一个别墅,你租我这个小破屋干嘛
我放东西,要放什么
要放什么,我遵纪守法
我遵纪守法,违纪物品可不行
所以我着急要找一个房子把我的货先囤起来,原来你们家是做服装生意的
我也是一个遵纪守法的公民,化成这样
化成这样,我也看不出来谁是谁
我也看不出来谁是谁,你们家做男装还是女装
做女装的,你身上那衣服是你们家的吗
这些都是,原来你今天是去走秀了
原来你今天是去走秀了,你这妆不错还挺前卫的
你这妆不错还挺前卫的,是我女朋友 长得挺漂亮的
是我女朋友 长得挺漂亮的,身材也特好
身材也特好,他要穿你们家衣服应该挺好看
他要穿你们家衣服应该挺好看,以后你们家要是有什么新款能送她两套吗
以后你们家要是有什么新款能送她两套吗,给个出厂价也行
我在客房睡,他不承认
他不承认,他不承认你这么放过他了
他不承认你这么放过他了,你明明看他的衬衫还挂在狐狸精家的阳台上
你明明看他的衬衫还挂在狐狸精家的阳台上,你为什么不说
而不是狗急跳墙吧,但愿他能知道你这番苦心
但愿他能知道你这番苦心,我告诉你这个男人 算了 我不说了
我告诉你这个男人 算了 我不说了,反正你也不会离婚
谁结婚是为了离婚,你以后就睁一只眼闭一只眼算了
改了继续过日子,他认错了吗
他认错了吗,他能改吗
日子还是要过的,他又不是你 他怎么知道你这么宽容这么大度
他又不是你 他怎么知道你这么宽容这么大度,他肯定想一旦要是承认了
他肯定想一旦要是承认了,你肯定就是一哭二闹三上吊
你肯定就是一哭二闹三上吊,要是跟他离婚的话
要是跟他离婚的话,再分走他一大笔钞票
再分走他一大笔钞票,他怎么办
来了,你好
找谁呀,我是住在你对面的邻居
我是住在你对面的邻居,我女朋友是空姐
我女朋友是空姐,她飞了一晚上
她飞了一晚上,现在在睡觉
现在在睡觉,你能不能把你音响调小声一点
我问你能让地球转快点吗,有病吧
有病吧,于小姐
于小姐,请你赶紧过来一趟
请你赶紧过来一趟,你赶紧过来一趟
你赶紧过来一趟,房子我不想租给你
房子我不想租给你,你怎么能骗我呢
你怎么能骗我呢,请你赶紧过来
请你赶紧过来,这房间我不租给你了
怎么了,你利用我
利用你什么了,你说这个房间你租来是用来当仓库放服装的
你说这个房间你租来是用来当仓库放服装的,你骗我
你骗我,你家那些破事跟我有什么关系
你家那些破事跟我有什么关系,你要盯梢要监视
你要盯梢要监视,别在我这
你是不是看见我丈夫跟那个比基尼的女人了,我说这房间我不租给你了
我说这房间我不租给你了,钱我还给你
钱我还给你,你可以走了
你是不是看见我丈夫跟那个比基尼的女人了,你走不走
你就是看见他们了,我就是看见了怎么了
我就是看见了怎么了,这是8楼
这是8楼,别跳 有话好好说
你小点声,你要干嘛
你要干嘛,下来
下来,你到底要干什么
你要帮我从这跳过去,我可帮不了你
我可帮不了你,这是违法的
你必须得帮我,我不帮你
我就从你家跳下去,你这是威胁我
我就在威胁你,你怎么可以威胁我
我威胁你了怎么样,这简直不可理喻
这简直不可理喻,可以了你过来
谁让你自己过去的,怎么办
你先转到这来,走了
不是你的吧,是我的又怎么样
你少管闲事,我还就是一个特有正义感的人
我还就是一个特有正义感的人,本来我对这件事情可以没有立场
本来我对这件事情可以没有立场,可谁让我正好看见你跟老刘鬼鬼祟祟的
可谁让我正好看见你跟老刘鬼鬼祟祟的,谁让我在修电脑的时候
谁让我在修电脑的时候,正好看你们在那照片上搂搂抱抱的
正好看你们在那照片上搂搂抱抱的,所以我非帮那大姐不可
我就只能跟你离婚,你还坐着 你赶紧把他追回来
你还坐着 你赶紧把他追回来,你跟他道个歉不就结了吗
妈  我的事您别管,我能不管吗
我能不管吗,本来就是你错
本来就是你错,更何况110是蓝馨打的
更何况110是蓝馨打的,又不是小强打的
谁爱打谁打 这日子我过不下去了,我的天 好好的一个家怎么能说散就散了呢
你不能这么无法无天,话不能那么说
话不能那么说,你去把他追回来
离婚 这岁数我看你敢离,我的天
我的天,你胡说
你胡说,说什么你是
说什么你是,你在干什么
你在干什么,在我的记忆里
在我的记忆里,小强从来没有离家出走过
小强从来没有离家出走过,你刚刚的话
你刚刚的话,任何一个女人都受不了
任何一个女人都受不了,别说是你错在先的
别说是你错在先的,小强就算再不对
小强就算再不对,你也不能跟他提离婚的
没想到他就真走了,妈是不希望看见你这个家散了
妈是不希望看见你这个家散了,儿子
儿子,话是伤人的剑哪
话是伤人的剑哪,有些话
有些话,即便是夫妻说出了口也很难收回
我确实不应该提离婚这两个字,你干嘛
放我下来放我下来,你放手
你放手,放手
放手,什么情况你干嘛
我不干嘛,我带你回家
妈,拎个箱子你要到哪去
我回崇明去看看我爸,怎么突然间想到要回娘家
怎么突然间想到要回娘家,你这个节骨眼回娘家不等于是去跟你爸爸告状吗
你这个节骨眼回娘家不等于是去跟你爸爸告状吗,小两口吵架把大人牵扯进来
小两口吵架把大人牵扯进来,这不越闹越僵吗
你说呢 妈,小强你叫我怎么说你
小强你叫我怎么说你,你还真是一根筋
你还真是一根筋,好吧
好吧,就算你回去不是跟你爸爸告状的
就算你回去不是跟你爸爸告状的,可是你这一出去不摆明了跟光耀两个闹分居吗
可是你这一出去不摆明了跟光耀两个闹分居吗,这一步一跨出去
这一步一跨出去,那性质就变了
那性质就变了,你真不打算跟光耀过下去了
对我们俩以后都有好处,你真的说走就走了
附近刚开一家法国餐厅挺好的,不了
不了,我减肥
希望你喜欢,我不能要
为什么,我有男朋友
我有男朋友,所有不能收你这么贵重的礼物
你的乱炖糊了,回来了
回来了,刚关吧
刚关吧,你就不能干点正事
你就不能干点正事,你玩就玩
你玩就玩,装什么 还拿本女人杂志看
装什么 还拿本女人杂志看,笑什么
笑什么,你先坐 来
你先坐 来,你怎么回来跟火药桶似的
你怎么回来跟火药桶似的,我有好事跟你说
我有好事跟你说,什么好事
什么好事,惊喜连连
惊喜连连,我在超市买东西中了三等奖
我在超市买东西中了三等奖,28块钱的自助火锅加免费畅饮
28块钱的自助火锅加免费畅饮,我不吃火锅
我不吃火锅,吃了满身火锅味
吃了满身火锅味,他们家火锅可好吃了
他们家火锅可好吃了,天天都有人排队
天天都有人排队,你是觉得人好吃
你是觉得人好吃,还是觉得人便宜
还是觉得人便宜,又好吃又便宜
又好吃又便宜,我刚刚落地推了人家的法国大餐
我刚刚落地推了人家的法国大餐,就给你去吃28块钱小火锅
就给你去吃28块钱小火锅,谁请你吃法国大餐
谁请你吃法国大餐,你管
你管,关键是跟谁吃你知道吗
关键是跟谁吃你知道吗,管它法国大餐还是什么大餐
管它法国大餐还是什么大餐,这火锅是咱们俩吃
这火锅是咱们俩吃,还有第二惊喜
还有第二惊喜,项链好漂亮
项链好漂亮,多少钱 很贵吧
多少钱 很贵吧,怎么着也得800块
怎么着也得800块,800 再猜
800 再猜,2000多
2000多,怎么可能
怎么可能,你不会花了5000块钱给我买个项链
你不会花了5000块钱给我买个项链,88 我在京东上买的打折划算
88 我在京东上买的打折划算,家明
家明,我们俩好好聊一聊
我们俩好好聊一聊,你看我们俩私奔出来
你看我们俩私奔出来,我跟着你东跑西颠的
我跟着你东跑西颠的,连个固定的窝都没有
连个固定的窝都没有,天天不是吃盒饭
天天不是吃盒饭,就是吃泡面
就是吃泡面,好不容易上趟馆子
好不容易上趟馆子,人均不超过100块
人均不超过100块,人家天天都背着爱马仕
人家天天都背着爱马仕,我天天拎着个二手包
我天天拎着个二手包,看得下去吗
看得下去吗,我发誓我今年一定给你买一个名牌包包
我发誓我今年一定给你买一个名牌包包,你都说了多少年了
你都说了多少年了,我做空姐都几年了
我做空姐都几年了,你还在原地踏步
你还在原地踏步,白天修修电脑
白天修修电脑,晚上打打游戏
晚上打打游戏,你要这么过一辈子
你要这么过一辈子,我好饿
我好饿,你赶紧换衣服
你赶紧换衣服,我们吃饭去
我们吃饭去,我知道你想创业的 就是没钱
我知道你想创业的 就是没钱,家里不是有钱吗
家里不是有钱吗,你跟家里和解
你跟家里和解,你想要多少他们就给你多少
你想要多少他们就给你多少,你刚才也说了
你刚才也说了,咱们俩是私奔出来的
咱们俩是私奔出来的,我怎么可能开口跟家里要钱
我怎么可能开口跟家里要钱,男子汉就能伸能屈
男子汉就能伸能屈,你现在去跟他们道个歉
你现在去跟他们道个歉,什么就都过去了
什么就都过去了,我们也能过得比现在好
我们也能过得比现在好,对不对
对不对,嘟嘟 我是肯定不会开口跟家里要钱的
嘟嘟 我是肯定不会开口跟家里要钱的,你要对我有信心
你要对我有信心,我现在这叫怀才不遇
我现在这叫怀才不遇,将来肯定有一天我会让你过上丰衣足食的好日子
将来肯定有一天我会让你过上丰衣足食的好日子,那一天是哪一天
那一天是哪一天,不久的将来的某一天
不久的将来的某一天,你快点换衣服
你快点换衣服,我饿死了
我饿死了,我要睡觉
永远都抹不掉,明天就去崇明把他接回来
明天就去崇明把他接回来,这事是你理亏
这事是你理亏,我还不知道怎么面对他爸爸
我还没跟他算账,不就在方芳家住了一夜
不就在方芳家住了一夜,这一点性子你不让他使
怕您着急,他跑哪去了
我哪知道,接下来怎么办
不知道,小强就是心直口快一根筋的人
小强就是心直口快一根筋的人,我看你们没什么大问题
不如趁着没孩子一了百了,傻儿子
傻儿子,你现在提离婚
你现在提离婚,你是过错方
你是过错方,这要告上法庭
这要告上法庭,这些年以来你辛辛苦苦赚的钱就都得给他了
这些年以来你辛辛苦苦赚的钱就都得给他了,就算要提离婚
就算要提离婚,你不能提 要提
你不能提 要提,让他提
天哪 芳芳这么快就搞到了,我跟你讲这4s店的老板是我的死党
我跟你讲这4s店的老板是我的死党,他帮我搞到了一辆内部试驾车 带牌照的
他帮我搞到了一辆内部试驾车 带牌照的,晚一天都没有了
晚一天都没有了,不对 准确的说是晚一个小时都没有了
说买就买,是谁在电话里跟我讲
是谁在电话里跟我讲,觉得自己不够孝顺
觉得自己不够孝顺,心里很内疚
心里很内疚,现在机会来了
现在机会来了,你还在这里思考来思考去的
你还在这里思考来思考去的,我跟你讲机不可失失不再来
我先看看车 车在哪,别急
别急,他都已经看到你勒 怎么样 灵吧
他都已经看到你勒 怎么样 灵吧,我跟你说小强这辆车只给人家试驾了几次
我跟你说小强这辆车只给人家试驾了几次,现在带牌照卖只要20万
现在带牌照卖只要20万,你要是再犹豫被人家抢走了
你要是再犹豫被人家抢走了,到时候你肠子都会悔青的
跟我出去看看,来 坐
来 坐,你爸爸都跟你说些什么了
他让我回来跟光耀好好过日子,他给你出主意了
出什么主意,在跟光耀离婚之前
在跟光耀离婚之前,能怎么样狠狠的砍刘光耀一刀
我完全听不懂你在说什么,别跟我装傻了
别跟我装傻了,大手笔
大手笔,一刷就是20万
一刷就是20万,你对得起光耀吗
他答应了以后我才买的,好名正言顺的转移财产
转移什么财产,别装了
别装了,结婚7年
结婚7年,我看你平常一副勤俭持家的样子
我看你平常一副勤俭持家的样子,今天一出手就是20万
今天一出手就是20万,这不像你 你爸爸给你出的主意
这不像你 你爸爸给你出的主意,行 表面上说要冷静冷静
行 表面上说要冷静冷静,实际上就已经开始了转移财产的动作
实际上就已经开始了转移财产的动作,也是 小地方的人看重钱
也是 小地方的人看重钱,以前穷怕了
以前穷怕了,现在不会放过任何一个捞钱的机会
你怎么能说这样的话,我今天就是要为我儿子出一口气
怎么了,小强又离家出走了
小强又离家出走了,你说这怎么好
走就走,也怪我把话说重了
也怪我把话说重了,我这一生气我就跟他说
我这一生气我就跟他说,你是不是跟你爸爸两个人联手想转移我们家财产呢
你是不是跟你爸爸两个人联手想转移我们家财产呢,这话一说完了
这话一说完了,他人拽起来了
他人拽起来了,他说走就走了
我觉得他就是心虚了,可能我嗓门大了点
可能我嗓门大了点,把他给吓到了
把他给吓到了,可也不能动不动就拿离家出走来吓唬我
可也不能动不动就拿离家出走来吓唬我,是不是
是不是,临出门还撂了句话
临出门还撂了句话,说是要净身出户
她能干嘛去,可也不能放着他不管
可也不能放着他不管,毕竟他还是你的老婆
毕竟他还是你的老婆,我的儿媳妇
我的儿媳妇,我到现在都后悔了
我到现在都后悔了,我怎么会说出那些话来
你动不动就出走这像话吗,话不是这样说的
话不是这样说的,光耀你去找找他
不去,可是万一他要是出了事
可是万一他要是出了事,我们还是要负责任的
那咱们离,你真想跟他离
你真想跟他离,跟他离
跟他离,这个世界谁离开谁不能活了
毕竟在一起过了7年,你现在那位极品婆婆都已经说了
你现在那位极品婆婆都已经说了,你为了离婚跟你爸串通起来来骗他们家的财产
你为了离婚跟你爸串通起来来骗他们家的财产,这样的话都说出来了
这样的话都说出来了,那种家你怎么回得去
他们还这样说我我真的受不了了,好了亲你别哭了
好了亲你别哭了,来
我要把钱还给他们家,要不这样你先住到我那里去
要不这样你先住到我那里去,车的事情你也先不用着急
车的事情你也先不用着急,等我找到下家很快就能出手的
我只想要一点尊严,工作的事情不着急
工作的事情不着急,现在最重要的是你住到哪里去
现在最重要的是你住到哪里去,你怎么来了
我可以进来吗,你进来
你在做饭,就做个蛋炒饭
就做个蛋炒饭,我都饿了一天了
那天没有让我流落街头,谢什么呀
谢什么呀,你说你女的大晚上喝了这么多酒
你说你女的大晚上喝了这么多酒,万一出了什么事怎么办是吧
万一出了什么事怎么办是吧,就算咱们不是朋友也是熟人
就算咱们不是朋友也是熟人,就当我见义勇为了
就当我见义勇为了,你是跟我来拿房租的
你是跟我来拿房租的,我都准备好了
我都准备好了,一会我就拿给你
一会我就拿给你,那天晚上我给你打电话
那天晚上我给你打电话,就是想把房租退给你
蛋炒饭是这样炒的,这是日本做法
这是日本做法,对了
对了,对面那个女的她已经搬走了
真的,他做贼心虚 活该
他做贼心虚 活该,你知道他那天从派出所出来怎么说的吗
你知道他那天从派出所出来怎么说的吗,他说捉奸这个事儿到底是谁指使的
你怎么说的,我说那是上天的旨意
我说那是上天的旨意,谁让我正巧那天撞上你们家的那些龌龊的事
谁让我正巧那天撞上你们家的那些龌龊的事,所以我就变成了正义的化身
变成正义的化身来帮助我,这就叫物以类聚
这就叫物以类聚,人以群分
人以群分,咱俩都是好人 好人帮好人
咱俩都是好人 好人帮好人,那是天经地义的
那是天经地义的,对吧
你能不能再拔刀相助我一次,行
行,你说什么事
我要继续租这个房间,不是那女的她都搬走了
不是那女的她都搬走了,你住在这还有什么用
我自己住我现在没地方住了,那可不行
那可不行,你这一女的住我这特不方便
你这一女的住我这特不方便,再说了这么大的事
再说了这么大的事,我还没跟我女朋友商量
我还没跟我女朋友商量,我一点准备都没有
咱俩再慢慢商量,你不能强买强卖啊呀
我一次,又不是卖刀的
又不是卖刀的,我哪有那么多刀拔
流浪街头,咱俩非亲非故的 这关系也不至于到这样
咱俩非亲非故的 这关系也不至于到这样,大姐
你叫我大姐,你怎么不开辆道奇战斧
为什么每次让我送到这,因为你不是我男朋友
我下次还会给你惊喜,什么内衣内裤
什么内衣内裤,谁走光了
谁走光了,鲍家明
鲍家明,我不在这几天
我不在这几天,你连女人都找了
你连女人都找了,没有 是这样
没有 是这样,你怎么突然就回来
你怎么突然就回来,是这样的
是这样的,我给你找了一个住家的保姆
我给你找了一个住家的保姆,住家保姆
住家保姆,你的意思是说保姆要睡在这个房间
你的意思是说保姆要睡在这个房间,不是已经租给人家放服装了吗
不是已经租给人家放服装了吗,那个人他现在不放服装了
那个人他现在不放服装了,他想住在这
他想住在这,你搞什么鬼鲍家明
你搞什么鬼鲍家明,那个人家里出点事情
那个人家里出点事情,他现在搬出来了
他现在搬出来了,一时找不到地方住
一时找不到地方住,就想暂时在这住一段时间
就想暂时在这住一段时间,而且还给我们免费做保姆
而且还给我们免费做保姆,你是说保姆睡在这 还给我们免费做保姆
你是说保姆睡在这 还给我们免费做保姆,你不是老嫌在家里没有热菜热饭吃吗
你不是老嫌在家里没有热菜热饭吃吗,又说我衣服也洗不干净
又说我衣服也洗不干净,他是年轻漂亮的小姑娘
他是年轻漂亮的小姑娘,不是
不是,他就是个大姐
他就是个大姐,大姐确定
大姐确定,大婶
大婶,你怎么了
你怎么了,有穿那么好看的保姆吗
有穿那么好看的保姆吗,有找那么年轻的大婶吗
有找那么年轻的大婶吗,你不要被他的表象所蒙蔽了
你不要被他的表象所蒙蔽了,人家家里以前是做服装生意的
人家家里以前是做服装生意的,现在落魄了
现在落魄了,留几件好看一点的衣服也是很正常的
留几件好看一点的衣服也是很正常的,再说了
再说了,他穿的再好
他穿的再好,在咱们家就是个保姆
在咱们家就是个保姆,在我眼里他就是个大婶
在我眼里他就是个大婶,你不会是吃醋了吧
你不会是吃醋了吧,我犯得着要跟他吃醋吗
我犯得着要跟他吃醋吗,立马让他走人
立马让他走人,你不让他走
你不让他走,我还让他走
我还让他走,你生什么气 饿了吧 赶紧收拾收拾咱们一会吃饭去
你生什么气 饿了吧 赶紧收拾收拾咱们一会吃饭去,什么味那么香
什么味那么香,早饭做好了啊
早饭做好了啊,谢了啊于小强
谢了啊于小强,人家一大早就出去买菜了
人家一大早就出去买菜了,是吗
是吗,他房间弄的还挺干净的
他房间弄的还挺干净的,这下我省心了
这下我省心了,比店里做的好吃 又稠又糯的
比店里做的好吃 又稠又糯的,他叫什么小强
他叫什么小强,他姓于
他姓于,叫于小强
叫于小强,蟑螂
蟑螂,对
家明 上班啊,你怎么起这么早
我买菜,昨晚睡得好吧
睡得特别好,我们家嘟嘟脾气不太好
我们家嘟嘟脾气不太好,你多担待
叫我干什么我就干什么,那可不行
那可不行,你要把他宠坏了
你要把他宠坏了,我以后怎么管他
我以后怎么管他,对 上次咱们去捉奸的事
对 上次咱们去捉奸的事,你千万别告诉他
你千万别告诉他,他会骂死我的
他平时最喜欢什么,惊喜
惊喜,天天都要我给他惊喜
天天都要我给他惊喜,烦都烦死了
烦都烦死了,上班去了
上班去了,姐你煮的粥一级棒
姐你煮的粥一级棒,于小强
于小强,你过来帮我一下呗
你过来帮我一下呗,我好像长胖了
我好像长胖了,拉不上了
手有点出汗,我怎么觉得这么紧
我怎么觉得这么紧,喘不过气儿了
你这拉链快崩开了,怎么办
你看这样行吗,你会吗
会,你现在就给我弄好不好
你脱了,于小强
于小强,你慢点拆
你慢点拆,那可是香奈尔
这真的香奈儿,当然了
我一定仔仔细细给你缝,你针线包也挺与众不同
这是我爸妈的定情之物,难怪这么特别
但现在看起来还是挺时髦的,我听家明说
我听家明说,你是离家出走的
我找到房子就立刻搬走,没事
没事,家明都跟我说了
家明都跟我说了,其实你家境挺好的
其实你家境挺好的,现在还给我们做保姆肯定有什么难言之隐
现在还给我们做保姆肯定有什么难言之隐,你就住着
你就住着,反正那房子空着
现在像他这么好的男朋友也不多了,好什么好 要没什么没什么 又没有上进心
好什么好 要没什么没什么 又没有上进心,就算我作死他了
就算我作死他了,也没什么变化
你怎么作他,我也离家出走
我也离家出走,只要他一惹我生气
只要他一惹我生气,我拎着包就跑出去
我拎着包就跑出去,然后到附近找个电影院看场电影怎么说也得俩小时
然后到附近找个电影院看场电影怎么说也得俩小时,他找不着我急死了
他找不着我急死了,等我回来说什么是什么
如果他不找你了呢,我倒不怕这个
我倒不怕这个,我怕我不想再作他了
可他什么业务也不会,我不管
我不管,这件事情你帮也得帮
这件事情你帮也得帮,不帮也得帮
领导不可能招一个什么都不会的人来干吧,我晓得的
我晓得的,可是小强现在被他婆婆赶出来了
可是小强现在被他婆婆赶出来了,你说怎么办
怎么回事,我告诉你
我告诉你,刘光耀出轨了
真的,小强气不过就去捉奸
小强气不过就去捉奸,反而刘光耀提出离婚了
反而刘光耀提出离婚了,小强心情不好就跑到崇明去看于伯伯
小强心情不好就跑到崇明去看于伯伯,结果回来就刷卡给于伯伯买了辆车子
结果回来就刷卡给于伯伯买了辆车子,这件事情被他婆婆知道了
这件事情被他婆婆知道了,他婆婆就骂小强和他爸爸串通起来图谋他们家的财产
他婆婆就骂小强和他爸爸串通起来图谋他们家的财产,真是谎言照耀现实
真是谎言照耀现实,你说现在小强没有家又没有工作
你说现在小强没有家又没有工作,他总要生活的
他也打算离婚,当然了这换做是我也会离婚的
当然了这换做是我也会离婚的,刘光耀他就不是个东西
刘光耀他就不是个东西,对了 妈
对了 妈,这件事情你不要告诉于伯伯
这件事情你不要告诉于伯伯,小强怕他受不了
你让小强明天来找我,真的
真的,小强
小强,你的名字叫于小强
你的名字叫于小强,太要强了
太要强了,凡事不一根筋行不
凡事不一根筋行不,凡事不要这么较真好不好
凡事不要这么较真好不好,还真就不回家了
那个时候我们就两清了,你就作吧 你说你跟一个长辈跟个老太婆
你就作吧 你说你跟一个长辈跟个老太婆,你有什么好斤斤计较
我是一个把钱看得很重的人吗,你现在住哪
我之前租的公寓的房子,你还跟电脑师傅混在一块
你还跟电脑师傅混在一块,那个跟你抓奸的男孩
怎么了,怎么了
怎么了,你是有夫之妇
你是有夫之妇,你就这么跟个男孩在一块
你就这么跟个男孩在一块,你像话吗
我们俩清清白白的,可人言可畏
可人言可畏,于小强
于小强,你说我们婆媳7年
你说我们婆媳7年,可有的时候看一个人
可有的时候看一个人,还真是一分钟就见底了
还真是一分钟就见底了,你放着好好的家不住跑去跟别的男人混在一块
你放着好好的家不住跑去跟别的男人混在一块,你就不怕传出去之后丢了我们刘家的脸
你就不怕传出去之后丢了我们刘家的脸,你就不怕别人在后面指指点点
你就不怕别人在后面指指点点,说你给我们家光耀戴绿帽子
你还把我想的那么脏,是我想的脏
是我想的脏,还是你做的脏
还是你做的脏,你就这么跟个男人在一块
你就这么跟个男人在一块,你要不要脸
好不好,好
好,很好
很好,于小强
于小强,我今天本来还想好好跟你谈一谈劝一劝你
我今天本来还想好好跟你谈一谈劝一劝你,回头是岸
回头是岸,光耀还不让我来
光耀还不让我来,我总想着你的好
我总想着你的好,我不想看到一个好好的家这么破碎
我不想看到一个好好的家这么破碎,可是现在看来
可是现在看来,我太多余了
我太多余了,你已经大大方方高高兴兴的跟别的男人住在一块了
你已经大大方方高高兴兴的跟别的男人住在一块了,看来我今天算是白来了
看来我今天算是白来了,AA制 我们各付各的
怎么了,你吃一个吧
我等会再吃,给你尝一口
给你尝一口,我知道你会吃
我刚忘了给你拿,怎么连这个都是一样的
等我一会马上给你下,你让我包一个
你会包吗,我不会
洗手了吗,没洗手
没洗手,一会这个给嘟嘟吃
不能给他吃,你真像我妈
你真像我妈,你还好吗
你还好吗,我好想你
我好想你,今天去见他了
你见他干嘛,我不是不想你离婚
我跟你说多少回了我的事您甭管,你是我儿子
你是我儿子,你的事我能不管吗
你的事我能不管吗,你知道
你知道,他跟谁住一块吗
我也不想知道,不想知道我也要说
不想知道我也要说,他跟修电脑的师傅住在一块 太丢脸
不会吧,他亲口说的
他亲口说的,还理直气壮的跟我说什么
还理直气壮的跟我说什么,问心无愧
问心无愧,你说小强他是真傻还真笨
你说小强他是真傻还真笨,一个已婚妇女离家出走
一个已婚妇女离家出走,这已经罪加一等了
这已经罪加一等了,还跟个小白脸一块同居
还跟个小白脸一块同居,真是 丢死人了
他就不知道咱这家是人间天堂,你别天真了
你别天真了,万一他这回就成心报复你恶心你呢
万一他这回就成心报复你恶心你呢,这女人要狠起来
这女人要狠起来,儿子你的那副心肠对付不了
巴不得碰见盗墓贼,吃你的饺子
吃你的饺子,你给我把门开开 什么态度
你给我把门开开 什么态度,我告诉你
我告诉你,人家于小强再怎么说也是我们家房客
人家于小强再怎么说也是我们家房客,又不是你的专职保姆
又不是你的专职保姆,就算人家把你衣服缝坏了
就算人家把你衣服缝坏了,那又怎么样
那又怎么样,你整天跟你那帮爱慕虚荣的朋友待在一起
你整天跟你那帮爱慕虚荣的朋友待在一起,你自己都成拜金女了
你自己都成拜金女了,我当年给你买那套香奈儿的衣服花了多少钱
我当年给你买那套香奈儿的衣服花了多少钱,花了我所有的积蓄
花了我所有的积蓄,你还不满意
你还不满意,你给我好好反省反省啊
你给我好好反省反省啊,你干嘛去了
你干嘛去了,你管我
你管我,你又要离家出走啊
你又要离家出走啊,你给我让开
你给我让开,我就不让了
我就不让了,你能不能有点新花样
你能不能有点新花样,别一吵架就离家出走行不行
别一吵架就离家出走行不行,你什么时候敢这么跟我说话了
你什么时候敢这么跟我说话了,是不是
是不是,因为有人在 你什么意思
因为有人在 你什么意思,你别无理取闹
你别无理取闹,谁无理取闹了
谁无理取闹了,别生气 我不是 你怎么就说不听呢
别生气 我不是 你怎么就说不听呢,你今儿别想出门
你今儿别想出门,除非从我身上踩过去
除非从我身上踩过去,嘟嘟
嘟嘟,姐你要带我去哪
我带你去找他,去哪找
去哪找,我都不知道他要去哪
我都不知道他要去哪,你怎么能知道呢
就会到那家电影院去看电影,怪不得
怪不得什么,没什么
没什么,姐你别介意
姐你别介意,嘟嘟他就是个没心没肺的人
嘟嘟他就是个没心没肺的人,他一生气他什么话都说得出来
他一生气他什么话都说得出来,你别往心里去
我应该缝得更好一点,你缝得够好的了
你缝得够好的了,我拿放大镜都看不出来有什么区别
那什么眼神,我咋知道
我咋知道,你要我就问蔡琴去
蔡琴是谁,那是你的眼神明亮又美丽 啊啊啊
别啊了 快走吧,你怎么能想到这么个招数
你怎么能想到这么个招数,你怎么知道我在电影院
你怎么知道我在电影院,你怎么知道我喜欢这种惊喜
你怎么知道我喜欢这种惊喜,你不知道我鲍家明是你肚子里的蛔虫啊
你不知道我鲍家明是你肚子里的蛔虫啊,高兴了
高兴了,谁说的
谁说的,告诉你
告诉你,我要新的香奈儿
我要新的香奈儿,还有
还有,Prada
Prada,感情我刚才跟你说的那些话你都没听进去
感情我刚才跟你说的那些话你都没听进去,什么话
什么话,我不是说了
我不是说了,不管你穿什么
不管你穿什么,你都是我心目中的女王
你都是我心目中的女王,这是事实啊
这是事实啊,这女王的脾气还挺大的
这女王的脾气还挺大的,什么意思
什么意思,我知道了
我知道了,你是怪我刚刚骂了于小强是不是
你是怪我刚刚骂了于小强是不是,人家怎么说也是付了房租的对吧
人家怎么说也是付了房租的对吧,你这么把人家赶走了
你这么把人家赶走了,我拿什么钱去给你买什么香奈儿
我拿什么钱去给你买什么香奈儿,Prada
Prada,那些钱才不够买香奈儿和Prada
那些钱才不够买香奈儿和Prada,不过我刚刚确实有点过分
不过我刚刚确实有点过分,要不这样
要不这样,我出钱
我出钱,你去给他买一份礼物
你去给他买一份礼物,算是我给他赔不是
算是我给他赔不是,行了吧
行了吧,这还差不多
这还差不多,好吧
好吧,看在玫瑰花的份上翻篇了
看在玫瑰花的份上翻篇了,你去帮我跟于小强道个歉
你去帮我跟于小强道个歉,凭什么每次都是我低三下四的
凭什么每次都是我低三下四的,因为你是我的鲍家明
因为你是我的鲍家明,狗狗 乖乖
醒了,我醒了
搞定了,但是我没搞明白
搞不明白什么,昨天晚上你到底用的什么方法
这是我的秘密,你不想跟我分享一下你的秘密
没想到成功了,怪不得这招那么土
怪不得这招那么土,不过土的很实用
不过土的很实用,谢谢你大姐
谢谢你大姐,那发卡挺适合你的
看见这些小孩真的是太好了,姐
姐,你把我手机充电器搁哪
是这个吗,你是要去参加化妆舞会吗
你觉得怎么样,这什么工作
保安,我只听说过女保镖怎么还有女保安呢
女保安比较贴心一点,你怎么去干这样的工作
你饿吗,我看着你我就不饿了
嘟嘟今天回来吃饭吗,他今天飞国际 他不回来了
他今天飞国际 他不回来了,对了
对了,嘟嘟他自己也觉得昨天跟你说话说重了
嘟嘟他自己也觉得昨天跟你说话说重了,他想给你道个歉
他想给你道个歉,让我给你去买一样礼物
让我给你去买一样礼物,你喜欢什么
有他这句话就可以了,这说一句话也太没诚意了
你就别客气了,姐你真是个实在人
姐你真是个实在人,我也实在一把
我也实在一把,这第一个月的房租我就免了
你是不想让我在这住了是吧,我不是这个意思
我不是这个意思,你不是说咱们同住一屋檐下
你不是说咱们同住一屋檐下,那就是一家人了
我是身在屋檐下不得不低头,你怎么就那么矫情
你怎么就那么矫情,这样我还是跟嘟嘟说
这样我还是跟嘟嘟说,第一个月的房租就免了
第一个月的房租就免了,你可以给我一半
你可以给我一半,这一半我就留着自己当私房钱了
这一半我就留着自己当私房钱了,行不行
感情用事,这人生本来就是这样的
这人生本来就是这样的,计划永远没有变化快
计划永远没有变化快,你看原来我是给你修电脑一小弟
你看原来我是给你修电脑一小弟,现在你上门做了我的保姆
现在你上门做了我的保姆,明天你还要去做女保安
明天你还要去做女保安,你没有想到过吧
你没有想到过吧,别想了再想你也想不到
别想了再想你也想不到,姐
姐,你们妇产医院的保安具体要做些什么工作
保安都应该注意点什么,这还用上网查吗
这还用上网查吗,你也太土了
你也太土了,坐在你面前的是你的一个前辈
坐在你面前的是你的一个前辈,你应该虚心请教请教
你也干过保安,我那时候来上海什么工作没做过
我那时候来上海什么工作没做过,怎么
怎么,你不信
保安应该注意点什么,先给我去沏杯茶
你喝什么,张主任确定是我亲妈妈
我觉得挺好的,你知道我们公司新推的女装品牌叫什么吗
好像叫勿忘我,我看到抛弃我还差不多
我看到抛弃我还差不多,我们公司新推的女装品牌叫蓝之馨
我们公司新推的女装品牌叫蓝之馨,他们两个还在一起
他们两个还在一起,我觉得你真不应该这个时候离家出走
现在看来我错了,姐
几步路就到了,我昨天怎么跟你说的
我昨天怎么跟你说的,保安站一天很辛苦的
保安站一天很辛苦的,要抓紧一切的时间休息
要抓紧一切的时间休息,赶紧上来
是,走喽 第一天上班感觉怎么样
我觉得自己就像一个老保安一样,就像一个老鸨一样
你说什么,我让你好好干
我让你好好干,怎么让他进来了
他自己进来的,脑子有病
脑子有病,你没看见这个人一看就是坏人
你没看见这个人一看就是坏人,跟你说话的时候眼睛一直在往里飘
跟你说话的时候眼睛一直在往里飘,给我坐下
给我坐下,出租车司机尿急
出租车司机尿急,非要上8楼
这么一说我也感觉那人好像有点不大对劲,还好家里有个男人把他给吓跑了
万一我一个人在家被人劫财劫色了怎么办,劫财可以 劫色还是算了吧
吃完了叫我 我过来收拾,我什么也没说
我什么也没说,人贵有自知之明
人贵有自知之明,司机说
司机说,屋子里就他们两个人三菜一汤
屋子里就他们两个人三菜一汤,还真过去小两口的日子了
还真过去小两口的日子了,一块高高兴兴的骑自行车
一块高高兴兴的骑自行车,欢欢喜喜的进了楼
欢欢喜喜的进了楼,还甜甜蜜蜜的三菜一汤
还甜甜蜜蜜的三菜一汤,光耀
光耀,你说我做婆婆的脸我往哪搁
你说我做婆婆的脸我往哪搁,不要脸
不要脸,真是太不要脸了
于小强干的出来,不就跟于小强学的
不就跟于小强学的,他于小强也拎清楚好不好
他于小强也拎清楚好不好,他跟你还没离婚
他跟你还没离婚,他还是我们家的儿媳妇
他还是我们家的儿媳妇,这种媳妇是该休了
这种媳妇是该休了,你真要跟他离婚
你真要跟他离婚,我不拦着
这可是您说的,我说的 孩子生不出来
我说的 孩子生不出来,没事老臭脸跟我耍个性
没事老臭脸跟我耍个性,你要本本分分的
你要本本分分的,我还当你是个媳妇
我还当你是个媳妇,老于你怎么来了
我的任务完成了,辛苦你了
辛苦你了,客厅坐
谢谢大姐,我们家今年还没吃
我们家今年还没吃,大闸蟹呢
就这批蟹 包装包装 在礼盒里边一对卖380,那十对 不是破费了
那十对 不是破费了,您3800
就当着我的面一个劲夸您,他夸我
夸您对他好,怎么可能啊
行了大姐,现在的女人不得了
现在的女人不得了,结了婚生不出孩子还不守妇道
他是您儿媳妇,他要不是我儿媳妇
他要不是我儿媳妇,我还不说了
我还不说了,于建国
于建国,你说你女儿要是个好媳妇
你说你女儿要是个好媳妇,他会跟踪自己的丈夫
他会跟踪自己的丈夫,随随便便的就离家出走
随随便便的就离家出走,偷偷摸摸的在外面跟个小白脸同居
偷偷摸摸的在外面跟个小白脸同居,为了报复我儿子给我儿子戴绿帽子
这话说的可是有点狠了,狠不过于小强做的事
狠不过于小强做的事,于建国 于小强跟我们家光耀还没有离婚
于建国 于小强跟我们家光耀还没有离婚,还有婚姻关系在吧
还有婚姻关系在吧,你说人活着图的是什么
你说人活着图的是什么,不就要一张体面的脸吗
不就要一张体面的脸吗,我高红恰恰是个要脸的人
我高红恰恰是个要脸的人,今天我丑话说在前面
今天我丑话说在前面,别给脸不要脸
那我也绝不答应,做都做了
做都做了,还怕人说
还怕人说,于先生大闸蟹我们家吃不了
于先生大闸蟹我们家吃不了,请您兜着走吧
你快趁热吃,你不吃
我刚吃过了,你陪我喝点
你陪我喝点,咱俩先喝点
咱俩先喝点,就当我谢谢你爸
就当我谢谢你爸,谢谢伯伯
谢谢伯伯,你干了 我说你心里有事你就说
我心里挺难过的,这有什么难过的
这有什么难过的,你让他多待几天就好了
我就想哭,那你哭吧
那你哭吧,还是别哭了
还是别哭了,我们再喝一杯
我们再喝一杯,你又干了
你又干了,你接着说
我想想我真的我特别难受,你别哭了
你别哭了,来我们走一个
我们俩有什么关系,没关系
我问你我们俩有什么关系,没关系
我们俩都是清白的对吧,对
您还拿他当艳照门了,你就把这照片放到网上去看他还怎么说
我也不是那种人,姐 你太善良了
我干了,我也干了
专门为那个女人新品牌也要用那个女人的名字叫蓝之馨,又烂又恶心
又烂又恶心,你别生气
你别生气,你今儿跟我说了这么多
你今儿跟我说了这么多,我现在叫你一声姐
我现在叫你一声姐,以后你碰到任何不开心的事
以后你碰到任何不开心的事,你都告诉我
你都告诉我,我替你去出头
你收留了我,那是你强行住进来的
你还陪我去捉奸,这事以后你千万别说
我问你你是不是特别想他们,其实我每个星期我都会梦见他们
其实我每个星期我都会梦见他们,我觉得我特别对不起我爸和我妈
嘟嘟,谁喝酒了
昨晚我们都喝多了,谁喝多了
谁喝多了,家明呢
你千万别误会,我只相信我看见的
我只相信我看见的,我看见鲍家明睡在你的屋子里头
我看见鲍家明睡在你的屋子里头,可是我没有看见你从哪个床上下来的
真的是喝醉了睡错床了,那是不是还睡错人了
你别误会,当我三岁小孩你少拿喝醉了当借口好不好
当我三岁小孩你少拿喝醉了当借口好不好,没事了
没事了,干嘛要喝醉于小强
干嘛要喝醉于小强,你是不是看上我们家鲍家明了
你是不是看上我们家鲍家明了,你要是喜欢他告诉我 分分钟提货
家明的心里面只有你真的,小强我真是小看你了
小强我真是小看你了,你怎么这么会说话
你怎么这么会说话,我现在反应过来了
我现在反应过来了,我那件香奈儿你是故意缝走样的
我那件香奈儿你是故意缝走样的,想看我出丑是不是
想看我出丑是不是,我知道了
我知道了,你表面上是离家出走
你表面上是离家出走,背地里就是想报复你出轨的老公
背地里就是想报复你出轨的老公,找一个像鲍家明这样好看有体面的男孩子做跳板
找一个像鲍家明这样好看有体面的男孩子做跳板,于小强老牛吃嫩草这种事儿
于小强老牛吃嫩草这种事儿,也只有你们这种危机四伏的中年妇女才干得出来
也只有你们这种危机四伏的中年妇女才干得出来,干嘛
有点恶心,是恶心
是恶心,慢慢恶心
你别忘了给嘟嘟打个电话,这事你不用管了
这事你不用管了,他这么不信任我
他这么不信任我,不会给他打电话的
不会给他打电话的,你没事吧
一会我想去趟医院,行
行,我去送你爸
喂喂,您在哪
家明是吧,小强姐给您打过电话了
打了打了打了,不好意思 我来晚了
用不着送,是我自己要来的
真是不容易,这是应该的
只有愿意不愿意,我说错了是我愿意的
我说错了是我愿意的,叔叔 咱们应该走了
话说的也不好听,他说什么了
他说让我吃不了兜着走,这么难听的话都说的出来
这么难听的话都说的出来,这也太王八蛋了
他要是知道非气死不可,叔叔您放心
叔叔您放心,我不会说的
我不会说的,你还有什么事儿
你还有什么事儿,就尽管吩咐我了
多照顾照顾他,我现在是他弟弟了
我现在是他弟弟了,照顾他是应该的
我也不好受,叔叔
叔叔,你放心
你放心,有我在 我会对他好的
谢谢了,叔叔您别这样
叔叔您别这样,叔叔
叔叔,叔叔
叔叔,他要是有那智商
他要是有那智商,现在也不至于无家可归了
我很想知道你为什么这么做,替天行道
替天行道,我就是想让你为自己所做的事感到羞愧
我就是想让你为自己所做的事感到羞愧,让你的朋友同事都知道你的真面目
让你的朋友同事都知道你的真面目,知道你对自己的妻子家庭有多么的不负责任
知道你对自己的妻子家庭有多么的不负责任,这是你应得的报应
您满足了吗,还行
你不觉得自己的这种满足很肤浅吗,我就是为了揭露你这个伪君子
我就是为了揭露你这个伪君子,我宁可当一回小人
你不觉得你这么做应该感到惭愧,我是幼稚
我是幼稚,我是肤浅
我是肤浅,我今儿就是一时冲动了
我今儿就是一时冲动了,可是究其根本的原因
可是究其根本的原因,该感到惭愧的是我还是你
老高 我今天来是无事不登三宝殿,有什么事说
我就有话直说了,是小强让你来说和的
于小强怀孕了,什么
我心里着急,小强真的怀孕了
是不是,是的
是的,是的
就让小强还有他电脑小伙子一下就给搞砸了,你的什么发布会办砸了可以再干
你的什么发布会办砸了可以再干,我盼孙子可是盼了7年了
不会是假的吧,小强没必要骗人
小强没必要骗人,而且是张主任说的
而且是张主任说的,张主任可是一字千金
张主任可是一字千金,他不会乱说的
你说怎么办,真要是真的
真要是真的,你得听我的
你得听我的,第一
第一,你跟叫蓝馨的女人立刻断绝往来
你跟叫蓝馨的女人立刻断绝往来,第二
第二,明天一大早跟我到妇产科医院去接小强
为了孩子一切都会好起来的,陪个笑脸你会死你
特别别扭,妈妈我的个性 要不是为了孩子
妈妈我的个性 要不是为了孩子,我能那么低声下气吗
我能那么低声下气吗,求啥
求啥,不就为了求了7年的孩子吗
不就为了求了7年的孩子吗,想想孩子 到楼上去陪陪她 哄哄她
想想孩子 到楼上去陪陪她 哄哄她,哄哄她
哄哄她,让她开开心心的
让她开开心心的,将来有了孩子一切都会好的 听话
将来有了孩子一切都会好的 听话,光耀怎么又到客房去睡了
你快睡妈,妈跟你聊聊
妈跟你聊聊,小强
小强,我只要一想到我马上就要抱孙子了
我只要一想到我马上就要抱孙子了,我是乐的觉都睡不着
还有八九个月,我可是盼了7年
我可是盼了7年,老实说 光耀不是个东西
老实说 光耀不是个东西,做错了
做错了,对不起你
对不起你,我跟你也有点误会
我跟你也有点误会,我们彼此之间都有不对的地方
我们彼此之间都有不对的地方,可是从现在开始
可是从现在开始,一切都让他过去
一切都让他过去,你看老天偏偏这个时候让你怀孕
你看老天偏偏这个时候让你怀孕,那不正是给我们家一个重新开始的机会吗
光我一个人想也没用,我已经说过光耀了
我已经说过光耀了,他保证会跟叫蓝馨的短绝关系
他保证会跟叫蓝馨的短绝关系,儿子怕妈 你是知道的
儿子怕妈 你是知道的,更重要的是他心里头还有你 小强 就算是为了孩子
更重要的是他心里头还有你 小强 就算是为了孩子,你也得好好的跟光耀过下去
你也得好好的跟光耀过下去,好
好,从现在开始
从现在开始,这一切都让他过去全忘了
这一切都让他过去全忘了,我们一起向前看
我们一起向前看,给孩子一个幸福美满的未来
好,嘟嘟 你就跟我回去
嘟嘟 你就跟我回去,你别以为你请我吃顿饭
你别以为你请我吃顿饭,我要跟你回家
我要跟你回家,回家我给你做马杀鸡呀
回家我给你做马杀鸡呀,你看你飞了一天一定很累
你看你飞了一天一定很累,马完杀鸡我唱歌给你听啊
马完杀鸡我唱歌给你听啊,我唱歌给你听
我唱歌给你听,琴摔坏了
琴摔坏了,我清唱
我清唱,你看你这两天没回家
你看你这两天没回家,我脸上都长包了
我脸上都长包了,你长大点行不行
你长大点行不行,你以为自己还是刚刚从安徽出来的小屁孩
你以为自己还是刚刚从安徽出来的小屁孩,可是只有小屁孩那样才会长包
可是只有小屁孩那样才会长包,至少我内心很年轻
至少我内心很年轻,可是我已经不一样了
可是我已经不一样了,我告诉你你要紧跟我的步伐
我告诉你你要紧跟我的步伐,要不然我不跟你好了
要不然我不跟你好了,你在我心里永远都是那么年轻
你在我心里永远都是那么年轻,嘟嘟我求求你了
嘟嘟我求求你了,你跟我回去
你跟我回去,只要你跟我回去
只要你跟我回去,我什么都答应你
我什么都答应你,好
好,这样你给我买个新包包我就给你回去
这样你给我买个新包包我就给你回去,真的
真的,你说的
你说的,我说的
我说的,拉钩
拉钩,我说你是小屁孩
这张卡显示余额不足,你能不能小点声 换张卡给你
对不起先生还是余额不足,我跟你商量件事
我跟你商量件事,我们分两笔刷行不行
我们分两笔刷行不行,就这张卡你先刷3000
就这张卡你先刷3000,剩下的你就在这张卡里刷
剩下的你就在这张卡里刷,如果这张卡还是不行的
如果这张卡还是不行的,我这儿还有一张卡
我这儿还有一张卡,咱们就分三笔刷好吧
我们店里有规定不行,这规定是死的人是活
这规定是死的人是活,你做生意吗对吧
你做生意吗对吧,你就当我买了三个包
你就当我买了三个包,加起来总的金额跟这个包一样不就好了吗
加起来总的金额跟这个包一样不就好了吗,你脑筋能不能灵活一点
是吗,手机
现实太可怕了,什么 这么多钱
什么 这么多钱,鲍家明你背着我藏私房钱
鲍家明你背着我藏私房钱,是不是
是不是,白天刷卡刷不出来
白天刷卡刷不出来,你给我演苦情戏
你给我演苦情戏,想让我可怜你
想让我可怜你,是不是
是不是,不是 这钱是于小强的
不是 这钱是于小强的,于小强的钱怎么会在你这儿
于小强的钱怎么会在你这儿,我本来要还给他
我本来要还给他,结果他不是搬回去了吗
结果他不是搬回去了吗,我就没来得及给他
我就没来得及给他,他干嘛要给你钱
他干嘛要给你钱,不是
不是,他给我的
他给我的,是他爸给他的
是他爸给他的,他爸给他的钱为什么在你手里呢
他爸给他的钱为什么在你手里呢,你说不说
你说不说,你不说我现在马上把它给花了
你不说我现在马上把它给花了,你把这钱花了我跟你急啊
你把这钱花了我跟你急啊,你跟我说话呢
你跟我说话呢,对不起
对不起,你现在为了别的女人跟我说
你现在为了别的女人跟我说,对不起
对不起,这哪跟哪
这哪跟哪,什么哪跟哪
什么哪跟哪,于小强的钱你怎么能花
于小强的钱你怎么能花,怎么又是于小强
怎么又是于小强,我从进屋开始你就不停的跟我叨叨于小强
我从进屋开始你就不停的跟我叨叨于小强,冰箱上的贴纸是他写给你的
冰箱上的贴纸是他写给你的,卫生间里的牙线还有漱口水是他买给你的吧
卫生间里的牙线还有漱口水是他买给你的吧,他爸给他的钱还得经你的手
他爸给他的钱还得经你的手,你们俩什么关系
你们俩什么关系,没关系
没关系,睡错床了没关系
睡错床了没关系,你怎么还在怀疑我跟他 我不都跟你解释了吗
你怎么还在怀疑我跟他 我不都跟你解释了吗,我不相信
我不相信,起开
起开,别跟进来
别跟进来,今晚睡沙发
今晚睡沙发,来 把燕窝给吃了
我都怕将来生不动了,要吃
要吃,这可是妈特地在京东网上给你订的
你会网购了,光耀教我的
光耀教我的,为了孙子我什么都愿意学
为了孙子我什么都愿意学,对了
对了,另外育儿讲座我定了两个位置
另外育儿讲座我定了两个位置,可是光耀没空 我陪你去
不需要,我们那个年代生孩子不需要
我们那个年代生孩子不需要,你们现在年头不流行这个
你们现在年头不流行这个,大家都是跟着潮流走
大家都是跟着潮流走,我们家于小强能输别人的
我们家于小强能输别人的,再说了多听听有益无害
给你尝一口,你吃 你吃
你吃 你吃,去吧
同意,好  乖
好  乖,不好意思
不好意思,我知道我有点冒昧
我知道我有点冒昧,我特别好奇你找我们家鲍家明干什么
你能先告诉我你好奇什么吗,我一下也不知道怎么说
这个是你这个是刘光耀 这个是我,那那张呢
你是不是怀疑这张牌和这张牌的关系,我只是好奇你为什么要找鲍家明
除非你自己已经看出了什么端倪,我直话跟你说
我直话跟你说,我觉得鲍家明对于小强做的事儿有点过
你说一个男人什么可以让他这样不顾一切,反正据我对鲍家明的了解
反正据我对鲍家明的了解,他不会为了钱干这种事的
不为了钱,为了人
所以我回家了,你为了孩子就可以原谅他了
我不想孩子一生出来就没有爸,他有点爸的样子吗
现在特别有,我可以跟你商量个事吗
有什么事,我可以当孩子
我可以当孩子,干爸吗
我怎么感觉都是年龄很大的人,你说的叫干爹
他奶奶挺厉害的,关他奶奶什么事儿
关他奶奶什么事儿,我又不是当干爷爷
当干爸有什么好,你这就不懂了
你这就不懂了,每一个男人真正的成熟就是在他当爸的那一刻
你应该先当爸才能当干爸爸,我跟别人不一样
我跟别人不一样,我就是要先当干爸
我就是要先当干爸,再当爸
干爸,上次跟家明闹翻
上次跟家明闹翻,是因为看见他睡在了于小强的房间里
他怎么解释,他们俩都说是因为喝多了睡错了床
他们俩都说是因为喝多了睡错了床,我看见了就说是喝多了睡错了床
我看见了就说是喝多了睡错了床,我没看见的时候他们俩在干嘛
我没看见的时候他们俩在干嘛,我就奇了怪了
我就奇了怪了,自从于小强搬到我们家鲍家明就像换了一个人一样对我大呼小叫
自从于小强搬到我们家鲍家明就像换了一个人一样对我大呼小叫,我以前就是图他一诚实善良
我以前就是图他一诚实善良,百依百顺
百依百顺,可是现在呢
于小强就怀孕了,你的意思是说孩子是鲍家明的
你的意思是说孩子是鲍家明的,他为什么要搬回去
我一定会弄个水落石出,我也不会
我也不会,刚走到办公室门口
刚走到办公室门口,我就听到老刘在说
我就听到老刘在说,在孩子和你之间我没有选择 在公司和你之间我更没有选择 你知道蓝馨怎么说吗
在孩子和你之间我没有选择 在公司和你之间我更没有选择 你知道蓝馨怎么说吗,他说
他说,你是不是希望我不仅要接受于小强搬回家的现实
你是不是希望我不仅要接受于小强搬回家的现实,还最好能希望我自己写一封辞职信
还最好能希望我自己写一封辞职信,然后离开公司对吗
然后离开公司对吗,我听到这里的时候真的是大快人心
我听到这里的时候真的是大快人心,小三彻彻底底的被你打败了
老刘都说了不让我听你的挑拨离间,于小强 什么意思嘛
于小强 什么意思嘛,有了孩子就不要闺蜜了是吧
我怎么会是这样的人呢,话说回来这件事情能有这么大的转折点
话说回来这件事情能有这么大的转折点,除了要感谢你争气的肚子以外
除了要感谢你争气的肚子以外,你还要感谢一个人
谁,鲍家明
为什么,要不是他去大闹了我们公司的发布会
要不是他去大闹了我们公司的发布会,老刘和蓝馨怎么可能翻脸
鲍家明大闹发布会,这么大的事情你不知道的
我不知道没人跟我说,你不上网不上微博
你不上网不上微博,这件事情都已经炸锅了
你快说吧,你那个U盘上面不是有蓝馨和老刘的三点沙滩照吗
你那个U盘上面不是有蓝馨和老刘的三点沙滩照吗,鲍家明为了给你出气
鲍家明为了给你出气,他就用那个照片代替了我们公司发布会的新logo
他就用那个照片代替了我们公司发布会的新logo,当时那个场面我不说
当时那个场面我不说,你应该知道的了
我的U盘落在他们家了,如此遗忘
如此遗忘,简直就是神来之笔
简直就是神来之笔,效果极佳的小三嘴脸暴露
效果极佳的小三嘴脸暴露,鲍家明拔刀相助
鲍家明拔刀相助,老刘心回意转
老刘心回意转,这就是一箭三雕吗
这就是一箭三雕吗,这件事情你可要好好的去谢谢鲍家明
这件事情你可要好好的去谢谢鲍家明,鲍家明都是为了你好
鲍家明都是为了你好,我也奇怪了
我也奇怪了,他为什么可以为了你可以奋不顾身的去冲锋陷阵呢
我不懂你说什么 回家了,喂我话还没说完
家明告诉你我的地址的吗,少和我绕圈子
少和我绕圈子,蓝馨给我的地址
你怎么会跟他在一块,怕了
怕了,我不跟他在一块
我不跟他在一块,怎么能知道你们这么多破事
总该事先打个电话,我还需要打电话吗
我还需要打电话吗,对你我还需要礼节吗
不管什么事情我都能给你解释清楚,你跟鲍家明什么关系
我把他当弟弟看的,你骗谁
你骗谁,你要是喜欢鲍家明
你要是喜欢鲍家明,我可以拱手相让
我可以拱手相让,可是你不能骗我
可是你不能骗我,你更不能骗你婆婆和你老公
你更不能骗你婆婆和你老公,你婆婆和你老公还不知道你们俩已经睡一块了
你婆婆和你老公还不知道你们俩已经睡一块了,你在这装什么
是喝多了睡错了,睡错还是爱错
睡错还是爱错,你自己心里明白
你自己心里明白,于小强 知道你不是什么省油的灯
于小强 知道你不是什么省油的灯,就在这个书房 鲍家明来给你修电脑
就在这个书房 鲍家明来给你修电脑,打从那天开始你们俩就已经暗度陈仓
打从那天开始你们俩就已经暗度陈仓,对不对
别再说了,你为了接近鲍家明
你为了接近鲍家明,你心甘情愿跑到我家给我当保姆
你心甘情愿跑到我家给我当保姆,你还有什么事做不出来
你还有什么事做不出来,什么丈夫出轨
什么丈夫出轨,什么离家出走
什么离家出走,你骗谁呢
你骗谁呢,你放屁
他是爱你的,于小强 你到底给家明灌了什么迷魂汤了
于小强 你到底给家明灌了什么迷魂汤了,让他对你魂不守舍
让他对你魂不守舍,为了你捉奸进了局子
为了你捉奸进了局子,为了你去大闹发布会
为了你去大闹发布会,为了你他现在连我都敢骗
为了你他现在连我都敢骗,他爱我
他爱我,以前我是信
以前我是信,可是现在我根本不会信
可是现在我根本不会信,你肚子里的孩子就是鲍家明的
你肚子里的孩子就是鲍家明的,你们俩连孩子都有了
不是你想的那样,敢做就敢当
敢做就敢当,实际就是这样的
妈,坐
坐,小强 妈就问你三句话
小强 妈就问你三句话,你得老老实实的给我回答
你得老老实实的给我回答,你跟鲍家明真的睡错过床
是的,鲍家明大闹发布会的照片是你的
是我U盘上的,就是你 你跟鲍家明在一块儿
就是你 你跟鲍家明在一块儿,在咖啡馆里头
在咖啡馆里头,他给你弹琴唱歌的时候说了一句话
他给你弹琴唱歌的时候说了一句话,说孩子也是他的
说孩子也是他的,说了没有
说了没有,我听见了
我听见了,你也一定听见了
你也一定听见了,我说 育婴这么重要的一堂课
我说 育婴这么重要的一堂课,于小强都不要听
于小强都不要听,匆匆忙忙的跑去跟谁约会
匆匆忙忙的跑去跟谁约会,没错
没错,我是跟着你了
我是跟着你了,我才看见了
我才看见了,我看见
我看见,我听见了
我听见了,问你话
问你话,他说了没有
他说的是这个意思,我要问的是
我要问的是,他说了没有
他说了没有,说孩子也是他的
说孩子也是他的,我的三句话问完了
我的三句话问完了,你走吧
妈你能不能听我跟你解释一下吗,有必要吗
有必要吗,人家嘟嘟看起来也是个有见识的
人家嘟嘟看起来也是个有见识的,无缘无故人家会跑到家里头来吗
无缘无故人家会跑到家里头来吗,无缘无故人家会冤枉你吗
我肚子里还怀着光耀的孩子,孩子是光耀的吗
孩子是光耀的吗,好巧
好巧,7年都没怀上
7年都没怀上,出去跟个男人住一块
出去跟个男人住一块,就怀上了
就怀上了,我只能说人家比我们家的儿子年轻
我只能说人家比我们家的儿子年轻,比我儿子有能力了
你不能说这样的话,我的三句话说完了
要不 您先看看,儿子 还记得妈
儿子 还记得妈,昨天跟你说的话
昨天跟你说的话,好多事就是不能细想
好多事就是不能细想,细想了以后就是无边无际的问题
也不愿意想,我也是高兴过了头了
我也是高兴过了头了,光想着都可以抱孙子
光想着都可以抱孙子,这一乐什么都忘
要不然咱们都蒙在鼓里,可是 儿子 推算时间
可是 儿子 推算时间,孩子也可能是你的
那段时间他跟小电脑在一起,万一呢
万一呢,万一是你的呢
我这事儿我糊涂不得,只有等着做亲子鉴定
我别讲我还是想现在就跟他离婚,那也得好离好散
那也得好离好散,我们也听听于小强的财产分配上
我们也听听于小强的财产分配上,该给人家的咱给人家
该给人家的咱给人家,别让人家说我们亏待了她
我怎么记得那冠军是我,这家店不错
小店,原来你南京那家店呢
追着来了,敢情这是要结婚了
这不疗伤呢,疗伤疗得不错吗
疗伤疗得不错吗,越发的珠圆玉润
越发的珠圆玉润,笑屁啊
笑屁啊,来上海也不找我
来上海也不找我,你是兄弟吗
不好意思见你们,少跟我来这套
少跟我来这套,你大小也算个老板
你大小也算个老板,我到现在还在给人打工
我到现在还在给人打工,整天东奔西跑的给人家修修电脑
整天东奔西跑的给人家修修电脑,累的跟牲口似的
你们俩该结婚了,你知道什么叫人以群分
你知道什么叫人以群分,我今天能在这跟你偶遇
我今天能在这跟你偶遇,就注定了咱俩是一类人
就注定了咱俩是一类人,注定了咱俩在情感的道路上会遇到挫折和坎坷
他甩的你吧,那几年你睡我上铺怎么没滚下来摔死
帮我看会店我送一下货一会就回来,我工钱贵着呢
回来我请你吃饭,走过错过
走过错过,不要路过全场最低价
不要路过全场最低价,血本无归
说什么,你怎么又回来了
而且没有血本无归,好的老板
我在法国知道你离婚的消息,搞得跟老板似的就一个小时
搞得跟老板似的就一个小时,我都帮你点好了
知道我怀孕了就给我换了份工作,真的给你换了什么好工作
所以我不能掉以轻心,我当是换了什么好工作
我当是换了什么好工作,看把你给高兴的
懂不懂你,吃的来了
吃的来了,谢谢
请稍等,你开什么玩笑你不陪我吃饭
唯有倍加珍惜,可是我还有事情要告诉你
你快点告诉我,蓝馨和老刘又好上了
就给我肚子里的孩子起个名,是旺财还是阿福
今天你买单我走了,你打包吃的别忘了拿了
你怎么在这儿,我来找你
有事,你昨天是不是去电脑城了
对,我看见你了
我看见你了,我叫你你没听见
我叫你你没听见,给你打电话说停机了什么情况
好久不见了,没什么情况
没什么情况,你换什么号
你换什么号,躲人还是躲债
你认识人吗,你早干嘛不找我
你现在有时间吗,走 我带你去 姐
走 我带你去 姐,你怀孕了怎么一点都看不出来
要等到四五个月的时候才会显怀,要等这么久啊
要等这么久啊,你肚子这么平
你肚子这么平,我这干儿子在里边呆着能舒服吗
我这干儿子在里边呆着能舒服吗,我这干爸爸都着急了
我这干爸爸都着急了,你怎么了你不舒服
下次别开这样的玩笑了好吗,我开什么玩笑了
我开什么玩笑了,姐我没想到你这么能砍价
姐我没想到你这么能砍价,2000块钱就把这台电脑搞定
2000块钱就把这台电脑搞定,你刚才是假装说我不要了
你刚才是假装说我不要了,我走 其实等着他叫你回来是吧
电脑不会有什么问题,怎么可能
怎么可能,小熊是我朋友
小熊是我朋友,这质量你完全可以放心
这质量你完全可以放心,再说了
再说了,万一电脑出了什么问题
万一电脑出了什么问题,还有我呢
还有我呢,我保证给你终身免费维修
你说他还挣不挣钱,多少挣点
他真的挺仗义的,我给你免费终身维修
我给你免费终身维修,你怎么不说我仗义
谢谢啊,不谢不谢
拜拜,你怎么住这 你家别墅区不是离这好远吗
你怎么住这 你家别墅区不是离这好远吗,你搬家了
你搬家了,还是你又离家出走了
还是你又离家出走了,你这又换号又不着家的
你这又换号又不着家的,能不能让人放心
能不能让人放心,到底怎么回事
别人不想回答的问题就不要刨根问底儿,拜拜
你自己呢 你怎么样,我又没换号
我又没换号,我也没搬家
我也没搬家,不过嘟嘟走了
分了,我也不知道他不辞而别
我也不知道他不辞而别,就给我留了一条短信
就给我留了一条短信,让我别再找他了
让我别再找他了,以前我们吵架最多也就几天
以前我们吵架最多也就几天,然后就好了
然后就好了,这次都一个多月了
这次都一个多月了,他也没跟我联系
他也没跟我联系,估计是黄了吧
估计是黄了吧,黄就黄了
黄就黄了,分了也挺好
分了也挺好,又省心又省事儿
对吧,孩子的事儿大人能不要过问吗
孩子的事儿大人能不要过问吗,Bye bye
Bye bye,这么早刷牙
今天赔都赔死,你明天再帮我准备一个电脑包
你明天再帮我准备一个电脑包,一个无线的鼠标
一个无线的鼠标,然后还有一对小音响
然后还有一对小音响,还有一个16g的优盘
干什么 又算在房租里啊,你还有新的游戏吗
你还有新的游戏吗,我又没说不算你钱
我不是白摔了,演的不错
演的不错,改行当演员吧
改行当演员吧,原来这是你的公司
原来这是你的公司,我该说冤家路窄
我该说冤家路窄,还是该说这个世界实在是太小了
谁派你来的,你那些得力的员工
等下次新闻发布会的时候故伎重演,你是心虚吧
你是心虚吧,要不就是你想象力太丰富了
我想请教你,你可以投诉我
你可以投诉我,工号007
请你起来,这是你位子啊
这是你位子啊,坐着也没那么舒服
坐着也没那么舒服,我说刘光耀
我说刘光耀,你凭什么污蔑我
你凭什么污蔑我,你是公报私仇是不是
但我觉得你们为了整垮我可以不择手段,你这说的是人话吗
你这说的是人话吗,你说我可以 怎么说都可以
你说我可以 怎么说都可以,因为我对你有100个不满意
因为我对你有100个不满意,你干嘛说于小强
你干嘛说于小强,他是你老婆
但前提是不要让我再看见你们,看着你算我倒霉
看着你算我倒霉,要是我每天的客户都跟你一样
要是我每天的客户都跟你一样,这世界还不疯了
做人得厚道,你才是疯子
你才是疯子,不干就不干
不干就不干,我告诉你刘光耀我不干了
我告诉你刘光耀我不干了,我现在正式的向你辞职
这儿有你什么事,现在是我芳芳炒掉你刘光耀的
现在是我芳芳炒掉你刘光耀的,我不想跟一个道貌岸然的人在一起工作
我不想跟一个道貌岸然的人在一起工作,我不想跟一个不问青红皂白就在这骂员工的老板一起工作
我不想跟一个不问青红皂白就在这骂员工的老板一起工作,我更不想跟一个口是心非
我更不想跟一个口是心非,连一个普普通通电脑工程师都在这谩骂诬陷的伪君子一起工作
那正好你请便 ,刘光耀
刘光耀,别以为我不知道你现在为什么这个样子
别以为我不知道你现在为什么这个样子,我刚才在下面已经碰到鲍家明了
我刚才在下面已经碰到鲍家明了,我今天不拆穿你
我今天不拆穿你,我是想给你留点面子
我是想给你留点面子,希望你好自为之
怎么可能,刘光耀
刘光耀,他是个混蛋
他是个混蛋,你和他离婚
你和他离婚,是对的
是对的,以后就让我弟弟
以后就让我弟弟,来罩着你吧
然后大战江湖,你想让我跟你一块干
你想让我跟你一块干,你觉得我行吗
就叫熊豹,怎么能跟动物园一样
更何况咱们俩的姓不就这俩字吗,你还是比我有魄力
你还是比我有魄力,南京上海都开过店了
南京上海都开过店了,现在要开公司
现在要开公司,我是不如你
我就当你答应了,等等
等等,你先别着急
你先别着急,我跟你说 今天我那个老板他把我叫回去了
我跟你说 今天我那个老板他把我叫回去了,他主动跟我赔礼道歉
他主动跟我赔礼道歉,说要补发工资
说要补发工资,还说可以跟我续约
还说可以跟我续约,你说我这
他之前怎么对你的？ 现在这么一说你就回去,其实我老板人也挺好的
其实我老板人也挺好的,他不是被那谁骗了吗
他不是被那谁骗了吗,不过我也觉得挺奇怪的
不过我也觉得挺奇怪的,你说他怎么这个态度就180度转变了
你说他怎么这个态度就180度转变了,是不是有人跟他说了什么
是有人跟他说了什么,谁
你大姐,你怎么知道
连价格都一样2000块,你确定吗
我一辈子都忘不了他名字叫芳芳,我出去一趟
怎么了出什么事了,姐
姐,谢谢你
谢谢你,真是太谢谢你了
真是太谢谢你了,你太仗义了
你太仗义了,咱不是说好了我罩着你吗
咱不是说好了我罩着你吗,到头来还是你罩着我
到头来还是你罩着我,我老板让我回公司了
我老板让我回公司了,他还跟我道歉
他还跟我道歉,工资都补发给我
工资都补发给我,我知道是你帮我
我知道是你帮我,你去找刘光耀了是吧
你电话里跟我说说不就行了吗,以后你不许去了
去哪,找刘光耀
我还会去的,不许去
不许去,你答应我不许去啊
你答应我不许去啊,而且你还得答应我
而且你还得答应我,以后不许生气
以后不许生气,不许发飙
不许发飙,不许吵架
不许吵架,天天都得开开心心的
天天都得开开心心的,一切都为了肚子里的孩子
就为了跟我说声谢谢好吗,我不光是为了说谢谢
我不光是为了说谢谢,我要你答应我不许吵架
我要你答应我不许吵架,不许发飙
不许发飙,不许生气
不许生气,每天都得开开心心的
每天都得开开心心的,你说一遍
我说什么,我刚才说的
你刚说什么了,行了
行了,你困了你回去早点睡
我走了,你走吧
你走吧,做个好梦
还有别的事吗,我家小熊不会真喜欢上你家芳芳了吧
那还用说吗,他们俩有可能吗
芳芳说他喜欢老男人,我还喜欢老女人
你口味好重,什么味
中午吃的韭菜盒子,我还吃两瓣蒜了
我还吃两瓣蒜了,我的意思是说芳芳他也不一定是喜欢年龄比他大老男人
像你这样的谁会想到还喜欢年纪大的老女人呢,我什么时候说我喜欢年纪比我大的了
你说你喜欢老女人,我说的老女人也就是跟你年龄差不多的那种
我老吗,你至少比我老点
你喜欢我吗,大姐你口味好重
大姐你口味好重,你别打我 你把我打残了你养我啊 半辈子
方芳啊,我的电脑搞定了没有
我的电脑搞定了没有,我告诉你我的要跟小强的一模一样的
我告诉你我的要跟小强的一模一样的,如果你要是敢
如果你要是敢,多问我要一块钱
多问我要一块钱,别怪我跟你翻脸
谈不上翻脸不翻脸,什么你说你跟我不熟
什么你说你跟我不熟,奇怪了
奇怪了,你要是跟我不熟
你要是跟我不熟,小强为什么让我到你那里去买电脑
小强为什么让我到你那里去买电脑,你要是跟我不熟
你要是跟我不熟,我怎么会把于小强的前世今生都告诉你的
我怎么会把于小强的前世今生都告诉你的,还说是鲍家明的死党
还说是鲍家明的死党,我看你是个死鬼还差不多
凭什么我都得听你的,这是我漂亮女人的特权
你别逗人了,笑啊
笑啊,你接着笑
你接着笑,我告诉你死胖子你一天之内得罪了我两次
我告诉你死胖子你一天之内得罪了我两次,你晓得 第一次你说你跟我不熟
你晓得 第一次你说你跟我不熟,第二次你又说我不漂亮
第二次你又说我不漂亮,你要是再敢有第三次你试试看
就想找抽,想找抽是吗
想找抽是吗,好
好,本小姐我今天就满足你这个要求
本小姐我今天就满足你这个要求,你找抽是吧
你找抽是吧,你是不是找抽 我又不是什么君子
你是不是找抽 我又不是什么君子,我是女人
我是女人,我还是特漂亮的女人
我还是特漂亮的女人,我的梦想就是不当土豪
谁是土豪啊,我爸妈 他们是种茶叶的
我爸妈 他们是种茶叶的,他们老想让我继承家里的茶园
他们老想让我继承家里的茶园,可是我对那个一点兴趣都没有
可是我对那个一点兴趣都没有,我干嘛靠他们
我干嘛靠他们,你看 我和小熊一起在大学里学的计算机专业
你看 我和小熊一起在大学里学的计算机专业,他生意做得多好
他生意做得多好,我跟他一比简直是一无是处
你就不是一无是处,大姐你说的话怎么总是那么有哲理
因为我是老女人,不过我现在真的比以前好了
不过我现在真的比以前好了,现在我靠着给别人修电脑
现在我靠着给别人修电脑,已经有一批固定的客户了
你也是做你自己喜欢做的事情,不过他才是大股东
不过他才是大股东,他为了创业把店都卖了
他为了创业把店都卖了,我算是技术入股
我算是技术入股,主要负责拉客户
主要负责拉客户,负责技术管理
这个你是行的,你对我有信心啊
才能够大大方方的和你自己的公司签约,朱总要不还是算了
你今天叫我来不就是谈我们俩的合作,您看您是我原来公司的客户
您看您是我原来公司的客户,我要是接了您的单子
我要是接了您的单子,那不等于挖墙脚吗
那不等于挖墙脚吗,这太不厚道了
这太不厚道了,我做不出来
做生意就是这个样子的,这样吧
这样吧,我还是试试去找新的客户
我还是试试去找新的客户,我要是撬了前任的公司
我要是撬了前任的公司,我还怎么去见我以前的老板和我的那些同事
我还怎么去见我以前的老板和我的那些同事,我真做不出来
你想好了再约我,你知道朱总那边300台电脑一年的维护费是多少
多少,天文数字
也就是说这么大的诱惑被你拒之门外了,对
对,我告诉你
我告诉你,男人要做成事必须要经得起诱惑
男人要做成事必须要经得起诱惑,还要耐得住寂寞
还要耐得住寂寞,可是说实话我还是挺纠结的
可是说实话我还是挺纠结的,你说我跟朱总签了也就签了是吧
你说我跟朱总签了也就签了是吧,做生意 我的价格比原来的公司低很多
做生意 我的价格比原来的公司低很多,他当然择优录取了
他当然择优录取了,再说了
再说了,现在从公司跳槽走的
现在从公司跳槽走的,带走客户也是很常见的事儿
带走客户也是很常见的事儿,对吧
那岂不是横刀夺爱吗,对
对,朱总跟我原来的公司他们的关系就是原配
朱总跟我原来的公司他们的关系就是原配,我原来的公司就是他的大老婆
我原来的公司就是他的大老婆,我就像朱总的小三你知道吗
我就像朱总的小三你知道吗,他大老婆又老又古板
他大老婆又老又古板,这小三当然水灵了
这小三当然水灵了,你说他干嘛不选择小三
是不是男人都喜欢小三,说错了
我又进一步认识你,姐我只是打个比方
姐我只是打个比方,我只是打个比方
我只是打个比方,你不要胡思乱想
有了今天下场,我没有说你 不要往自己身上扯
没想到你是这样的人,我什么样的人
你心里也知道,我知道我在自己心里是什么样的
我知道我在自己心里是什么样的,但是我不知道在你心里你是怎么想我的
纯粹的人脱离了低级趣味的人,我就跟你开个玩笑
我就跟你开个玩笑,你至于这样吗
你至于这样吗,姐
我到了请留步,你是不是喜欢我 只有喜欢一个人才会莫名其妙的冲他发火
你是不是喜欢我 只有喜欢一个人才会莫名其妙的冲他发火,你说今天于小强是怎么回事
你说今天于小强是怎么回事,我不就是说了个小三原配
我不就是说了个小三原配,他就跟吃了炸药一样蹭站起来就走了
人家能不走吗,你的意思我是自己找抽是吧
你的意思我是自己找抽是吧,干嘛
你主卡我副卡,别还是你拿主卡
别还是你拿主卡,我拿副卡
我拿副卡,你现在是老板
你现在是老板,我就是一打下手的
你说我能不能再找他谈一谈呢,于小强说了
于小强说了,不管发生什么情况
不管发生什么情况,我们能不能丢了善良的品格
你还把他的话当圣旨,人说的话有道理
人说的话有道理,不过你别说对于小强生气的时候还是挺可爱的
他比你大几岁,6岁
6岁 六冲啊,什么意思
什么意思,家明 我们分手吧
家明 我们分手吧,我就知道是这样
我就知道是这样,你怎么这么淡定
你怎么这么淡定,我们过去吵架没几天就好了
我们过去吵架没几天就好了,这都一个多月了
这都一个多月了,你一个电话都没有
你一个电话都没有,还不够明显吗
还不够明显吗,无疾而终
无疾而终,也算是分手最高境界了
也算是分手最高境界了,什么叫无疾而终
什么叫无疾而终,我不耽误你
我不耽误你,你不耽误我
你不耽误我,是这意思吧
是这意思吧,你是不是真跟于小强好了
你是不是真跟于小强好了,你神经病
你神经病,你别拿于小强说事
你别拿于小强说事,你这样说人家多不好
你这样说人家多不好,看你急的
看你急的,真为对方着想
真为对方着想,你能不能说点实话
你能不能说点实话,到底为什么分手
到底为什么分手,你给我个理由
你给我个理由,我实话告诉你
我实话告诉你,我和你在一块太累了
我和你在一块太累了,我不想过那种吃28块钱小火锅的日子了
我不想过那种吃28块钱小火锅的日子了,我也不要我喝杯咖啡
我也不要我喝杯咖啡,还要用积分去兑
还要用积分去兑,我更不要看上一个包包
我更不要看上一个包包,你要跑过去问营业员可不可以分期付款
你要跑过去问营业员可不可以分期付款,这不是我要的生活
这不是我要的生活,你到底要什么生活
你到底要什么生活,你说我物质也好
你说我物质也好,你说我拜金也罢
你说我拜金也罢,反正我就想看上某样东西
反正我就想看上某样东西,我可以不加思索
我可以不加思索,毫不犹豫的出手把它拿下
毫不犹豫的出手把它拿下,我可真没辙了
我可真没辙了,我们就这么分手
我们就这么分手,是不是有点太草率了
是不是有点太草率了,你逗我玩
你逗我玩,不是这个意思
不是这个意思,分手也可以有惊喜
分手也可以有惊喜,要不你再给我个惊喜
要不你再给我个惊喜,最后一个
最后一个,我答应分手算不算惊喜
我答应分手算不算惊喜,等等
等等,我是真的不知道还能给你什么惊喜
我是真的不知道还能给你什么惊喜,你还记不记得
你还记不记得,你答应过要送我一个新包包
你答应过要送我一个新包包,想买什么
想买什么,鲍家明
鲍家明,你太帅了
你太帅了,够man
够man,你才知道
你才知道,现在也不算晚
现在也不算晚,不枉我们相爱过一场
不枉我们相爱过一场,我去买了
我去买了,一会就回来
直接就把他刷了,别着急你等会
别着急你等会,是民生银行吗
是民生银行吗,我想查一下我的消费记录
我想查一下我的消费记录,好
好,谢谢
是被盗刷了还出什么问题,不好意思
不好意思,这件事是我做的不对
这件事是我做的不对,我承认我错了
我承认我错了,我现在给你借钱去
可前提是我们先得买他提供的设备,朱总
朱总,你又回去找他了
明天就签约,我不是都拒绝他了吗
我不是都拒绝他了吗,你怎么又回去找他了
你怎么又回去找他了,你问过我吗
300台,我说过我不会挖以前公司的墙角
我说过我不会挖以前公司的墙角,做这行是要口碑的
不是你死就是我活的,这事你过分了
你知道那钱谁给的吗,谁给的
于小强,于小强
于小强,你跟于小强借钱
你跟于小强借钱,他是孕妇 他现在是最需要钱的时候
他是孕妇 他现在是最需要钱的时候,你好意思吗
爱还不还,你今天晚上就从我家搬出去
你以后也别踏进公司半步,小强 你怎么来了
小强 你怎么来了,来坐
你从哪摔下来的,就年纪大了
就年纪大了,不适合住别墅了
不适合住别墅了,没事呢
没事呢,楼上楼下这么一跑
楼上楼下这么一跑,好家伙一不小心脚一滑
好家伙一不小心脚一滑,膝盖一软就跌倒了
膝盖一软就跌倒了,还好
还好,没有骨折就伤了筋
晚上有人陪吗,光耀都安排好了
那就好,谢谢你
谢谢你,还记得来看我
你想吃什么我去给你买点,不用
不用,有两个月了
两个多月了,害得厉害吗
害得厉害吗,可能是个女孩
可能是个女孩,当年我怀着光耀害的厉害
当年我怀着光耀害的厉害,吃什么就吐什么
我还行,你多保重
你多保重,那个什么
那个什么,还怀着孕
还怀着孕,医院里别呆久了
医院里别呆久了,回吧
你小心点啊 妈,没事
还要吗,姐
姐,我对不起你
怎么了,小熊告诉我了
小熊告诉我了,那5万块钱是你借给他的
那5万块钱是你借给他的,他可真够混蛋的
他可真够混蛋的,他怎么能跟你借钱呢
他怎么能跟你借钱呢,你现在怀着孕是最需要钱的时候
你现在怀着孕是最需要钱的时候,你又没什么积蓄
你又没什么积蓄,你的收入又不多
那钱我是借给你们俩创业的,你还记得朱总吗
你还记得朱总吗,我都把他给拒绝了
我都把他给拒绝了,小熊居然背着我去跟他签约了
小熊居然背着我去跟他签约了,就算是创业也不能丢了
就算是创业也不能丢了,做人底线
做人底线,你说是吧
你说是吧,我跟小熊掰了
我跟小熊掰了,我不跟他干了
你们俩现在不在一块干了,不干
反正他给我打了欠条的,姐那钱要不回来了
为什么,我把它花了
全花了,全花了
那么多钱你是怎么花的,我给嘟嘟买了个包
5万块钱买了一个包,嘟嘟跟我分手了
嘟嘟跟我分手了,他想让我最后一次再给他惊喜
他想让我最后一次再给他惊喜,我不知道卡里的钱是你的
我不知道卡里的钱是你的,我也不知道那个包居然要5万块钱
我也不知道那个包居然要5万块钱,我随手就把卡给他了
我随手就把卡给他了,姐你放心
姐你放心,这钱我会想办法还给你的
我不是说钱 嘟嘟跟你分手了,分手了
彻底分手了,彻底分手了
有一件事我一直没有告诉你,什么事
嘟嘟曾经去过老刘家,他怎么会去老刘家
嘟嘟会不会是因为这个原因跟你分的手,不会 就算他以为我们俩有点什么
不会 就算他以为我们俩有点什么,他也不会相信你肚子里的孩子是我
他也不会相信你肚子里的孩子是我,毕竟我跟嘟嘟这么多年了
毕竟我跟嘟嘟这么多年了,我鲍家明是什么样的人
我鲍家明是什么样的人,他心里清楚
他心里清楚,他今天跟我说了
他今天跟我说了,他跟我分手真正的原因是我给不了他想要的那种生活
他跟我分手真正的原因是我给不了他想要的那种生活,一个包5万块钱
一个包5万块钱,你说这种生活我怎么给
你说这种生活我怎么给,姐今天是几号
11号,11号
11号,11号真是个特别的日子
11号真是个特别的日子,小熊跟我掰了
小熊跟我掰了,我工作也没了
我工作也没了,好了这么多年的女朋友也跟我分手了
好了这么多年的女朋友也跟我分手了,你说我在这天怎么这么倒霉
我就觉得我的孩子太无辜了,姐 姐
姐 姐,你说我是不是你损友
什么叫损友,雪上加霜的那种
雪上加霜的那种,你看 我把你钱花了
你看 我把你钱花了,我还厚着脸皮到你家来吃馄饨
我还厚着脸皮到你家来吃馄饨,然后我还让你背上不好的名声
然后我还让你背上不好的名声,是不是
是不是,你倒霉的事都是跟我有关
你前世欠我的,我得补偿补偿你
怎么补偿,我带你去个地方
这么晚去哪,你跟我走
你跟我走,我告诉你
我告诉你,这个地方是我的私人会所
私人会所,从安徽来上海以后
从安徽来上海以后,每次遇到什么不高兴的事
每次遇到什么不高兴的事,我都会到这里来
到这来干嘛,来散气
来散气,我要把身体里面所有的痛苦忧愁
我要把身体里面所有的痛苦忧愁,悲伤的不好的气都散掉了
怎么散,站好
站好,深呼吸
深呼吸,转一圈
转一圈,有没有觉得心情舒畅了一些
好像没什么感觉,因为你转太快了
因为你转太快了,集中注意力
集中注意力,闭上眼睛
闭上眼睛,开始 集中注意力 呼吸
开始 集中注意力 呼吸,停
停,什么感觉
轻松好多,不对
不对,你的气应该在这在球里
你的气应该在这在球里,我带你来是想带你踢一场球
我带你来是想带你踢一场球,这样你不好的气就可以踢走了
这样你不好的气就可以踢走了,来开始
我现在这个样子好像不能踢球,这样我帮你踢 你守门就行了
我守门你不会踢到我,我的脚法你还不相信吗
我的脚法你还不相信吗,来
等会儿,好了没
好了,大哥
大哥,我可是完全按照您的要求
我可是完全按照您的要求,8个人4张上下铺的床
8个人4张上下铺的床,这儿两张
这儿两张,这里边还有两张
这里边还有两张,被子、褥子、枕头全是我新买的
被子、褥子、枕头全是我新买的,你还满意吧
好,那是厨房
那是厨房,以后这一半就归你了
以后这一半就归你了,洗手间在这边
洗手间在这边,您看看
好,以后这一边就是我的咱们就和平共处
好,还有什么问题吗
就能不能再便宜点,大哥
大哥,你看那床
你看那床,被子、褥子、枕头全是我新买的
被子、褥子、枕头全是我新买的,我花了多少钱
我花了多少钱,你还要我便宜
你还要我便宜,这也太说不过去了
你看我什么时候能搬进来,你想什么时候搬
你想什么时候搬,越快越好
越快越好,你要说这会成
你要说这会成,我们兄弟都在小区门口等着
急着呢,行了那来了
真漂亮,已经不是了
你这是群租这是违法的,你轻点
你轻点,我不说他们不说就没人会知道
人家左邻右舍都不知道,他们又不可能每天都8个人同进同出谁会知道
他们又不可能每天都8个人同进同出谁会知道,我那天贴广告的时候正好被他们看见
我那天贴广告的时候正好被他们看见,他们很可怜
他们很可怜,从外地到上海的餐厅来打工
从外地到上海的餐厅来打工,结果老板不干
结果老板不干,他们没地方去
他们没地方去,你说连个着落都没有
我告诉你 你赶紧的 退了,怎么退我钱都收了
怎么退我钱都收了,一个人每个月200
一个人每个月200,一共1600
你看看他们现在在那屋子里用那电磁炉着火了怎么办,我明天不让他们用好吧
我要被你给气死了,姐你这句话说的太有女人味了
姐你这句话说的太有女人味了,你知道刚那人怎么说吗
你知道刚那人怎么说吗,他说你是我相好
别嬉皮笑脸的,你别生气了
你别生气了,我就是想早点把钱还给你
我又不是明天就等着生孩子,但你要补充营养
但你要补充营养,你看你现在怀着孕
你看你现在怀着孕,你还去红枫上班
你还去红枫上班,我怎么好意思欠你的钱呢
我怎么好意思欠你的钱呢,我现在每月可以收个房租
我现在每月可以收个房租,然后我就在电脑城那边做一份兼职
然后我就在电脑城那边做一份兼职,对了
对了,我明天还要去一家餐厅
我明天还要去一家餐厅,我去那谈唱是我以前的老板给我介绍的
你还挺能干的吗,你看我这么努力
你看我这么努力,你夸我一下
是你欠我钱还让我夸你,给我点鼓励
人家总算给登记上了,我跟你说
我跟你说,登记不等于解决
登记不等于解决,不等于办好
不等于办好,安置农民工没那么简单的
家明就让人操心,我说你对这个鲍家明是不是有点过度上心了
难道不工作了吗,你不要转移话题
你不要转移话题,我觉得你们两个人有点那个了
我觉得你们两个人有点那个了,上床了吗
姓方的我跟你绝交,kiss了吗
我不认识你,那拥抱总有吧
那拥抱总有吧,你你们两个人拥抱了是吧
我的妈 你至于这样吗你 礼节性的就像say hello,少来吧
少来吧,有没有一点点冲动
什么冲动,我教你啊
我教你啊,这男人跟女人拥抱
这男人跟女人拥抱,如果没有一点点性上的冲动和反应
如果没有一点点性上的冲动和反应,基本上就是兄弟姐妹手足情
是属于兄弟姐妹手足情,谁信呢
我信,你是不是因为他才跟我分的手
你是不是因为他才跟我分的手,你怎么干这个
你怎么干这个,在这弹吉他一辈子也挣不了几个钱
在这弹吉他一辈子也挣不了几个钱,回家吧
回家吧,你是不是早就跟他好了
你是不是早就跟他好了,你现在纠结这些有什么意义吗
你现在纠结这些有什么意义吗,我就是想知道
我就是想知道,你是先跟我分的时候才跟他好的
你是先跟我分的时候才跟他好的,还是你没跟我分手就已经跟他好了
还是你没跟我分手就已经跟他好了,这个很重要吗
这个很重要吗,对我来说很重要
对我来说很重要,鲍家明你别幼稚了
鲍家明你别幼稚了,你这个人安于现状
你这个人安于现状,不思进取
不思进取,胸无大志
胸无大志,我跟你在一起已经很累了
我跟你在一起已经很累了,我已经忍了很久了
我已经忍了很久了,我们分手是我们之间出现了问题和第三者没有任何关系
我们分手是我们之间出现了问题和第三者没有任何关系,我说过了
我说过了,我不要过那种看不到未来的生活
我不要过那种看不到未来的生活,我想过得舒服一点
我想过得舒服一点,轻松一点
轻松一点,可是这些你给不了我
可是这些你给不了我,所以我要去追寻我要的幸福
所以我要去追寻我要的幸福,难道这有错吗
难道这有错吗,你没错
你没错,是我错了
是我错了,对不起
对不起,我刚刚的话可能伤了你的自尊
我刚刚的话可能伤了你的自尊,我不是故意的
我不是故意的,还有那天刷卡我也不是没犹豫
还有那天刷卡我也不是没犹豫,只是这个包太喜欢了
只是这个包太喜欢了,5万块太贵了
5万块太贵了,回头我把钱还给你
回头我把钱还给你,5万块钱我挣得回来
5万块钱我挣得回来,钱我一定还给你
钱我一定还给你,我说不用
我说不用,你和我在一起这么多年
你和我在一起这么多年,吃了不少苦
吃了不少苦,我连一件像样的东西都没给你买
我连一件像样的东西都没给你买,我不是一个称职的男朋友
我不是一个称职的男朋友,这就算是我的一点心意
这就算是我的一点心意,家明
家明,要是在上海混的不好
要是在上海混的不好,回家吧 好歹有父母有家业
回家吧 好歹有父母有家业,不愁吃不愁穿
不愁吃不愁穿,也不至于沦落到跑这儿来弹吉他
也不至于沦落到跑这儿来弹吉他,走什么样的路我自己选
走什么样的路我自己选,好
好,我也走我自己的路了
我也走我自己的路了,这条路挺适合你的
这条路挺适合你的,祝你幸福
祝你幸福,对不起
对不起,祝你幸福
祝你幸福,姐真对不起
姐真对不起,这么晚了还把你叫出来
这么晚了还把你叫出来,你看你还怀着孕
你看你还怀着孕,都怪房东不好
都怪房东不好,你说他没事他报什么警是吧
我也义不容辞,姐
姐,我还真是第一时间就想到你了
我还真是第一时间就想到你了,我第一次来是派出所就是陪你来的
我第一次来是派出所就是陪你来的,我想上次是我陪你 这次也应该是你来救我了是吧
他们打你了吗,不过我现在后悔了
不过我现在后悔了,没听你的劝
没听你的劝,你说要是真打起来
你说要是真打起来,想起来还是挺后怕的是吧
想起来还是挺后怕的是吧,真挺后怕的
我啪啪啪我把那坏运气都给你打掉了,姐
姐,你咋那么神神叨叨的
你今天晚上住哪,住的地儿有的是你不用操心了
什么地儿,狡兔三窟
狡兔三窟,没听说过
你那两个窟在哪,我住我原来同事那儿
我认识吗,女的
谁呀,我说姐你能给我点隐私吗
我说姐你能给我点隐私吗,问这么多问题
问这么多问题,我谢谢你今天救我出来
我谢谢你今天救我出来,你看都这么晚了
你看都这么晚了,你赶紧回去
你赶紧回去,我真没事儿
我真没事儿,车来了
车来了,你赶紧走吧
你赶紧走吧,干嘛
干嘛,睡个好觉
睡个好觉,做好梦
是于果先生吗,我是于果
我是于果,哪位
有一位客人从旧金山飞过来 需要您接机,美国的 谁啊 你确定吗
她的名字叫夏小白,夏天的夏
夏天的夏,大小的小
大小的小,黑白的白
喂 于先生 您还在吗,喂 喂 我在 你说 你说 那个什么 她她 她几点到啊
什么情况呀 风风火火的,我问你一事
我问你一事,你还记得夏小白吗
我上哪记得去,就是咱们大学毕业前咱们去美国
说话带口台湾腔那个,对 就是她
你们俩还没翻篇儿呢,刚才机场给我打一个电话
刚才机场给我打一个电话,说让我去接一个从美国来的夏小白
你们俩从美国回来不就没联系了吗,说的是啊
那你去吗,我觉着 得得得 去吧
上个星期跟我信誓旦旦说我今年年底领证 谁啊,不是 我就发现你你 你这人就容易把事想复杂了
不是 我就发现你你 你这人就容易把事想复杂了,你能 你能把这事想成纯怀旧吗
你能 你能把这事想成纯怀旧吗,你说人家好不容易来趟中国
你说人家好不容易来趟中国,是不是
是不是,全中国就指着我这么一亲人
全中国就指着我这么一亲人,你说我 好 好好意思不去见吗
你说这种一脚踩两船 道德败坏的事是人能干的吗,那 那 要
那 那 要,换是你 你干吗
干啊,哈哈哈哈
你说人家干嘛找你 不找我呀,你别往那儿引啊
我现在觉得我这心里有点慌,我还慌呢
孩子你见着没有,见着了
跟你长得像不像,我就没敢仔细看
我就没敢仔细看,当时我一见孩子我就懵了
多大了,估摸着
估摸着,看样子有个七七八九岁
咱哪年去的美国,05年
是05年吗,是吧
现在应该六岁 六岁的小孩应该有 这么高,比这高 得这么高
那就对了 人美国吃的是黄油跟牛肉 肯定比中国孩子发育强啊,没这种假设
没这种假设,不可能有这种假设
不可能有这种假设,你想啊 是 当时我在美国确实确实跟夏小白有过那么一段
你想啊 是 当时我在美国确实确实跟夏小白有过那么一段,但是当回来之后我就跟她没什么联系了
但是当回来之后我就跟她没什么联系了,你说她要有孩子
你说她要有孩子,她为什么不告诉我呀
她为什么不告诉我呀,对吧
对吧,那人家没告诉我
那人家没告诉我,就是铁定了心 就不打算告诉我
就是铁定了心 就不打算告诉我,那你说突然间事隔这么多年她送过一个孩子过来
那你说突然间事隔这么多年她送过一个孩子过来,这不合乎情理吧 合吗
这不合乎情理吧 合吗,你觉着
生合也能合得上,走了
你干嘛去啊,分析什么呀 交车
那我就先走了 Summer,您二位来找我有什么事吗
便于你理解,啊 好
夏小白你认识吗,认识
也是你的儿子,你没搞错吧
你没搞错吧,他他 怎么可能会是我儿子呢
你可以叫我Taylor,然后呢
2006年6月26日 Summer出生了,那然后呢
做DNA亲子鉴定只需要5根就够了,那再然后呢
你过得很差,所以呢
你跟Summer就不再有任何关系了,我想弄得清楚一点
我想弄得清楚一点,你说我要在这张纸上签了字
你说我要在这张纸上签了字,那个小孩跟我就没关系了 是吗
那个小孩跟我就没关系了 是吗,我需要花钱吗
不用,哦
你需不需要看得仔细一点,我 我不需要
我 我不需要,你只需要告诉我在哪签字就行
最后一页,你看看行吗
还有一件事,不是都签完字了吗
我猜 你也想尽快摆脱这个麻烦 对吗,话不能这么说
话不能这么说,主要是如果我真的是 是他的父亲或者 他 就成为他的爸爸
主要是如果我真的是 是他的父亲或者 他 就成为他的爸爸,他 他那个时候才会失望
他 他那个时候才会失望,你你你 你说这件事 我我我 我是ok的
爸爸,停
停,我不是你爸爸
我不是你爸爸,我再跟你说一遍
我再跟你说一遍,你舅舅已经给我做过证了
你舅舅已经给我做过证了,我不是你爸爸
我不是你爸爸,你搞错了
你搞错了,嘘什么呀
那我给你写的信你收到了吗,什么信啊
什么信啊,亲爱的儿子 你好
亲爱的儿子 你好,非常抱歉没能参加你学校的舞台剧首演
非常抱歉没能参加你学校的舞台剧首演,没有办法
没有办法,那个时候爸爸正在撒哈拉沙漠的中央 执行秘密任务
那个时候爸爸正在撒哈拉沙漠的中央 执行秘密任务,这谁写的啊
你写的呀,怎 怎么可能是我写的呢
就是你写的呀,我没事
我没事,我我我 我跑撒哈拉干嘛去啊
我我我 我跑撒哈拉干嘛去啊,儿子
儿子,你好
你好,妈妈给我寄来你的演出录像
妈妈给我寄来你的演出录像,爸爸看到了
爸爸看到了,首先要恭喜你
首先要恭喜你,演出非常成功
演出非常成功,爸爸非常喜欢你演的稻草人
爸爸非常喜欢你演的稻草人,谁呀 谁这么缺心眼写这个
谁呀 谁这么缺心眼写这个,我看什么演出啊
你写的呀,我怎么可能写这些东西
就是你写的呀,我写没写我不知道啊
我写没写我不知道啊,你看着我干嘛
你看着我干嘛,我告诉你 这不是我写的
反正这就是你写的,你怎么那么死心眼
你怎么那么死心眼,我说不是我写的
我说不是我写的,你你搞错了
你你搞错了,真不是我写的 我写的
真不是我写的 我写的,我我 我那字有这么难看吗
我我 我那字有这么难看吗,怎么可能呢
怎么可能呢,不是我写的 你真 真的搞错了
不是我写的 你真 真的搞错了,我不是你爸爸
我不是你爸爸,是他自个拎着箱子来找我的 跟我半毛钱关系都没有
我有个建议,你说
夏天暂时由你照顾,你说什么
你说什么,你没事吧 由我照顾
你没事吧 由我照顾,你可说了 咱俩签了字
你可说了 咱俩签了字,他就跟我什么关系都没有了
他就跟我什么关系都没有了,你不能说话不算数啊
这是孩子自己的意愿,你也看见了我现在的生活状况
你也看见了我现在的生活状况,他他他怎么跟着我一块生活呀
Summer有权利了解自己的父亲,冷静
冷静,他了解我什么呀
他了解我什么呀,我是一个特别特别不靠谱的人
我是一个特别特别不靠谱的人,打眼一瞧就瞧得出来
打眼一瞧就瞧得出来,我这么不靠谱
我这么不靠谱,他了解我 越了解越添堵
他了解我 越了解越添堵,他最应该了解的人应该是你
他会想要留在这里,你说你是孩子的舅舅
你说你是孩子的舅舅,你这心怎么这么大呢
你这心怎么这么大呢,你 你怎么 怎么想的 就能把一孩子交给我这么一不靠谱的人
你 你怎么 怎么想的 就能把一孩子交给我这么一不靠谱的人,我我我 我挺想不通的
我我我 我挺想不通的,我其实
我就可以和爸爸一拯救世界了 拯救世界 拯救世界,你给我停下来停下来
你给我停下来停下来,你瞎蹦跶什么呀 蹦跶什么呀
你瞎蹦跶什么呀 蹦跶什么呀,这是床 你知道吗
这是床 你知道吗,知道那个床有多贵吗
知道那个床有多贵吗,再给蹦塌喽
爸爸 我们今天执行什么任务,咱俩没那么熟 瞎叫什么呀
咱俩没那么熟 瞎叫什么呀,睡觉
睡觉,你装睡 是不是 啊 你是不是装睡啊
你装睡 是不是 啊 你是不是装睡啊,睡觉
睡觉,我告诉你啊 我第一次跟小孩打交道
我告诉你啊 我第一次跟小孩打交道,别招我烦啊 招我烦我就轰你走
别招我烦啊 招我烦我就轰你走,我是暂时收留你
我是暂时收留你,你知道吗
你知道吗,知道吗
知道,睡觉
你干嘛去啊,你管我干嘛去啊
你管我干嘛去啊,你怎么那么爱管闲事啊
你怎么那么爱管闲事啊,我告诉你 你就踏踏实实在这睡觉
我告诉你 你就踏踏实实在这睡觉,听见没有
听见没有,这个房间里的任何东西都不许碰
这个房间里的任何东西都不许碰,你要是碰坏了我就让你赔
你要是碰坏了我就让你赔,你知道吗
你知道吗,睡觉
兄弟 我能问你一事吗,说
原来你是去拯救世界了,你成心的吧
哎哎哎 我给你开玩笑 嘛呀你,哎 你没事吧你 差不多得了啊
她怎么能想到写信这出呢,斯坦福的高材生啊 人家是
那么我现在就是这superman了,你没事吧你
你没事吧你,我现在都已经悔得肠子都断了好几截了
我现在都已经悔得肠子都断了好几截了,你甩什么片汤儿话跟这儿
你想听吗,你快快快 快说
后果你说怎么办,我就跟你讲 我 我现在都 都不敢往那方面想
我就跟你讲 我 我现在都 都不敢往那方面想,你说珊珊要知道这事
你说珊珊要知道这事,我估计我我这辈子就别想再有儿子了
那你打算怎么办,扛着呗 能怎么办呀
扛着呗 能怎么办呀,她反正现在在葫芦岛拍广告
她反正现在在葫芦岛拍广告,等她回来 怎么着也得半个月以后了
等她回来 怎么着也得半个月以后了,如果顺利的话
如果顺利的话,那时候 这孩子应该回美国了
那时候 这孩子应该回美国了,我就当什么事没发生呗
你看你 跟饿死鬼投胎似的,难得成吗
难得成吗,难得逮着你请我吃回串儿
难得逮着你请我吃回串儿,你今儿就当给你大侄子接风了
你今儿就当给你大侄子接风了,成不成
成不成,你叫什么来着
你叫什么来着,没关系没关系
没关系没关系,快吃快吃快吃
快吃快吃快吃,你大胜叔叔今天请客
你大胜叔叔今天请客,别心疼
别心疼,可劲儿吃
可劲儿吃,想吃什么吃什么啊 可劲儿吃
想吃什么吃什么啊 可劲儿吃,可劲儿喝 好吧来
有钱,有钱 哈哈
有钱 哈哈,干嘛啊
干嘛啊,干嘛 怎么了你
干嘛 怎么了你,辣辣 你喝呀 辣
辣辣 你喝呀 辣,有东西不喝
有东西不喝,你这什么傻孩子你说这
不是 你真让他喝啊 一会喝多了 这酒,酒怎么了
酒怎么了,哪个男的不喝酒啊
哪个男的不喝酒啊,行了
行了,你多喝点这没事儿
你搞什么啊,你怎么来了
我怎么来 我来看一下现代版的陈世美啊,她都跟你说了
心痛死她了,那我们家姗现在呢
你凭什么啊 我真的不知道怎么说你好,那都是认识她之前的事
你打算怎么办,那个仔呢 他有他的舅舅
那个仔呢 他有他的舅舅,是吧
是吧,人家很快就带着 带着仔就回美国了
你确定,特别确这事儿
那你错了吗,错
错,必须错 错大发了
为什么给他喝酒,喝酒有什么不好的
喝酒有什么不好的,杀菌消毒 再说你喝 他就能喝
如果遇到危险怎么办,这不是没丢嘛
我很想立刻带他走,我没拦着你
我会非常不开心,我还不高兴呢
我还不高兴呢,他在我这儿吃我的喝我的 我还不落好了是吗
他在我这儿吃我的喝我的 我还不落好了是吗,我这儿就这条件
我这儿就这条件,我没钱给他买面包黄油汉堡包
我没钱给他买面包黄油汉堡包,能过就过
能过就过,不能过你趁早带他走
这样子可以吗,这样并不是不行
表格填了吗,刚填了
做父子鉴定 是吧,对对对
那样本带了吗,这个是孩子的
这个是孩子的,刚才您的那个工作人员说让我给您
刚才您的那个工作人员说让我给您,我的他们已经采完了
我的他们已经采完了,呃 我我 我想问一下
呃 我我 我想问一下,这个最快什么时候能出来
你很着急 是吧,对啊
对啊,做这种鉴定肯定着急
你再到收费处交300块钱,还要付加急费呢
这是规定,那那那 那算了吧
7个工作日以后来取结果吧,那没什么事了是吧
没了走吧,好嘞
你笑什么呀你,我跟你说
我跟你说,你这不闲的嘛
你这不闲的嘛,你招他干嘛啊
你招他干嘛啊,姑娘
姑娘,我呢 不是不讲理的人
我呢 不是不讲理的人,这车呢 我认了 这件事咱俩私了
这车呢 我认了 这件事咱俩私了,这上边 这些摔的这些划痕呢
这上边 这些摔的这些划痕呢,我保证给你还原它
我保证给你还原它,但至于这车把呢 得换一新的
但至于这车把呢 得换一新的,那这钱算我的
那这钱算我的,你看成吗
当然得你出了 还得换原装的,必须原厂的
必须原厂的,呃 这个车把我查了一下
呃 这个车把我查了一下,差不多700块钱
差不多700块钱,可是呢 我现在没钱
可是呢 我现在没钱,得需要你先垫付一下
你说什么,你也别着急 啊
你也别着急 啊,主要呢 是我没钱
主要呢 是我没钱,我有钱我一定还你 对不对
我有钱我一定还你 对不对,你听过777吗
什么乱七八糟的,呃 首付77块钱
呃 首付77块钱,分7次还 7年还清
分7次还 7年还清,懂吗
你当我傻啊 你身上700块钱没有吗,你看我骗你干嘛啊
你看我骗你干嘛啊,你自己看 你自己看
你自己看 你自己看,你看我骗你了吗
你看我骗你了吗,你自己看你自己看
你自己看你自己看,我就这些名片 你看
咱们喝酒,您喝点水
您喝点水,嗯 大致的情况也就是这样了
嗯 大致的情况也就是这样了,我也是刚刚才知道的
那么 这孩子,我的 能确定吗
能确定吗,应该确定吧
哎呀 能不能确定不是你自己的事吗,我也刚做完鉴定
我也刚做完鉴定,人家还没出结果呢
唯独这一回 啊 哈哈哈 嗯 我走了,您这话没说完呢
于果于果你看我背 ,嗯 你背怎么了
嗯 你背怎么了,怎么了
怎么了,你这怎么弄的呀 啊 怎么弄的
好像是昨天站在外面被蚊子咬的,这么冷的天哪有蚊子呀 啊 痒吗
这么冷的天哪有蚊子呀 啊 痒吗,不许跟别人说啊 听见没有 手 听见没有
不许跟别人说啊 听见没有 手 听见没有,痒不痒
痒,哪儿痒啊
哪儿痒啊,不痒
不痒,抹点药就好了
抹点药就好了,知道吗
知道吗,男子汉大丈夫要坚强点
男子汉大丈夫要坚强点,怎么了
怎么了,你还这么看着我
你还这么看着我,脖子怎么了
我脖子痛,脖子怎么又痛了
脖子怎么又痛了,谁啊
谁啊,别动别动
别动别动,你怎么来了
顺便路过这儿 给我大孙子买点早点吃,你住五棵松
你住五棵松,我住大望路 怎么就路过啊
哎 你脖子怎么了,脖子没事
脖子没事,估计是落枕了
过来让爷爷看看,没事 我都看
没事 我都看,弄过了 没事 你放心啊 你放心
落枕,他估计就睡我那枕头
他估计就睡我那枕头,睡的吧 我那枕头有点高
睡的吧 我那枕头有点高,小孩可能睡不习惯
我走了,你干嘛去
我给孙子买枕头去,哎 我爹买的豆浆
你儿子啊,亲戚
你家老爷子都告诉我了,那你都知道了还问
当初咱俩签合同是咋说的呀,要单身未婚
要单身未婚,我是没结婚啊
那你这儿子咋回事啊,我都不知道有他这么一人
我都不知道有他这么一人,他也就待几天
他也就待几天,过几天就走
那这房租咋算呢,什么房租
什么房租,咱俩签合同都说好了
咱俩签合同都说好了,我在你这儿白吃白住啊
可没说是你儿子,那你什么意思
你儿子也就怎么交钱,行
行,还有别的事吗
你儿子怎么办啊,我扔这儿啊
我这儿是托儿所啊,行
行,那我能带着就带着
那我能带着就带着,实在带不了 我给他锁屋里 成不成啊
出现任何问题我概不负责,行
违者罚款,行
于果 我痒痒,痒痒 你挠一挠不就完了吗
痒痒 你挠一挠不就完了吗,没事儿
没事儿,那么娇气呢
于果 这是吃的还是抹的,你傻啊 吃的 一切费用均由我负责
你傻啊 吃的 一切费用均由我负责,真吃啊
真吃啊,你闲的吧你
你闲的吧你,我说什么你信什么啊
我说什么你信什么啊,你怎么那么缺心眼啊
你怎么那么缺心眼啊,这孩子啊 你这谁家孩子这么傻
这孩子啊 你这谁家孩子这么傻,怎么回事啊
怎么回事啊,真行
真行,我跟你讲啊
我跟你讲啊,从今天开始
从今天开始,我去上班
我去上班,我就得把你锁在这房子里
我就得把你锁在这房子里,知道吗
我不能跟你一起去上班吗,不能
为什么呀,哪那么多
哪那么多,为什么 我说不能就不能
那如果我饿了呢,饿了 看见什么吃什么呗 饼干
饿了 看见什么吃什么呗 饼干,这是什么
这是什么,花生
花生,给什么吃什么呗
给什么吃什么呗,简单吧
简单吧,还有 我告诉你
还有 我告诉你,在这个屋里的任何东西你都不许碰
在这个屋里的任何东西你都不许碰,明白了吗
明白了,再说一遍 听明白了没有
听明白了,大点声
听明白了,缺心眼的孩子
拨出去了,我还真挺佩服你的
我还真挺佩服你的,一晚上都不给人撂句明白话
不负责任的话我从来都不说,依您的意思
依您的意思,我说了一晚上不负责任的话啊
你真觉得他和这个李三妹合伙开旅行社靠谱啊,说实在的
说实在的,李三妹这人吧 我还真挺烦她的
李三妹这人吧 我还真挺烦她的,但是就事论事
但是就事论事,如果他们俩一块做事的话
如果他们俩一块做事的话,我觉得李三妹还挺靠谱的
我也觉得李三妹挺靠谱的,那你什么意思
那你什么意思,你该不会觉着齐大胜跟李三妹会怎么着吧
你该不会觉着齐大胜跟李三妹会怎么着吧,朋友 你想多了
朋友 你想多了,那李三妹明眼一瞧就知道不是齐大胜的菜
是你想多了,那你什么意思
手往下扶着点,啊啊啊 我 我 我没什么事
啊啊啊 我 我 我没什么事,我不着急
我不着急,我不着急
我就试试你这车修的怎么样,我修的车没问题 技术非常好 毋庸置疑
车把是原装的吗,车把是正儿八经原厂原装的
那你还欠我那700块钱呢,七 七百块钱我没说不还你啊
不是说分期吗,我发了工资就还你 还不成吗
别呀 你不是说777分7年还吗,不不不 没有
不不不 没有,我发了工资就还你
你不是没钱吗,有有 有钱
有有 有钱,我我 有钱
要不咱们上机场高速怎么样,不用不用 地 地铁站
不用不用 地 地铁站,地铁站就行 送到地铁站就行
走吧,行啊
行啊,开车挺猛啊
开车挺猛啊,走了啊
听到吗,喂喂喂喂 你这在哪儿
喂喂喂喂 你这在哪儿,我还在机场待着
我还在机场待着,你怎么不管我啊
我是薛丽啊 喂姗姗现在不方便接电话 让我替她接,不是 她干什么呢
不是 她干什么呢,她不方便接电话
八成今天晚上是盯上她了,不是 他不知道姗姗有男朋友啊
看来今天晚上走不掉了,这不是臭流氓
这不是臭流氓,这是什么呀
你快点来接她吧,你把地址赶快给我发过来
你把地址赶快给我发过来,我马上就到 还维尼哥呢 我就不信了
我马上就到 还维尼哥呢 我就不信了,起一美国60年代卡通片的名字
快来 快来 试试 试试,干嘛啊
喜欢吗,这不就是一破戒指吗
这不就是一破戒指吗,有什么喜欢不喜欢的
有什么喜欢不喜欢的,哟 还钻石的呢 这多少钱啊这个
哇 好吉利啊 包起来 包起来,包起什么啊包起来 十八万多的东西就买俩破戒指
包起什么啊包起来 十八万多的东西就买俩破戒指,没事吧 你
可惜我的卡只能透支20万了现在,二 二十万 可以干好多别的事呢
二 二十万 可以干好多别的事呢,你 你干嘛要买戒指啊
你 你干嘛要买戒指啊,咱俩又不结婚
咱俩又不结婚,你不会
你不会,上回当着我爸的面说
上回当着我爸的面说,要结婚那事是真的吧
你怎么都不笑啊,说实话我都没看进去
说实话我都没看进去,我满脑子就在想你那戒指的事
我满脑子就在想你那戒指的事,你笑什么呀
你笑什么呀,你 你赶快跟我论一下 你这戒指到底怎么回事
你这样好可爱啊,还行吧
我是送给他们当礼物的,哎哟喂 你 你吓死我了
哎哟喂 你 你吓死我了,我以为你真要跟我结婚呐
其实 其实我是想,什么呀 上来就一通说 真把自个儿当根葱了
明天来趟学校 把相关的费用交一下,什么费用啊
你上学不交学费呀,你们不是义务教育吗
以及全社会有排除阻碍学龄儿童身心健康的种种不良影响的义务,你说那么多 那你说 我交多少钱你们才义务
合起来 也就三千多块钱吧,三千多块钱呐
三千多块钱呐,我早知道三千多块钱我就给你请一保姆了
我早知道三千多块钱我就给你请一保姆了,小艾老师
小艾老师,咱现在还能退学吗
好棒呀,给我下来 再给人坐坏喽
来来来来来,没事
没事,闲的你上我车里干嘛来呀
连个说话地都没有了,人家孩子早睡了
人家孩子早睡了,你当跟咱俩似的呀
你当跟咱俩似的呀,有屁快放
小艾说要跟我同居,那你这算是修成正果呀
想先跟我试个婚,那试婚也得试全套的呀
而且还不给我灭火器 是一个道理,反正要是我 我忍不了 你呢
我 我忍了,你怎么那么贱呐
我看你最近心情也不咋地,能好吗
能好吗,我要跟你说
我要跟你说,我被姗姗逼婚了
我被姗姗逼婚了,你信吗
当初你跟夏小白不就,那能是一回事吗
不是 那 那你要怎么的,我就是害怕
我就是害怕,你说我现在要是退了
你说我现在要是退了,你会不会觉得我特别没人性啊
人家珊珊可都跟了你两年了,我也不知道该怎么办
我也不知道该怎么办,有时候我在想 你说我是不是陈世美再世啊
有时候我在想 你说我是不是陈世美再世啊,骨子里就带着陈世美的基因
骨子里就带着陈世美的基因,玩弄感情
玩弄感情,不负责任
我怕伤了你 兄弟,我也管不了那么多了
我也管不了那么多了,我觉着啊 大不了就结呗
我觉着啊 大不了就结呗,有什么呀
有什么呀,当年伤过一个
当年伤过一个,现在不能再伤第二个吧
现在不能再伤第二个吧,你说呢
你说呢,你问我啊
我告诉你,你有没有正形啊
你有没有正形啊,难怪人家要跟你试婚
难怪人家要跟你试婚,不试试你
不试试你,还真不知道你是什么人
看看 看看 帅不帅,帅吗
帅d得我都快晕菜了,你别逗了
你别逗了,我还是觉得我穿背带裤好看
我还是觉得我穿背带裤好看,你爸妈都属于商界巨鳄
你爸妈都属于商界巨鳄,火眼金睛一下把我看一底儿掉
火眼金睛一下把我看一底儿掉,我就是一破修车的
我就是一破修车的,穿成这样 根本就不符合我的气质
穿成这样 根本就不符合我的气质,你看 还阿玛尼
你看 还阿玛尼,我这样跟骗子似的
你都要配合我,你要说什么呀
叔叔你明知道我不喜欢韩国风的,就这么点事你都念叨20分钟了
就这么点事你都念叨20分钟了,我这伤不算什么
我这伤不算什么,回去再擦点药
回去再擦点药,过两天就唐尼了啊
过两天就唐尼了啊,你干嘛呢
我要发微博 我要让社会舆论谴责他们 你能不能不给我惹事儿,你能不能不 不给我惹事啊
你能不能不 不给我惹事啊,人 人家都给我钱了
人 人家都给我钱了,你
叔叔 你这么说显得好卑贱呐,好男人
好男人,好男人是什么
好男人是什么,好男人就是在外面卑贱
好男人就是在外面卑贱,回到家里让自个的女人幸福
回到家里让自个的女人幸福,这点钱你就拿着 想买什么就买什么啊
这点钱你就拿着 想买什么就买什么啊,香奈儿 迪奥 范思哲
香奈儿 迪奥 范思哲,您随便
现在距离和我爸妈见面还有一段时间呢,我就不跟你爸妈吃饭了吧
我就不跟你爸妈吃饭了吧,真没这心情
那怎么行啊 都跟他们约好了,你爸你妈不就想看我这张脸吗
你爸你妈不就想看我这张脸吗,我都已经变成这样了
我都已经变成这样了,就没脸去见他们了
就没脸去见他们了,你就别说他了成不成啊
我为什么不能说他,这事就让它过去吧 好不好
这事就让它过去吧 好不好,你现在再说他有点不合适
有什么不合适的,他是我儿子
他是我儿子,不是你儿子
你这么说我 太伤人了吧,我是就事论事
我就是他妈妈,那也是后妈
难道都应该顺着他 才要对他好啊,你当不当他后妈得结了婚再说
你当不当他后妈得结了婚再说,更何况谁说要结婚了啊
更何况谁说要结婚了啊,这结婚这事怎么现在就跟定了似的
这结婚这事怎么现在就跟定了似的,哪儿那么多废话呀
我们现在怎么回去,腿儿着
腿儿着,我问你
我问你,你刚才为什么把钱扔了
那钱脏,哪儿脏啊
他们看不起你,我就是一个不被人看得起的人
我就是一个不被人看得起的人,你知道吗
可是你是超级英雄,闭嘴
可是你是超级英雄,我让你闭嘴
可是你是超级英雄,再说 你再说 你再说把你扔下去再说
再说 你再说 你再说把你扔下去再说,你说 再说
你说 再说,再说
再说,你再说
于果 你别死呀,你给我起开
你给我起开,你看看我现在这个样子
你看看我现在这个样子,你看看我现在这个样子像超级英雄吗
你看看我现在这个样子像超级英雄吗,像超级英雄吗
像超级英雄吗,你过来看看过来看
你过来看看过来看,看看
看看,我像超级英雄吗
我像超级英雄吗,超级英雄 怎么想的你
超级英雄 怎么想的你,那都是你妈骗你的 你知道吗
那都是你妈骗你的 你知道吗,我骗你妈 你妈骗你
我骗你妈 你妈骗你,我活该我 我当时我答应你妈要回美国
我活该我 我当时我答应你妈要回美国,我答应她了
我答应她了,我没骗她
我没骗她,但你妈说我是超级英雄
但你妈说我是超级英雄,那就是骗你
那就是骗你,你知道吗
你知道吗,我就是一破修车的 破修车的
我就是一破修车的 破修车的,我屁股后头还欠了一堆债知道吗
我屁股后头还欠了一堆债知道吗,你哭什么
你哭什么,要哭的人是我
于果 我们回家吧 我想回家了,哪儿有家啊
哪儿有家啊,你回什么家呀
你回什么家呀,这是我的家
这是我的家,你的家在美国 回美国去 你给我回美国去
你的家在美国 回美国去 你给我回美国去,别跟着我
别跟着我,哪来的回哪去
哪来的回哪去,我跟你说你哪来的回哪去
我跟你说你哪来的回哪去,走开 别跟着我
于果 于果,别跟着我
于果 我要回去,别跟着我
于果,去 过来 你给我过来 去把你行李给我拿过来
不拿,去拿过来
我不能再没有你呀 于果,那是你自找的
那是你自找的,你本来就不应该在这儿
于果你别不要我,你给我撒手 撒手
你给我撒手 撒手,你干嘛呀 给我起来 起来
你干嘛呀 给我起来 起来,起来 你别自己找不痛快啊
起来 你别自己找不痛快啊,你自找的是吧
你自找的是吧,你现在自己找不痛快是吧 是不是
你现在自己找不痛快是吧 是不是,你是不是自己找不痛快
还有我的生日,你舅够趁钱的呀
什么叫趁钱啊,就是很有money
可是妈妈好像不想让我和舅舅在一起,为什么
我知道的 舅舅不知道你的秘密,我跟你说 这事以后不许再提了
我跟你说 这事以后不许再提了,听见没有
这是你问我舅舅对我怎么的呀,我就是想知道你舅舅是个什么样的人
我舅舅个特别特别缺心眼的人,你说的对
你说的对,去吧
于果,哎 那个 我那哥们拿到皮带了
嗯 那太好了,你说
你说,你说 咱们孤男寡女在这荒郊野外
你说 咱们孤男寡女在这荒郊野外,是不是应该干点什么呀
你什么意思啊,找个什么活动
找个什么活动,咱们消遣消遣 娱乐娱乐 打发打发时间呗
唱歌 跳舞啊,你唱你跳啊
你干嘛,拿东西
玩什么呀,斗地主
不会,敲三家
不会,捉黑叉
不会,那你要是说连炸金花都不会
那你要是说连炸金花都不会,我就鄙视你了啊
你鄙视我吧 我不会,嘿
嘿,什么态度啊
什么态度啊,那咱俩这么着
那咱俩这么着,咱俩 找你的吧
咱俩 找你的吧,你看还真是 你看
趁热吃吧,你看我干什么呀
你看我干什么呀,这大晚上你这么看我特瘆得慌
这大晚上你这么看我特瘆得慌,尤其是一男的我特别扭
你跟夏天处的怎么样,一个字 乱
一个字 乱,两个字 很乱
两个字 很乱,三个字 非常乱
我相信我跟夏天的未来会是美好的,其实我真的是不太明白你的意思
其实我真的是不太明白你的意思,你刚才说那个声明是什么声明
你就签了一份声明,我 我能请你
我 我能请你,我能请你说的再 再明白点吗
我能请你说的再 再明白点吗,我签了什么声明
上头这个 是不是你的亲笔签名,我说我没签过嘛 对不对
我说我没签过嘛 对不对,你笑什么
我想我们之间有点误会,我们之间什么误会都没有
表示面子越大,我不明白你现在跟我说这些是干什么
我不明白你现在跟我说这些是干什么,这大晚上你跟我扯什么闲篇啊
这大晚上你跟我扯什么闲篇啊,我真没工夫
我真没工夫,你知道吗
我希望你能谅解我,你说这话什么意思啊
你说这话什么意思啊,你现在把我说得越来越糊涂了
我觉得 这样子会让我们两个人都比较有面子,其实 其实 其实 我个人其实特别能理解 你刚才说那番话 但是也很难得
这是夏天的舅舅给夏天爸爸的见面礼,怎么说呢
怎么说呢,其实不管怎么说
其实不管怎么说,我们两个是亲戚 对吗
我们两个是亲戚 对吗,毕竟夏天管我叫爸爸 对吗
毕竟夏天管我叫爸爸 对吗,父子连心呐
所以下一次 等我们正式签合同的时候,你说这个话
你说这个话,你 你不会认为我刚才那个举动是想问你要钱吧 你不会那么想的吧
快 把苹果吃了,你不睡觉啊 还玩
你不睡觉啊 还玩,我跟你说话你听见没有啊
我跟你说话你听见没有啊,这么晚了还不睡
这是你爸爸让我给你的,什么东西
你先拿去用吧,你来我这么长时间了 是吧
你来我这么长时间了 是吧,我也没好好招待你
我也没好好招待你,你说 你想要点什么 啊
你说 你想要点什么 啊,尽管开口啊
尽管开口啊,要什么
不要,你这小破孩不要
你这小破孩不要,不要点什么自己想要的东西吗
不要点什么自己想要的东西吗,啊 比如什么吃的 喝的 玩的什么的
啊 比如什么吃的 喝的 玩的什么的,你尽管开口
我不要吃的,就没点什么想要的吗
嗯 我想去个地方,去个地方
这是谁的呀,喝牛奶长大的孩子就是识货啊
喝牛奶长大的孩子就是识货啊,这车呢 是我做的
我可以告诉杰瑞和麦克吗,谁呀这是
是我美国最好的朋友,就不要告诉美国的朋友了吧
就不要告诉美国的朋友了吧,他们会盲目崇拜的
他们会盲目崇拜的,更何况这辆车我还没做好
更何况这辆车我还没做好,我还差一样最重要的东西
什么呀,车载电脑
那车载电脑呢,我买不起呀
要多少钱,把你卖了差不多
你是不是再也不联系我啦,不能 不能
不能 不能,不能 不能 我最近就是太忙了
不能 不能 我最近就是太忙了,忙得我自己都快晕了
忙得我自己都快晕了,我这刚拿出电话想给你发个短信
我这刚拿出电话想给你发个短信,你这不就把电话打过来了嘛
谁信啊,真的 我短信内容都编好了
真的 我短信内容都编好了,我给你念念啊
我给你念念啊,宝贝 你在哪儿呢
宝贝 你在哪儿呢,我想死你了
真的假的呀,真的 离地三尺有神明
真的 离地三尺有神明,下有土地爷
下有土地爷,上有耶稣基督
上有耶稣基督,我能骗你吗
你的神可够国际化的啊,必须拜点洋神
必须拜点洋神,就我现在这样你都嫌我土
就我现在这样你都嫌我土,哎 对了
哎 对了,咱爸咱妈怎么样啊
咱爸咱妈怎么样啊,我请他们吃个饭
这次他们就在北京呆了两天 已经走了,那下次吧 下次 下次我请他们吃好的
那下次吧 下次 下次我请他们吃好的,要不我先弥补一下你
要不我先弥补一下你,请你吃顿披萨
正好 我还有个大事要找你商量呢,你不会又要跟我说结婚的事吧
见面再说吧,哦 好
这是什么,之前不是让你帮我垫了点钱嘛
之前不是让你帮我垫了点钱嘛,我现在稍微有点了就还给你
我有没有一次跟你提过钱的事,你说你们这帮富二代 怎么这么难伺候啊
你说你们这帮富二代 怎么这么难伺候啊,人家被还钱都是一件特 特别高兴的事
人家被还钱都是一件特 特别高兴的事,怎么到你这还不乐意了
本来嘛 感觉要跟我两清似的,咱俩两什么清啊
咱俩两什么清啊,我就是觉得一个大个老爷们花姑娘的钱
我就是觉得一个大个老爷们花姑娘的钱,这样不合适
这样不合适,太不像话了
感觉变化好大,我变了吗
我变了吗,其实吧 我也觉着我最近稍微有那么一 一点点的变化
其实吧 我也觉着我最近稍微有那么一 一点点的变化,我上个星期去做了一次亲子鉴定
然后呢,结果是 样本所有人为父子关系
然后呢,这还然什么后啊 夏天是我儿子
他本来就是你儿子啊,那是你们外人的看法
那是你们外人的看法,你像我们当事人 他其实不 不是那么想的
你像我们当事人 他其实不 不是那么想的,你明白吗
然后呢,我今年28岁
我今年28岁,这2012我没等着世界末日
这2012我没等着世界末日,我等着一儿子
我等着一儿子,你知道这件事对我来说就是一晴天霹雳
你知道这件事对我来说就是一晴天霹雳,你懂吗
你懂吗,他的出现就是把我的世界 劈劈劈劈劈 劈碎了
他的出现就是把我的世界 劈劈劈劈劈 劈碎了,你懂吗
然后呢,在他劈碎这个世界之后
在他劈碎这个世界之后,我终于看清楚了我这世界里都有什么
我终于看清楚了我这世界里都有什么,有家人 有朋友 有同事
有家人 有朋友 有同事,当然还有你 有好的有坏的
当然还有你 有好的有坏的,最重要的是 我的世界里有夏天
最重要的是 我的世界里有夏天,我这么跟你说吧
我这么跟你说吧,我不知道在很多年以前
我不知道在很多年以前,有一个姑娘在世界的另一头为我怀孕
有一个姑娘在世界的另一头为我怀孕,我更不知道她生下了这个孩子
我更不知道她生下了这个孩子,我没有经历陪她怀孕
我没有经历陪她怀孕,看她生孩子的这个过程
看她生孩子的这个过程,我更没有经历过第一次 就是 就没经历过夏天所有的第一次
我更没有经历过第一次 就是 就没经历过夏天所有的第一次,你懂吗
你懂吗,我没看见过他
我没看见过他,第一次哭 我没见过他第一次长牙
第一次哭 我没见过他第一次长牙,我没给他换过尿布
我没给他换过尿布,没给他喂过奶
没给他喂过奶,我没有陪他踢过球
我没有陪他踢过球,我更没有在他犯错的时候打过他
我更没有在他犯错的时候打过他,这些我都没经历过
这些我都没经历过,我怎么就当成一个爹了呢
然后呢,然后就是当我看着那个 那个鉴定结果的时候
然后就是当我看着那个 那个鉴定结果的时候,我就在想 这个小孩身体里留的是我于果的血
我就在想 这个小孩身体里留的是我于果的血,就像你流着你爸妈的血是一样的
就像你流着你爸妈的血是一样的,这这 这种关系你 我说这么多
这这 这种关系你 我说这么多,你听明白了吗
我不明白 真的不明白,也行
说了半天你的事 该说说我的事了吧,你什么事儿啊
你还记得上次跟你拼酒那个维尼哥吗,我记得
如果成绩好的话就可以签约那边经纪公司了,那这是好事啊
那这是好事啊,你去吗
因为他对我印象挺好的,对呀
对呀,他要对你印象不好
他要对你印象不好,那我不白跟他喝酒了吗
我想听听你的意见,我的意见就是去 必 必须去
然后生个小baby,千万不要为我放弃任何事 不值当 那是你的事业
千万不要为我放弃任何事 不值当 那是你的事业,你懂吗
你懂吗,你 你不是想当 想当那什么什么尼吗
你 你不是想当 想当那什么什么尼吗,你 你不去你怎么当 当那什么尼呀
所以他们俩才有现在的成就的,那是你爸和你妈 你爸你妈多伟大呀
那是你爸和你妈 你爸你妈多伟大呀,我多渺小啊
我多渺小啊,再说了 你知不知道生孩子是一件多么痛苦的事儿
再说了 你知不知道生孩子是一件多么痛苦的事儿,怀胎要十月啊
怀胎要十月啊,你看看那些孕妇 走哪儿就是吐 吐 吐
你看看那些孕妇 走哪儿就是吐 吐 吐,你说你能承受我都不信
你说你能承受我都不信,你的事业是模特
你的事业是模特,你生完了孩子 要想再出来干就没戏了
你生完了孩子 要想再出来干就没戏了,肚皮上全是褶儿
肚皮上全是褶儿,怎么穿那些好看的衣服啊
怎么穿那些好看的衣服啊,重要的是 现在是你事业的上升级
重要的是 现在是你事业的上升级,你 你不能说放弃就放弃
你 你不能说放弃就放弃,那个什么什么尼 还在那儿高高挂着呢
那个什么什么尼 还在那儿高高挂着呢,你得把她PK下去
你得把她PK下去,这是你的人生目标
这是你的人生目标,你爸你妈把你生下来就是让你给我于果生孩子的
你爸你妈把你生下来就是让你给我于果生孩子的,那他们要知道这事
那他们要知道这事,当然了
当然了,他们不说什么
他们不说什么,我都觉得不好这样
我都觉得不好这样,你听明白了吗
你听明白了吗,干嘛呢你
干嘛呢你,哎哟喂
哎哟喂,行啊你 你弄的
行啊你 你弄的,可以呀 来来来
慢一点,我慢着呢 你别动你别动
我慢着呢 你别动你别动,你别动
小心点,我小心着呢
我小心着呢,你看着前边 看前边 有楼梯啊
别把我的作品给毁了,说什么呢 来来来来 放这儿
咦 姗姗呢,走了
被我气走的吗,被我
那还打电话给她吗,打什么电话呀
打什么电话呀,女人不能惯着
女人不能惯着,开搓 来
开搓 来,进去
她今天看你那眼神都有点飘吗,有吗
有啊,是啊
是啊,是跟以往不太一样
是跟以往不太一样,哎 但是不行
哎 但是不行,你回来得跟她说说
你回来得跟她说说,你不能太盲目地崇拜
有道理 有道理 有道理,这样真的不好
先弄啊,何必呢 你说
那现在我能请你去吃饭了吗,她 她读的这些东西太深奥了
她 她读的这些东西太深奥了,我 我还是想跟你聊一聊
私底下,对 就 就咱们俩 我 说 说实在的这些 这些法律文件我根本看不懂
对 就 就咱们俩 我 说 说实在的这些 这些法律文件我根本看不懂,你是律师
你是律师,你是专业的
你是专业的,你想玩什么花样
你想玩什么花样,我 我我 我肯定看不出来
我 我我 我肯定看不出来,我现在想知道你怎么跟夏天解释这件事
他回美国的事,对
对,你怎么跟他说
你怎么跟他说,我为什么要跟他分开
我为什么要跟他分开,我跟他分开的原因
我跟他分开的原因,比如说我和你之间
你跟夏天的血缘关系 永远不会改变,那如果他要问你说 我我 我为什么不能跟他在一起
那如果他要问你说 我我 我为什么不能跟他在一起,你 你该怎么回答他
申请签证可能会花很长一段时间,那如果他要再回来找我呢
鉴定结果出来了是吗,对
对,出来了
出来了,但 但是跟 跟这个没关系
但 但是跟 跟这个没关系,我的意思是说如果 万一他要是回来找我
我的意思是说如果 万一他要是回来找我,怎么办
怎么了,干嘛扣这么紧
干嘛扣这么紧,像我这样 把衣服往后一撩 把手插在兜里
但是咱们这样不太好,觉得挺好啊
觉得挺好啊,看咱两了
看咱两了,有钱吗
有钱吗,零钱
零钱,来 以水代酒庆祝一下
能不那么二吗,怎么了
怎么着要做娱记,程老师跟你说的一模一样
程老师跟你说的一模一样,这么看来好像你们两个更有默契
说什么,没说什么
说,就是说治病救人
就是说治病救人,还有娱记
他是不是让你打听沈青川的情况,其实我觉得你误会他了
其实我觉得你误会他了,他就是不了解病人的情况
他就是不了解病人的情况,让我们查 好通知家属
没了,还有赵冲
还有赵冲,他说自己是柯南推理的
推理,就是瞎猜
就是瞎猜,瞎猜的
你们是不是都觉得我跟沈青川有关系,到底有没有
听到没有,听到了
行啊,程老师帮帮我
程老师帮帮我,她现在都不骂我了
你说你,别说我了
别说我了,我知道错
我知道错,赶紧帮我想办法
这事就算是过去了,可是第一
可是第一,我觉得他们还得谢谢我
我觉得他们还得谢谢我,要不然他们就要送红包
要不然他们就要送红包,第二
第二,赵冲的事吧
赵冲的事吧,我还真说不准
试试吧,这几点开门
还有5分钟,你还有一点时间可以后悔
为什么,我们只认识33天
你好,你好
你好,我叫李闻雨
我叫李闻雨,我是o型血白羊座
维多利亚好像是白羊座,维多利亚
维多利亚,贝克汉姆好像是金牛座
我已经看到我们的未来了,Me too
家里怎么说,留了微信你呢
留了一张请贴,let's go
结婚去,来了
来了,来
来,吃点降压药
好跟你们老年合唱团的哪个寡妇过,我们合唱团寡妇是挺多的
我们合唱团寡妇是挺多的,但是没有一个我能看得上
这是abcde维生素,给儿子打电话
给儿子打电话,打电话
打电话,蒙上 蒙上
蒙上 蒙上,蒙上 听话
不行5分钟一打,30秒一打
30秒,不是
不是,你怎么来了
你怎么来了,我参加婚礼
我参加婚礼,谁告诉你的
谁告诉你的,你早上起来打电话的时候忘了挂电话了
你早上起来打电话的时候忘了挂电话了,全让我听见了
全让我听见了,后悔吧
后悔吧,你来干什么
你来干什么,要钱
要钱,要什么钱
要什么钱,上个月不刚给你8000吗
上个月不刚给你8000吗,这么快就花完了
这么快就花完了,投资失败
投资失败,没钱 我不得管你要
没钱 我不得管你要,我没钱
我没钱,没钱没事
没钱没事,这 这是钱啦 彩礼嘛
这 这是钱啦 彩礼嘛,我算了
我算了,一共是
一共是,50600 600算我随小麒份了 5万投资
50600 600算我随小麒份了 5万投资,你怎么能看人家彩礼的清单
你怎么能看人家彩礼的清单,这是不道德的你知道吗
这是不道德的你知道吗,大哥我都吃不上饭了
大哥我都吃不上饭了,我没钱了
我没钱了,你赶紧的 钱在哪
你赶紧的 钱在哪,谁有
谁有,反正我没有
反正我没有,行
行,在谁哪我就管谁要
这样的话 我真的会打一个大问号,我也不知道会像今天这样的
我也不知道会像今天这样的,但是小麒有跟我说过
但是小麒有跟我说过,说他妈妈是一个难啃的堡垒
说他妈妈是一个难啃的堡垒,没想到今天还冒出来一个姐姐
你还坚持要结这个婚吗,即使像今天乱成这样
即使像今天乱成这样,我也一点都没有要离开小麒的意思
我也一点都没有要离开小麒的意思,我们俩之间听起来很可笑的誓言是发自内心的
就不怕被现实打败,有一点点怕
有一点点怕,但是誓言为什么要叫誓言
但是誓言为什么要叫誓言,一定是需要你去守护
一定是需要你去守护,需要你去坚持的
需要你去坚持的,一定不是一件很容易的事情
妈妈很欣慰,你还打我 家暴
结婚也不告诉我一声,我错了
你躲什么躲,我这不是给你吹这个水呢吗
他是怎么知道的,谁告诉他的
谁告诉他的,小麒呗
让他来砸场子,那会是谁呢
那会是谁呢,我一直跟你在一起
他目的是什么,他来干什么来了
他来干什么来了,她来要钱管我
你给他钱没有,我哪有钱给他
我哪有钱给他,真没给他
一分钱不许给他,我没钱
慢慢来得有个过程,我知道
大笑就不行了,反正你知道就好
反正你知道就好,你准备以后怎么报答我啊
怎么报答以身相许,你都已经许过了
你都已经许过了,这个不算
我什么时候,刚刚啊
刚 什么时候请明示,刚刚你都已经嫁给我了
此许非彼许,那还能怎么许
你别介意,我李闻雨什么风浪没见过
我李闻雨什么风浪没见过,再说了一般的试用期都是三个月
再说了一般的试用期都是三个月,你放心
你放心,我一个月就让你妈给我打5星好评
要不要给你一个赞,亲 包不包邮
不包邮,亲 点个赞
亲 点个赞,你妈妈叫什么名字
强是强大的强,则强 挺好听的
你连着念,原则强
原则强,袁则强
袁则强,我去 谁给你妈起的名字
所以叫袁则强,人如其名
如雷贯耳,你爸呢
不许笑,又不许笑
叫,我先笑完行不行
我先笑完行不行,不许笑 你说
台下的反应跟你一样,相比之下你的名字就太逊色了
对弱爆了,是 怎么着也得叫个童真 童装什么的
你怎么钻过来了,个小方便
一见钟情呢,性别
性别,女
女,年龄
年龄,88年生的属龙
88年生的属龙,几月份生人
几月份生人,4月1号
4月1号,春天的龙
春天的龙,我是白羊
我是白羊,你属龙的怎么又属羊的
你属龙的怎么又属羊的,你到底属什么
你到底属什么,不
不,我是属龙的
我是属龙的,我是白羊座
我是白羊座,白羊座是星座
白羊座是星座,星座什么意思
星座什么意思,星座就是有12个星座 是国外人研究的
星座就是有12个星座 是国外人研究的,能看出人的性格
能看出人的性格,我什么星座的
我什么星座的,您几月份生的
您几月份生的,我9月啊
我9月啊,9月份
9月份,处女座
处女座,你这孩子怎么能这样
你这孩子怎么能这样,你是受过高等教育的
你是受过高等教育的,怎么说话这么没大没小的呢
怎么说话这么没大没小的呢,我是男性
我是男性,我怎么能是处女座
我怎么能是处女座,我就是怵得慌
我就是怵得慌,它这个星座他不分男女的
我想想,你妈说我不能先坐床
管那么多干嘛 这几个意思,我
你后悔了,你后悔吗
我永远都不后悔,我觉得你妈还是会进来
我妈不会来了,我有预感他回来
快起来,怎么了
快去,不用看
不用看,我知道咋回事
我知道咋回事,你老去敲人家门
你老去敲人家门,人家没办法就敞着门睡
人家没办法就敞着门睡,省了你再敲去了
省了你再敲去了,这不就这么个事
这不就这么个事,还看什么
能是那么回事吗,就是这么回事
我问问去,我求你了
我求你了,快睡吧
快睡吧,你看都几点了
你看都几点了,东方都泛出鱼肚白了
东方都泛出鱼肚白了,有事明天再说
我问问去,快睡
快睡,听话
听话,困死了
你想我没有 我好想你,我也想你
我也想你,但是我现在没时间想你
但是我现在没时间想你,我收拾东西
我收拾东西,我今天早上又惹你妈生气了
我今天早上又惹你妈生气了,你这一上班我跟他两个人在家大眼瞪小眼的
你这一上班我跟他两个人在家大眼瞪小眼的,我就总惹他不高兴
你去看看,闻闻 我们今得出招了
闻闻 我们今得出招了,兵法有云
兵法有云,瞒天过海
瞒天过海,晚上我已订好酒店
晚上我已订好酒店,随时等我电话伺机出动
随时等我电话伺机出动,不管用任何方法
不管用任何方法,要让袁老师放你出门
要让袁老师放你出门,补上我们的洞房花烛夜
补上我们的洞房花烛夜,深吻
深吻,小样 还挺浪漫的
小样 还挺浪漫的,袁老师我想跟您请个假
怎么了,我有一个同学来北京了
我有一个同学来北京了,是上海的
是上海的,我想去跟他见一面
他叫什么,林心儿
坐飞机来的还是高铁,飞机 已经到了 他失恋了
飞机 已经到了 他失恋了,我正好就去陪陪他
我正好就去陪陪他,今天晚上可能就不在家住
那去吧,谢谢袁老师
对于这个孩子 咱们俩都得小心 警惕 得慢慢了解他到底是个什么样的人,聊啥呀聊
聊啥呀聊,孩子大了
孩子大了,人家年轻人有年轻人的生活
人家年轻人有年轻人的生活,你管那么多干什么
咱们这脸往哪放,这扫啥黄了
这扫啥黄了,你没看电影不也戴这玩意吗
你没看电影不也戴这玩意吗,不叫佐罗吗 一个Z在出来了 这有啥好扫黄的这
扔了扔了,离我远点保持距离
离我远点保持距离,安全距离
干嘛,什么干嘛
怎么了 我两还要保持什么距离啊,省得你妈到时候又给我扣上一个乱搞男女关系的大帽子
省得你妈到时候又给我扣上一个乱搞男女关系的大帽子,你往那边去点
你往那边去点,往那边去点
我就,快点
快点,1 2
1 2,我也太倒霉了吧
我也太倒霉了吧,我一良家妇女跟我老公约会
我一良家妇女跟我老公约会,被我婆婆扫黄打非了
被我婆婆扫黄打非了,幸亏你及时赶到
幸亏你及时赶到,要不然我跳进纯净水我也洗不清了
丁字裤 香槟什么都上哪去了,被妈没收了
喷到我妈脸上那点最少值200,什么时候了
什么时候了,你还有心思担心心疼你的红酒
你还有心思担心心疼你的红酒,我就奇怪
我就奇怪,你说你妈是怎么找到那酒店居然还知道门牌号
你说你妈是怎么找到那酒店居然还知道门牌号,他简直就是一女版的詹姆斯邦德
他简直就是一女版的詹姆斯邦德,你说她是不是在我脑子里装什么芯片了
你说她是不是在我脑子里装什么芯片了,就GPS定位那种
不太可能,怎么找不到我们 那破36计有什么用
怎么找不到我们 那破36计有什么用,你妈都已经进入现代战争阶段
你妈都已经进入现代战争阶段,拿一古代的破兵书
先想想这次怎么应对,那号称研究36期研究了这么多年了
那号称研究36期研究了这么多年了,你说啊
等他出招,等于没说
等于没说,你看小麒结个婚把你累的 这腿都有点肿了
他们能不能收彩礼什么的,肯定收了
你看见了吗,这还用看吗
这还用看吗,肯定有彩礼
肯定有彩礼,谁能空手来
那没顾上,我也没顾上
儿子没给我,也没给我
交给媳妇了,5万
5万,一分不少
一分不少,这什么意思
够了,1万就够了
1万就够了,为什么
这次这个够了,你人咋那么好呢
你人咋那么好呢,我跟你说句实话
我跟你说句实话,你别生气
你别生气,今天我来之前我还半信半疑
今天我来之前我还半信半疑,我以为你是个骗子
我以为你是个骗子,我现在一点都不觉得了
是吗,这辈子
这辈子,我命苦
我命苦,就我妈对我好
就我妈对我好,人家都说 世上只有妈妈好
人家都说 世上只有妈妈好,但我觉得你对我跟我妈对我一样好
但我觉得你对我跟我妈对我一样好,我的后半辈子就交给你了
行 缘分,我得感谢上天让我碰到了你
我得感谢上天让我碰到了你,大姐 你干啥呢
有点人样啊,我说你干啥
我说你干啥,缠这么厚干什么呀你
我包扎一下不应该,多大的口子
多大的口子,你也不至于包的跟木乃伊似的
谁像木乃伊,这跟出土文物有啥区别
你向着谁啊,他不是想着谁才不是故意的
他不是想着谁才不是故意的,你至于吗
你至于吗,你这样把孩子的吓着
别管,少包点大热的天再捂出痱子来去干它干嘛
少包点大热的天再捂出痱子来去干它干嘛,真的再捂
干嘛,我怕你睡着了着凉
让我中暑,这不是开着空调呢吗
热 拿下去,袁老师
袁老师,头还很疼
头还很疼,要不然我给你按摩按摩
哪来那么大力气,我去给您倒杯蜂蜜水
喝点糖就不疼了,我去给你倒杯菊花茶
我现在喝什么也去不了心里的火,对不起
对不起,对不起袁老师
我买菜去,我去
我去,不用我自己口袋里有
不用我自己口袋里有,您躺着马上就回来
您躺着马上就回来,你说这么大热的天去吃羊蝎子
你说这么大热的天去吃羊蝎子,你吃完了上火
你吃完了上火,咱不吃这个
咱不吃这个,我不怕上火
我不怕上火,我敢吃
我敢吃,你敢请我吗
你敢请我吗,你说没钱就说你没钱
你说没钱就说你没钱,抠死
抠死,你跟别人不一样
你跟别人不一样,你是我的亲人
你是我的亲人,你说你吃完了又跑肚又拉稀的
你说你吃完了又跑肚又拉稀的,我能让你遭那个罪吗
我能让你遭那个罪吗,这跟钱不钱扣不扣没有问题
这跟钱不钱扣不扣没有问题,这样咱俩往前走20步
这样咱俩往前走20步,走到谁家是谁家
走到谁家是谁家,走到大餐吃大餐
走到大餐吃大餐,走到海鲜吃海鲜
走到海鲜吃海鲜,你看如何
你看如何,行
行,就20步 多一步我也不走
就20步 多一步我也不走,就20步
就20步,那走
那走,好 等一下
好 等一下,你得按照我的跨度走
你得按照我的跨度走,你找一个我看看
你找一个我看看,就这样
就这样,得
得,我尽量吧
我尽量吧,你查着
你查着,预备 走
预备 走,1 2 3
1 2 3,咱这是去吃饭去吗
咱这是去吃饭去吗,20 算挺准 药店
20 算挺准 药店,刚才目测有点失误
刚才目测有点失误,没几步了
没几步了,顶多7步半坚持一下
顶多7步半坚持一下,我不 你说走20步我就走20步
我不 你说走20步我就走20步,多一步我也不走
多一步我也不走,我不走
我不走,好好 来
好好 来,我背你 来 站在上面 来
我背你 来 站在上面 来,你这身子骨行吗
你这身子骨行吗,你说你至于吗
你说你至于吗,你就省这两块钱
你就省这两块钱,你至于
你至于,你看看七步半把 真是的
你看看七步半把 真是的,你怎么就那么抠
你怎么就那么抠,你说我长这么大
你说我长这么大,你请我吃过一顿饭吗
你请我吃过一顿饭吗,就请这么一顿5块加8块13块
就请这么一顿5块加8块13块,你好意思
你好意思,海带丝9块
海带丝9块,9块加5块14块
9块加5块14块,你以后叫童抠得了
你以后叫童抠得了,别叫童心了
别叫童心了,我跟你说
我跟你说,我今天找你来
我今天找你来,有好事
有好事,我跟你说借钱真的爸真的没有了
我跟你说借钱真的爸真的没有了,你要是再管我借钱的话
你要是再管我借钱的话,我只能是砸骨头卖血了
我只能是砸骨头卖血了,钱的事别张口
钱的事别张口,您说您那点出息
您说您那点出息,我找你就是借钱
我找你就是借钱,你找我也没有别的事过
你找我也没有别的事过,我跟你说
我跟你说,我上次不从那拿了5万块钱吗
我上次不从那拿了5万块钱吗,我不是说投资吗
我不是说投资吗,你猜怎么着
你猜怎么着,赔了
赔了,啥赔了 你这
啥赔了 你这,120
120,这是红利 多的
这是红利 多的,我拿着我还得投资
我拿着我还得投资,这给你
这给你,我不要
我不要,干嘛
干嘛,不要 本钱从你那拿的
不要 本钱从你那拿的,这必须给你
这必须给你,我真的不要
我真的不要,你拿着
你拿着,你说那姓袁 自平时连个酒都不给你喝
你说那姓袁 自平时连个酒都不给你喝,你自己买瓶好酒
你自己买瓶好酒,只当我孝敬您的
只当我孝敬您的,不是你今儿怎么 从刚才 无精打采的 家里出事
不是你今儿怎么 从刚才 无精打采的 家里出事,你袁阿姨脑袋磕了一下
你袁阿姨脑袋磕了一下,磕成啥样了
磕成啥样了,流血了
流血了,流血拉脑袋歪了
流血拉脑袋歪了,脸歪了
脸歪了,植物人医院里躺着
植物人医院里躺着,我看他去
我看他去,不是你怎么那么恨她
不是你怎么那么恨她,不恨我真不恨他
不恨我真不恨他,我喜欢还来不及了
我喜欢还来不及了,不是 你干嘛去
不是 你干嘛去,老童 老童
老童 老童,袁老师吃饭了
你也坐下来吃,我一会再吃
怎么有点苦,粥里我放了莲子心败火的
没放盐,我放了
我放了,这里还有咸菜
这里还有咸菜,所以我这个菜的盐就放少
所以我这个菜的盐就放少,你要是觉得淡的话
你要是觉得淡的话,我一会再加点
躺着歇会,您头还疼
你旁边有人吗,没人
没人,咱这不挣点钱
咱这不挣点钱,我在外面吃龙虾
你要不要买进,当然 当然买
就是你这种果断,一会我就把钱给你汇过去
一会我就把钱给你汇过去,等着拜拜
乖 好这样,多少个意思
跟街坊邻居都认识,你以为这是好事
你以为这是好事,我跟你说我跟你妈生活这么多年的经验
我跟你说我跟你妈生活这么多年的经验,你妈那张现在的脸就是一张风雨欲来风满楼的脸
说的鸡皮疙瘩都出来,我有切身的体会 小子
我得保护闻闻,我对你说舍不得孩子套不着狼
我对你说舍不得孩子套不着狼,现在只有把你老婆舍出去才能知道你妈想干什么
刚才那些别往心里去,都怪我下手那么重
都怪我下手那么重,把你妈打成那样
他不得把面子找回来,反正是怪我太鲁莽了
反正是怪我太鲁莽了,要不然就没有这些事了
老女人斗者雅各,反正我现在是很惨了
反正我现在是很惨了,我在你妈这边罪上加罪的
我在你妈这边罪上加罪的,我肯定永世不得翻身了我
我肯定永世不得翻身了我,我都说了我朋友一会就来
我都说了我朋友一会就来,你催什么催
你催什么催,我没钱我能点这么大一包间吗
我没钱我能点这么大一包间吗,看没看不差钱
等你朋友来了再上可以吗,我要就不
点一个这个,你们这价钱还可以
你们这价钱还可以,你给我来只澳门龙虾
只有澳洲龙虾,那就澳洲龙虾 10斤的有吗
只有两斤重,没有
没有,你就给我来一个神虎肥牛刺身 5斤的
我们这边也没有这个菜,兄弟我点什么你什么没有
兄弟我点什么你什么没有,你还催我不点菜
你还催我不点菜,真逗
真逗,这世道有钱没地花了
这世道有钱没地花了,那得了 你这留着 我再看
那得了 你这留着 我再看,你先给我来杯白开水
您稍等一下,你关门干吗
不关门怎么睡觉,可是你妈的夺命三声还没有敲响呢
睡觉吧,我不困
来赶紧睡觉,我现在不困也睡不着
我现在不困也睡不着,就算要睡
就算要睡,也等到你妈三声敲响以后再睡
所以你说我自己一个人我也没法睡,你可以先休息
你可以先休息,然后一会再睡觉
我向你保证今天晚上没有任何人来打扰我们,可以相信你吗
我用我的人格担保,好吧
好吧,我就再一次相信你的人格
我就再一次相信你的人格,你怎么起来了
你怎么起来了,怎么不多睡会
你干嘛,我这起来不就是喂鱼吗
我这起来不就是喂鱼吗,浇浇花
浇浇花,我这一想这鱼食可能喂多了
我这一想这鱼食可能喂多了,我又捞出点来
我又捞出点来,花的水浇多了
花的水浇多了,又往里头添了点土
赶紧的帮我把创可贴找着,找创可贴干嘛
这都没了 你把我这贴上,贴它干啥
贴上,干啥干啥呀
你快点的 我再装一天,不 你装着累不累
不 你装着累不累,你说你一下台阶头晕
你说你一下台阶头晕,你一吃饭拿筷子 我是不得脑震荡了
你一吃饭拿筷子 我是不得脑震荡了,你多辛苦 听话
你多辛苦 听话,咱就不装了
咱就不装了,该干嘛干嘛
该干嘛干嘛,在这说了现在外头30多度
在这说了现在外头30多度,你说你贴个这玩意就容易得皮肤癌你知道吗
我都憋不住了,是刚才我都笑场 你爸突然问我我都蒙了
是刚才我都笑场 你爸突然问我我都蒙了,不知道该怎么回答了
我做了一个非常重要的决定,什么
我准备带你去度个蜜月,你想我们万一在酒店 咱们在睡觉的时候
你想我们万一在酒店 咱们在睡觉的时候,结果你妈过来给你盖被子怎么办
这是个挺恐怖的事,要不然我们可以去远一点
不行,那去巴厘岛呢
也不行,咱们去的再远点去南极
我想想,想快一点
你看,我去你真订了
国家级的机密,真的可以去一个没有你妈的地方
真的可以去一个没有你妈的地方,然后痛痛快快玩几天了
然后痛痛快快玩几天了,这次我们一定要谨慎谨慎再谨慎
这次我们一定要谨慎谨慎再谨慎,不能出任何问题
我吃点亏 来,好了
好了,亲过了
我怎么没感觉,这次我要去海洋公园
这次我要去海洋公园,我去海洋公园拍照片
我去海洋公园拍照片,还要去桥底吃炒蟹 然后去迪士尼玩三天 那我们什么时候出发呢
成功的把快递给接了,放心
放心,我一定谨慎谨慎再谨慎
我一定谨慎谨慎再谨慎,这个事情就包在我身上
拜托,好的
好的,今天这个邮件是你妈先收到的
今天这个邮件是你妈先收到的,然后给了我
他打开了,没有
没有,但是上面有这个
旅游公司,你妈会不会有所察觉
你妈会不会有所察觉,可是你妈是做警察的
又不是不告诉他,万一你妈从这一点上有什么感觉
万一你妈从这一点上有什么感觉,觉得我们要去旅游
觉得我们要去旅游,把她自己扔在家里
把她自己扔在家里,她心里多难过
她心里多难过,所以我们还是坦白从宽
所以我们还是坦白从宽,你想没准你妈是很开明的妈妈
你想没准你妈是很开明的妈妈,然后她能够理解我们需要度蜜月
然后她能够理解我们需要度蜜月,然后她又同意了
然后她又同意了,这样不是皆大欢喜
这样不是皆大欢喜,我们又没有骗她
你有幻想症吧,我说认真的呢 试试吧
我说认真的呢 试试吧,反正你也说了
反正你也说了,你妈也没有港澳通行证
你妈也没有港澳通行证,即使咱们跟他说了
即使咱们跟他说了,他也去不了
他也去不了,还不如我们自己主动的跟他承认错误
还不如我们自己主动的跟他承认错误,走吧 就这样
规矩点,则强 我觉得你这个人太逗了
则强 我觉得你这个人太逗了,你说人家小两口去度蜜月
你说人家小两口去度蜜月,你这1万多度大灯泡子跟着干什么
去香港多高兴的事,你当婆婆也这么长时间了
你当婆婆也这么长时间了,也该歇歇了
咱们之前去过一次是吧,97年下半年去的
97年下半年去的,怎么没去过  什么记性 澳门倒是没去
顺便监督李闻雨,人家闻闻是你儿媳妇
人家闻闻是你儿媳妇,不是你犯人
不是你犯人,也不是你嫌疑人
也不是你嫌疑人,你怎么能这样
你怎么能这样,你得端正思想
我给你说 儿媳妇就相当于犯人,老公 今天下班以后早一点回来
你这是怎么了,我最近好背
我最近好背,我衰死了
咱家有钱 蛋多的是,不是那几个蛋的事
那什么事,我最近干什么都错
我最近干什么都错,我以前在家里不是这样的
我以前在家里不是这样的,我以前在家做什么
我以前在家做什么,我妈都说好吃
我妈都说好吃,我妈说我是个天才可我最近做什么错什么
没什么问题,我可是老做错事
你说你别跟他急,我就在这边
我就在这边,我老是觉得他
我突然想起了一奇招,什么奇招
屡试不爽,那是你妈我用能管用吗
不能接受他也得接受,怎么卖萌
有事打电话,咋咋咋 快说 底下那么多人等着我呢
咋咋咋 快说 底下那么多人等着我呢,说说咋回事
说说咋回事,感冒了
感冒了,几个意思啊
几个意思啊,爸 我要重新做人
爸 我要重新做人,重新做人好啊
重新做人好啊,我要洗心革面
我要洗心革面,洗心革面好啊
洗心革面好啊,我要脱胎换骨
我要脱胎换骨,我要挣好多的钱
我要挣好多的钱,先把自己养好了
先把自己养好了,对
对,然后养我妈
然后养我妈,我还要给你养老
我还要给你养老,还有给你送终
还有给你送终,爸你支持我吗
爸你支持我吗,支持啊
支持啊,真的
真的,你表个态 来来
你表个态 来来,来来
来来,我都准备好了
我都准备好了,你这是干什么
你这是干什么,你说干什么
你说干什么,你最拿手的那是什么
你最拿手的那是什么,来
来,我的字不值钱
我的字不值钱,我还在学习阶段
我还在学习阶段,怎么不值钱
怎么不值钱,爸 你知道毕加索那画为啥好吗
爸 你知道毕加索那画为啥好吗,别人看不懂呗
别人看不懂呗,对
对,就是这个原因
就是这个原因,所以你的写
所以你的写,写什么写洗心革面还是重新做人
写什么写洗心革面还是重新做人,我又不是刚放出来的
我又不是刚放出来的,你得写一个让人家励志的
你得写一个让人家励志的,写什么呀
写什么呀,就写
就写,挥泪大甩卖
挥泪大甩卖,这还没开张
这还没开张,你甩什么
你甩什么,你不懂
你不懂,现在都是叫策略
现在都是叫策略,比如写什么三天跳楼价
比如写什么三天跳楼价,你三个月过去看他还在那
你三个月过去看他还在那,我这不是助纣为虐
我这不是助纣为虐,我爸这字现在越写越好了
你干嘛 怎么了,我觉得我太笨了
我觉得我太笨了,我怎么能那么笨
正常的人说正常的话,袁老师我就真的觉得我最近实在是太笨了
袁老师我就真的觉得我最近实在是太笨了,我怎么能那么笨
我怎么能那么笨,你想 我从今天早上把那几个鸡蛋摔完以后
你想 我从今天早上把那几个鸡蛋摔完以后,我觉得我这个笨就已经发展到极致了
我觉得我这个笨就已经发展到极致了,但是我真的并不准备把这个笨进行到底
但是我真的并不准备把这个笨进行到底,所以我就向小麒去求教了
所以我就向小麒去求教了,他告诉我说要撒之以娇卖之以萌
他告诉我说要撒之以娇卖之以萌,然后我就那什么了
管用了吗,不管用
为什么要这样,因为我真的很想把所有的事情做好
因为我真的很想把所有的事情做好,我真的不想惹您生气
我真的不想惹您生气,我看见您生气的时候
我看见您生气的时候,其实我也挺心疼的
其实我也挺心疼的,可是我就是太笨了
可是我就是太笨了,我老是做错事
我老是做错事,我希望我可以把您交给我的所有事情都做好
我希望我可以把您交给我的所有事情都做好,我希望您能喜欢我
我希望您能喜欢我,我希望您能够接受我
请问这是袁则强的家里吗,是
你们家已经欠了两个季度的物业费没交了,两两个季度多少钱
现在加一起一共是1800块钱,这么多
我我肚子现在,你不会骗子
你看看那上面有我们公司的地址,行吧
行吧,你别说了
你别说了,我进去给你拿钱
我进去给你拿钱,你稍等一下
这什么呀,这是交物业收据
你什么时候交的,刚才人上门来收了
刚才人上门来收了,说咱们欠了好几个月的
说咱们欠了好几个月的,而且大热天的怪不容易的
而且大热天的怪不容易的,我就给交了
要回去,刘老师这都交了
刘老师这都交了,人家收据也给了
人家收据也给了,怎么要
你可倒好,我不知道有这么回事
我不知道有这么回事,然后我觉得物业给业主维修房子是他们的义务
然后我觉得物业给业主维修房子是他们的义务,只要我们去叫他们应该给来修的
走 到物业去,兄弟
兄弟,最近我有点罗锅子上山钱紧
最近我有点罗锅子上山钱紧,借我点钱呗
可现在给你拿 5000,5万
没有,把这放着
把这放着,听我跟你说
听我跟你说,贤弟
贤弟,贤弟你帮帮我吧
你又不是不知道 你要钱管他要钱,是 你妈每个月给我1500块钱
是 你妈每个月给我1500块钱,可是我跟你不一样
可是我跟你不一样,我不像你 你吃我的不给我钱 住我的
我不像你 你吃我的不给我钱 住我的,你不给我钱 花我的
你不给我钱 花我的,你不给我钱
你不给我钱,你连早餐都是我来买
你连早餐都是我来买,我是什么人呢
我是什么人呢,我有个单位
我有个单位,我有朋友
我有朋友,我得社交
我得社交,他不够
他不够,你们公司每年的交通费下来没有
您不会是给我找了一小妈,我有那胆吗
我有那胆吗,我再找个妈
我再找个妈,我家里有你一个妈就够了
我家里有你一个妈就够了,我再找个妈我不是作死吗
说吧 要钱干嘛,行
行,我就实话跟你说
我就实话跟你说,兄弟 来 坐下
兄弟 来 坐下,是你姐
是你姐,童娟
我猜到了,你猜到了你还跟我啰嗦什么
你猜到了你还跟我啰嗦什么,赶紧的
超过500我都没有,我是担心 今天你姐问我咱家的地址
我是担心 今天你姐问我咱家的地址,我是怕 我真是怕他找上门来
也没人告诉他 上哪找去,他什么人
他什么人,他是一般的人吗
他是一般的人吗,他侦查能力多强
他侦查能力多强,咱们家为什么搬家
咱们家为什么搬家,不就上一次跑到咱家来了
不就上一次跑到咱家来了,才搬到现在这个家
才搬到现在这个家,你说他真要找上门来
你说他真要找上门来,跟你妈闹起来了
跟你妈闹起来了,你妈昏过去了
你妈昏过去了,你说遭罪的不是咱们俩吗
他能跟你,他跟我了
他跟我了,我从我们单位一出来
我从我们单位一出来,往左边一抬头一看
往左边一抬头一看,你姐我赶紧的开上咱们家的车我就跑
你姐我赶紧的开上咱们家的车我就跑,我透过透视镜一看 他截了个出租
我透过透视镜一看 他截了个出租,你知道我怎么把他甩的 亏了
你知道我怎么把他甩的 亏了,我这个人有智慧有计谋
我这个人有智慧有计谋,反侦察能力强又机灵
反侦察能力强又机灵,反应又快
反应又快,我就开着车
我就开着车,甩了
以后小心就行了,袁老师对不起
袁老师对不起,我重新买一个赔给你
你花钱上哪买去,对不起
对不起,我不知道这么珍贵
我不知道这么珍贵,他跟别的杯子放在一起
他跟别的杯子放在一起,我以为是水杯我就用了
随便动东西,对不起
太可惜了,对不起 袁老师
对不起 袁老师,袁老师
别站在我背后说话,我拿了相机
我拿了相机,一会小麒回来
一会小麒回来,我给你们拍一张照片
我给你们拍一张照片,然后我出去重新给你们做个杯子
他还跟我撒娇吗,撒娇那个一会让他摆一下
撒娇那个一会让他摆一下,然后学士帽我给你P上去 褶子
然后学士帽我给你P上去 褶子,我给你P掉
怎么P他也P不回原来那样了,对不起
你能理解吧,能理解
你跟我儿子结婚的时候收的那些礼金在哪呢,我不知道
是不是你花了,我没花 我没花
嫌疑人在撒谎的时候 身上肯定有事,袁老师 可能我是您的嫌疑人
袁老师 可能我是您的嫌疑人,但我不是犯人
但我不是犯人,我只能说那笔钱我根本就没看见过
这孩子从小到大就没干过这事,袁老师你不能因为这个钱小麒没拿
袁老师你不能因为这个钱小麒没拿,你就认定是我拿的
那它哪去了,那它哪去了
你问谁呢,我问我自己
我问我自己,袁老师可能我在你心里边是做事情毛毛躁躁
袁老师可能我在你心里边是做事情毛毛躁躁,可能有一些自作主张
可能有一些自作主张,但是你不能把这种没有确定的事情就强加在我的身上
但是你不能把这种没有确定的事情就强加在我的身上,就怀疑我的人格
就怀疑我的人格,像这种莫须有的事情我是不可能承认的
跟我回家,那是你家
那是你家,不是我的
别这么说行吗,我该怎么说呢
我该怎么说呢,我跟你结婚到现在
我跟你结婚到现在,我在你家里一直都像一个陌生人
我在你家里一直都像一个陌生人,我前前后后都是雷
我前前后后都是雷,我怎么做都是错
我怎么做都是错,童小麒 就算我妈再不靠谱
童小麒 就算我妈再不靠谱,她也是宝贝了
她也是宝贝了,我20多年
我20多年,我真的没有受过这些委屈
我真的没有受过这些委屈,我真的已经很努力了
我真的已经很努力了,如果你妈不喜欢我的话
如果你妈不喜欢我的话,我怎么努力都是没用的
我怎么努力都是没用的,别劝我回去
闻闻一宿没回来吧,你咋知道呢
门外有没有动静我还不知道,不还是你把人家孩子气走了
你干嘛去上,厕所啊
上厕所你带什么手机,哪有手机
哪有手机,哪有
两手都给我,俩都伸出来也没有 我想装裤衩里 掉出来了 我想给童娟打个电话
俩都伸出来也没有 我想装裤衩里 掉出来了 我想给童娟打个电话,告诉他别上家里来
告诉他别上家里来,我不是怕惹你生气
知道吗,行
行,我跟他好好说说
我跟他好好说说,我上厕所了
今天要不是你都不知道该怎么收场了,没事
没事,赶紧上班去吧
我是你的专职撒气筒,我没忍着
我没忍着,虽然大笔一挥又出去了5万
虽然大笔一挥又出去了5万,但我属于债多了不愁型
要还也是我童小麒来还,什么你的我的 我们是一家人
我这辈子除了从娘胎里出来,就是把你李闻雨给娶了
这就是我最正确的一件事,我就知道
我很真诚的,我知道 上班去吧
来尝一个,不想吃没胃口
不想吃没胃口,干吗
我熏熏 看看能不能熏走,好了
好了,我今天去面试的那家公司还号称是业内翘楚
我今天去面试的那家公司还号称是业内翘楚,结果他们关注的都不是作品
结果他们关注的都不是作品,先问一些个人隐私什么
先问一些个人隐私什么,你准备什么时候生孩子
你准备什么时候生孩子,你为什么不当全职太太
你为什么不当全职太太,这些
要我们公司招人的话不也都问这些问题,考虑再考虑 我连生活费都交不起了
考虑再考虑 我连生活费都交不起了,到时候你妈又要跟我叨叨
给你出新规矩了,我就吃了一半
我就吃了一半,剩下那一半钱你出
剩下那一半钱你出,还有这个鸡翅我也就吃了一个
我去这什么情况,没什么情况
没什么情况,你妈就让我们俩之间实行AA制
你妈就让我们俩之间实行AA制,我就先习惯
我就先习惯,我怕我到时候不适应
你还跟他当真,我仔细的想了一下
我仔细的想了一下,我觉得你妈说的有道理
我觉得你妈说的有道理,我之前是一个独立自主的小白领
我之前是一个独立自主的小白领,虽然没有强大到女权主义者
虽然没有强大到女权主义者,但好歹我也是勤勤恳恳的在为自己买单
但好歹我也是勤勤恳恳的在为自己买单,现在倒好
现在倒好,我成为一个只能依附别人的包袱了
丢人,童小麒
童小麒,虽然我很欣赏你顶着一坨方便面发型在这里得瑟
虽然我很欣赏你顶着一坨方便面发型在这里得瑟,可是我还是要严肃的告诉你
可是我还是要严肃的告诉你,这真的不是小事
这真的不是小事,我的确不该把有限的生命花在无穷的浪费中
我的确不该把有限的生命花在无穷的浪费中,我应该找到一份合适自己的工作
我应该找到一份合适自己的工作,然后到广袤的是一种大展拳脚
我妈这是什么情况这是,我跟你说
我跟你说,根据我的判断
根据我的判断,你媳妇今天肯定惹祸了
你媳妇今天肯定惹祸了,而且这祸惹的还不小
他出去工作了,会不会是你姐来了
我妈肯定不是这反应,我跟你说你说我这一把骨头
我跟你说你说我这一把骨头,就我这年纪我是真经不起这三天两头的这么折腾了
就我这年纪我是真经不起这三天两头的这么折腾了,我跟你说 贤弟啊
我跟你说 贤弟啊,你一定得帮我
你还老犯怵 这仗怎么打,你放心
你放心,我一定努力
我一定努力,我一定想尽一切办法坚强起来
我一定想尽一切办法坚强起来,但是今天你必须得帮我 听见没有
但是你没告诉你穿成这样,那去游泳还要穿泳装
你见过有谁穿着泳装逛商场的吗,我去的那是正规商场
谁管你以后,我也不想穿成那样 穿成那样我也做了很长时间的思想建设
我也不想穿成那样 穿成那样我也做了很长时间的思想建设,但也没办法
但也没办法,工作需要
你推销东西穿成那样干嘛,我也想找穿的正常一点的工作
我也想找穿的正常一点的工作,可是现在工作很难找
你可以不工作,我怎么交给你妈生活费
我给你钱不天经地义的事,你自己那份你还难保呢
这往后怎么办,我不知道你妈妈今天自备了服化道
我不知道你妈妈今天自备了服化道,进我们商场演了一把激情戏
但是对于你来说真的不合适,到底什么工作合适
真的别急,谁的
我抱着你,有老公真好
你妈,妈 在外面买几个橙子
妈 在外面买几个橙子,10块钱都不要
10块钱都不要,再这边一扎橙汁到108
再这边一扎橙汁到108,他也太坑人了
还是把包包买回来对吗,不要说了
你怎么现在变成这个样子了,我长大了
我长大了,所以知道节约了嘛
所以知道节约了嘛,不可以
我喜欢这件 这个颜色好嫩,对 这个颜色很适合你
你觉得这个,不显胖
你觉得我穿了哪个比较好,现在身上这件就很好
这个太胖了,你又不走红地毯
你又不走红地毯,坐了 旁边都是客人
真的不用换,这次来北京到底是干吗的 这么忙
就是谈点正经事,搞得这么隆重
哪有隆重,还要换衣服
换给你看,我才不信
我才不信,服务员买单
服务员买单,一共多少钱
一共是735元,我想跟你商量一下
我想跟你商量一下,我能不能付500块的现金
我能不能付500块的现金,然后剩下刷卡
可以没问题,好
您卡上余额不足,余额不足
余额不足,怎么可能
怎么可能,要不然这样 你看
要不然这样 你看,我那只螃蟹我都没有吃
我那只螃蟹我都没有吃,可不可以先退掉 还有之前你给我那些湿巾
可不可以先退掉 还有之前你给我那些湿巾,我都没有用 服务费可不可以省一下
您这不是吃霸王餐吗,我不是
我不是,我主要今天没有带那么多钱
你点这么多干嘛,能不能通融一下
能不能通融一下,您现在这样我也没有办法
您现在这样我也没有办法,打个折吧
我们店里没有这个规定,妈 主要是我这个月那个信用卡里的额度刷爆了
妈 主要是我这个月那个信用卡里的额度刷爆了,然后今天我又忘记取钱了
然后今天我又忘记取钱了,所以
你骗不了我的,我有钱
我有钱,我真的有钱
很严厉,婆婆对我挺好的
婆婆对我挺好的,真的挺好的
知道吗,知道了
你知道摸不透,小麒对我特别好
小麒对我特别好,每次遇到什么事情的时候他都会护着我
怎么了这是 怎么了,心情不好
我妈又折腾你了,我今天请我妈吃饭
我今天请我妈吃饭,是我妈付的钱
是我妈付的钱,临走的时候他还给了我5000块
怎么行,我钱没带够
我钱没带够,本来是够的
本来是够的,可是后来我妈又加了几个菜
可是后来我妈又加了几个菜,然后服务员还非要说我吃霸王餐
我交了一份负分的答卷,小麒我不是这个意思
小麒我不是这个意思,我没有怪你
这不瞎扯,我今天是按照我带的钱点的菜
我今天是按照我带的钱点的菜,没有想到最后他又突然加菜
我想请我丈母娘请想请我老婆吃顿饭都不行,你这样说的话 早知道我就不告诉你了
你这样说的话 早知道我就不告诉你了,对不起
我会还给你的,早知道我就不跟你说这些了
早知道我就不跟你说这些了,都怪我
这个地方你来过,哪个
你跟我丈母娘就在这吃的饭吧,对
所以今天我要在这犒劳犒劳,你干嘛今天出手这么阔绰
因为现在你老公是大款了,你这不是拿去升级了吗
怎么样服务还可以,我先问你那卡到底是怎么回事
我有我的办法,那算不算骗你妈
那算不算骗你妈,你跟他说那拿去升级了
上次说你们吃霸王餐的服务员在这吗,在在在
在在在,那个
那个,做饭吧
你赶紧离这远点,我不也想关心一下咱们家的财务情况
我不也想关心一下咱们家的财务情况,另外你理财的水平有没有提高
今天跟闻闻他们俩联合起来把我这银行卡给骗走了,这说的 人家自己的卡人家拿去花
这说的 人家自己的卡人家拿去花,这不天经地义
这不天经地义,对
对,什么孩子这是你说的 那么大了
什么孩子这是你说的 那么大了,都结了婚了
都结了婚了,完了还拿这个卡
完了还拿这个卡,你不叫人家媳妇笑话吗
你不叫人家媳妇笑话吗,人家媳妇怎么看
我赞成,袁老师我知道您的意思
袁老师我知道您的意思,我出去站柜台也只是为了挣生活费
我就建议你留在家里跟我好好学学怎么做家务,袁老师我愿意跟您学习
袁老师我愿意跟您学习,不过我在家里不是更挣不到生活费了吗
都抵你的生活费,行
你看看,就是一天要做的活
你20多岁还干不完,干的完
干的完,你妈又要发起新一轮的战争了
就要显示一下她母仪天下的权威,都怪我
都怪我,刚才夸下海口
刚才夸下海口,明天等着我的必然是龙潭虎穴
明天等着我的必然是龙潭虎穴,我告个别
再也不济 咱还有36计,你可别跟我再说那本书了
你可别跟我再说那本书了,那本书我就差最后一计没用了
哪个,那边
哪个,白盖的
是内服还是外用,内服
肯定是外用,你别动
你别动,我看着我的杰作在你脸上呈现出来的样子
我看着我的杰作在你脸上呈现出来的样子,我真的有一种想一巴掌把你呼到浴缸里的冲动
我看见你这样我心里特难受,哪有力气发火
哪有力气发火,我今天消耗的卡路里都够跑马拉松了
我给你按摩按摩,你不用给我按
你不用给我按,你一按我现在非散架不可
你一按我现在非散架不可,我觉得你妈根本就不是在培养一个女主人
我觉得你妈根本就不是在培养一个女主人,他就在培养一个保姆
他就在培养一个保姆,而且是360度无死角的保姆
而且是360度无死角的保姆,照他这样特训下去半个月
照他这样特训下去半个月,估计我就能飞檐走壁了
怎么能这样对我媳妇,算了
算了,我看你也刻个忍字
我看你也刻个忍字,加上你我们几个正好能凑齐忍者神龟
加上你我们几个正好能凑齐忍者神龟,我说那事 没事
说 言论自由,真自由啊
真自由啊,我觉得卖化妆品也没什么不好
我就是不同意,好
好,那就不去了
那就不去了,那就让小麒在帮着闻闻干点家务事
那就让小麒在帮着闻闻干点家务事,这样又增强体质
这样又增强体质,又能增进感情挺好的
增进增进夫妻之间的感情,行 都怪我发言以前没考虑周到
行 都怪我发言以前没考虑周到,我错了
做好人来了,这事我记着
这事我记着,我已经把这件事儿牢牢的刻在了我耻辱的历史柱上了
我已经把这件事儿牢牢的刻在了我耻辱的历史柱上了,我现在就反省深刻的反省
我现在就反省深刻的反省,只有这样才能进步
要不咱找个保姆把你解放出来,你以为我不想找保姆
你以为我不想找保姆,你妈不同意
满足他,我觉得你妈就是想让我做家务
我门关着的你怎么进来的,我有钥匙啊
您是老爷吧,什么老爷
就是这家的主人叫老爷,我姓老
我姓老,叫老童
叫老童,不是 我姓童
不是 我姓童,叫老童 什么老爷什么老爷的
叫老童 什么老爷什么老爷的,这也不是旧社会
这也不是旧社会,还老爷 还太太
老爷是对您的尊称知道吗,你说我啥刚才
所以叫你老爷,是这个意思
是这个意思,你是
初次见面请多关照,请多关照
说实在话 我以为你是小偷,我跟你说以后不能叫老爷太太了
我跟你说以后不能叫老爷太太了,要叫袁老师童老师
请现在都请不回去了,你想的太多了
你想的太多了,不就是请个保姆吗
不就是请个保姆吗,你这么大个家得有个人也得
你又不是不知道我这人爱清静,清净归清净
清净归清净,你说这小两口多好
你说这小两口多好,多懂事
多懂事,刚结婚知道妈妈身体不好
刚结婚知道妈妈身体不好,每天做家务
每天做家务,给你请个保姆回来
给你请个保姆回来,啥也不用你干了
啥也不用你干了,现在的年轻人有几个做家务的在家
现在的年轻人有几个做家务的在家,他就是做得再好
他就是做得再好,他也没有苏山大姐做得好
他也没有苏山大姐做得好,你说是不是
你说是不是,另外时代不一样了
另外时代不一样了,年轻人还得以工作为主
你儿子给你的任务,他给我啥任务
他给我啥任务,我这不就是想到哪说到哪吗
你看 明儿我就让他现原形,我刚才还挺紧张的
我刚才还挺紧张的,可苏山大姐几句话就把你妈给镇了
可苏山大姐几句话就把你妈给镇了,我说那好好感谢
因为是我发现的苏山大姐,我要感谢童小麒同志让我看见解放区的一小片晴天
你可以好好的感受两天了,不行不行
不行不行,我这两天得赶紧找工作
什么,我不找工作行吗
我不找工作行吗,你想想看
你想想看,我要趁着你妈在出下一个幺蛾子之前赶紧找到工作
我要趁着你妈在出下一个幺蛾子之前赶紧找到工作,要不然我这不干家务了
要不然我这不干家务了,没有工分
没有工分,我每个月欠你妈1200块钱
我每个月欠你妈1200块钱,我只有找到了工作
我只有找到了工作,我才算是真正的翻身农奴才能把歌唱
我可不跟李小花一样,我也是正经人的
我也是正经人的,谁是李小花
他也是我们一个保姆,我只是想问问你
我只是想问问你,你歌唱得这么好
你歌唱得这么好,你是哪个音乐学院毕业的
改都改不了,你下过乡啊
你下过乡啊,我也下过乡
你也下过乡,我下过乡
在哪,我在东北佳木斯
我在东北佳木斯,7师46团
7师46团,你在哪个团
我在西北 西北风可可大的 吹到脸上跟刀刮一样,我听说狼特别多 是不是的
就是说那,我是一只东北的虎
我是一只东北的虎,你是哪年回城的
前年,对不起
不信咱俩比试比试,我是搞文艺的
我是搞文艺的,我们那有个领唱
我们那有个领唱,过几天要到柬埔寨去结婚
过几天要到柬埔寨去结婚,这几天把我愁的 你说 他走了那别人都不合适
这几天把我愁的 你说 他走了那别人都不合适,昨天我听你一唱
昨天我听你一唱,我觉得你特别合适
我觉得你特别合适,你明天跟我上文化站 去试试
我不想去,为啥
 那不合适,你怎么还没忙完
今天晚上要发给同事再做修改,真给你妈说着了
真给你妈说着了,因为我的这点破事耽误我老公的工作了
我妈说啥了,没有我说的
你能找着吗,找不着
那不就完了吗,我说你们这个公司也太过分了
我说你们这个公司也太过分了,怎么可着你一个人加班
我就可以在家里好好的陪陪我的小娇妻了,你公司要招聘
你公司要招聘,你在干嘛呢
要困的话先睡,我真羡慕你
我真羡慕你,还可以加班加到这个点
还可以加班加到这个点,而我所有的脑力体力只能在厨房浴室
而我所有的脑力体力只能在厨房浴室,那么巴掌大点的地方去施展
看什么,太帅了
男人还帅,被工作折腾的满
被工作折腾的满,脑袋是包的男人
脑袋是包的男人,帅上加帅
太温馨了,说说遇到什么困难的事了
说说遇到什么困难的事了,让聪明的小娘子给你支支招吧
如果换成是你会怎么做,我第一个想到的是阿姆斯特丹它是海底之城嘛
我第一个想到的是阿姆斯特丹它是海底之城嘛,然后三条运河是城市的灵魂
然后三条运河是城市的灵魂,所有的房屋是沿河而建
所有的房屋是沿河而建,这些咱们不用全部的照搬照套
这些咱们不用全部的照搬照套,但是船屋他们的特色 咱们可以采纳
但是船屋他们的特色 咱们可以采纳,你想如果在京郊的度假村里有船屋
你想如果在京郊的度假村里有船屋,可以住多幸福的事
我们要是公司能招这样的人该多好 我得多高兴,那就让我去你们公司给你们帮帮忙
所以怎么着都不行,我们可以隐婚
我们可以隐婚,现在隐婚多流行
李闻雨是我童小麒的老婆,忙呢
恨不得长个三头六臂,有没有把我交代你的事情给忘了
明天再帮你问,又是明天 明日复明日 明日何其多
又是明天 明日复明日 明日何其多,你会不会不想让你老婆工作
你会不会不想让你老婆工作,然后偷偷就耍猫腻
然后偷偷就耍猫腻,把你老婆的简历给撕了
我昨天我也没说明天,你前天说了
我说了吗,说了
赶紧睡觉去,我跟你说的事你可别忘了
去不去 你要不去的话那我就不问了,你问不问 你问我就去
你是不是在等招聘的人的电话,怎么样
你别难过,你快说
可人家都没看到你的简历,我发的简历你们收到没有
那就可能是你递晚了,你们公司怎么能这样 太不靠谱了
对不对,没事
没事,先这样挂了
先这样挂了,拜拜
拜拜,钟点工阿姨
钟点工阿姨,钟点工阿姨
你在叫我,看把你给殷勤的爬上爬下费劲讨好的
看把你给殷勤的爬上爬下费劲讨好的,人家就当你是个不要钱的钟点工阿姨
我那也是帮妙妙维护同学关系,宿舍里有三个爹就你伸手
宿舍里有三个爹就你伸手,看见漂亮妖娆的女人就走不动
我就是为人民服务了,那叫施舍
骑车慢点,我去 你这份怎么量这么大
我去 你这份怎么量这么大,那老炊打菜手直抖
那老炊打菜手直抖,1勺都抖成半勺了
1勺都抖成半勺了,连邓小琪这样得萌妹子他都不认
连邓小琪这样得萌妹子他都不认,我跟你说 我在这都已经是常客了
我跟你说 我在这都已经是常客了,老炊跟我都混成亲人了
老炊跟我都混成亲人了,他为什么跟你混成亲人
他为什么跟你混成亲人,这就说来话长了
这就说来话长了,说 继续说
说 继续说,我初中就是精英中学的
我初中就是精英中学的,对
对,而且我今年是作为体育特长生免试直升的高中部
而且我今年是作为体育特长生免试直升的高中部,体育特长生 你什么啊
体育特长生 你什么啊,你看篮球、田径、足球 我个个都玩得转
你看篮球、田径、足球 我个个都玩得转,而且不是我吹牛
而且不是我吹牛,很多项目我都可以达到国家级运动员水平
很多项目我都可以达到国家级运动员水平,你是没没见过
你是没没见过,真的 这么一伸
真的 这么一伸,速度贼快 你知道吗
速度贼快 你知道吗,果真是特长
果真是特长,你说这个 我跟你说在这个领域我还真有点高处不胜寒
你说这个 我跟你说在这个领域我还真有点高处不胜寒,孤独寂寞冷
孤独寂寞冷,你太贱了
你太贱了,你这干嘛呀
你这干嘛呀,这里不让孤男寡女同桌吃饭
这里不让孤男寡女同桌吃饭,吃个饭都不行
吃个饭都不行,慢慢受着吧 时间长你就习惯了
慢慢受着吧 时间长你就习惯了,我可受不了
我可受不了,我得想办法自救
我得想办法自救,你鸡腿吃不了了吧
你鸡腿吃不了了吧,都给你都给你
这干嘛呢,看夕阳
晚上吃什么,又到饭点了
我这都下班回来了,孩子不在
孩子不在,还有必要做饭吗 我给你下碗面条
一根青菜叶子都没有,你说这孩子一走垃圾桶都空了
你说这孩子一走垃圾桶都空了,你说一个孩子能制造出这么多垃圾
我说没来电话啊,没打
没打,不会有事吧
不会有事吧,有事学校就会打电话过来
我觉得你给唐元明打电话问问,你说这个点儿妙妙在学校干嘛
你说这个点儿妙妙在学校干嘛,食堂的饭他吃得惯吗
食堂的饭他吃得惯吗,澡堂洗澡的人多不多
澡堂洗澡的人多不多,要打开水的时候千万别给烫着了
要打开水的时候千万别给烫着了,长这么大从来没有离家这么长时间
长这么大从来没有离家这么长时间,你说他这几天都是怎么过的
烦人,孩子一个人在学校我揪心都揪心死了
孩子一个人在学校我揪心都揪心死了,你倒跟没事人似的
你倒跟没事人似的,吃喝啥都不耽误
我的意思是在学校里封闭环境安全的,不能想 我一想全都是事
你还不得操心死,你还有心思开玩笑
你还有心思开玩笑,你们男人心里哪有一刻是惦记孩子的
你这会肯定不会惦记林妙妙,我牢底马上就要坐穿了
我牢底马上就要坐穿了,吃饱了饭没事干了吗 林妙妙
吃饱了饭没事干了吗 林妙妙,跟妈说好了一天给我打一个电话
跟妈说好了一天给我打一个电话,现在已经三天了
现在已经三天了,一个字都没有
一个字都没有,卖房子的烦死人了都快
卖房子的烦死人了都快,挂了
挂了,你现在马上出去给他买个电话卡
明天再说,咱闺女平生第一次当领导了
这就是好事,你说咱娃在家里干过啥
你说咱娃在家里干过啥,还当个劳动委员
还当个劳动委员,你赶紧在你的电话备忘录里记一下
你赶紧在你的电话备忘录里记一下,明天给娃买个电话卡
我刚看的哪本书,每当坐在话筒前
每当坐在话筒前,我的声音顺着电波
我的声音顺着电波,飘飘扬扬
飘飘扬扬,抚摸校园的每一个角落
抚摸校园的每一个角落,这是朕的雨露均沾
这是朕的雨露均沾,妙哥哥你要不要独宠我一人
妙哥哥你要不要独宠我一人,你就宠我好不好
你就宠我好不好,就宠我就宠我就宠我
就宠我就宠我就宠我,讨厌
讨厌,怎么了妙妙
怎么了妙妙,我看到同学们那些疲惫艳羡哀婉的目光的时候
我看到同学们那些疲惫艳羡哀婉的目光的时候,我才知道原来这些外星人也是肉体凡胎
我才知道原来这些外星人也是肉体凡胎,当我面对空荡荡的食堂和澡堂的时候
当我面对空荡荡的食堂和澡堂的时候,我只有一种整片鱼塘都被我承包了
我只有一种整片鱼塘都被我承包了,的错觉
的错觉,只恨一星期只有一次
只恨一星期只有一次,要是天天都排我那才美
要是天天都排我那才美,你是没看见 你走之后背后的老赵 那无可奈何又无计可施的眼神
你是没看见 你走之后背后的老赵 那无可奈何又无计可施的眼神,那可是学校的规定
那可是学校的规定,老赵班规再严也得服从校规
老赵班规再严也得服从校规,是不是
是不是,你出一对三
你出一对三,你出一对四
你出一对四,刚好做了一头
刚好做了一头,妈妈我要吃红烧肉、清蒸鱼、白灼虾
妈妈我要吃红烧肉、清蒸鱼、白灼虾,我还要喝鸡汤
我还要喝鸡汤,你们能不能小点声 打电话
你们能不能小点声 打电话,食堂的菜寡淡无味的
食堂的菜寡淡无味的,老炊打菜手还抖
老炊打菜手还抖,心疼我宝儿想吃什么妈给你做
心疼我宝儿想吃什么妈给你做,我跟你说回家的路太远了
我跟你说回家的路太远了,明天你回家让你爸开车去接你
明天你回家让你爸开车去接你,不要我跟同学自己坐公交回来就行
不要我跟同学自己坐公交回来就行,坐公交你知道线路吗
坐公交你知道线路吗,不知道不会问吗
不知道不会问吗,特别远那倒车
特别远那倒车,我知道
我知道,我又不是一个人
我又不是一个人,邓小琪家离我们特别近
邓小琪家离我们特别近,我跟你说第一次必须让你爸带你走一趟
我跟你说第一次必须让你爸带你走一趟,否则就让你爸开车接你
否则就让你爸开车接你,听见没有
听见没有,二选一没有第三种可能
二选一没有第三种可能,我跟你说过多少遍了
我跟你说过多少遍了,不要把杂志拿到床上去看
不要把杂志拿到床上去看,新买的不脏
新买的不脏,还不脏
还不脏,放在报刊上给人摸来摸去的
放在报刊上给人摸来摸去的,这不有塑封吗
这不有塑封吗,塑封之前 要经过印刷机装订机运输过程脏得不得了
塑封之前 要经过印刷机装订机运输过程脏得不得了,这床单我都是给你新换的
这床单我都是给你新换的,我写作业行了吧
我写作业行了吧,以后这些闲书你都少看
以后这些闲书你都少看,你都上高中了
你都上高中了,你写作业就不要听音乐了
你写作业就不要听音乐了,把耳机拿下来
把耳机拿下来,我没听东西
我没听东西,隔离杂音它
隔离杂音它,我说话就是杂音
我说话就是杂音,不是 简直是仙乐飘飘
不是 简直是仙乐飘飘,你写作业就别玩手机了
你写作业就别玩手机了,一会滴滴滴滴滴滴的
一会滴滴滴滴滴滴的,你这给谁发微信
你这给谁发微信,邓小棋
邓小棋,我们寝室的
我们寝室的,你们不是天天在学校见面
你们不是天天在学校见面,这才分开半天
这才分开半天,哪有那么多话说
哪有那么多话说,我们商量作业的事儿
我们商量作业的事儿,你考试也能跟谁商量去
你考试也能跟谁商量去,你要学会独立思考
你要学会独立思考,好烦啊
好烦啊,我先走了
我先走了,漫画
漫画,9:30了还在睡
9:30了还在睡,高中生了
高中生了,还睡得下去
礼拜六让她多睡会别弄得那么紧张,你除了吃和睡是主场
你除了吃和睡是主场,其他全是客场
其他全是客场,也不知道像谁
每天的上演三出戏码,哪三出
就这个时候,起不来
起不来,周六的早上
周六的早上,当我在偌大的房间里醒来
当我在偌大的房间里醒来,家中的女仆已为我端来一杯不明物品
家中的女仆已为我端来一杯不明物品,今天早餐是什么啊 王女仆
今天早餐是什么啊 王女仆,加了红枣和花生的益智核桃露
加了红枣和花生的益智核桃露,给您补补脑子
给您补补脑子,不行
不行,今天拉大便了吗
今天拉大便了吗,没有
没有,你刷完牙赶紧蹲会
你刷完牙赶紧蹲会,定时如厕宿便有毒留在体内
定时如厕宿便有毒留在体内,对人体有很大的害处
对人体有很大的害处,赶紧拉 拉出来了吧
赶紧拉 拉出来了吧,手洗了吧 打了几遍肥皂
手洗了吧 打了几遍肥皂,全部按照母上大人吩咐做了一遍
全部按照母上大人吩咐做了一遍,你是去上学又不是去上刑
你是去上学又不是去上刑,那么悲催的干什么
那么悲催的干什么,我现在就是上刑的心情
我现在就是上刑的心情,我们晚上有周考
我们晚上有周考,现在着急有啥用
现在着急有啥用,昨天上网的时候怎么不着急
昨天上网的时候怎么不着急,一问你就是作业写完了
一问你就是作业写完了,写完了你就不能复习几遍了
写完了你就不能复习几遍了,都高中生了
都高中生了,还那么不自觉
还那么不自觉,以后每周五老师就应该把作业和考试就发到家长的手机里
以后每周五老师就应该把作业和考试就发到家长的手机里,就像小学和初中时候那样
就像小学和初中时候那样,便于家长监督管理
便于家长监督管理,开家长会的时候我要跟老师提意见
开家长会的时候我要跟老师提意见,你别提
你别提,你饶了我行吗
你饶了我行吗,母后大人
母后大人,给你
给你,小狗狗
小狗狗,你可以和我的小猫咪
你可以和我的小猫咪,成为朋友
成为朋友,好呀 您好
好呀 您好,你怎么还有名有姓的
你怎么还有名有姓的,我家老头起的
我家老头起的,赶紧藏好
赶紧藏好,不然被发现了
不然被发现了,你们藏这啊 要是被汪嬷嬷发现就惨了
你们藏这啊 要是被汪嬷嬷发现就惨了,会被赶出家门
会被赶出家门,你爸人可真好
你爸人可真好,人善被人欺
人善被人欺,老头在我们家处于鄙视链的最末端
老头在我们家处于鄙视链的最末端,你说他俩奇不奇怪
你说他俩奇不奇怪,一边骂我能吃一边给我带饭桶
一边骂我能吃一边给我带饭桶,你吃了吗
你吃了吗,还没有我带了
还没有我带了,一起吃来
一起吃来,这是你妈妈做的
这是你妈妈做的,对
对,我妈烧菜可好吃
我妈烧菜可好吃,这也太香了
这也太香了,你带的什么
你带的什么,我带的就比较朴素
我带的就比较朴素,这还朴素啊
这还朴素啊,好精致好高级
好精致好高级,你想吃吗
你想吃吗,咱们一起吃
咱们一起吃,是你妈妈做的吗
是你妈妈做的吗,对了 给你带了酸奶
对了 给你带了酸奶,抹茶味的酸奶 最配你这寿司了
抹茶味的酸奶 最配你这寿司了,我特别喜欢抹茶的
我特别喜欢抹茶的,比较高级
见面就掐 离开了就想 下次见到孩子对他温柔一点,关心则乱
关心则乱,亲妈对亲娃怎么可能超然
下午我跟老李他们去聚一聚,去吧懒得管你
我也难得去颓废一下,慢点
慢点,我以后不帮你打饭了啊 别人还以为我吃那么多
我以后不帮你打饭了啊 别人还以为我吃那么多,不仅是荤素搭配
不仅是荤素搭配,冰火两重天
冰火两重天,简直是加固了营养与美味 我真的是配菜大师
简直是加固了营养与美味 我真的是配菜大师,坚持住 还行吗
坚持住 还行吗,快到了
快到了,坚持一下
坚持一下,还能走吗
还能走吗,歇会
歇会,来 我背你
来 我背你,不行 你是女神
不行 你是女神,上来
上来,邓小琪 你对我真好
邓小琪 你对我真好,我以后所有好吃的东西
我以后所有好吃的东西,你真沉妙妙
你真沉妙妙,我现在终于成了实验班的名人了
我现在终于成了实验班的名人了,全班人都知道我生理期 你满意了吧
全班人都知道我生理期 你满意了吧,您女儿我以大姨妈闻名 这点小事值得你大呼小叫的吗
您女儿我以大姨妈闻名 这点小事值得你大呼小叫的吗,你告诉生活老师就算了
你告诉生活老师就算了,还告诉我们班主任
还告诉我们班主任,你想让全世界都知道吗
你想让全世界都知道吗,你生什么气呀
你生什么气呀,妈跟你说身体是1
妈跟你说身体是1,其他的都是0
其他的都是0,你的一就是妈的头等大事
你的一就是妈的头等大事,可我不是你全世界
可我不是你全世界,你除了我大千世界里还有很多值得你关注的事情
你除了我大千世界里还有很多值得你关注的事情,你怎么就盯着我不放
你怎么就盯着我不放,这就是独生子女的痛苦
这就是独生子女的痛苦,我要有个弟弟妹妹就好 帮我分担你的注意力
我要有个弟弟妹妹就好 帮我分担你的注意力,妈就是有10个孩子该管你的还是会管你
妈就是有10个孩子该管你的还是会管你,别的妈妈怎么不这样呢
别的妈妈怎么不这样呢,人家别的妈妈管自家的孩子怎么能让你知道
人家别的妈妈管自家的孩子怎么能让你知道,怎么你管我就让全世界知道了
怎么你管我就让全世界知道了,那为什么
那为什么,你没有按照约定给妈打电话
你没有按照约定给妈打电话,你这样我更不能给你打电话了
你这样我更不能给你打电话了,你等我上了大学以后我就躲得远远的
你等我上了大学以后我就躲得远远的,我再也不回家了
我再也不回家了,你先考上大学再说
你先考上大学再说,反正我以后肯定不回去
反正我以后肯定不回去,你穿秋裤了没有
你穿秋裤了没有,我不冷
我不冷,痛经不是小毛病
痛经不是小毛病,我们俩之间除了痛经
我们俩之间除了痛经,没有别的话题可以聊了
没有别的话题可以聊了,再见
再见,你别挂你穿秋裤了没有
你别挂你穿秋裤了没有,你要没穿的话
你要没穿的话,我现在就到学校去看
我现在就到学校去看,你把秋裤穿上
你把秋裤穿上,你别过来
你别过来,我穿我穿还不行吗
我穿我穿还不行吗,就得管 不能放松
我告诉你久而久之没准他哪天真,真就咋
真就咋,他从小到大好好说话
他从小到大好好说话,他听过吗
离你远远的不回来,北京够远吗
北京够远吗,清华北大我都能接受
新疆甘肃够远,你闺女的小身子骨是能去援疆的吗
你闺女的小身子骨是能去援疆的吗,你还不如把我发配到边疆得了
你还不如把我发配到边疆得了,喜马拉雅的泉水凉飕飕
喜马拉雅的泉水凉飕飕,你折腾什么呢
你折腾什么呢,平时只能穿校服
平时只能穿校服,我都没有机会穿这些漂亮的衣服
我都没有机会穿这些漂亮的衣服,你折腾啥呢
你折腾啥呢,找秋裤
找秋裤,这个天
这个天,你老寒腿吧
你老寒腿吧,有一种冷叫你妈觉得你冷
有一种冷叫你妈觉得你冷,有一种饿叫你妈觉得你饿
有一种饿叫你妈觉得你饿,不知道外婆当年是不是这么管他的
不知道外婆当年是不是这么管他的,我妈也爱管我
我妈也爱管我,妙妙你真死脑筋
妙妙你真死脑筋,你不乐意穿就不穿
你不乐意穿就不穿,她看不见
她看不见,你真是低估了我妈的战斗力
你真是低估了我妈的战斗力,我要与她斗争的多年经验
我要与她斗争的多年经验,万一他要是把王红英给收买了
万一他要是把王红英给收买了,我就死定了
我就死定了,小齐这是你的
小齐这是你的,不要了放那了
不要了放那了,随便扫扫得了
随便扫扫得了,没事
没事,挺干净的
挺干净的,别扫了
别扫了,我总怕有漏网之鱼
我总怕有漏网之鱼,谁一不小心然后再把脚给扎了
谁一不小心然后再把脚给扎了,够干净了
够干净了,妙妙 你这都能舔上去了
妙妙 你这都能舔上去了,你是不是有强迫症
你是不是有强迫症,小琪
小琪,小琪
小琪,老师说不让混床
老师说不让混床,混床就两分钟的事
混床就两分钟的事,你听我说
你听我说,她们两个玩的特别好
她们两个玩的特别好,所以说他们两个总是抱团
所以说他们两个总是抱团,咱们两个也应该一起
咱们两个也应该一起,好一致对外
好一致对外,咱这不是一个寝室的吗
咱这不是一个寝室的吗,妙妙
妙妙,我对你好不好
我对你好不好,好
好,是谁陪你躲晨练 上课掩护你吃零食
是谁陪你躲晨练 上课掩护你吃零食,是你
是你,是谁之前又是课间陪你上厕所
是谁之前又是课间陪你上厕所,早上还帮你占坑
早上还帮你占坑,还是你
还是你,又是谁在你最需要的时候给你送上一杯红糖水
又是谁在你最需要的时候给你送上一杯红糖水,给你贴上暖宝宝
给你贴上暖宝宝,汪嬷嬷吧
汪嬷嬷吧,我是不是掐你虎口了
我是不是掐你虎口了,陪了你一下午
陪了你一下午,这倒是
这倒是,你爸爸给我的巧克力
你爸爸给我的巧克力,我全部都给你一个人吃
我全部都给你一个人吃,我知道你对我好了
我知道你对我好了,我爸爸明天还出国
我爸爸明天还出国,我听说小琪和你在宿舍被人欺负了
我听说小琪和你在宿舍被人欺负了,没有
没有,都是鸡毛蒜皮小事
都是鸡毛蒜皮小事,有我林舍长把握大局主持公道
有我林舍长把握大局主持公道,你放心
你放心,就算我吃亏也不会让小麒吃亏的
就算我吃亏也不会让小麒吃亏的,你怎么啦
你怎么啦,良好的开端是成功的一半
良好的开端是成功的一半,我高中这个头就没开好
我高中这个头就没开好,想当年哥也是精英中学的扛把子
想当年哥也是精英中学的扛把子,杠杠的精英一哥
杠杠的精英一哥,此山是我开
此山是我开,此树是我栽
此树是我栽,哥在这已经风风光光三年
哥在这已经风风光光三年,可是现在
可是现在,可是现在突然来了个中考状元
可是现在突然来了个中考状元,把你风头全枪了
把你风头全枪了,从此学霸钱三一统江湖
从此学霸钱三一统江湖,你气不气
你气不气,气死了
气死了,遥想哥当年
遥想哥当年,真的是出场自带BGM 你是没见过 哥在那篮球场上一亮相
真的是出场自带BGM 你是没见过 哥在那篮球场上一亮相,周围的同学就像铁屑遇见磁铁一样就全过来了
周围的同学就像铁屑遇见磁铁一样就全过来了,你知道吗
你知道吗,连周围坐的服务工作的女生那全都是我的粉丝
连周围坐的服务工作的女生那全都是我的粉丝,递水的、抱球的、捡球的、登记分翻拍的
递水的、抱球的、捡球的、登记分翻拍的,都得各司其职
都得各司其职,连场边负责加油的都得有章法
现在就剩你一个人不过了,最近训练有点忙
可人家每篇古文都背得溜溜的,他一书袋子训什么练
而且人家上周的作文是用文言写的,我也用文言写的
人家奥运会上拿金牌的都是有脑子的老师,老师
老师,死记硬背那是孔乙己时代做的事情
死记硬背那是孔乙己时代做的事情,这些古文我现在分分钟就能百度出来
这些古文我现在分分钟就能百度出来,我还把它放在大脑里占内存干嘛
我还把它放在大脑里占内存干嘛,我们现在就要多做有创造性的工作
我们现在就要多做有创造性的工作,不要把精力都浪费在这些毫无意义的死知识上面
首先就是仿效 你能平地起高楼啊,高楼万丈平地起
能把语文老师气走,谁气他了
谁气他了,脚长在他身上
脚长在他身上,他爱走走
你别后悔,我有啥后悔的
钱三一一出马摆平了,行行行 我去请还不行吗
语文值150分,数学也150分
数学也150分,理综还300分
理综还300分,我的强项是理科
你理科根本干不过钱三一啊,我干一个给你看看
但是有一点先把老师给我请回来,行
行,你等着
拿出10个手指头都一般齐,老师你看这状元一年就出一个我创造的全市纪录
老师你看这状元一年就出一个我创造的全市纪录,快三年了都没人能破
快三年了都没人能破,你说说哪个厉害
你说说哪个厉害,对不对
自己认怂,老师那照你这么说的话
老师那照你这么说的话,钱三一的状元也该翻篇了
钱三一的状元也该翻篇了,中考的状元 那上了高中也不能认
中考的状元 那上了高中也不能认,钱三一在学校里面可以明目张胆的玩手机
钱三一在学校里面可以明目张胆的玩手机,我们的手机就得上交
我们的手机就得上交,凭什么
凭什么,这不公平对不对
别噎着了,你跟踪我
你跟踪我,小人
我现在就告诉昊子去,你敢
你敢,我求求你
我求求你,我没肉我今晚真挺不过去了
我没肉我今晚真挺不过去了,算我求你了行不行
你这就放弃了,我吃我自己的关你啥事
要是把他给收走了多可惜,跟踪狂 还学霸
洗干净,你自己没手啊
行 那我找昊子去了,这小事我可以做
带过来,您是喝毛峰还是龙井
削好 我考试要用,你差不多行了
你差不多行了,别太过分 现在都用专用笔 谁还削铅笔
别太过分 现在都用专用笔 谁还削铅笔,你这种低级的小儿科游戏 什么时候才结束
喜欢昊子吧,削完了还有别的事吗
削完了还有别的事吗,小心我削你
过一段时间咱们就会迎头赶上,妙妙学习跟不上了吗
妙妙学习跟不上了吗,唐元明给你打电话了是吗
唐元明给你打电话了是吗,怎么不给我打
何况是孩子,还有狗尾巴花
还有狗尾巴花,妙妙就是我的向日葵
妙妙就是我的向日葵,莫等闲
莫等闲,只争朝夕
只争朝夕,逝者如斯夫
逝者如斯夫,江天昊人真好
江天昊人真好,你该不是喜欢那挂了吧
你该不是喜欢那挂了吧,上次他腿伤了 你可关心他了
上次他腿伤了 你可关心他了,怎么可能你想多了
怎么可能你想多了,你想多了 我不介意这个
你想多了 我不介意这个,我介意 辈分不能乱
我介意 辈分不能乱,他是我小弟
他是我小弟,你那小弟打篮球的时候流一身臭汗 那喘出气的鼻孔那么大 跟大猩猩一样
你那小弟打篮球的时候流一身臭汗 那喘出气的鼻孔那么大 跟大猩猩一样,球场上哪个球员不是喘着粗气鼻孔都跟大猩猩似的
球场上哪个球员不是喘着粗气鼻孔都跟大猩猩似的,爸我这次月考没考好
下回考好了就行,我怎么跟我妈说
你转身走人,我转身走人了
我转身走人了,林妙妙
林妙妙,凡事你都得往好处想对不对
凡事你都得往好处想对不对,你说你现在在班级里面排名
你说你现在在班级里面排名,那不可能再往下掉对吧
那不可能再往下掉对吧,你这么想是不是就好多了
你这么想是不是就好多了,我知道每个班总有一个倒数第一
我知道每个班总有一个倒数第一,但我怎么也没想到那个是我自己 小琪上课根本不听 净看钱三一了
但我怎么也没想到那个是我自己 小琪上课根本不听 净看钱三一了,好几次还是靠我帮她过得关
好几次还是靠我帮她过得关,这次排名居然在我前面 诡异吧
这次排名居然在我前面 诡异吧,这个事情你不能怪小琪
这个事情你不能怪小琪,肯定是班长把分统错了
肯定是班长把分统错了,算了 咱俩也别做哥们
算了 咱俩也别做哥们,你现在是班级前20了
你现在是班级前20了,我高攀不起了
我高攀不起了,你怎么现在跟个怨妇似的
你怎么现在跟个怨妇似的,其实大神树还是灵的
其实大神树还是灵的,我这次考前没保佑通过
我这次考前没保佑通过,结果就挂了
结果就挂了,这是一个多么痛的领悟
这是一个多么痛的领悟,来吃点
来吃点,吃点心情就好
吃点心情就好,没心情吃
没心情吃,你说你现在都已经班级垫底了
你说你现在都已经班级垫底了,你再不吃东西输的连本都没了
你再不吃东西输的连本都没了,对不对
对不对,来 香香手抓兵
去了 这一次考试算什么,还有坎还多去了
还有坎还多去了,我现在已经度日如年了
我现在已经度日如年了,我还是不想活了
还有,我想吃门口的薯花饼
我想吃门口的薯花饼,花生酱味的
慢点吃,我一会还得刷套地理卷
我一会还得刷套地理卷,这个好吃 你来一口
再大的事都有解决之道,什么解决之道 我现在文科优势已经不保了
什么解决之道 我现在文科优势已经不保了,在这个学校里每个人都有三头六臂
在这个学校里每个人都有三头六臂,不是说上帝给你关上一扇门
不是说上帝给你关上一扇门,必定开一扇窗吗
必定开一扇窗吗,怎么到我这所有门窗都给锁死了
怎么到我这所有门窗都给锁死了,关上了数学的窗
关上了数学的窗,顺道带上了物理的门
顺道带上了物理的门,塞上了化学的下水道
塞上了化学的下水道,还把生物排水管给堵上了
还把生物排水管给堵上了,就连地理的狗洞子都用水泥给我砌上了
连吃饭的时间都没有,早干嘛去了
早干嘛去了,临时抱佛脚
抱总比不抱强是吧,闺女就是戏精装可怜
闺女就是戏精装可怜,他怕考不好回家挨骂
他怕考不好回家挨骂,所以提前打伏笔
顺道旅游散散心,那孩子就不上学了
所以说这孩子不能逼太紧,你闺女是这种人吗
我们闺女神经坚强,是神经大条吧
基因是遗传的,别把你那套洗脑战术用到我头上
别把你那套洗脑战术用到我头上,我告诉你他考不好
我告诉你他考不好,我自有分寸的收拾他
我自有分寸的收拾他,你别总我们我们的都是因为你降低了我闺女的Iq值
你别总我们我们的都是因为你降低了我闺女的Iq值,其实我的基因根本拼不过你
其实我的基因根本拼不过你,你说他哪点像我
你说他哪点像我,性格随你
性格随你,邋遢随你
邋遢随你,连长得都像你
连长得都像你,粘上胡子
粘上胡子,就是林大为他爹
性别随你 女的,行行
行行,给你换一个少女粉的牙刷
你现在换牙刷弄的我老分不清楚,我袜子臭了我去洗袜子去
老师来了吗,还没
还没来,你可千万别跟我们老师拉关系
是这屋,你这
你这,签个到
签个到,你这字可真配不上你的眼镜
泼皮,走走走 先坐
一定要读到博士,怎么开了这么久
怎么开了这么久,我爸在我妈面前的战斗力就是个渣渣 让暴风雨来得更猛烈些
我爸在我妈面前的战斗力就是个渣渣 让暴风雨来得更猛烈些,早死早托生 小琪明年的今天你要记得给我烧纸
早死早托生 小琪明年的今天你要记得给我烧纸,给钱三一也烧点
给钱三一也烧点,我要把他带走
我要把他带走,你说他是不是有病 好好的画这
你说他是不是有病 好好的画这,勇攀高峰图干吗
勇攀高峰图干吗,赵荣宝让她画的
赵荣宝让她画的,让他画他就画呀那让他吃屎他
让他画他就画呀那让他吃屎他,吃不吃
吃不吃,这明摆就是想显摆他第一
这明摆就是想显摆他第一,你不要对人家有偏见
你不要对人家有偏见,这才区区全校第一有什么好显摆的
这才区区全校第一有什么好显摆的,人家可是市状元
人家可是市状元,状元了不起
状元了不起,过来
过来,请坐
请坐,说说到底是怎么回事
说说到底是怎么回事,我就几门没考好而已
我就几门没考好而已,几门没考好而已
几门没考好而已,三门不及格 理化生全班倒数第一
三门不及格 理化生全班倒数第一,你妈的老脸都让你给丢尽了
你妈的老脸都让你给丢尽了,对不起
对不起,我下次一定考好
我下次一定考好,你看看你都跟什么人是好朋友
你看看你都跟什么人是好朋友,邓小琪全班倒数第二
邓小琪全班倒数第二,你们二位可以说是一对难姐难妹
你们二位可以说是一对难姐难妹,人家邓小琪成绩不好吧
人家邓小琪成绩不好吧,人家还有个小姑娘样儿
人家还有个小姑娘样儿,你看看你这二道毛
你看看你这二道毛,不男不女的
不男不女的,我也想留长头发
我也想留长头发,你不让 你说我浪费时间
你不让 你说我浪费时间,你还这么听我的话
你还这么听我的话,我让你把脑门露出来
我让你把脑门露出来,你看你头发帘厚的挡着眼睛
你看你头发帘厚的挡着眼睛,你能看到你的前途吗
你能看到你的前途吗,你不会拿个发夹别上去啊
你不会拿个发夹别上去啊,都高中生了
都高中生了,还别个hello kitty
还别个hello kitty,我喜欢
我喜欢,你喜欢
你喜欢,你怎么不喜欢跟人家成绩好的人交流呢
你怎么不喜欢跟人家成绩好的人交流呢,你整天跟邓小琪能学到什么
你整天跟邓小琪能学到什么,你看看她妈那个样子能教出她什么好
你看看她妈那个样子能教出她什么好,你后面就坐着状元
你后面就坐着状元,这多好的机会
这多好的机会,你有什么不懂的不会的
你有什么不懂的不会的,你下了课可以跟人家交流
你下了课可以跟人家交流,人家可能不带你一起玩
人家可能不带你一起玩,状元是站在山顶的
状元是站在山顶的,你蹲在山脚下
你蹲在山脚下,你给人家状元提鞋
你给人家状元提鞋,人家还嫌你蹲得慢
人家还嫌你蹲得慢,我哥们江天昊还是全班第二十
我哥们江天昊还是全班第二十,全班第二十有什么了不起
全班第二十有什么了不起,全班第二十只能算是个中等生
全班第二十只能算是个中等生,人家第20名
人家第20名,你也敢跟人家一起玩
你也敢跟人家一起玩,你想想你的排名
你想想你的排名,你好意思跟人家玩吗
你好意思跟人家玩吗,你跟人玩得起吗
你跟人玩得起吗,不说话了
不说话了,你的学习态度
你的学习态度,一个月28天不想学习
一个月28天不想学习,你到底想干什么
你到底想干什么,你不想干什么
你不想干什么,会的全不考
会的全不考,考的全不会
考的全不会,我有什么办法
我有什么办法,我本来打算咸鱼翻身的
我本来打算咸鱼翻身的,没想到粘锅上了
没想到粘锅上了,林妙妙你笨吗
林妙妙你笨吗,你心眼灵得很
你心眼灵得很,为什么聪明如你偏偏学习差呢
为什么聪明如你偏偏学习差呢,因为你懒
因为你懒,你不刻苦
你不刻苦,你不专心
你不专心,你课桌上课本上画的那些画
你课桌上课本上画的那些画,你把那些东西搞得再好有毛用
你把那些东西搞得再好有毛用,人家不考
人家不考,我跟你说你听着下个礼拜你把广播站给我退了
我跟你说你听着下个礼拜你把广播站给我退了,集中精力全力以赴把学习成绩给我搞上去
集中精力全力以赴把学习成绩给我搞上去,我保证下次考好还不行吗
我保证下次考好还不行吗,没有下次了
没有下次了,学校要求我们必须参加课外活动
学校要求我们必须参加课外活动,培养兴趣
培养兴趣,学生以学习为主兼学别样
学生以学习为主兼学别样,你以什么为主
你以什么为主,一天到晚吼吼吼
一天到晚吼吼吼,只知道管老公骂孩子了无生趣
只知道管老公骂孩子了无生趣,你再给我说一遍
你再给我说一遍,你再给我说一遍
你再给我说一遍,你们两个人要是够努力
你们两个人要是够努力,我至于这样吗
我至于这样吗,林妙妙你给我说清楚
林妙妙你给我说清楚,你给我说清楚
你给我说清楚,怎么努力
怎么努力,用什么办法把成绩给我弄上去
用什么办法把成绩给我弄上去,我准备扬长避短
我准备扬长避短,我要学文 理科我放弃
我要学文 理科我放弃,谁允许你学文科的
谁允许你学文科的,你进了实验班就必须学理科
你进了实验班就必须学理科,学理科将来专业多好就业
学理科将来专业多好就业,可是我的优势在文 学理还不如让我去死
可是我的优势在文 学理还不如让我去死,说的好像你文科在班里能排第一似的
说的好像你文科在班里能排第一似的,你的长处是挂科 一次挂三科
你的长处是挂科 一次挂三科,我本来就没打算进实验班
我本来就没打算进实验班,你听他说的什么话
你听他说的什么话,我好不容易给你弄到实验班
我好不容易给你弄到实验班,你不珍惜反倒是我欠你的吗
你不珍惜反倒是我欠你的吗,你就是欠我了
你就是欠我了,我天天在实验班被碾压
我天天在实验班被碾压,我没抑郁没狂躁没自杀没跳楼
我没抑郁没狂躁没自杀没跳楼,就很不错了
就很不错了,我都没跟你抱怨过我这半年是怎么过来的
但是他心眼好是吧,他心眼好有啥用
他心眼好有啥用,说话刀刀见血的
你妈脾气不好那是更年期,他专注更年20载
我跟你妈结婚还没20年,从我上小学开始他就开始更了
从我上小学开始他就开始更了,我现在都青春期了
我现在都青春期了,他还在更他啥时候更完啊
他还在更他啥时候更完啊,是不是他直接从更年期跳到老年痴呆去了
是不是他直接从更年期跳到老年痴呆去了,也就你能忍的了
你妈是替你着急的,谁让他急了 他急有用吗
谁让他急了 他急有用吗,他急应该自己考
他急应该自己考,一个没参加过高考的人
一个没参加过高考的人,没资格在这指手画脚
你妈是先当的兵后考的学比你难,比我难你得了
比我难你得了,我们这代人的压力比你们当年大多了
各有各的难各自理解,我就不明白我们为什么非得学那些有可能我们一辈子都用不上的东西
我就不明白我们为什么非得学那些有可能我们一辈子都用不上的东西,比如说数学
比如说数学,我敢肯定除了高考
我敢肯定除了高考,今后我一辈子都用不上这些数学知识
今后我一辈子都用不上这些数学知识,为什么还要学
让你没工夫7想8想的,真的
他可以引领我们去探索更神秘、更深邃、更美丽的世界,你说我怎么就没遗传到你这理科思维
但你遗传了我画画的天分,反正我是不追求看到更深邃、更遥远更美丽的世界
反正我是不追求看到更深邃、更遥远更美丽的世界,开数学这门课的目的就是为了把我这样的学渣筛出去
寸有所长,我跟你说钱三一他就没有短处
哪个钱三一,就是那个状元
就是那个状元,9门功课同步学
9门功课同步学,回回年级考第一
回回年级考第一,妈妈再也不用担心他的学习了
妈妈再也不用担心他的学习了,我的天长得好看
我的天长得好看,写字好看 成绩单更好看
写字好看 成绩单更好看,跟他相比
跟他相比,我好像只会吃喝拉撒睡
能没缺点,他除了说话难听点真没缺点
这就是在说情商多重要,情商高有啥用 高考也不考
情商高有啥用 高考也不考,还不如直接折成智商
后面再加个0,不许反悔
得全部及格,准备好钱
不跟你计较,是你亲生的
是你亲生的,医院没抱错
医院没抱错,你俩一路货 反射弧都长在脚背上
你俩一路货 反射弧都长在脚背上,非得强刺激才行
咱们就给他兑现进步奖,你的门槛怎么那么低
你的门槛怎么那么低,你这么跟我对着干
你这么跟我对着干,我还怎么管教他
我还怎么管教他,你哎什么
这也算是雏鹰展翅了,展翅
展翅,古人云 法乎其上
古人云 法乎其上,取乎其中
取乎其中,法乎其中取乎其下
法乎其中取乎其下,你现在都法乎其下了
你现在都法乎其下了,我只能取下下
我只能取下下,标准定的这么低
标准定的这么低,你闺女以后还怎么站得起来
对吧,请你转告他
请你转告他,如果他的成绩再没有提高
如果他的成绩再没有提高,我就只能收回我的管理权
我就只能收回我的管理权,我要亲自监督
我要亲自监督,我要陪读
你自个跟他说我不当传话筒,我说就我说 既为人父母就得负责任
你这么说话你语文老师会很不高兴的,他不高兴 那物理老师喜欢我 对不对
他不高兴 那物理老师喜欢我 对不对,他还鼓励我考物理系
终身为父,我倒是想给人当儿子
我倒是想给人当儿子,人也得记得我 他们一届带400多号人
人也得记得我 他们一届带400多号人,还不是谁成绩好
还不是谁成绩好,就记住谁
就记住谁,他不喜欢我
他不喜欢我,我就得热脸贴冷板凳
我就得热脸贴冷板凳,凭什么呀
我跟你妈脸上就特别没有光,这个林妙妙 你说他就是蒙
这个林妙妙 你说他就是蒙,也不可能蒙到三门全不及格
也不可能蒙到三门全不及格,上课他这耳朵到底去干什么去了
这都是人生的过客,我跟你说咱们现在也不能许诺他就上文科
我跟你说咱们现在也不能许诺他就上文科,到分班还有半年的时间
到分班还有半年的时间,现在这半年时间他就全放羊了
你不知道他们班的一些学生多厉害,你别消了
你别消了,去看看他被子盖好了没有
你能好受吗,今天开家长会
今天开家长会,他们政治老师说了7遍文科
他们政治老师说了7遍文科,但也没说出什么重要性
但也没说出什么重要性,好像让我们家长自己去品
好像让我们家长自己去品,周围一圈的人都没品出什么味道来
周围一圈的人都没品出什么味道来,你说他想暗示我们什么
选文科,你这人正经脑子没有偏门转的特别快
来这偷吃啊,我去
你这种学渣肯定不懂,谁说我不懂了我都知道他们
谁说我不懂了我都知道他们,我只不过是有选择困难综合症
看不懂的,谁说我看不懂
你还是好好看看课本,小仙女来帮你啦
小仙女来帮你啦,可算上刑完了
可算上刑完了,我这脖子拧的跟落枕了似的
我这脖子拧的跟落枕了似的,我给你捏一下捏一下
我给你捏一下捏一下,为什么他现在总盯着我 不盯着你了呀
为什么他现在总盯着我 不盯着你了呀,大概是他受不了本小姐的10万伏特电眼
大概是他受不了本小姐的10万伏特电眼,阿西 你这常年睡不醒的眼睛还是算了
阿西 你这常年睡不醒的眼睛还是算了,我这是继科同款睡不醒眼
我这是继科同款睡不醒眼,你教教我 练不成十万伏 五万我也能击退对方
你教教我 练不成十万伏 五万我也能击退对方,首先你得学会一只眼睛睁一只眼睛闭上这样
首先你得学会一只眼睛睁一只眼睛闭上这样,这样明白吗
这样明白吗,一只眼睛 就一只眼睛
一只眼睛 就一只眼睛,我是
我是,别闪你别闪你
别闪你别闪你,算了算了
算了算了,算了
算了,你这学不会的
你这学不会的,你这不科学歪门邪道的
你这不科学歪门邪道的,逆袭了物理成绩逆袭了
逆袭了物理成绩逆袭了,猜猜咱娃这次考了第几名
这回20名,这次物理周考测试全班第三名考虑只是要突然在起点低
这次物理周考测试全班第三名考虑只是要突然在起点低,怎么不可能
怎么不可能,当然是真的
就一次,绝不止步于一次
绝不止步于一次,你说咱闺女会不会考上北大清华
真的假的,老师你有什么就直说
不是你弹性系数也太大了,老师89那次啊是事故 49分才是我的真实成绩
老师89那次啊是事故 49分才是我的真实成绩,老师
老师,我作为一名文科预备生
我作为一名文科预备生,我就想问问我物理考多少分就算行了
你怎么会有这种躺着不干的消极想法,您就放弃我
您就放弃我,反正我铁定是学文的
反正我铁定是学文的,您别救了
我告诉你我要真见死不救的话,谢谢老师
谢谢老师,不救之恩 学生给您丢脸了
不救之恩 学生给您丢脸了,多有得罪 我给您赔礼 老师再见
第九,女儿考了49分
49号这这是她真实状况,成绩反复可能也是正常的
成绩反复可能也是正常的,螺旋式上升
螺旋式上升,波浪式前进会不会是这样的
是对的,闭嘴
闭嘴,好不容易熬到周末怎么磨磨蹭蹭的
好不容易熬到周末怎么磨磨蹭蹭的,不回家
不回家,周末有什么用
周末有什么用,周日回来还得周考
周日回来还得周考,周考月考段考周而复始
周考月考段考周而复始,我感觉自己是一步踏空
我感觉自己是一步踏空,步步踏空
步步踏空,脚底拌蒜被自己踩掉鞋
脚底拌蒜被自己踩掉鞋,到最后 首如飞
到最后 首如飞,蓬脚狂奔
蓬脚狂奔,真希望可以永远停留在周五放学之后
真希望可以永远停留在周五放学之后,或者周日生个病请个病假什么的
或者周日生个病请个病假什么的,就算只能逃过一场考试
就算只能逃过一场考试,也至少能有片刻的喘息时间
也至少能有片刻的喘息时间,冻死我了
松手 干啥,林妙妙她把门窗都大开着
林妙妙她把门窗都大开着,被子蹬到地上了
被子蹬到地上了,他要把自己冻感冒
他要把自己冻感冒,想逃避考试
想逃避考试,没门 就算拿担架抬
没门 就算拿担架抬,我要把她抬去考
冻冻没事,没关系
没关系,大冬天穿堂风能把脸吹歪了
大冬天穿堂风能把脸吹歪了,小姑娘歪嘴好看
躺下睡觉睡觉,生气
行行行,睡不着
睡不着闭上眼歇会,好冷冻死我了
好冷冻死我了,天哪又有这么多卷子
天哪又有这么多卷子,面对每周一考
面对每周一考,我都习惯了
我都习惯了,小琪 面对我妈的每周一问
小琪 面对我妈的每周一问,我总结出一套打法
我总结出一套打法,你想不想知道
你想不想知道,说说看
说说看,我称之为学生应对家长盘查成绩之技巧性回答
我称之为学生应对家长盘查成绩之技巧性回答,首先千万不要等他们问
首先千万不要等他们问,一定要主动汇报
一定要主动汇报,你一主动在心理上就占了优势
你一主动在心理上就占了优势,真的
真的,其次汇报顺序也很重要
其次汇报顺序也很重要,坚持打一个巴掌给一个甜枣的原则
坚持打一个巴掌给一个甜枣的原则,Understand
Understand,可怜了我的爹
可怜了我的爹,常年沦为我的扛推位
常年沦为我的扛推位,可是有什么办法
可是有什么办法,谁让他摊上我这么闺女
谁让他摊上我这么闺女,他老婆还非逼我学理
他老婆还非逼我学理,我就一直觉得在宇宙间存在一个文科星球
我就一直觉得在宇宙间存在一个文科星球,我就是从那坠落人间的天使
我就是从那坠落人间的天使,我觉得我也是文科星球的
我觉得我也是文科星球的,咱们是亲戚
咱们是亲戚,你文科又不好
你文科又不好,你是艺术星球的
你是艺术星球的,我们是邻居
我们是邻居,早知人间如此疾苦
早知人间如此疾苦,我们当初就不应该下凡
我们当初就不应该下凡,那么好的实验班那么优秀的师资配置放弃了
那么好的实验班那么优秀的师资配置放弃了,实在是太可惜了
实在是太可惜了,理工农医随便抓一个都比学文科强
主要看你自己的本事,别拿你的例子说事儿
别拿你的例子说事儿,我说的是普遍意义的大概念
我说的是普遍意义的大概念,理科比文科好考
理科比文科好考,考理科就业的机会比文科多的多也好得多
骂不死人,最烦你这点了
最烦你这点了,总能找到理由来说服自己
别再钻牛角尖了,你怎么了小琪
你怎么了小琪,你还生我气
你还生我气,我是手滑一下写错了
我是手滑一下写错了,但是你学表演不是肯定要学文的吗
但是你学表演不是肯定要学文的吗,我没有怨你
我没有怨你,我是在想 我的一一会不会因为我选择文科 真有这种事儿
我是在想 我的一一会不会因为我选择文科 真有这种事儿,以前江州一中有个男生为了爱情选了文科最后考了文科状元
以前江州一中有个男生为了爱情选了文科最后考了文科状元,这一幕该不会在我身上重现
这一幕该不会在我身上重现,我敢打赌这一幕不会出现
我敢打赌这一幕不会出现,说不定呢
说不定呢,那就赌一赌
那就赌一赌,你太不认真了
你太不认真了,我一旁听生都过了
我一旁听生都过了,你怎么没过
你怎么没过,我就是听的太认真了
我就是听的太认真了,他的声音怎么可以那么好听
他的声音怎么可以那么好听,好酥
好酥,还有他的手指那么的修长
还有他的手指那么的修长,他站在台上讲课的样子
他站在台上讲课的样子,仿佛是舞台上的superstar
仿佛是舞台上的superstar,他的眼睛那么一扫
他的眼睛那么一扫,嘴那么一抿
嘴那么一抿,迷死人了
迷死人了,还有睫毛怎么可以那么的长
还有睫毛怎么可以那么的长,都可以架一支铅笔 比我的还长
都可以架一支铅笔 比我的还长,长在男生的脸上还真是浪费
长在男生的脸上还真是浪费,别动 看好你这个表情
别动 看好你这个表情,记住它
记住它,你现在哪有一点女神的样子
你现在哪有一点女神的样子,明明就是个女屌丝
明明就是个女屌丝,你不会真喜欢那货吧
你不会真喜欢那货吧,我就是很好奇
我就是很好奇,他一个男生为什么身上却有一股奇香
他一个男生为什么身上却有一股奇香,奇香
奇香,人体孜然吧
人体孜然吧,你辣不辣眼睛
你辣不辣眼睛,林妙妙
林妙妙,不许诋毁我男神 香和臭我还分不清啊
不许诋毁我男神 香和臭我还分不清啊,古文里 臭就是香的意思 朱门酒肉臭
古文里 臭就是香的意思 朱门酒肉臭,说的就是饭菜香喷喷
说的就是饭菜香喷喷,林妙妙
林妙妙,你这次侥幸及格都是因为人家钱三一 一点感恩之心都没有
你这次侥幸及格都是因为人家钱三一 一点感恩之心都没有,我开个玩笑 生气啦
我开个玩笑 生气啦,不是狐臭行吗
不是狐臭行吗,奇香 迷情香 请你吃饭
奇香 迷情香 请你吃饭,邓小琪
邓小琪,干嘛
干嘛,拿着
拿着,这个杀手不太冷
这个杀手不太冷,你听过后天性学者症候群
你听过后天性学者症候群,后天 性学者 你好污啊
后天 性学者 你好污啊,你整天脑子在想些什么
你整天脑子在想些什么,你怎么断句啊
你怎么断句啊,会不会 后天性 学者
会不会 后天性 学者,然后 就在头那遭了一棍子之后醒来
然后 就在头那遭了一棍子之后醒来,他就发现自己变成数学天才
他就发现自己变成数学天才,我上网查了他是打的左边
我上网查了他是打的左边,你就拿着这个冲我这儿就来一下
你就拿着这个冲我这儿就来一下,等会啊
等会啊,上
上,来 快点 使劲 一下到位
来 快点 使劲 一下到位,妙妙
妙妙,我听说雷劈也管用
我听说雷劈也管用,要不你试试
要不你试试,这是我终极大法了
这是我终极大法了,你帮不帮我 马上就要期末考试了
你帮不帮我 马上就要期末考试了,我还有一个办法可以让你免受皮肉之苦
林妙妙,姨夫
叫什么呢,唐老师
最近这段时间学习上遇到什么困难了,实验班里处处是困难
实验班里处处是困难,我这盼星星盼月亮赶紧分到你们文科班去
你妈可天天给我挂电话打探情报,我知道
我跟他聊聊,你跟他聊什么
别让你们赵老师知道,你自己做的事自己解决
给他你背着我做好人,挑拨我母女俩的关系
这哪是900块钱能挽回的损失,考得这么好
考得这么好,自己泼的水自己收
一个你女儿弄成你的敌人就为900块钱,敌人 我可以出这900块钱
敌人 我可以出这900块钱,在我们俩离婚的时候
在我们俩离婚的时候,从共同财产里扣
我都欠你多少钱了,你猜我们班主任是谁
我又不认识你学校老师,这人你认识
你小姨夫,你聪明
他不是带毕业班呢吗,我也不知道他就成我们班主任了
那是市里的优秀教师,现在学校里还流传着校长三顾茅庐
现在学校里还流传着校长三顾茅庐,请他出任学校教务处主任而被他拒绝的故事
这样你妈监控起来就更方便了,真的对
真的对,今天我的自信全都找回来了
今天我的自信全都找回来了,你下手轻点啊
你下手轻点啊,那可是我们一一
那可是我们一一,我管他谁屋里得 只要是落在我手里
我管他谁屋里得 只要是落在我手里,我就让他知道盐是打哪儿咸
我就让他知道盐是打哪儿咸,醋打哪儿酸得 出来混迟早要还
醋打哪儿酸得 出来混迟早要还,你说他好好在校男篮
你说他好好在校男篮,男篮队里待着不好吗
男篮队里待着不好吗,那么多理科社团随他选
那么多理科社团随他选,他偏偏要选我们广播站
他偏偏要选我们广播站,谁说只有文科生才能去广播站的
谁说只有文科生才能去广播站的,邓小琪同学你不要色令智昏啊
邓小琪同学你不要色令智昏啊,我们文科生够惨了
我们文科生够惨了,招生人数和专业越来越少
招生人数和专业越来越少,分数倒年年上涨
分数倒年年上涨,好不容易有个清净之地 岂容他们理科生在那践踏
好不容易有个清净之地 岂容他们理科生在那践踏,让他自不量力
让他自不量力,他自不量力
他自不量力,你要干什么
你要干什么,你就等着看好戏
你就等着看好戏,我要把钱三一这头金毛吼给你训成乖乖的大金毛犬
我要把钱三一这头金毛吼给你训成乖乖的大金毛犬,什么是金毛吼
什么是金毛吼,西游记里凶猛异常无恶不作的畜牲
西游记里凶猛异常无恶不作的畜牲,后来被观音姐姐收了做坐骑那个
后来被观音姐姐收了做坐骑那个,我就要当观音姐姐
我就要当观音姐姐,我才是观音姐姐
我才是观音姐姐,你的意思是要把我们一一收入你自己囊中
你的意思是要把我们一一收入你自己囊中,我呸我给他美的
我呸我给他美的,我这是替天行道
我这是替天行道,我帮你灭灭他身上骄娇二气
我帮你灭灭他身上骄娇二气,明天为师就要给他来个下马威
明天为师就要给他来个下马威,机器预热
机器预热,开信箱
开信箱,稿件分类
稿件分类,找音乐资料
找音乐资料,打扫卫生
打扫卫生,这些我都提前交给钱三一
这些我都提前交给钱三一,有了徒弟以后
有了徒弟以后,我这个师傅再也不用亲力亲为
我这个师傅再也不用亲力亲为,太爽了
怎么能这么说话,你还好意思说 你干什么去了 你不知道今天有广播吗
路上堵车,你被开除了
你被开除了,你违反了广播站的规定
我没有违反规定,你还好意思说
你还好意思说,你没法规定
你没法规定,第一次单独值班就敢旷工
第一次单独值班就敢旷工,你胆子好大
你凭什么这么说我,你签到了吗
你签到了吗,签了吗
现在签了,你不要脸
你不要脸,你迟到了也是要被开除的
你迟到了也是要被开除的,你无赖
这可是你说的,徒儿 跟师傅配合不错
徒儿 跟师傅配合不错,继续努力
继续努力,对了
对了,你说我是中二风格
你说我是中二风格,那你是什么风格
我也就是个学究型吧,我没见过你这样恬不知耻的人
我没见过你这样恬不知耻的人,真是的
真是的,抓住一切就往自己脸上贴金
那题什么答案,你 学霸 问我问题
雄孔雀开屏需要多少热量通过哪些肌肉,这道题你不知道答案吗
这道题你不知道答案吗,你想知道吗
你想知道吗,你去问雄孔雀去啊
你去问雄孔雀去啊,我又不开屏
我又不开屏,我怎么知道 那么壮观的炸毛
我怎么知道 那么壮观的炸毛,我想应该很累
我想应该很累,你的包裹拆开看看
你怎么这么好奇,我的意思是说你不拆开
我的意思是说你不拆开,你不拆开 你也把他送到信箱里去
这是你拿的,别按
别按,歌还没播完
你嘴怎么那么馋,你说谁馋
还这么嘴硬,你哪只眼睛看见我馋了
跟江天昊学的,你高智商有毛用啊
你高智商有毛用啊,清商为0 食商为负
清商为0 食商为负,打不死也得饿死
打不死也得饿死,江天昊
江天昊,你知道校网密码吗
你知道校网密码吗,当然知道
当然知道,19690122 校长老婆的生日
19690122 校长老婆的生日,你说咱们学校的网管真会溜须拍马
你说咱们学校的网管真会溜须拍马,网络密码居然用校长老婆的生日
网络密码居然用校长老婆的生日,网管怎么知道校长老婆生日的
网管怎么知道校长老婆生日的,全校一半人都知道
全校一半人都知道,听说每年校长还让食堂给他老婆做生日蛋糕
听说每年校长还让食堂给他老婆做生日蛋糕,上面还裱着字
上面还裱着字,老婆大人永远年轻
老婆大人永远年轻,行了
行了,我知道了
我知道了,Qq和微信我加一下
Qq和微信我加一下,行行
行行,会给你的啊
会给你的啊,你先回去
你先回去,别忘了
别忘了,这还不如写检查
这还不如写检查,其实我觉得扫厕所比较容易获得成就感
其实我觉得扫厕所比较容易获得成就感,但是主动选择和被动惩罚的感觉还是不一样的
但是主动选择和被动惩罚的感觉还是不一样的,今天在厕所格外难刷
今天在厕所格外难刷,我都冲了十几二十遍了
我都冲了十几二十遍了,还是顽固不化
还是顽固不化,怎么办
怎么办,汪嬷嬷马上来检查了
汪嬷嬷马上来检查了,你看你把这个门那么反锁上
你看你把这个门那么反锁上,他不就进不来了吗
他不就进不来了吗,对不对
对不对,小琪
小琪,你不是彪 你锁了她就进不来了
你不是彪 你锁了她就进不来了,他一好奇就更想进来了
他一好奇就更想进来了,好奇害死汪红英啊
好奇害死汪红英啊,你不知道吗
你不知道吗,你说怎么办
你说怎么办,网上这家店太不靠谱了
网上这家店太不靠谱了,这衣服拿回来还没怎么穿呢 就开线了
这衣服拿回来还没怎么穿呢 就开线了,你说
你说,咱们这样行吗
咱们这样行吗,放心
放心,我探过小姨父的口风
我探过小姨父的口风,他默许了
他默许了,我决定我要辞了舞蹈社长
我决定我要辞了舞蹈社长,我也要去广播站
我也要去广播站,你怎么想一出是一出 广播站是谁都能进的吗
你怎么想一出是一出 广播站是谁都能进的吗,要么是像我这种有天赋的
要么是像我这种有天赋的,要么是钱三一那种校长开后门的 你有什么特长 别想了
要么是钱三一那种校长开后门的 你有什么特长 别想了,你闻
你闻,闻什么
闻什么,不是你到底要跟我说什么
不是你到底要跟我说什么,你怎么那么笨
你怎么那么笨,这就是钱三一同款洗发水
这就是钱三一同款洗发水,你知道吗
你知道吗,我去超市里挨个货架上挨个挨个打开闻的
我去超市里挨个货架上挨个挨个打开闻的,现在超市都在通缉我
现在超市都在通缉我,不过没有关系
不过没有关系,在所不惜
在所不惜,因为从今以后我就和我们一一撞香了
因为从今以后我就和我们一一撞香了,我说你脑子没病吧
我说你脑子没病吧,你告诉我他到底哪点吸引你们
你告诉我他到底哪点吸引你们,你们
你们,说你们是谁
说你们是谁,你别扎
你别扎,还有谁就我男神
还有谁就我男神,就是一些普通的小女生
就是一些普通的小女生,我已经摆平了而且他没有你长得好看行不行
我已经摆平了而且他没有你长得好看行不行,很好
很好,你就这样继续替本宫看住了
你就这样继续替本宫看住了,绝对不允许任何雌性靠近我们一一半步
绝对不允许任何雌性靠近我们一一半步,我凭什么替你看他
我凭什么替你看他,就凭我们大精小怪的情谊
就凭我们大精小怪的情谊,我跟你说
我跟你说,这汤汁泡饭
这汤汁泡饭,我就能吃下一碗米饭
我就能吃下一碗米饭,我准备写一篇广播稿
我准备写一篇广播稿,狠狠的赞美他们一下
狠狠的赞美他们一下,改天咱两一起播
改天咱两一起播,看我干什么 我脸又没饭
要是有 你肯定拿第一名,吃饭乃人生第一要务
我觉得你应该做女主播,我们俩不都是主播
吃什么都香,一会应该没人领了 我再拿一盒没事吧
你真能吃,不是我能吃 是我肚子里的细菌能吃
不是我能吃 是我肚子里的细菌能吃,是你告诉我的 你忘啦
都不生气,人总要有一技之长的
人总要有一技之长的,懂不懂了
反而你更像你爸 搞笑,你能吃两锅啊
你能吃两锅啊,你质疑我的实力
你质疑我的实力,荤素搭配
荤素搭配,营养齐备
营养齐备,真的太好吃了你来点
真的太好吃了你来点,我不吃我减肥
我不吃我减肥,我的目标的就是瘦成我们一一那样
我的目标的就是瘦成我们一一那样,钱三一到底哪点好
钱三一到底哪点好,钱三一到底哪点不好啊
钱三一到底哪点不好啊,我看你跟钱三一就是八字不合
我看你跟钱三一就是八字不合,见面就掐
见面就掐,还总拿有色眼镜看他
还总拿有色眼镜看他,我看你就是五行犯贱
我看你就是五行犯贱,你把你对江天昊的骄傲 匀点给钱三一行不行
你把你对江天昊的骄傲 匀点给钱三一行不行,怎么能匀怎么匀
怎么能匀怎么匀,我把你那里头的牛肉都挑走
我把你那里头的牛肉都挑走,你能同意
你能同意,动我跟你急
动我跟你急,你看 况且我对我们一一还是习惯于仰望
你看 况且我对我们一一还是习惯于仰望,你们三
你们三,就是一条食物链
就是一条食物链,你呢 喜欢看那货鸟鸟的样子
你呢 喜欢看那货鸟鸟的样子,江天昊喜欢看你看那货贱贱的样子 要关于你们三就是狗血的关系
江天昊喜欢看你看那货贱贱的样子 要关于你们三就是狗血的关系,本大师已经创作出了一幅传神的佳作
本大师已经创作出了一幅传神的佳作,哇塞
哇塞,你这画的也太好了吧
你这画的也太好了吧,你看我的一一还是这么的帅气
你看我的一一还是这么的帅气,我还是这么的美丽动人
我还是这么的美丽动人,雕虫小技
雕虫小技,我得了我爸的真传
我得了我爸的真传,我看 大长腿江天昊
我看 大长腿江天昊,你看我画的多传神
你看我画的多传神,脖子底下全是腿
脖子底下全是腿,得了他腿哪有那么长
得了他腿哪有那么长,你别说你这幅画要是把这货挡上就非常完美了
你别说你这幅画要是把这货挡上就非常完美了,我要把它撕掉
我要把它撕掉,有了他就不完美了
有了他就不完美了,不行 没了他
不行 没了他,就不够虐了
就不够虐了,你爸真好
你爸真好,还教你画画
还教你画画,你爸也不错
你爸也不错,给你那么多零花钱
给你那么多零花钱,还不天天追着你身后问你学习
还不天天追着你身后问你学习,倒也是我爸给我的都是最贵的最好的
倒也是我爸给我的都是最贵的最好的,除了他工作太忙
除了他工作太忙,没有时间管我而已
没有时间管我而已,按常理来说
按常理来说,你这是泡在蜜罐里的小公主
你这是泡在蜜罐里的小公主,应该不缺爱才对啊
应该不缺爱才对啊,那你怎么跟溺水的孩子碰到了救命稻草一样就区区那钱三一把你迷得5迷3道的
那你怎么跟溺水的孩子碰到了救命稻草一样就区区那钱三一把你迷得5迷3道的,谁缺爱 你才缺爱
谁缺爱 你才缺爱,爱我的人多了
爱我的人多了,去了 我们一一何止是区区
去了 我们一一何止是区区,他可是状元
他可是状元,我的天哪
我的天哪,赶紧给我来继续压压惊
赶紧给我来继续压压惊,大为哥 您这半辈子活的挺13不靠的
大为哥 您这半辈子活的挺13不靠的,都4张了
都4张了,却有一颗文艺青年的心
却有一颗文艺青年的心,学的是化学
学的是化学,卖的是文化
卖的是文化,还画几笔全都是蜻蜓点水
这孩子心里哪来的诗和远方,诗跟远方都是互相望巴望对方的苟且
诗跟远方都是互相望巴望对方的苟且,全都是一地鸡毛
为了配合这场景,瞧你这身打扮 还肃静
瞧你这身打扮 还肃静,你们爷俩画30分钟画
你们爷俩画30分钟画,我得擦地4个小时
我得擦地4个小时,你们搞艺术 我被艺术搞
你们搞艺术 我被艺术搞,东一张西一张这颜料溅的满地都是
东一张西一张这颜料溅的满地都是,家里就跟车祸现场一样
别动 参考参考,妙妙 你们平时广播站
妙妙 你们平时广播站,忙吗
忙吗,废话
废话,妙妙
妙妙,那你等成熟了再说
那你等成熟了再说,你听一下
你听一下,我想去看钱三一
我想去看钱三一,不行
不行,那是工作的地方
那是工作的地方,我想去广播室探班
我想去广播室探班,不是 规章制度上
不是 规章制度上,不是 我
不是 我,妙妙
妙妙,妙妙
妙妙,我要去我要去我要去
我要去我要去我要去,妙妙 情况紧急了
妙妙 情况紧急了,我听说地狱班的那个小谁要跟我的一一联系
我听说地狱班的那个小谁要跟我的一一联系,小谁是谁
小谁是谁,亲爱的妙妙 你必须得带我去广播站探班
亲爱的妙妙 你必须得带我去广播站探班,我得宣布一下我的主权
我得宣布一下我的主权,而且我发现特别喜欢看男生认真工作的样子
而且我发现特别喜欢看男生认真工作的样子,对了
对了,你有没有看过钱三一的手
你有没有看过钱三一的手,我发现其实我是一个手控
我发现其实我是一个手控,我就特别喜欢看男生这种修长有力
我就特别喜欢看男生这种修长有力,指甲又修的特别干净的手
指甲又修的特别干净的手,那么好看手怎么可以打篮球
那么好看手怎么可以打篮球,就应该去弹钢琴
就应该去弹钢琴,那你去看他弹钢琴
那你去看他弹钢琴,你看他播音干什么
你看他播音干什么,我们广播站有规定
我们广播站有规定,不准带其他人进去
不准带其他人进去,带人进去也行
带人进去也行,但是得约法3章
但是得约法3章,只准看5分钟 开播前必须走
只准看5分钟 开播前必须走,对
对,只准看不许摸
只准看不许摸,坏 谁要摸
坏 谁要摸,你的脑袋一天想什么
你的脑袋一天想什么,我说的是不准摸广播站的
我说的是不准摸广播站的,机器不是钱三一
机器不是钱三一,广播重地闲人免进
广播重地闲人免进,我为了你可是触犯了广播站的天条
我为了你可是触犯了广播站的天条,你就给我一包
你就给我一包,你刚刚说的话是真心话吗
哪一句,你说我没本事当你师傅 虽然你瞧不起我
你说我没本事当你师傅 虽然你瞧不起我,但我还是要谢谢你
但我还是要谢谢你,其实你没必要在站长面前替我背锅
其实你没必要在站长面前替我背锅,我不需要你的帮忙
我不需要你的帮忙,我也可以自己摆平
我也可以自己摆平,邓小琪是我带进来的
邓小琪是我带进来的,那她犯的错就算我头上
那她犯的错就算我头上,由我来承担
由我来承担,我不想欠你这个人情
我看你脑子是锈死了,别给我打岔
听到了吗,什么啊
水声啊,你什么意思呀
脑子真进水了,你是为了保护邓小琪吧 你是不是怕我把他供出来 你也太不了解我了 我林妙妙是那种人吗 你放心 我不会连累他 
你是为了保护邓小琪吧 你是不是怕我把他供出来 你也太不了解我了 我林妙妙是那种人吗 你放心 我不会连累他 ,也不会连累你的
也不会连累你的,你是不是喜欢她
还有我又不是动物 任人观赏,江天昊也喜欢邓小琪 你们两不会为了她决斗吧 真会啊
真会猜,昊子
昊子,你又来了
你又来了,我还这寻思怎么进去呢
我还这寻思怎么进去呢,你又来送东西
你又来送东西,我劝你还是别送 瞎子点灯白费蜡
我劝你还是别送 瞎子点灯白费蜡,这不是蜡
这不是蜡,这是点心
这是点心,钱三一英雄救美了
钱三一英雄救美了,他救他的 关我啥事
他救他的 关我啥事,他救谁了
他救谁了,邓小琪啊
邓小琪啊,钱三一不是重点
钱三一不是重点,重点是你送这些东西小琪从来没吃过
重点是你送这些东西小琪从来没吃过,我说实话
我说实话,这小半年你送的东西全都明珠暗投进我肚子里了
这小半年你送的东西全都明珠暗投进我肚子里了,我觉得我就像个小贼
我觉得我就像个小贼,窃食了你跟小琪的感情
窃食了你跟小琪的感情,没事
没事,他不吃我也送
他不吃我也送,兄弟听我一句劝 放弃
兄弟听我一句劝 放弃,要是我我也选钱三一
要是我我也选钱三一,不是你说什么
不是你说什么,你没看他刚刚在广播站站长面前的表现
你没看他刚刚在广播站站长面前的表现,还是很有气概的
还是很有气概的,他虽然经常诋毁我
他虽然经常诋毁我,但是我得实事求是
但是我得实事求是,不是刚才到底发生了什么事
不是刚才到底发生了什么事,我来不及跟你解释
我来不及跟你解释,我找小琪去了 回见
我找小琪去了 回见,没想到犯了这么大的错误
没想到犯了这么大的错误,只读遍检查就过关了
只读遍检查就过关了,还是精英一哥 有你在老师才能放我们一马
你欠我一个大人情,欠就欠 债多了不愁
欠就欠 债多了不愁,我请你好吃的
不怕老师抓你,我跟你说这个学校上上下下的老师都是势利眼 唯学习成绩马首是瞻
我跟你说这个学校上上下下的老师都是势利眼 唯学习成绩马首是瞻,我算是发现了
我算是发现了,只要有你128G在回回都能逢凶化吉
我是两个T的内存,我还以为你是两个b 请你 我自己买的不是粉丝送的
你就请这个,我刚说秃噜嘴了
我刚说秃噜嘴了,宫中发放的例银只够在学校食堂吃饭
宫中发放的例银只够在学校食堂吃饭,哪还有闲钱请你
哪还有闲钱请你,不过你放心啊 休学旅行的时候为师请你的 那个 小琪肯定参加 我的好基友江天昊肯定应邀出席 我跟你说话 起来
不过你放心啊 休学旅行的时候为师请你的 那个 小琪肯定参加 我的好基友江天昊肯定应邀出席 我跟你说话 起来,毕竟小琪鹿死谁手
毕竟小琪鹿死谁手,还没有最后定局
还没有最后定局,你知不知道我以前在理科班的时候自卑的连笑都不敢大声笑
你知不知道我以前在理科班的时候自卑的连笑都不敢大声笑,人连背都是驼的
人连背都是驼的,现在到了文科班甩掉理化生
现在到了文科班甩掉理化生,那叫一个神清气爽
那叫一个神清气爽,健步如飞 你看我进步了不少吧
健步如飞 你看我进步了不少吧,不能自满
不能自满,要保持住这个劲头
要保持住这个劲头,怎么样 我选文科选对了吧
怎么样 我选文科选对了吧,妙妙 老师说了
妙妙 老师说了,其实你的力量只使了一小半
其实你的力量只使了一小半,你再垫脚尖跳一跳
你再垫脚尖跳一跳,肯定能上985的学校
肯定能上985的学校,我进步奖是不是可以得全奖
我进步奖是不是可以得全奖,这学期刚过了一半
这学期刚过了一半,咱们先攒着
咱们先攒着,等这学期结束了一把兑现
等这学期结束了一把兑现,你先兑现了吗
你先兑现了吗,吓死我了
吓死我了,听说你跟钱三一要讲相声 原创的吗
听说你跟钱三一要讲相声 原创的吗,我再带钱三一练练肌肉
我再带钱三一练练肌肉,得保证舞台效果
得保证舞台效果,小琪担心你在台上给钱三一难堪
小琪担心你在台上给钱三一难堪,真的 她担心我 他原话怎么说的
真的 她担心我 他原话怎么说的,到底讲什么
到底讲什么,我就知道他不会担心我
我就知道他不会担心我,到时候就知道了
到时候就知道了,跟我还保密
跟我还保密,你够不够意思
你够不够意思,我只能告诉你
我只能告诉你,到时候现场会非常的燃异常的燃
到时候现场会非常的燃异常的燃,所以请你们女生务必要做好防护工作
所以请你们女生务必要做好防护工作,不然会把你们烫伤的
不然会把你们烫伤的,到时候现场能着的全着
到时候现场能着的全着,这林妙妙还真敢自黑
他不是自黑是神经病,自从分班了之后
自从分班了之后,咱们班不好玩了
咱们班不好玩了,女生太少
会玩的都走了,邓小琪的独舞是不是最后一个
不了你先去我等会,钱三一
钱三一,元旦晚会获奖名单一会你来播
邓小平你怕得罪我也怕,我们俩不一样
我们俩不一样,你是小琪的男神
你是小琪的男神,他不会怪你的
看来现在观众都挺重口味,我发现你这人真是情商感人
我发现你这人真是情商感人,要不不说话一说话就说错话
所以这个单子我播不了,你说的都对行不行
你说的都对行不行,一哥你播你赶紧播
一哥你播你赶紧播,播
你求我,怎么又是你
其实我们之间有很多的相似之处,别总把咱两扯到一块
不跟你在一块跟谁在一块,管你跟谁在一块
你看这眼睛度数一模一样,你是不是手欠 给我
你是不是手欠 给我,你拿过来
别抢 抢坏了都,手欠
我刚才都说了 不是你不戴眼镜挺好看,好看你妹 好看
好看你妹 好看,我现在看什么都朦胧诗
我现在看什么都朦胧诗,给我回来
你有微信吗,我影响力都蔓延到你们这了
你说什么,你刚说什么
我说你有微信吗,你要我微信干什么
你要我微信干什么,女孩子的微信是不能随便给人的
现在,公众号
公众号,公众号就公众号
公众号就公众号,你这一天天加我微信
你这一天天加我微信,打折
你们女孩都喜欢吃虾夷扇贝高蛋白低热量,我知道赶紧的
我知道赶紧的,妈回来了
今天有鱼是不是,专门
专门,让周阿姨做的 你尝尝 不行你得先洗手
让周阿姨做的 你尝尝 不行你得先洗手,先洗手
先洗手,你等着我给你盛碗汤
妈妈去换件衣服,吃饭换什么衣服
今天谈合约很重要的,不是感冒了吗
不是感冒了吗,怎么还应酬
现在全好了,每次都说话不算数
等妈妈谈好了请你去吃,你眼镜呢
你眼镜呢,同学戴着玩
同学戴着玩,把眼镜腿给撑坏了
把眼镜腿给撑坏了,这年头你同学比你头大脸大的都不多
这年头你同学比你头大脸大的都不多,你真是我亲妈
你真是我亲妈,你这话说的没毛病
你这话说的没毛病,男同学
男同学,哪个男同学
哪个男同学,哪个班的
哪个班的,你不认识别人班的
你不认识别人班的,就是无意中弄坏
就是无意中弄坏,妈我这次想换隐形眼镜
妈我这次想换隐形眼镜,不行
不行,你年纪小伤眼睛
你年纪小伤眼睛,开始讲究吃喝戴了
开始讲究吃喝戴了,难怪成绩往下掉了
难怪成绩往下掉了,我只有一门数学没考好
我只有一门数学没考好,只有你口气好大
只有你口气好大,你知道吗
你知道吗,高考多一分能干掉一操场的对手
高考多一分能干掉一操场的对手,如果高考你也这样
如果高考你也这样,你都不知道自己是怎么死的
你都不知道自己是怎么死的,你当年为什么娶我妈 那么多女人
你当年为什么娶我妈 那么多女人,你不找 你找了一个又不懂得欣赏还乱发脾气的女人
你不找 你找了一个又不懂得欣赏还乱发脾气的女人,你体会过宝宝的苦吗
你体会过宝宝的苦吗,从小到大他就没夸过我
从小到大他就没夸过我,每天都是否定语
每天都是否定语,我就是再高兴
我就是再高兴,我看着他也能沉到地狱里去
所有这些变化都是因为有你了以后,你的意思就是说我是一个女魔头
你的意思就是说我是一个女魔头,因为我让一个女人的人生路线发生这么大偏移
这种心情只有你当了母亲以后才能体会得到,反正我以后肯定不会做像他这么失败的母亲
反正我以后肯定不会做像他这么失败的母亲,孩子一见到他就头大
我可拿出来笑话你,我才不会了
不会等着看,我真后悔把舞蹈一等奖事告诉老妈
我真后悔把舞蹈一等奖事告诉老妈,这将成为他今后相当长一段历史时期的话题
这将成为他今后相当长一段历史时期的话题,只要看我不顺眼
只要看我不顺眼,肯定会拎出来说道
肯定会拎出来说道,什么叫魔高一尺道高一丈你知道吗
什么叫魔高一尺道高一丈你知道吗,老妈当初把学习进步奖讲按学期来兑现的时候
老妈当初把学习进步奖讲按学期来兑现的时候,我当初就不该签的那种不平等条约
我当初就不该签的那种不平等条约,就该考一次结一次当月账当月清
就该考一次结一次当月账当月清,如果我期末考试成绩不理想
如果我期末考试成绩不理想,期中考试的进步肯定会被他像蛛丝一样轻轻抹去
期中考试的进步肯定会被他像蛛丝一样轻轻抹去,你到时候得替我做主
进步奖我怎么做主是吧,你能不能有点骨气
你能不能有点骨气,不争馒头争口气
不争馒头争口气,专心复习呢
专心复习呢,你也别看电视了
你也别看电视了,怎么样
怎么样,你要是早早的把进步奖发给他
你要是早早的把进步奖发给他,他就不会憋着这股劲了
人未必搭理你,大为哥
大为哥,我发现无论何时何地何事
我发现无论何时何地何事,你都能站在我的对立面上反对我
你都能站在我的对立面上反对我,敌人 你从来没有跟我合作过
敌人 你从来没有跟我合作过,我们俩却生活在同一屋檐下
我们俩却生活在同一屋檐下,真的是天大的错误
今天这么勤奋,不是马上快考试了吗
这样这么画 一下就出来了吗,你别跳步
你别跳步,不要搞一鱼三吃
不要搞一鱼三吃,你要讲讲明白点
你怎么这么费劲呢,我的痛苦你不懂
你要知道这道题考你的是什么和出题人的意图,他们分明就是想让我死
他们分明就是想让我死,总有刁民想害朕
想不想我给你讲题了,正经点
正经点,我的第一反应就是假设你有4根铅笔
我的第一反应就是假设你有4根铅笔,我有7个苹果
我有7个苹果,请问天花板上能放几个饼
请问天花板上能放几个饼,答紫色
答紫色,因为外星生物不戴帽子
因为外星生物不戴帽子,我第一反应就是你这表情
等一下我想一想,医生我还有救吗
疑难杂症,你好好想
你好好想,我能不能拿到家里的奖学金
我能不能拿到家里的奖学金,休学旅行的时候
休学旅行的时候,请你们吃什么档次
请你们吃什么档次,全指望你
这个必须回家看,这么神秘
你干什么,我刚左眼睛动的时候右眼动了没
什么意思,我终于练成了
我终于练成了,我现在可以熟练地一只睁眼闭一只眼
脑子进水了,天哪 追到女生宿舍来了
天哪 追到女生宿舍来了,是有点猛
是有点猛,这画的啥
这画的啥,他这是在骂我
他这是在骂我,他只是在形容你
他只是在形容你,我就说他没那么好心吧
我就说他没那么好心吧,三一亲笔画的了 你就揉皱了
三一亲笔画的了 你就揉皱了,我给他撕了都算美了他了 三天不打上房揭瓦
我给他撕了都算美了他了 三天不打上房揭瓦,这给他能耐了他
这给他能耐了他,不是不是妙妙
不是不是妙妙,干嘛
干嘛,我觉得一一不是那么幼稚的人
我觉得一一不是那么幼稚的人,他不幼稚
他不幼稚,谁还幼稚
谁还幼稚,不是
不是,我觉得肯定有别的意思
我觉得肯定有别的意思,这怎么越看越像咱们数学题呢
这怎么越看越像咱们数学题呢,你看
你看,我跟你说你女儿我把你的留白都给你填上
我跟你说你女儿我把你的留白都给你填上,看看年级第五十怎么样
看看年级第五十怎么样,没看清
没看清,这儿
这儿,逆袭了
逆袭了,让妈看一下
让妈看一下,是吧
是吧,来 拿钱
来 拿钱,什么钱
什么钱,进步奖我数学可是历史新高
进步奖我数学可是历史新高,你不能再打折了
你不能再打折了,也就是个78 还历史新高
也就是个78 还历史新高,熟人一般都打折
熟人一般都打折,更何况我是你妈
更何况我是你妈,你怎么 唉什么
你怎么 唉什么,你怎么老跟家长谈条件
你怎么老跟家长谈条件,你这学习是给你自己学的
你这学习是给你自己学的,又不是为钱学的
又不是为钱学的,我进步奖是你们定的吧
我进步奖是你们定的吧,是你们鼓励我去争取的吧
是你们鼓励我去争取的吧,可不是我自己要的
可不是我自己要的,你不要是你不敢要
你不要是你不敢要,你对你的学习成绩从来都没有信心
你对你的学习成绩从来都没有信心,我现在有信心我敢要了
我现在有信心我敢要了,学生就要以学习为主
学生就要以学习为主,你考的好是你应当应分的
你考的好是你应当应分的,你看你妈我在单位兢兢业业
你看你妈我在单位兢兢业业,在家里面任劳任怨
在家里面任劳任怨,把你们爷俩伺候的服服帖帖的
把你们爷俩伺候的服服帖帖的,我什么时候问你们要过钱
我什么时候问你们要过钱,我还满世界去嚷嚷去
我还满世界去嚷嚷去,非也
非也,打住吧
打住吧,先别走
先别走,这次语文考了112分
这次语文考了112分,真棒
真棒,是吧
是吧,所以我这次要全奖
所以我这次要全奖,这进步奖的规矩当初是你们设定的
这进步奖的规矩当初是你们设定的,又没改朝换代
又没改朝换代,凭什么说推翻就推翻
凭什么说推翻就推翻,谁说设定的规矩就不能改
谁说设定的规矩就不能改,人要在前进中不断的修正自己
人要在前进中不断的修正自己,那你也不带这样朝令夕改了
那你也不带这样朝令夕改了,你这样还为人师表
你这样还为人师表,你们学校那些领导老师学生知道你在家这幅德行吗
你们学校那些领导老师学生知道你在家这幅德行吗,还好意思说自己年年拿先进 先进就说话不算话
还好意思说自己年年拿先进 先进就说话不算话,妈觉得你这个数学还是有进步的空间的
妈觉得你这个数学还是有进步的空间的,都有哪些同学 什么梯队
都有哪些同学 什么梯队,就正常的聚会
就正常的聚会,你也问排名 大人太势利了
你也问排名 大人太势利了,在哪玩
在哪玩,先吃饭再K歌
先吃饭再K歌,你们小孩子又不挣钱
你们小孩子又不挣钱,聚会还搞那么大动静
聚会还搞那么大动静,吃个炸鸡什么的就可以了
吃个炸鸡什么的就可以了,你管得了我还管得了我班那些同学
你管得了我还管得了我班那些同学,看我手机没
看我手机没,你以为妈是怕花钱
你以为妈是怕花钱,那么贵的补习班
那么贵的补习班,我眼睛都没眨就给你报了
我眼睛都没眨就给你报了,我告诉你林妙妙这次花的是你进步奖的钱都不够
我告诉你林妙妙这次花的是你进步奖的钱都不够,我从家庭补贴里补的
我从家庭补贴里补的,你够了
你够了,你说你不给我钱
你说你不给我钱,你还逼着我上补习班
你还逼着我上补习班,妙妙
妙妙,我家也有一个一模一样的 早知道你妈妈在 我就不来了
我家也有一个一模一样的 早知道你妈妈在 我就不来了,我是命苦
我是命苦,摊上个当老师的妈
摊上个当老师的妈,从小到大我放假他就放假
从小到大我放假他就放假,一天也不脱线 回家
一天也不脱线 回家,还不如在学校
还不如在学校,是你画的画真好
是你画的画真好,我以为你只会画漫画
我以为你只会画漫画,我是全才
我是全才,我说你妈真的好严厉
我说你妈真的好严厉,你下次去我家玩
你下次去我家玩,可以
可以,你妈不在家 没事
你妈不在家 没事,你妈比较温柔
你妈比较温柔,只要避开我家这管事婆就行
只要避开我家这管事婆就行,不过咱们也快开学了
不过咱们也快开学了,开学了觉得才好
开学了觉得才好,我们这样能天天混在一起了
我们这样能天天混在一起了,还好我妈给我报了个补课班
还好我妈给我报了个补课班,不然的话我得在家闷死
不然的话我得在家闷死,好可爱
好可爱,小琪妹妹
小琪妹妹,你好
你好,我叫林大熊
我叫林大熊,你好
你好,你姐姐假期作业那么多
你姐姐假期作业那么多,为什么还要去报补习班
为什么还要去报补习班,根据我的经验
根据我的经验,一般放假时间越长
一般放假时间越长,老师批改作业越稀松
老师批改作业越稀松,你只要都写了管你对错
你只要都写了管你对错,他们看不出来
他们看不出来,妙妙你这张好娘
妙妙你这张好娘,往事不要再提
往事不要再提,我给你看那什么
我给你看那什么,别看了
别看了,没脸了
没脸了,这是什么
这是什么,我的手账
我的手账,这是你在补习班画的
这是你在补习班画的,对
对,你知道吗
你知道吗,日本有个女孩叫高木直子
日本有个女孩叫高木直子,他就是专门画这些手账的
他就是专门画这些手账的,这种已经他出了好几本书了
这种已经他出了好几本书了,你这个画的是钱三一和江天昊
你这个画的是钱三一和江天昊,他们都在补习班
他们都在补习班,钱三一 他给别人上课还差不多
钱三一 他给别人上课还差不多,他妈妈说他从来都不上补习班
他妈妈说他从来都不上补习班,咋了
咋了,你们三个都去补习班
你们三个都去补习班,你们不带我
你们不带我,不是
不是,我们是碰上 不是商量好的
我们是碰上 不是商量好的,我们上次还说你要是在就完美了
我们上次还说你要是在就完美了,真的
真的,谁说的 是不是钱三一
谁说的 是不是钱三一,她也说了 我们都说了
她也说了 我们都说了,是不是处女
是不是处女,你是什么时候
你是什么时候,我11月份
我11月份,想起来了
想起来了,你跟我说过
你跟我说过,你还亲闺蜜呢 真行
你还亲闺蜜呢 真行,回去了 我就先走了
回去了 我就先走了,你要不吃饭
你要不吃饭,我妈做的饭可好吃
我妈做的饭可好吃,不吃了下次吧
不吃了下次吧,阿姨我回家了
阿姨我回家了,妈小琪要走了
妈小琪要走了,我送你
我送你,你妈怎么了
你妈怎么了,你别管她
你别管她,我送你
我送你,不用不用
不用不用,阿姨我回去了
阿姨我回去了,再见
再见,走了 妙妙 你别送
走了 妙妙 你别送,没事
没事,你到家告诉我
你到家告诉我,我说你怎么回事
我说你怎么回事,从小到大每次同学来家里边你都甩脸子搞的我都交不到朋友了
从小到大每次同学来家里边你都甩脸子搞的我都交不到朋友了,我直到中住校才有了这么一个好朋友
我直到中住校才有了这么一个好朋友,人家来玩也是经过你同意的
人家来玩也是经过你同意的,怎么又甩脸子
怎么又甩脸子,我去同学家
我去同学家,人家妈妈都是又温柔又热情
人家妈妈都是又温柔又热情,怎么你 你更年症又犯了
怎么你 你更年症又犯了,我作业完成了
我作业完成了,房间打扫了
房间打扫了,被子也叠好了
被子也叠好了,为了小琪能来家里玩
为了小琪能来家里玩,我能做的都做了
我能做的都做了,是吗
是吗,不该做的也做了
不该做的也做了,我做什么了
我做什么了,你17了
你17了,说大不大
说大不大,说小也不小了
说小也不小了,有些事情妈
有些事情妈,应该跟你说
应该跟你说,我没有跟你说是我不好
我没有跟你说是我不好,你是女孩子
你是女孩子,你要懂得保护你自己
你要懂得保护你自己,女孩子要自重
女孩子要自重,到底想说什么我听不懂
到底想说什么我听不懂,这事不问清楚
这事不问清楚,我今天夜里过不去了
要问也得明天,你是后爹吗
你是后爹吗,你就知道睡
你就知道睡,我这天都要塌了
我这天都要塌了,你能睡得着吗
你先睡一觉再说,不能睡
能解决问题呀,你明天就找他谈
当妈的去,下午试过了
下午试过了,别挠头
别挠头,头皮屑满处都是
我就碰了一下就头皮屑满处都是,我跟你说
我跟你说,我下午试过了
我下午试过了,我刚开了个头
我刚开了个头,他就把门给关上了
他就把门给关上了,这要放平时我也不能饶了他
这要放平时我也不能饶了他,可是这件事我怕激怒他
可是这件事我怕激怒他,别出什么乱子
别出什么乱子,这事儿顶的我心口我难受
理解理解 我也理解,我要找唐元明
你跟唐元明说了,我傻呀
我傻呀,我能跟他说这事吗
我能跟他说这事吗,这事我只能关了门跟你说
这事我只能关了门跟你说,我要跟唐元明说
我要跟唐元明说,让他下学期给妙妙换个座位
让他下学期给妙妙换个座位,让他离邓小琪远一点
你让他好好睡一觉行吗,心里难受
心里难受,出去走走
你穿这身出去走,我不穿
妙妙 你们这学校同学谈恋爱的有吗,好
好,但是都是偷偷摸摸地谈
学校有人追你吗,没有
我闺女这么漂亮没人追,我有个特别好的朋友
我有个特别好的朋友,叫邓小琪
叫邓小琪,她说我们学校花 就好多男生都追她
她说我们学校花 就好多男生都追她,其中有一个追他特别凶的那个是我好基友
好基友,就是好哥们
闺女 你这就叫电灯泡了是吧,其实我在学校也是很多粉丝的
有爸给你兜着,你又说大话
你又说大话,进步奖你都兜不住
爸不食言 吃完就给你,真的
你是处女吗,我是射手
我是射手,咱们俩都是射手
咱们俩都是射手,你忘了
你忘了,你是不是我亲爹
你是不是我亲爹,我生日你都能忘了
我们孩子很单纯的,妈妈咪
妈妈咪,原来是星座
原来是星座,昨天晚上我一晚上都没睡
昨天晚上我一晚上都没睡,你都不知道我的心我都快死过去了
不要说风就是雨的,你说咱闺女韭菜馅的脑子
你说咱闺女韭菜馅的脑子,勾过芡的心
勾过芡的心,单纯的糊涂
单纯的糊涂,你说邓小琪
你说邓小琪,她妈咱都见过穿着打扮
她妈咱都见过穿着打扮,脸上的粉堆的
脸上的粉堆的,走路腰扭的
走路腰扭的,号称江州名媛
没看出来,你给人家搬东西搬的还挺起劲的
你给人家搬东西搬的还挺起劲的,我听唐元明说
我听唐元明说,他就把孩子往学校一送
他就把孩子往学校一送,全指望老师自己从来都不管
全指望老师自己从来都不管,你说咱闺女天天跟他闺女在一起玩
你说咱闺女天天跟他闺女在一起玩,咱闺女最容易受到别人的影响了
咱闺女最容易受到别人的影响了,天天跟邓小琪这么厮混下去
天天跟邓小琪这么厮混下去,高考够呛
高考够呛,高三我要陪读
甚至是升值的,对了
对了,妈差点忘了你的生理期快到了
妈差点忘了你的生理期快到了,千万不能受凉
千万不能受凉,晚上洗澡一定要把头发吹吹干
晚上洗澡一定要把头发吹吹干,要是宾馆里面没有吹风机
要是宾馆里面没有吹风机,你就打电话到前台问他要一个让他送一个
你就打电话到前台问他要一个让他送一个,知道了
知道了,我们说正经事
我们说正经事,什么正经事
什么正经事,你们准备给我多少经费
你们准备给我多少经费,学校有统一规定吗
学校有统一规定吗,没有
没有,看你们交情
看你们交情,别人都给多少
别人都给多少,钱三一 5百 邓小琪八百 江天昊1000
钱三一 5百 邓小琪八百 江天昊1000,你们看着办
你们看着办,妈出300
妈出300,爸呢
爸呢,爸没有了
爸没有了,300够了
300够了,哎什么
哎什么,你看看人家邓小琪 女孩子要有个女孩子的样子
你看看人家邓小琪 女孩子要有个女孩子的样子,清水出芙蓉的
清水出芙蓉的,你瞧瞧咱娃 污水出腐乳
你瞧瞧咱娃 污水出腐乳,我怎么了
我怎么了,你说你怎么 前两天我们同事孩子做了牙特别好看
你说你怎么 前两天我们同事孩子做了牙特别好看,妈带你做做牙 得花好多钱
妈带你做做牙 得花好多钱,不能再要钱
不能再要钱,自己来
自己来,妈帮你拿帮着你
所以趁现在好好的享受一下暴风雨来临之前的平静,哪儿疼啊
哪儿疼啊,我帮你揉揉
对了,怎么起来了
你跟那帮人什么关系,没什么关系啊
老实交代,就那人追过我 我给他拒绝了
就那人追过我 我给他拒绝了,今天巧了就给遇上了
今天巧了就给遇上了,然后就
动手动脚了,我弄不死他我
他先把我给弄死了,好了好了
好了好了,别生气了
别生气了,都是我的错
都是我的错,我保证以后再也不给你惹事了还不行吗
我保证以后再也不给你惹事了还不行吗,还不行吗
还不行吗,你知不知道我 刚才送你上医院的时候
你知不知道我 刚才送你上医院的时候,我特别紧张
我特别紧张,你要有一三长两短我也不活了
多大个事啊,你怎么那么混蛋啊你
谋杀呀,谁让你胡说八道的
谁让你胡说八道的,你要再说我还打你
你干嘛你,我看看 疼不疼啊刚才打的
没开吧,没有 哪这么严重啊
让我再想想吧,我长这么大还真没见过你这么没羞没臊的
我长这么大还真没见过你这么没羞没臊的,不知道的
不知道的,还以为你升官发财了呢
还以为你升官发财了呢,这哪像被停薪留职
最好把我给开了,那还不容易呀
那还不容易呀,你自己辞了不完了吗
我老爹没话说,何东哥跟权筝姐怎么样了
明儿个登记了,真的
手段都差不多嘛,你这话我不爱听啊
你这话我不爱听啊,你以为吞安眠药跟玩儿似的
你以为吞安眠药跟玩儿似的,这弄不好就game over了
我可咽不下这口气去,你的意思是 权筝姐是假自杀
当然是假的,这假自杀怎么了
这假自杀怎么了,她不就是为了捍卫她的婚姻
她不就是为了捍卫她的婚姻,捍卫她的爱情吗
捍卫她的爱情吗,这事要搁我身上
这事要搁我身上,我海陆空这全得上
我海陆空这全得上,我弄死他我
不许再往下传,我也告诉你
我也告诉你,你要敢对我不好的话
你要敢对我不好的话,我就死给你看
我就死给你看,不行的话我就先把你弄死
不行的话我就先把你弄死,再把我自己弄死
这最狠的还在我身边,跟糖一样
跟糖一样,甜死你
再见,权筝姐 我错了
权筝姐 我错了,我真的错了
我真的错了,我这人吧 就有时候有点二
我这人吧 就有时候有点二,你说我要不多嘴的话
你说我要不多嘴的话,这会儿你跟何东哥都已经登记了
这会儿你跟何东哥都已经登记了,要不你打我一顿
要不你打我一顿,这样 我今天把小命交给你
这样 我今天把小命交给你,你怎么痛快怎么来 行吗
这就是命,你原谅我了
我都不知道是你说的,我这人就这毛病
我这人就这毛病,我要真觉得自己没错吧
我要真觉得自己没错吧,拿刀着架我 我都不会认
拿刀着架我 我都不会认,可我要觉得自己错了吧
可我要觉得自己错了吧,不让我认还不行
你跟何北是怎么认识的,我不是在酒吧上班吗
我不是在酒吧上班吗,他常来我们那儿玩
他常来我们那儿玩,这一来二去不就认识了
你爱他吗,当然了 我这辈子就得跟他在一块
当然了 我这辈子就得跟他在一块,他还经常说 说他上了贼船下不来了
这一般不是女孩说的话吗,这不重要
这不重要,他是我唯一的亲人
他是我唯一的亲人,我必须跟他在一块
怎么就这一个亲人呀,我很小的时候父母就离异了
我很小的时候父母就离异了,我是跟着爷爷奶奶一块长大的
我是跟着爷爷奶奶一块长大的,后来爷爷奶奶也去世了
后来爷爷奶奶也去世了,他们各自有了各自新的家庭都不要我
他们各自有了各自新的家庭都不要我,还好我已经长大了
还好我已经长大了,后来遇到了何北
后来遇到了何北,他可不就是我唯一的亲人吗
他可不就是我唯一的亲人吗,我说这些不是让你可怜我
你觉得河北哪儿好啊,这个我还真没想过
这个我还真没想过,你说要论长相吧
你说要论长相吧,他长得还行
他长得还行,虽然不是那种特帅的那种啊
虽然不是那种特帅的那种啊,要说事业的话
要说事业的话,他现在顶多也就算一混儿吧
他现在顶多也就算一混儿吧,家里倒是有点钱
家里倒是有点钱,不过不是那种富二代 跟那种那差很远
那你为什么还愿意跟他在一起啊,因为他能逗我开心
因为他能逗我开心,能让我天天笑
能让我天天笑,现在好多男人都以为女人只爱钱
现在好多男人都以为女人只爱钱,所以只知道天天给人钱
所以只知道天天给人钱,其实我觉得这特没劲
其实我觉得这特没劲,但是何北不一样啊
但是何北不一样啊,他就算是没钱
他就算是没钱,他也能让我特别开心
他也能让我特别开心,跟他在一起呀 可有新鲜感了
跟他在一起呀 可有新鲜感了,每天都不知道第二天会发生什么
每天都不知道第二天会发生什么,你说遇到这么一个能让我开心的人
你说遇到这么一个能让我开心的人,我能放过他
真是羡慕你们,这有什么好羡慕的
这有什么好羡慕的,幸福就是要靠自己去争取的
幸福就是要靠自己去争取的,你要是爱何东哥
你要是爱何东哥,你就应该用烧杀抢掠
你就应该用烧杀抢掠,不管哪种手段把他抢回来
不管哪种手段把他抢回来,不能委屈了自己
你说到底是真的还是假的呀,当然真的了
当然真的了,骗你有意思吗
那你吃饭的时候 你干嘛不说呀你,你那么嚣张
你那么嚣张,我要是一说岂不是助长你嚣张的气焰
你们老板真要转让那酒吧呀,不信你问他去啊
那你就告诉我呗,我就听他白天打一电话说要转让酒吧
我就听他白天打一电话说要转让酒吧,好像是老家有什么事急需用钱
好像是老家有什么事急需用钱,不行我这两天再问问
宝贝 你这次可帮了我一大忙,别高兴太早了
别高兴太早了,关键是他现在要转让酒吧
关键是他现在要转让酒吧,你有钱吗
但是我爹有啊,那他能给你吗
不给也得给,吹牛
咱们先亲热亲热,大晚上你干嘛呀你
什么表情啊,四十万啊
四十万啊,你行不行啊
最多我问我爸要嘛,你敢保证你爸能给你
不能,那有什么可美的
我开心啊 主要是因为离咱俩的理想这不又近了一步吗,这话我爱听
不是浪费汽油 就浪费粮食,你这么没心没肺一人
你这么没心没肺一人,什么时候学会反思了
你说我到底能干点什么呀,你爸都跟你说什么了
你爸都跟你说什么了,进去的时候还是倔强萝卜
进去的时候还是倔强萝卜,出来就成萝卜泥了
我烦,你说会不会是因为我呀
你半毛钱关系都没有,真的
真的,我觉得你爸就不太喜欢我
我觉得你爸就不太喜欢我,他会不会以为是我撺掇你开酒吧
他会不会以为是我撺掇你开酒吧,所以不给你钱啊
你撺掇我 就因为你一酒吧妹 我就得开一酒吧是吗,有这可能啊
那什么逻辑呀,你怎么那么讨厌你
好像也有可能 我爸今儿还问咱俩的事儿呢,问什么了
问什么了,不是你说不说你怎么说一半
问咱俩现在还在不在一块,你怎么说的
我说咱俩分了,不是 你什么意思
跟那股票似的 我说我不说吧 你非让我说,那你也不能说咱俩分了呀
他就把我那房子给收了,那咱俩现在算什么
那咱俩现在算什么,地下情
这不挺好吗,好什么好啊 不好
我又不是真跟你分了,假的也不行
这么矫情啊,我就矫情了怎么了我
我就矫情了怎么了我,我做你女朋友我就得堂堂正正的
我做你女朋友我就得堂堂正正的,我凭什么偷偷摸摸的呀
我凭什么偷偷摸摸的呀,我什么都不图
我什么都不图,但你不能这么对我
较什么劲哪,何北 你不是人
一了百了了,有种你再说一遍
一了百了,好
好,我现在就一了百了给你看
等我走远点你再跳,何北 你走了你就别后悔
何北 你走了你就别后悔,你混蛋
赶快刷牙洗脸吃早饭吧,你做的
外边买的,你昨天睡沙发
我喜欢主动投怀送抱的那种,德行
没事吧,就是想让你抱抱我
我立马跟你分手,我也警告你
我也警告你,你要再敢跟我分手
你要再敢跟我分手,我就立马嗑药
我就立马嗑药,我说你这人
我说你这人,是你分手在先
是你分手在先,我嗑药在后的
那你也不能这样作贱自己吧,你都不要我了
你都不要我了,我活着还有什么劲呀
我活着还有什么劲呀,作死算了
傻不傻呀你,我就是喜欢你
我就是喜欢你,就是离不开你
就是离不开你,你要再敢甩我的话
你要再敢甩我的话,我做鬼都不放过你
这就讹上我了,说什么呢你
我说我永远都不会离开你,那你爸要再问你呢
我就跟他说这你儿媳妇 红包你自己看着给,讨厌 谁答应嫁给你了
那盘没盘出去啊,还没死心呢
得让老头看出来我的决心和我的诚意,那你想怎么着啊
好让老头对我刮目相看一回呀,你会写吗你
你会吗,我初中毕业
我初中毕业,你说我会吗
我等着您,能不喝了吗
能不喝了吗,你想把自己灌死
你想把自己灌死,是不是
我他妈现在彻底成一废物了,你说你爸会不会来收房啊
不知道 爱收不收,那他要收了房 你住哪儿呢
你管不管我,何北
何北,你说你都无家可归了
你说你都无家可归了,我怎么还那么喜欢你呀
贱呗,你不许这么说自己
你不许这么说自己,何北 你必须振作起来
何北 你必须振作起来,你要这么自暴自弃
你要这么自暴自弃,我就
唐娇 你他妈想谋杀亲夫啊你,你说
你说,我现在要跟你扔水里
我现在要跟你扔水里,你还能比现在更惨吗
你什么意思啊,你现在已经一无所有了
你现在已经一无所有了,我再给你扔水里
我再给你扔水里,你就是一落汤鸡
你就是一落汤鸡,等你从水里起来
等你从水里起来,咱们俩重新开始 一起奋斗
咱们俩重新开始 一起奋斗,我不信了
我不信了,凭咱俩的本事
凭咱俩的本事,咱们俩过不上好日子
给,过来干嘛呀
过来干嘛呀,不聊得挺嗨的吗
闻闻都变质了,我吃哪门子醋啊
我吃哪门子醋啊,人家是千金小姐
人家是千金小姐,富二代
富二代,我这一酒吧妹
那是她命好 赚了一好老爸,那不正好吗
那不正好吗,你要跟了她 俩爹强强联手
你要跟了她 俩爹强强联手,开什么酒吧呀
开什么酒吧呀,直接开一酒店得了
